asset_type,asset_condition,asset_criticality,asset_status,severity,task_type,traffic_impact,department,corridor,duration_minutes,simulated_failure_signal,days_since_maintenance,days_to_next_maintenance,deadline_hours,observation,failure_within_30_days
Track,Poor,High,Operational,Medium,Preventive Maintenance,Medium,Engineering,Andhra Pradesh: Vijayawada-Visakhapatnam,52.0,0.13,149,33,75.0,0,0
Track,Poor,High,Operational,Medium,Preventive Maintenance,Medium,Engineering,Andhra Pradesh: Vijayawada-Visakhapatnam,52.0,0.13,149,33,75.0,1,1
Track,Poor,High,Operational,Medium,Preventive Maintenance,Medium,Engineering,Andhra Pradesh: Vijayawada-Visakhapatnam,52.0,0.13,149,33,75.0,2,0
Track,Poor,High,Operational,Critical,Condition Monitoring,High,Engineering,Andhra Pradesh: Vijayawada-Visakhapatnam,69.0,0.14,149,33,102.0,0,0
Track,Poor,High,Operational,Critical,Condition Monitoring,High,Engineering,Andhra Pradesh: Vijayawada-Visakhapatnam,69.0,0.14,149,33,102.0,1,1
Track,Poor,High,Operational,Critical,Condition Monitoring,High,Engineering,Andhra Pradesh: Vijayawada-Visakhapatnam,69.0,0.14,149,33,102.0,2,1
Turnout,Critical,High,Under Observation,Critical,Corrective Maintenance,Low,Engineering,Andhra Pradesh: Vijayawada-Visakhapatnam,86.0,0.15,118,65,129.0,0,1
Turnout,Critical,High,Under Observation,Critical,Corrective Maintenance,Low,Engineering,Andhra Pradesh: Vijayawada-Visakhapatnam,86.0,0.15,118,65,129.0,1,1
Turnout,Critical,High,Under Observation,Critical,Corrective Maintenance,Low,Engineering,Andhra Pradesh: Vijayawada-Visakhapatnam,86.0,0.15,118,65,129.0,2,1
Turnout,Critical,High,Under Observation,Medium,Inspection,Medium,Engineering,Andhra Pradesh: Vijayawada-Visakhapatnam,103.0,0.16,118,65,156.0,0,0
Turnout,Critical,High,Under Observation,Medium,Inspection,Medium,Engineering,Andhra Pradesh: Vijayawada-Visakhapatnam,103.0,0.16,118,65,156.0,1,0
Turnout,Critical,High,Under Observation,Medium,Inspection,Medium,Engineering,Andhra Pradesh: Vijayawada-Visakhapatnam,103.0,0.16,118,65,156.0,2,1
OHE Mast,Good,Critical,Maintenance In Progress,Medium,Preventive Maintenance,High,Traction Distribution,Andhra Pradesh: Vijayawada-Visakhapatnam,49.0,0.17,86,5,183.0,0,0
OHE Mast,Good,Critical,Maintenance In Progress,Medium,Preventive Maintenance,High,Traction Distribution,Andhra Pradesh: Vijayawada-Visakhapatnam,49.0,0.17,86,5,183.0,1,1
OHE Mast,Good,Critical,Maintenance In Progress,Medium,Preventive Maintenance,High,Traction Distribution,Andhra Pradesh: Vijayawada-Visakhapatnam,49.0,0.17,86,5,183.0,2,0
OHE Mast,Good,Critical,Maintenance In Progress,Critical,Condition Monitoring,Low,Traction Distribution,Andhra Pradesh: Vijayawada-Visakhapatnam,66.0,0.18,86,5,210.0,0,0
OHE Mast,Good,Critical,Maintenance In Progress,Critical,Condition Monitoring,Low,Traction Distribution,Andhra Pradesh: Vijayawada-Visakhapatnam,66.0,0.18,86,5,210.0,1,1
OHE Mast,Good,Critical,Maintenance In Progress,Critical,Condition Monitoring,Low,Traction Distribution,Andhra Pradesh: Vijayawada-Visakhapatnam,66.0,0.18,86,5,210.0,2,1
Traction Substation,Fair,Medium,Operational,Critical,Corrective Maintenance,Medium,Traction Distribution,Andhra Pradesh: Vijayawada-Visakhapatnam,83.0,0.19,55,36,237.0,0,0
Traction Substation,Fair,Medium,Operational,Critical,Corrective Maintenance,Medium,Traction Distribution,Andhra Pradesh: Vijayawada-Visakhapatnam,83.0,0.19,55,36,237.0,1,0
Traction Substation,Fair,Medium,Operational,Critical,Corrective Maintenance,Medium,Traction Distribution,Andhra Pradesh: Vijayawada-Visakhapatnam,83.0,0.19,55,36,237.0,2,0
Traction Substation,Fair,Medium,Operational,Medium,Inspection,High,Traction Distribution,Andhra Pradesh: Vijayawada-Visakhapatnam,100.0,0.2,55,36,264.0,0,0
Traction Substation,Fair,Medium,Operational,Medium,Inspection,High,Traction Distribution,Andhra Pradesh: Vijayawada-Visakhapatnam,100.0,0.2,55,36,264.0,1,1
Traction Substation,Fair,Medium,Operational,Medium,Inspection,High,Traction Distribution,Andhra Pradesh: Vijayawada-Visakhapatnam,100.0,0.2,55,36,264.0,2,1
Signal,Poor,High,Operational,Medium,Preventive Maintenance,Low,Signal & Telecommunication,Andhra Pradesh: Vijayawada-Visakhapatnam,46.0,0.21,176,68,291.0,0,0
Signal,Poor,High,Operational,Medium,Preventive Maintenance,Low,Signal & Telecommunication,Andhra Pradesh: Vijayawada-Visakhapatnam,46.0,0.21,176,68,291.0,1,1
Signal,Poor,High,Operational,Medium,Preventive Maintenance,Low,Signal & Telecommunication,Andhra Pradesh: Vijayawada-Visakhapatnam,46.0,0.21,176,68,291.0,2,1
Signal,Poor,High,Operational,Critical,Condition Monitoring,Medium,Signal & Telecommunication,Andhra Pradesh: Vijayawada-Visakhapatnam,63.0,0.22,176,68,318.0,0,1
Signal,Poor,High,Operational,Critical,Condition Monitoring,Medium,Signal & Telecommunication,Andhra Pradesh: Vijayawada-Visakhapatnam,63.0,0.22,176,68,318.0,1,1
Signal,Poor,High,Operational,Critical,Condition Monitoring,Medium,Signal & Telecommunication,Andhra Pradesh: Vijayawada-Visakhapatnam,63.0,0.22,176,68,318.0,2,1
Axle Counter,Critical,High,Under Observation,Critical,Corrective Maintenance,High,Signal & Telecommunication,Andhra Pradesh: Vijayawada-Visakhapatnam,80.0,0.23,144,8,345.0,0,0
Axle Counter,Critical,High,Under Observation,Critical,Corrective Maintenance,High,Signal & Telecommunication,Andhra Pradesh: Vijayawada-Visakhapatnam,80.0,0.23,144,8,345.0,1,1
Axle Counter,Critical,High,Under Observation,Critical,Corrective Maintenance,High,Signal & Telecommunication,Andhra Pradesh: Vijayawada-Visakhapatnam,80.0,0.23,144,8,345.0,2,1
Axle Counter,Critical,High,Under Observation,Medium,Inspection,Low,Signal & Telecommunication,Andhra Pradesh: Vijayawada-Visakhapatnam,97.0,0.24,144,8,372.0,0,1
Axle Counter,Critical,High,Under Observation,Medium,Inspection,Low,Signal & Telecommunication,Andhra Pradesh: Vijayawada-Visakhapatnam,97.0,0.24,144,8,372.0,1,1
Axle Counter,Critical,High,Under Observation,Medium,Inspection,Low,Signal & Telecommunication,Andhra Pradesh: Vijayawada-Visakhapatnam,97.0,0.24,144,8,372.0,2,1
Track,Good,Critical,Maintenance In Progress,Medium,Preventive Maintenance,Medium,Engineering,Andhra Pradesh: Vijayawada-Visakhapatnam,43.0,0.25,113,39,399.0,0,0
Track,Good,Critical,Maintenance In Progress,Medium,Preventive Maintenance,Medium,Engineering,Andhra Pradesh: Vijayawada-Visakhapatnam,43.0,0.25,113,39,399.0,1,0
Track,Good,Critical,Maintenance In Progress,Medium,Preventive Maintenance,Medium,Engineering,Andhra Pradesh: Vijayawada-Visakhapatnam,43.0,0.25,113,39,399.0,2,0
Track,Good,Critical,Maintenance In Progress,Critical,Condition Monitoring,High,Engineering,Andhra Pradesh: Vijayawada-Visakhapatnam,60.0,0.26,113,39,90.0,0,1
Track,Good,Critical,Maintenance In Progress,Critical,Condition Monitoring,High,Engineering,Andhra Pradesh: Vijayawada-Visakhapatnam,60.0,0.26,113,39,90.0,1,0
Track,Good,Critical,Maintenance In Progress,Critical,Condition Monitoring,High,Engineering,Andhra Pradesh: Vijayawada-Visakhapatnam,60.0,0.26,113,39,90.0,2,1
Turnout,Fair,Medium,Operational,Critical,Corrective Maintenance,Low,Engineering,Andhra Pradesh: Vijayawada-Visakhapatnam,77.0,0.27,81,71,117.0,0,0
Turnout,Fair,Medium,Operational,Critical,Corrective Maintenance,Low,Engineering,Andhra Pradesh: Vijayawada-Visakhapatnam,77.0,0.27,81,71,117.0,1,0
Turnout,Fair,Medium,Operational,Critical,Corrective Maintenance,Low,Engineering,Andhra Pradesh: Vijayawada-Visakhapatnam,77.0,0.27,81,71,117.0,2,1
Turnout,Fair,Medium,Operational,Medium,Inspection,Medium,Engineering,Andhra Pradesh: Vijayawada-Visakhapatnam,94.0,0.28,81,71,144.0,0,1
Turnout,Fair,Medium,Operational,Medium,Inspection,Medium,Engineering,Andhra Pradesh: Vijayawada-Visakhapatnam,94.0,0.28,81,71,144.0,1,0
Turnout,Fair,Medium,Operational,Medium,Inspection,Medium,Engineering,Andhra Pradesh: Vijayawada-Visakhapatnam,94.0,0.28,81,71,144.0,2,0
OHE Mast,Poor,High,Operational,Medium,Preventive Maintenance,High,Traction Distribution,Andhra Pradesh: Vijayawada-Visakhapatnam,40.0,0.29,50,11,171.0,0,0
OHE Mast,Poor,High,Operational,Medium,Preventive Maintenance,High,Traction Distribution,Andhra Pradesh: Vijayawada-Visakhapatnam,40.0,0.29,50,11,171.0,1,0
OHE Mast,Poor,High,Operational,Medium,Preventive Maintenance,High,Traction Distribution,Andhra Pradesh: Vijayawada-Visakhapatnam,40.0,0.29,50,11,171.0,2,1
OHE Mast,Poor,High,Operational,Critical,Condition Monitoring,Low,Traction Distribution,Andhra Pradesh: Vijayawada-Visakhapatnam,57.0,0.3,50,11,198.0,0,0
OHE Mast,Poor,High,Operational,Critical,Condition Monitoring,Low,Traction Distribution,Andhra Pradesh: Vijayawada-Visakhapatnam,57.0,0.3,50,11,198.0,1,1
OHE Mast,Poor,High,Operational,Critical,Condition Monitoring,Low,Traction Distribution,Andhra Pradesh: Vijayawada-Visakhapatnam,57.0,0.3,50,11,198.0,2,1
Traction Substation,Critical,High,Under Observation,Critical,Corrective Maintenance,Medium,Traction Distribution,Andhra Pradesh: Vijayawada-Visakhapatnam,74.0,0.31,171,42,225.0,0,1
Traction Substation,Critical,High,Under Observation,Critical,Corrective Maintenance,Medium,Traction Distribution,Andhra Pradesh: Vijayawada-Visakhapatnam,74.0,0.31,171,42,225.0,1,0
Traction Substation,Critical,High,Under Observation,Critical,Corrective Maintenance,Medium,Traction Distribution,Andhra Pradesh: Vijayawada-Visakhapatnam,74.0,0.31,171,42,225.0,2,1
Traction Substation,Critical,High,Under Observation,Medium,Inspection,High,Traction Distribution,Andhra Pradesh: Vijayawada-Visakhapatnam,91.0,0.32,171,42,252.0,0,0
Traction Substation,Critical,High,Under Observation,Medium,Inspection,High,Traction Distribution,Andhra Pradesh: Vijayawada-Visakhapatnam,91.0,0.32,171,42,252.0,1,1
Traction Substation,Critical,High,Under Observation,Medium,Inspection,High,Traction Distribution,Andhra Pradesh: Vijayawada-Visakhapatnam,91.0,0.32,171,42,252.0,2,0
Signal,Good,Critical,Maintenance In Progress,Medium,Preventive Maintenance,Low,Signal & Telecommunication,Andhra Pradesh: Vijayawada-Visakhapatnam,37.0,0.33,139,74,279.0,0,0
Signal,Good,Critical,Maintenance In Progress,Medium,Preventive Maintenance,Low,Signal & Telecommunication,Andhra Pradesh: Vijayawada-Visakhapatnam,37.0,0.33,139,74,279.0,1,0
Signal,Good,Critical,Maintenance In Progress,Medium,Preventive Maintenance,Low,Signal & Telecommunication,Andhra Pradesh: Vijayawada-Visakhapatnam,37.0,0.33,139,74,279.0,2,1
Signal,Good,Critical,Maintenance In Progress,Critical,Condition Monitoring,Medium,Signal & Telecommunication,Andhra Pradesh: Vijayawada-Visakhapatnam,54.0,0.34,139,74,306.0,0,1
Signal,Good,Critical,Maintenance In Progress,Critical,Condition Monitoring,Medium,Signal & Telecommunication,Andhra Pradesh: Vijayawada-Visakhapatnam,54.0,0.34,139,74,306.0,1,0
Signal,Good,Critical,Maintenance In Progress,Critical,Condition Monitoring,Medium,Signal & Telecommunication,Andhra Pradesh: Vijayawada-Visakhapatnam,54.0,0.34,139,74,306.0,2,0
Axle Counter,Fair,Medium,Operational,Critical,Corrective Maintenance,High,Signal & Telecommunication,Andhra Pradesh: Vijayawada-Visakhapatnam,71.0,0.35,108,14,333.0,0,0
Axle Counter,Fair,Medium,Operational,Critical,Corrective Maintenance,High,Signal & Telecommunication,Andhra Pradesh: Vijayawada-Visakhapatnam,71.0,0.35,108,14,333.0,1,1
Axle Counter,Fair,Medium,Operational,Critical,Corrective Maintenance,High,Signal & Telecommunication,Andhra Pradesh: Vijayawada-Visakhapatnam,71.0,0.35,108,14,333.0,2,1
Axle Counter,Fair,Medium,Operational,Medium,Inspection,Low,Signal & Telecommunication,Andhra Pradesh: Vijayawada-Visakhapatnam,88.0,0.36,108,14,360.0,0,0
Axle Counter,Fair,Medium,Operational,Medium,Inspection,Low,Signal & Telecommunication,Andhra Pradesh: Vijayawada-Visakhapatnam,88.0,0.36,108,14,360.0,1,0
Axle Counter,Fair,Medium,Operational,Medium,Inspection,Low,Signal & Telecommunication,Andhra Pradesh: Vijayawada-Visakhapatnam,88.0,0.36,108,14,360.0,2,0
Track,Poor,High,Operational,Medium,Preventive Maintenance,Medium,Engineering,Andhra Pradesh: Vijayawada-Visakhapatnam,105.0,0.37,76,45,387.0,0,1
Track,Poor,High,Operational,Medium,Preventive Maintenance,Medium,Engineering,Andhra Pradesh: Vijayawada-Visakhapatnam,105.0,0.37,76,45,387.0,1,1
Track,Poor,High,Operational,Medium,Preventive Maintenance,Medium,Engineering,Andhra Pradesh: Vijayawada-Visakhapatnam,105.0,0.37,76,45,387.0,2,1
Track,Poor,High,Operational,Critical,Condition Monitoring,High,Engineering,Andhra Pradesh: Vijayawada-Visakhapatnam,51.0,0.38,76,45,414.0,0,0
Track,Poor,High,Operational,Critical,Condition Monitoring,High,Engineering,Andhra Pradesh: Vijayawada-Visakhapatnam,51.0,0.38,76,45,414.0,1,1
Track,Poor,High,Operational,Critical,Condition Monitoring,High,Engineering,Andhra Pradesh: Vijayawada-Visakhapatnam,51.0,0.38,76,45,414.0,2,1
Turnout,Critical,High,Under Observation,Critical,Corrective Maintenance,Low,Engineering,Andhra Pradesh: Vijayawada-Visakhapatnam,68.0,0.39,45,77,441.0,0,1
Turnout,Critical,High,Under Observation,Critical,Corrective Maintenance,Low,Engineering,Andhra Pradesh: Vijayawada-Visakhapatnam,68.0,0.39,45,77,441.0,1,1
Turnout,Critical,High,Under Observation,Critical,Corrective Maintenance,Low,Engineering,Andhra Pradesh: Vijayawada-Visakhapatnam,68.0,0.39,45,77,441.0,2,1
Turnout,Critical,High,Under Observation,Medium,Inspection,Medium,Engineering,Andhra Pradesh: Vijayawada-Visakhapatnam,85.0,0.4,45,77,132.0,0,1
Turnout,Critical,High,Under Observation,Medium,Inspection,Medium,Engineering,Andhra Pradesh: Vijayawada-Visakhapatnam,85.0,0.4,45,77,132.0,1,0
Turnout,Critical,High,Under Observation,Medium,Inspection,Medium,Engineering,Andhra Pradesh: Vijayawada-Visakhapatnam,85.0,0.4,45,77,132.0,2,1
OHE Mast,Good,Critical,Maintenance In Progress,Medium,Preventive Maintenance,High,Traction Distribution,Andhra Pradesh: Vijayawada-Visakhapatnam,102.0,0.41,166,17,159.0,0,1
OHE Mast,Good,Critical,Maintenance In Progress,Medium,Preventive Maintenance,High,Traction Distribution,Andhra Pradesh: Vijayawada-Visakhapatnam,102.0,0.41,166,17,159.0,1,0
OHE Mast,Good,Critical,Maintenance In Progress,Medium,Preventive Maintenance,High,Traction Distribution,Andhra Pradesh: Vijayawada-Visakhapatnam,102.0,0.41,166,17,159.0,2,1
OHE Mast,Good,Critical,Maintenance In Progress,Critical,Condition Monitoring,Low,Traction Distribution,Andhra Pradesh: Vijayawada-Visakhapatnam,48.0,0.42,166,17,186.0,0,0
OHE Mast,Good,Critical,Maintenance In Progress,Critical,Condition Monitoring,Low,Traction Distribution,Andhra Pradesh: Vijayawada-Visakhapatnam,48.0,0.42,166,17,186.0,1,1
OHE Mast,Good,Critical,Maintenance In Progress,Critical,Condition Monitoring,Low,Traction Distribution,Andhra Pradesh: Vijayawada-Visakhapatnam,48.0,0.42,166,17,186.0,2,1
Traction Substation,Fair,Medium,Operational,Critical,Corrective Maintenance,Medium,Traction Distribution,Andhra Pradesh: Vijayawada-Visakhapatnam,65.0,0.43,134,48,213.0,0,0
Traction Substation,Fair,Medium,Operational,Critical,Corrective Maintenance,Medium,Traction Distribution,Andhra Pradesh: Vijayawada-Visakhapatnam,65.0,0.43,134,48,213.0,1,0
Traction Substation,Fair,Medium,Operational,Critical,Corrective Maintenance,Medium,Traction Distribution,Andhra Pradesh: Vijayawada-Visakhapatnam,65.0,0.43,134,48,213.0,2,0
Traction Substation,Fair,Medium,Operational,Medium,Inspection,High,Traction Distribution,Andhra Pradesh: Vijayawada-Visakhapatnam,82.0,0.44,134,48,240.0,0,0
Traction Substation,Fair,Medium,Operational,Medium,Inspection,High,Traction Distribution,Andhra Pradesh: Vijayawada-Visakhapatnam,82.0,0.44,134,48,240.0,1,1
Traction Substation,Fair,Medium,Operational,Medium,Inspection,High,Traction Distribution,Andhra Pradesh: Vijayawada-Visakhapatnam,82.0,0.44,134,48,240.0,2,0
Signal,Poor,High,Operational,Medium,Preventive Maintenance,Low,Signal & Telecommunication,Andhra Pradesh: Vijayawada-Visakhapatnam,99.0,0.45,103,80,267.0,0,1
Signal,Poor,High,Operational,Medium,Preventive Maintenance,Low,Signal & Telecommunication,Andhra Pradesh: Vijayawada-Visakhapatnam,99.0,0.45,103,80,267.0,1,1
Signal,Poor,High,Operational,Medium,Preventive Maintenance,Low,Signal & Telecommunication,Andhra Pradesh: Vijayawada-Visakhapatnam,99.0,0.45,103,80,267.0,2,0
Signal,Poor,High,Operational,Critical,Condition Monitoring,Medium,Signal & Telecommunication,Andhra Pradesh: Vijayawada-Visakhapatnam,45.0,0.46,103,80,294.0,0,0
Signal,Poor,High,Operational,Critical,Condition Monitoring,Medium,Signal & Telecommunication,Andhra Pradesh: Vijayawada-Visakhapatnam,45.0,0.46,103,80,294.0,1,0
Signal,Poor,High,Operational,Critical,Condition Monitoring,Medium,Signal & Telecommunication,Andhra Pradesh: Vijayawada-Visakhapatnam,45.0,0.46,103,80,294.0,2,0
Axle Counter,Critical,High,Under Observation,Critical,Corrective Maintenance,High,Signal & Telecommunication,Andhra Pradesh: Vijayawada-Visakhapatnam,62.0,0.47,71,20,321.0,0,1
Axle Counter,Critical,High,Under Observation,Critical,Corrective Maintenance,High,Signal & Telecommunication,Andhra Pradesh: Vijayawada-Visakhapatnam,62.0,0.47,71,20,321.0,1,1
Axle Counter,Critical,High,Under Observation,Critical,Corrective Maintenance,High,Signal & Telecommunication,Andhra Pradesh: Vijayawada-Visakhapatnam,62.0,0.47,71,20,321.0,2,1
Axle Counter,Critical,High,Under Observation,Medium,Inspection,Low,Signal & Telecommunication,Andhra Pradesh: Vijayawada-Visakhapatnam,79.0,0.48,71,20,348.0,0,1
Axle Counter,Critical,High,Under Observation,Medium,Inspection,Low,Signal & Telecommunication,Andhra Pradesh: Vijayawada-Visakhapatnam,79.0,0.48,71,20,348.0,1,1
Axle Counter,Critical,High,Under Observation,Medium,Inspection,Low,Signal & Telecommunication,Andhra Pradesh: Vijayawada-Visakhapatnam,79.0,0.48,71,20,348.0,2,0
Track,Good,Critical,Maintenance In Progress,Medium,Preventive Maintenance,Medium,Engineering,Andhra Pradesh: Vijayawada-Visakhapatnam,96.0,0.49,40,51,375.0,0,0
Track,Good,Critical,Maintenance In Progress,Medium,Preventive Maintenance,Medium,Engineering,Andhra Pradesh: Vijayawada-Visakhapatnam,96.0,0.49,40,51,375.0,1,1
Track,Good,Critical,Maintenance In Progress,Medium,Preventive Maintenance,Medium,Engineering,Andhra Pradesh: Vijayawada-Visakhapatnam,96.0,0.49,40,51,375.0,2,0
Track,Good,Critical,Maintenance In Progress,Critical,Condition Monitoring,High,Engineering,Andhra Pradesh: Vijayawada-Visakhapatnam,42.0,0.5,40,51,402.0,0,1
Track,Good,Critical,Maintenance In Progress,Critical,Condition Monitoring,High,Engineering,Andhra Pradesh: Vijayawada-Visakhapatnam,42.0,0.5,40,51,402.0,1,1
Track,Good,Critical,Maintenance In Progress,Critical,Condition Monitoring,High,Engineering,Andhra Pradesh: Vijayawada-Visakhapatnam,42.0,0.5,40,51,402.0,2,1
Turnout,Fair,Medium,Operational,Critical,Corrective Maintenance,Low,Engineering,Andhra Pradesh: Vijayawada-Visakhapatnam,59.0,0.51,161,83,429.0,0,1
Turnout,Fair,Medium,Operational,Critical,Corrective Maintenance,Low,Engineering,Andhra Pradesh: Vijayawada-Visakhapatnam,59.0,0.51,161,83,429.0,1,1
Turnout,Fair,Medium,Operational,Critical,Corrective Maintenance,Low,Engineering,Andhra Pradesh: Vijayawada-Visakhapatnam,59.0,0.51,161,83,429.0,2,0
Turnout,Fair,Medium,Operational,Medium,Inspection,Medium,Engineering,Andhra Pradesh: Vijayawada-Visakhapatnam,76.0,0.52,161,83,456.0,0,0
Turnout,Fair,Medium,Operational,Medium,Inspection,Medium,Engineering,Andhra Pradesh: Vijayawada-Visakhapatnam,76.0,0.52,161,83,456.0,1,0
Turnout,Fair,Medium,Operational,Medium,Inspection,Medium,Engineering,Andhra Pradesh: Vijayawada-Visakhapatnam,76.0,0.52,161,83,456.0,2,0
OHE Mast,Poor,High,Operational,Medium,Preventive Maintenance,High,Traction Distribution,Andhra Pradesh: Vijayawada-Visakhapatnam,93.0,0.53,129,23,483.0,0,1
OHE Mast,Poor,High,Operational,Medium,Preventive Maintenance,High,Traction Distribution,Andhra Pradesh: Vijayawada-Visakhapatnam,93.0,0.53,129,23,483.0,1,1
OHE Mast,Poor,High,Operational,Medium,Preventive Maintenance,High,Traction Distribution,Andhra Pradesh: Vijayawada-Visakhapatnam,93.0,0.53,129,23,483.0,2,1
OHE Mast,Poor,High,Operational,Critical,Condition Monitoring,Low,Traction Distribution,Andhra Pradesh: Vijayawada-Visakhapatnam,39.0,0.54,129,23,174.0,0,1
OHE Mast,Poor,High,Operational,Critical,Condition Monitoring,Low,Traction Distribution,Andhra Pradesh: Vijayawada-Visakhapatnam,39.0,0.54,129,23,174.0,1,0
OHE Mast,Poor,High,Operational,Critical,Condition Monitoring,Low,Traction Distribution,Andhra Pradesh: Vijayawada-Visakhapatnam,39.0,0.54,129,23,174.0,2,1
Traction Substation,Critical,High,Under Observation,Critical,Corrective Maintenance,Medium,Traction Distribution,Andhra Pradesh: Vijayawada-Visakhapatnam,56.0,0.55,98,54,201.0,0,1
Traction Substation,Critical,High,Under Observation,Critical,Corrective Maintenance,Medium,Traction Distribution,Andhra Pradesh: Vijayawada-Visakhapatnam,56.0,0.55,98,54,201.0,1,0
Traction Substation,Critical,High,Under Observation,Critical,Corrective Maintenance,Medium,Traction Distribution,Andhra Pradesh: Vijayawada-Visakhapatnam,56.0,0.55,98,54,201.0,2,1
Traction Substation,Critical,High,Under Observation,Medium,Inspection,High,Traction Distribution,Andhra Pradesh: Vijayawada-Visakhapatnam,73.0,0.56,98,54,228.0,0,1
Traction Substation,Critical,High,Under Observation,Medium,Inspection,High,Traction Distribution,Andhra Pradesh: Vijayawada-Visakhapatnam,73.0,0.56,98,54,228.0,1,0
Traction Substation,Critical,High,Under Observation,Medium,Inspection,High,Traction Distribution,Andhra Pradesh: Vijayawada-Visakhapatnam,73.0,0.56,98,54,228.0,2,1
Signal,Good,Critical,Maintenance In Progress,Medium,Preventive Maintenance,Low,Signal & Telecommunication,Andhra Pradesh: Vijayawada-Visakhapatnam,90.0,0.57,66,86,255.0,0,0
Signal,Good,Critical,Maintenance In Progress,Medium,Preventive Maintenance,Low,Signal & Telecommunication,Andhra Pradesh: Vijayawada-Visakhapatnam,90.0,0.57,66,86,255.0,1,0
Signal,Good,Critical,Maintenance In Progress,Medium,Preventive Maintenance,Low,Signal & Telecommunication,Andhra Pradesh: Vijayawada-Visakhapatnam,90.0,0.57,66,86,255.0,2,0
Signal,Good,Critical,Maintenance In Progress,Critical,Condition Monitoring,Medium,Signal & Telecommunication,Andhra Pradesh: Vijayawada-Visakhapatnam,36.0,0.58,66,86,282.0,0,0
Signal,Good,Critical,Maintenance In Progress,Critical,Condition Monitoring,Medium,Signal & Telecommunication,Andhra Pradesh: Vijayawada-Visakhapatnam,36.0,0.58,66,86,282.0,1,0
Signal,Good,Critical,Maintenance In Progress,Critical,Condition Monitoring,Medium,Signal & Telecommunication,Andhra Pradesh: Vijayawada-Visakhapatnam,36.0,0.58,66,86,282.0,2,1
Axle Counter,Fair,Medium,Operational,Critical,Corrective Maintenance,High,Signal & Telecommunication,Andhra Pradesh: Vijayawada-Visakhapatnam,53.0,0.59,59,26,309.0,0,1
Axle Counter,Fair,Medium,Operational,Critical,Corrective Maintenance,High,Signal & Telecommunication,Andhra Pradesh: Vijayawada-Visakhapatnam,53.0,0.59,59,26,309.0,1,1
Axle Counter,Fair,Medium,Operational,Critical,Corrective Maintenance,High,Signal & Telecommunication,Andhra Pradesh: Vijayawada-Visakhapatnam,53.0,0.59,59,26,309.0,2,0
Axle Counter,Fair,Medium,Operational,Medium,Inspection,Low,Signal & Telecommunication,Andhra Pradesh: Vijayawada-Visakhapatnam,70.0,0.6,59,26,336.0,0,0
Axle Counter,Fair,Medium,Operational,Medium,Inspection,Low,Signal & Telecommunication,Andhra Pradesh: Vijayawada-Visakhapatnam,70.0,0.6,59,26,336.0,1,0
Axle Counter,Fair,Medium,Operational,Medium,Inspection,Low,Signal & Telecommunication,Andhra Pradesh: Vijayawada-Visakhapatnam,70.0,0.6,59,26,336.0,2,0
Track,Poor,High,Operational,Medium,Preventive Maintenance,Medium,Engineering,Andhra Pradesh: Vijayawada-Visakhapatnam,87.0,0.61,180,32,363.0,0,1
Track,Poor,High,Operational,Medium,Preventive Maintenance,Medium,Engineering,Andhra Pradesh: Vijayawada-Visakhapatnam,87.0,0.61,180,32,363.0,1,1
Track,Poor,High,Operational,Medium,Preventive Maintenance,Medium,Engineering,Andhra Pradesh: Vijayawada-Visakhapatnam,87.0,0.61,180,32,363.0,2,0
Track,Poor,High,Operational,Critical,Condition Monitoring,High,Engineering,Andhra Pradesh: Vijayawada-Visakhapatnam,104.0,0.62,180,32,390.0,0,1
Track,Poor,High,Operational,Critical,Condition Monitoring,High,Engineering,Andhra Pradesh: Vijayawada-Visakhapatnam,104.0,0.62,180,32,390.0,1,1
Track,Poor,High,Operational,Critical,Condition Monitoring,High,Engineering,Andhra Pradesh: Vijayawada-Visakhapatnam,104.0,0.62,180,32,390.0,2,1
Turnout,Critical,High,Under Observation,Critical,Corrective Maintenance,Low,Engineering,Andhra Pradesh: Vijayawada-Visakhapatnam,50.0,0.63,148,64,417.0,0,0
Turnout,Critical,High,Under Observation,Critical,Corrective Maintenance,Low,Engineering,Andhra Pradesh: Vijayawada-Visakhapatnam,50.0,0.63,148,64,417.0,1,0
Turnout,Critical,High,Under Observation,Critical,Corrective Maintenance,Low,Engineering,Andhra Pradesh: Vijayawada-Visakhapatnam,50.0,0.63,148,64,417.0,2,1
Turnout,Critical,High,Under Observation,Medium,Inspection,Medium,Engineering,Andhra Pradesh: Vijayawada-Visakhapatnam,67.0,0.64,148,64,444.0,0,1
Turnout,Critical,High,Under Observation,Medium,Inspection,Medium,Engineering,Andhra Pradesh: Vijayawada-Visakhapatnam,67.0,0.64,148,64,444.0,1,0
Turnout,Critical,High,Under Observation,Medium,Inspection,Medium,Engineering,Andhra Pradesh: Vijayawada-Visakhapatnam,67.0,0.64,148,64,444.0,2,0
OHE Mast,Good,Critical,Maintenance In Progress,Medium,Preventive Maintenance,High,Traction Distribution,Andhra Pradesh: Vijayawada-Visakhapatnam,84.0,0.65,117,4,471.0,0,1
OHE Mast,Good,Critical,Maintenance In Progress,Medium,Preventive Maintenance,High,Traction Distribution,Andhra Pradesh: Vijayawada-Visakhapatnam,84.0,0.65,117,4,471.0,1,0
OHE Mast,Good,Critical,Maintenance In Progress,Medium,Preventive Maintenance,High,Traction Distribution,Andhra Pradesh: Vijayawada-Visakhapatnam,84.0,0.65,117,4,471.0,2,1
OHE Mast,Good,Critical,Maintenance In Progress,Critical,Condition Monitoring,Low,Traction Distribution,Andhra Pradesh: Vijayawada-Visakhapatnam,101.0,0.66,117,4,498.0,0,1
OHE Mast,Good,Critical,Maintenance In Progress,Critical,Condition Monitoring,Low,Traction Distribution,Andhra Pradesh: Vijayawada-Visakhapatnam,101.0,0.66,117,4,498.0,1,0
OHE Mast,Good,Critical,Maintenance In Progress,Critical,Condition Monitoring,Low,Traction Distribution,Andhra Pradesh: Vijayawada-Visakhapatnam,101.0,0.66,117,4,498.0,2,0
Traction Substation,Fair,Medium,Operational,Critical,Corrective Maintenance,Medium,Traction Distribution,Andhra Pradesh: Vijayawada-Visakhapatnam,47.0,0.67,85,35,525.0,0,1
Traction Substation,Fair,Medium,Operational,Critical,Corrective Maintenance,Medium,Traction Distribution,Andhra Pradesh: Vijayawada-Visakhapatnam,47.0,0.67,85,35,525.0,1,1
Traction Substation,Fair,Medium,Operational,Critical,Corrective Maintenance,Medium,Traction Distribution,Andhra Pradesh: Vijayawada-Visakhapatnam,47.0,0.67,85,35,525.0,2,0
Traction Substation,Fair,Medium,Operational,Medium,Inspection,High,Traction Distribution,Andhra Pradesh: Vijayawada-Visakhapatnam,64.0,0.68,85,35,216.0,0,0
Traction Substation,Fair,Medium,Operational,Medium,Inspection,High,Traction Distribution,Andhra Pradesh: Vijayawada-Visakhapatnam,64.0,0.68,85,35,216.0,1,0
Traction Substation,Fair,Medium,Operational,Medium,Inspection,High,Traction Distribution,Andhra Pradesh: Vijayawada-Visakhapatnam,64.0,0.68,85,35,216.0,2,0
Signal,Poor,High,Operational,Medium,Preventive Maintenance,Low,Signal & Telecommunication,Andhra Pradesh: Vijayawada-Visakhapatnam,81.0,0.69,54,67,243.0,0,1
Signal,Poor,High,Operational,Medium,Preventive Maintenance,Low,Signal & Telecommunication,Andhra Pradesh: Vijayawada-Visakhapatnam,81.0,0.69,54,67,243.0,1,1
Signal,Poor,High,Operational,Medium,Preventive Maintenance,Low,Signal & Telecommunication,Andhra Pradesh: Vijayawada-Visakhapatnam,81.0,0.69,54,67,243.0,2,0
Signal,Poor,High,Operational,Critical,Condition Monitoring,Medium,Signal & Telecommunication,Andhra Pradesh: Vijayawada-Visakhapatnam,98.0,0.7,54,67,270.0,0,1
Signal,Poor,High,Operational,Critical,Condition Monitoring,Medium,Signal & Telecommunication,Andhra Pradesh: Vijayawada-Visakhapatnam,98.0,0.7,54,67,270.0,1,1
Signal,Poor,High,Operational,Critical,Condition Monitoring,Medium,Signal & Telecommunication,Andhra Pradesh: Vijayawada-Visakhapatnam,98.0,0.7,54,67,270.0,2,0
Axle Counter,Critical,High,Under Observation,Critical,Corrective Maintenance,High,Signal & Telecommunication,Andhra Pradesh: Vijayawada-Visakhapatnam,44.0,0.71,175,7,297.0,0,1
Axle Counter,Critical,High,Under Observation,Critical,Corrective Maintenance,High,Signal & Telecommunication,Andhra Pradesh: Vijayawada-Visakhapatnam,44.0,0.71,175,7,297.0,1,0
Axle Counter,Critical,High,Under Observation,Critical,Corrective Maintenance,High,Signal & Telecommunication,Andhra Pradesh: Vijayawada-Visakhapatnam,44.0,0.71,175,7,297.0,2,0
Axle Counter,Critical,High,Under Observation,Medium,Inspection,Low,Signal & Telecommunication,Andhra Pradesh: Vijayawada-Visakhapatnam,61.0,0.72,175,7,324.0,0,0
Axle Counter,Critical,High,Under Observation,Medium,Inspection,Low,Signal & Telecommunication,Andhra Pradesh: Vijayawada-Visakhapatnam,61.0,0.72,175,7,324.0,1,0
Axle Counter,Critical,High,Under Observation,Medium,Inspection,Low,Signal & Telecommunication,Andhra Pradesh: Vijayawada-Visakhapatnam,61.0,0.72,175,7,324.0,2,1
Track,Good,Critical,Maintenance In Progress,Medium,Preventive Maintenance,Medium,Engineering,Andhra Pradesh: Vijayawada-Visakhapatnam,78.0,0.73,143,38,351.0,0,0
Track,Good,Critical,Maintenance In Progress,Medium,Preventive Maintenance,Medium,Engineering,Andhra Pradesh: Vijayawada-Visakhapatnam,78.0,0.73,143,38,351.0,1,0
Track,Good,Critical,Maintenance In Progress,Medium,Preventive Maintenance,Medium,Engineering,Andhra Pradesh: Vijayawada-Visakhapatnam,78.0,0.73,143,38,351.0,2,0
Track,Good,Critical,Maintenance In Progress,Critical,Condition Monitoring,High,Engineering,Andhra Pradesh: Vijayawada-Visakhapatnam,95.0,0.74,143,38,378.0,0,1
Track,Good,Critical,Maintenance In Progress,Critical,Condition Monitoring,High,Engineering,Andhra Pradesh: Vijayawada-Visakhapatnam,95.0,0.74,143,38,378.0,1,1
Track,Good,Critical,Maintenance In Progress,Critical,Condition Monitoring,High,Engineering,Andhra Pradesh: Vijayawada-Visakhapatnam,95.0,0.74,143,38,378.0,2,1
Turnout,Fair,Medium,Operational,Critical,Corrective Maintenance,Low,Engineering,Andhra Pradesh: Vijayawada-Visakhapatnam,41.0,0.75,112,70,405.0,0,0
Turnout,Fair,Medium,Operational,Critical,Corrective Maintenance,Low,Engineering,Andhra Pradesh: Vijayawada-Visakhapatnam,41.0,0.75,112,70,405.0,1,0
Turnout,Fair,Medium,Operational,Critical,Corrective Maintenance,Low,Engineering,Andhra Pradesh: Vijayawada-Visakhapatnam,41.0,0.75,112,70,405.0,2,0
Turnout,Fair,Medium,Operational,Medium,Inspection,Medium,Engineering,Andhra Pradesh: Vijayawada-Visakhapatnam,58.0,0.76,112,70,432.0,0,0
Turnout,Fair,Medium,Operational,Medium,Inspection,Medium,Engineering,Andhra Pradesh: Vijayawada-Visakhapatnam,58.0,0.76,112,70,432.0,1,0
Turnout,Fair,Medium,Operational,Medium,Inspection,Medium,Engineering,Andhra Pradesh: Vijayawada-Visakhapatnam,58.0,0.76,112,70,432.0,2,0
OHE Mast,Poor,High,Operational,Medium,Preventive Maintenance,High,Traction Distribution,Andhra Pradesh: Vijayawada-Visakhapatnam,75.0,0.77,80,10,459.0,0,1
OHE Mast,Poor,High,Operational,Medium,Preventive Maintenance,High,Traction Distribution,Andhra Pradesh: Vijayawada-Visakhapatnam,75.0,0.77,80,10,459.0,1,1
OHE Mast,Poor,High,Operational,Medium,Preventive Maintenance,High,Traction Distribution,Andhra Pradesh: Vijayawada-Visakhapatnam,75.0,0.77,80,10,459.0,2,0
OHE Mast,Poor,High,Operational,Critical,Condition Monitoring,Low,Traction Distribution,Andhra Pradesh: Vijayawada-Visakhapatnam,92.0,0.78,80,10,486.0,0,0
OHE Mast,Poor,High,Operational,Critical,Condition Monitoring,Low,Traction Distribution,Andhra Pradesh: Vijayawada-Visakhapatnam,92.0,0.78,80,10,486.0,1,1
OHE Mast,Poor,High,Operational,Critical,Condition Monitoring,Low,Traction Distribution,Andhra Pradesh: Vijayawada-Visakhapatnam,92.0,0.78,80,10,486.0,2,1
Traction Substation,Critical,High,Under Observation,Critical,Corrective Maintenance,Medium,Traction Distribution,Andhra Pradesh: Vijayawada-Visakhapatnam,38.0,0.79,49,41,513.0,0,1
Traction Substation,Critical,High,Under Observation,Critical,Corrective Maintenance,Medium,Traction Distribution,Andhra Pradesh: Vijayawada-Visakhapatnam,38.0,0.79,49,41,513.0,1,1
Traction Substation,Critical,High,Under Observation,Critical,Corrective Maintenance,Medium,Traction Distribution,Andhra Pradesh: Vijayawada-Visakhapatnam,38.0,0.79,49,41,513.0,2,1
Traction Substation,Critical,High,Under Observation,Medium,Inspection,High,Traction Distribution,Andhra Pradesh: Vijayawada-Visakhapatnam,55.0,0.8,49,41,540.0,0,1
Traction Substation,Critical,High,Under Observation,Medium,Inspection,High,Traction Distribution,Andhra Pradesh: Vijayawada-Visakhapatnam,55.0,0.8,49,41,540.0,1,0
Traction Substation,Critical,High,Under Observation,Medium,Inspection,High,Traction Distribution,Andhra Pradesh: Vijayawada-Visakhapatnam,55.0,0.8,49,41,540.0,2,1
Signal,Good,Critical,Maintenance In Progress,Medium,Preventive Maintenance,Low,Signal & Telecommunication,Andhra Pradesh: Vijayawada-Visakhapatnam,72.0,0.81,170,73,567.0,0,0
Signal,Good,Critical,Maintenance In Progress,Medium,Preventive Maintenance,Low,Signal & Telecommunication,Andhra Pradesh: Vijayawada-Visakhapatnam,72.0,0.81,170,73,567.0,1,0
Signal,Good,Critical,Maintenance In Progress,Medium,Preventive Maintenance,Low,Signal & Telecommunication,Andhra Pradesh: Vijayawada-Visakhapatnam,72.0,0.81,170,73,567.0,2,0
Signal,Good,Critical,Maintenance In Progress,Critical,Condition Monitoring,Medium,Signal & Telecommunication,Andhra Pradesh: Vijayawada-Visakhapatnam,89.0,0.82,170,73,258.0,0,1
Signal,Good,Critical,Maintenance In Progress,Critical,Condition Monitoring,Medium,Signal & Telecommunication,Andhra Pradesh: Vijayawada-Visakhapatnam,89.0,0.82,170,73,258.0,1,1
Signal,Good,Critical,Maintenance In Progress,Critical,Condition Monitoring,Medium,Signal & Telecommunication,Andhra Pradesh: Vijayawada-Visakhapatnam,89.0,0.82,170,73,258.0,2,0
Axle Counter,Fair,Medium,Operational,Critical,Corrective Maintenance,High,Signal & Telecommunication,Andhra Pradesh: Vijayawada-Visakhapatnam,35.0,0.83,138,13,285.0,0,1
Axle Counter,Fair,Medium,Operational,Critical,Corrective Maintenance,High,Signal & Telecommunication,Andhra Pradesh: Vijayawada-Visakhapatnam,35.0,0.83,138,13,285.0,1,1
Axle Counter,Fair,Medium,Operational,Critical,Corrective Maintenance,High,Signal & Telecommunication,Andhra Pradesh: Vijayawada-Visakhapatnam,35.0,0.83,138,13,285.0,2,0
Axle Counter,Fair,Medium,Operational,Medium,Inspection,Low,Signal & Telecommunication,Andhra Pradesh: Vijayawada-Visakhapatnam,52.0,0.84,138,13,312.0,0,0
Axle Counter,Fair,Medium,Operational,Medium,Inspection,Low,Signal & Telecommunication,Andhra Pradesh: Vijayawada-Visakhapatnam,52.0,0.84,138,13,312.0,1,0
Axle Counter,Fair,Medium,Operational,Medium,Inspection,Low,Signal & Telecommunication,Andhra Pradesh: Vijayawada-Visakhapatnam,52.0,0.84,138,13,312.0,2,1
Track,Poor,High,Operational,Medium,Preventive Maintenance,Medium,Engineering,Arunachal Pradesh: Itanagar-Naharlagun,69.0,0.85,107,44,339.0,0,1
Track,Poor,High,Operational,Medium,Preventive Maintenance,Medium,Engineering,Arunachal Pradesh: Itanagar-Naharlagun,69.0,0.85,107,44,339.0,1,0
Track,Poor,High,Operational,Medium,Preventive Maintenance,Medium,Engineering,Arunachal Pradesh: Itanagar-Naharlagun,69.0,0.85,107,44,339.0,2,1
Track,Poor,High,Operational,Critical,Condition Monitoring,High,Engineering,Arunachal Pradesh: Itanagar-Naharlagun,86.0,0.86,107,44,366.0,0,1
Track,Poor,High,Operational,Critical,Condition Monitoring,High,Engineering,Arunachal Pradesh: Itanagar-Naharlagun,86.0,0.86,107,44,366.0,1,1
Track,Poor,High,Operational,Critical,Condition Monitoring,High,Engineering,Arunachal Pradesh: Itanagar-Naharlagun,86.0,0.86,107,44,366.0,2,1
Turnout,Critical,High,Under Observation,Critical,Corrective Maintenance,Low,Engineering,Arunachal Pradesh: Itanagar-Naharlagun,103.0,0.87,75,76,393.0,0,0
Turnout,Critical,High,Under Observation,Critical,Corrective Maintenance,Low,Engineering,Arunachal Pradesh: Itanagar-Naharlagun,103.0,0.87,75,76,393.0,1,1
Turnout,Critical,High,Under Observation,Critical,Corrective Maintenance,Low,Engineering,Arunachal Pradesh: Itanagar-Naharlagun,103.0,0.87,75,76,393.0,2,0
Turnout,Critical,High,Under Observation,Medium,Inspection,Medium,Engineering,Arunachal Pradesh: Itanagar-Naharlagun,49.0,0.88,75,76,420.0,0,0
Turnout,Critical,High,Under Observation,Medium,Inspection,Medium,Engineering,Arunachal Pradesh: Itanagar-Naharlagun,49.0,0.88,75,76,420.0,1,1
Turnout,Critical,High,Under Observation,Medium,Inspection,Medium,Engineering,Arunachal Pradesh: Itanagar-Naharlagun,49.0,0.88,75,76,420.0,2,1
OHE Mast,Good,Critical,Maintenance In Progress,Medium,Preventive Maintenance,High,Traction Distribution,Arunachal Pradesh: Itanagar-Naharlagun,66.0,0.89,44,16,447.0,0,0
OHE Mast,Good,Critical,Maintenance In Progress,Medium,Preventive Maintenance,High,Traction Distribution,Arunachal Pradesh: Itanagar-Naharlagun,66.0,0.89,44,16,447.0,1,0
OHE Mast,Good,Critical,Maintenance In Progress,Medium,Preventive Maintenance,High,Traction Distribution,Arunachal Pradesh: Itanagar-Naharlagun,66.0,0.89,44,16,447.0,2,1
OHE Mast,Good,Critical,Maintenance In Progress,Critical,Condition Monitoring,Low,Traction Distribution,Arunachal Pradesh: Itanagar-Naharlagun,83.0,0.9,44,16,474.0,0,1
OHE Mast,Good,Critical,Maintenance In Progress,Critical,Condition Monitoring,Low,Traction Distribution,Arunachal Pradesh: Itanagar-Naharlagun,83.0,0.9,44,16,474.0,1,0
OHE Mast,Good,Critical,Maintenance In Progress,Critical,Condition Monitoring,Low,Traction Distribution,Arunachal Pradesh: Itanagar-Naharlagun,83.0,0.9,44,16,474.0,2,1
Traction Substation,Fair,Medium,Operational,Critical,Corrective Maintenance,Medium,Traction Distribution,Arunachal Pradesh: Itanagar-Naharlagun,100.0,0.12,165,47,501.0,0,0
Traction Substation,Fair,Medium,Operational,Critical,Corrective Maintenance,Medium,Traction Distribution,Arunachal Pradesh: Itanagar-Naharlagun,100.0,0.12,165,47,501.0,1,0
Traction Substation,Fair,Medium,Operational,Critical,Corrective Maintenance,Medium,Traction Distribution,Arunachal Pradesh: Itanagar-Naharlagun,100.0,0.12,165,47,501.0,2,0
Traction Substation,Fair,Medium,Operational,Medium,Inspection,High,Traction Distribution,Arunachal Pradesh: Itanagar-Naharlagun,46.0,0.13,165,47,528.0,0,0
Traction Substation,Fair,Medium,Operational,Medium,Inspection,High,Traction Distribution,Arunachal Pradesh: Itanagar-Naharlagun,46.0,0.13,165,47,528.0,1,0
Traction Substation,Fair,Medium,Operational,Medium,Inspection,High,Traction Distribution,Arunachal Pradesh: Itanagar-Naharlagun,46.0,0.13,165,47,528.0,2,0
Signal,Poor,High,Operational,Medium,Preventive Maintenance,Low,Signal & Telecommunication,Arunachal Pradesh: Itanagar-Naharlagun,63.0,0.14,133,79,555.0,0,0
Signal,Poor,High,Operational,Medium,Preventive Maintenance,Low,Signal & Telecommunication,Arunachal Pradesh: Itanagar-Naharlagun,63.0,0.14,133,79,555.0,1,1
Signal,Poor,High,Operational,Medium,Preventive Maintenance,Low,Signal & Telecommunication,Arunachal Pradesh: Itanagar-Naharlagun,63.0,0.14,133,79,555.0,2,0
Signal,Poor,High,Operational,Critical,Condition Monitoring,Medium,Signal & Telecommunication,Arunachal Pradesh: Itanagar-Naharlagun,80.0,0.15,133,79,582.0,0,1
Signal,Poor,High,Operational,Critical,Condition Monitoring,Medium,Signal & Telecommunication,Arunachal Pradesh: Itanagar-Naharlagun,80.0,0.15,133,79,582.0,1,1
Signal,Poor,High,Operational,Critical,Condition Monitoring,Medium,Signal & Telecommunication,Arunachal Pradesh: Itanagar-Naharlagun,80.0,0.15,133,79,582.0,2,1
Axle Counter,Critical,High,Under Observation,Critical,Corrective Maintenance,High,Signal & Telecommunication,Arunachal Pradesh: Itanagar-Naharlagun,97.0,0.16,102,19,609.0,0,1
Axle Counter,Critical,High,Under Observation,Critical,Corrective Maintenance,High,Signal & Telecommunication,Arunachal Pradesh: Itanagar-Naharlagun,97.0,0.16,102,19,609.0,1,1
Axle Counter,Critical,High,Under Observation,Critical,Corrective Maintenance,High,Signal & Telecommunication,Arunachal Pradesh: Itanagar-Naharlagun,97.0,0.16,102,19,609.0,2,1
Axle Counter,Critical,High,Under Observation,Medium,Inspection,Low,Signal & Telecommunication,Arunachal Pradesh: Itanagar-Naharlagun,43.0,0.17,102,19,300.0,0,0
Axle Counter,Critical,High,Under Observation,Medium,Inspection,Low,Signal & Telecommunication,Arunachal Pradesh: Itanagar-Naharlagun,43.0,0.17,102,19,300.0,1,0
Axle Counter,Critical,High,Under Observation,Medium,Inspection,Low,Signal & Telecommunication,Arunachal Pradesh: Itanagar-Naharlagun,43.0,0.17,102,19,300.0,2,1
Track,Good,Critical,Maintenance In Progress,Medium,Preventive Maintenance,Medium,Engineering,Arunachal Pradesh: Itanagar-Naharlagun,60.0,0.18,70,50,327.0,0,1
Track,Good,Critical,Maintenance In Progress,Medium,Preventive Maintenance,Medium,Engineering,Arunachal Pradesh: Itanagar-Naharlagun,60.0,0.18,70,50,327.0,1,1
Track,Good,Critical,Maintenance In Progress,Medium,Preventive Maintenance,Medium,Engineering,Arunachal Pradesh: Itanagar-Naharlagun,60.0,0.18,70,50,327.0,2,1
Track,Good,Critical,Maintenance In Progress,Critical,Condition Monitoring,High,Engineering,Arunachal Pradesh: Itanagar-Naharlagun,77.0,0.19,70,50,354.0,0,1
Track,Good,Critical,Maintenance In Progress,Critical,Condition Monitoring,High,Engineering,Arunachal Pradesh: Itanagar-Naharlagun,77.0,0.19,70,50,354.0,1,0
Track,Good,Critical,Maintenance In Progress,Critical,Condition Monitoring,High,Engineering,Arunachal Pradesh: Itanagar-Naharlagun,77.0,0.19,70,50,354.0,2,0
Turnout,Fair,Medium,Operational,Critical,Corrective Maintenance,Low,Engineering,Arunachal Pradesh: Itanagar-Naharlagun,94.0,0.2,39,82,381.0,0,0
Turnout,Fair,Medium,Operational,Critical,Corrective Maintenance,Low,Engineering,Arunachal Pradesh: Itanagar-Naharlagun,94.0,0.2,39,82,381.0,1,1
Turnout,Fair,Medium,Operational,Critical,Corrective Maintenance,Low,Engineering,Arunachal Pradesh: Itanagar-Naharlagun,94.0,0.2,39,82,381.0,2,0
Turnout,Fair,Medium,Operational,Medium,Inspection,Medium,Engineering,Arunachal Pradesh: Itanagar-Naharlagun,40.0,0.21,39,82,408.0,0,0
Turnout,Fair,Medium,Operational,Medium,Inspection,Medium,Engineering,Arunachal Pradesh: Itanagar-Naharlagun,40.0,0.21,39,82,408.0,1,0
Turnout,Fair,Medium,Operational,Medium,Inspection,Medium,Engineering,Arunachal Pradesh: Itanagar-Naharlagun,40.0,0.21,39,82,408.0,2,0
OHE Mast,Poor,High,Operational,Medium,Preventive Maintenance,High,Traction Distribution,Arunachal Pradesh: Itanagar-Naharlagun,57.0,0.22,160,22,435.0,0,1
OHE Mast,Poor,High,Operational,Medium,Preventive Maintenance,High,Traction Distribution,Arunachal Pradesh: Itanagar-Naharlagun,57.0,0.22,160,22,435.0,1,1
OHE Mast,Poor,High,Operational,Medium,Preventive Maintenance,High,Traction Distribution,Arunachal Pradesh: Itanagar-Naharlagun,57.0,0.22,160,22,435.0,2,0
OHE Mast,Poor,High,Operational,Critical,Condition Monitoring,Low,Traction Distribution,Arunachal Pradesh: Itanagar-Naharlagun,74.0,0.23,160,22,462.0,0,1
OHE Mast,Poor,High,Operational,Critical,Condition Monitoring,Low,Traction Distribution,Arunachal Pradesh: Itanagar-Naharlagun,74.0,0.23,160,22,462.0,1,1
OHE Mast,Poor,High,Operational,Critical,Condition Monitoring,Low,Traction Distribution,Arunachal Pradesh: Itanagar-Naharlagun,74.0,0.23,160,22,462.0,2,0
Traction Substation,Critical,High,Under Observation,Critical,Corrective Maintenance,Medium,Traction Distribution,Arunachal Pradesh: Itanagar-Naharlagun,91.0,0.24,128,53,489.0,0,0
Traction Substation,Critical,High,Under Observation,Critical,Corrective Maintenance,Medium,Traction Distribution,Arunachal Pradesh: Itanagar-Naharlagun,91.0,0.24,128,53,489.0,1,1
Traction Substation,Critical,High,Under Observation,Critical,Corrective Maintenance,Medium,Traction Distribution,Arunachal Pradesh: Itanagar-Naharlagun,91.0,0.24,128,53,489.0,2,1
Traction Substation,Critical,High,Under Observation,Medium,Inspection,High,Traction Distribution,Arunachal Pradesh: Itanagar-Naharlagun,37.0,0.25,128,53,516.0,0,0
Traction Substation,Critical,High,Under Observation,Medium,Inspection,High,Traction Distribution,Arunachal Pradesh: Itanagar-Naharlagun,37.0,0.25,128,53,516.0,1,0
Traction Substation,Critical,High,Under Observation,Medium,Inspection,High,Traction Distribution,Arunachal Pradesh: Itanagar-Naharlagun,37.0,0.25,128,53,516.0,2,0
Signal,Good,Critical,Maintenance In Progress,Medium,Preventive Maintenance,Low,Signal & Telecommunication,Arunachal Pradesh: Itanagar-Naharlagun,54.0,0.26,97,85,543.0,0,1
Signal,Good,Critical,Maintenance In Progress,Medium,Preventive Maintenance,Low,Signal & Telecommunication,Arunachal Pradesh: Itanagar-Naharlagun,54.0,0.26,97,85,543.0,1,0
Signal,Good,Critical,Maintenance In Progress,Medium,Preventive Maintenance,Low,Signal & Telecommunication,Arunachal Pradesh: Itanagar-Naharlagun,54.0,0.26,97,85,543.0,2,1
Signal,Good,Critical,Maintenance In Progress,Critical,Condition Monitoring,Medium,Signal & Telecommunication,Arunachal Pradesh: Itanagar-Naharlagun,71.0,0.27,97,85,570.0,0,0
Signal,Good,Critical,Maintenance In Progress,Critical,Condition Monitoring,Medium,Signal & Telecommunication,Arunachal Pradesh: Itanagar-Naharlagun,71.0,0.27,97,85,570.0,1,0
Signal,Good,Critical,Maintenance In Progress,Critical,Condition Monitoring,Medium,Signal & Telecommunication,Arunachal Pradesh: Itanagar-Naharlagun,71.0,0.27,97,85,570.0,2,0
Axle Counter,Fair,Medium,Operational,Critical,Corrective Maintenance,High,Signal & Telecommunication,Arunachal Pradesh: Itanagar-Naharlagun,88.0,0.28,89,25,597.0,0,0
Axle Counter,Fair,Medium,Operational,Critical,Corrective Maintenance,High,Signal & Telecommunication,Arunachal Pradesh: Itanagar-Naharlagun,88.0,0.28,89,25,597.0,1,1
Axle Counter,Fair,Medium,Operational,Critical,Corrective Maintenance,High,Signal & Telecommunication,Arunachal Pradesh: Itanagar-Naharlagun,88.0,0.28,89,25,597.0,2,0
Axle Counter,Fair,Medium,Operational,Medium,Inspection,Low,Signal & Telecommunication,Arunachal Pradesh: Itanagar-Naharlagun,105.0,0.29,89,25,624.0,0,0
Axle Counter,Fair,Medium,Operational,Medium,Inspection,Low,Signal & Telecommunication,Arunachal Pradesh: Itanagar-Naharlagun,105.0,0.29,89,25,624.0,1,0
Axle Counter,Fair,Medium,Operational,Medium,Inspection,Low,Signal & Telecommunication,Arunachal Pradesh: Itanagar-Naharlagun,105.0,0.29,89,25,624.0,2,0
Track,Poor,High,Operational,Medium,Preventive Maintenance,Medium,Engineering,Arunachal Pradesh: Itanagar-Naharlagun,51.0,0.3,58,56,651.0,0,0
Track,Poor,High,Operational,Medium,Preventive Maintenance,Medium,Engineering,Arunachal Pradesh: Itanagar-Naharlagun,51.0,0.3,58,56,651.0,1,1
Track,Poor,High,Operational,Medium,Preventive Maintenance,Medium,Engineering,Arunachal Pradesh: Itanagar-Naharlagun,51.0,0.3,58,56,651.0,2,1
Track,Poor,High,Operational,Critical,Condition Monitoring,High,Engineering,Arunachal Pradesh: Itanagar-Naharlagun,68.0,0.31,58,56,342.0,0,0
Track,Poor,High,Operational,Critical,Condition Monitoring,High,Engineering,Arunachal Pradesh: Itanagar-Naharlagun,68.0,0.31,58,56,342.0,1,0
Track,Poor,High,Operational,Critical,Condition Monitoring,High,Engineering,Arunachal Pradesh: Itanagar-Naharlagun,68.0,0.31,58,56,342.0,2,1
Turnout,Critical,High,Under Observation,Critical,Corrective Maintenance,Low,Engineering,Arunachal Pradesh: Itanagar-Naharlagun,85.0,0.32,179,63,369.0,0,1
Turnout,Critical,High,Under Observation,Critical,Corrective Maintenance,Low,Engineering,Arunachal Pradesh: Itanagar-Naharlagun,85.0,0.32,179,63,369.0,1,0
Turnout,Critical,High,Under Observation,Critical,Corrective Maintenance,Low,Engineering,Arunachal Pradesh: Itanagar-Naharlagun,85.0,0.32,179,63,369.0,2,1
Turnout,Critical,High,Under Observation,Medium,Inspection,Medium,Engineering,Arunachal Pradesh: Itanagar-Naharlagun,102.0,0.33,179,63,396.0,0,1
Turnout,Critical,High,Under Observation,Medium,Inspection,Medium,Engineering,Arunachal Pradesh: Itanagar-Naharlagun,102.0,0.33,179,63,396.0,1,0
Turnout,Critical,High,Under Observation,Medium,Inspection,Medium,Engineering,Arunachal Pradesh: Itanagar-Naharlagun,102.0,0.33,179,63,396.0,2,1
OHE Mast,Good,Critical,Maintenance In Progress,Medium,Preventive Maintenance,High,Traction Distribution,Arunachal Pradesh: Itanagar-Naharlagun,48.0,0.34,147,3,423.0,0,1
OHE Mast,Good,Critical,Maintenance In Progress,Medium,Preventive Maintenance,High,Traction Distribution,Arunachal Pradesh: Itanagar-Naharlagun,48.0,0.34,147,3,423.0,1,0
OHE Mast,Good,Critical,Maintenance In Progress,Medium,Preventive Maintenance,High,Traction Distribution,Arunachal Pradesh: Itanagar-Naharlagun,48.0,0.34,147,3,423.0,2,0
OHE Mast,Good,Critical,Maintenance In Progress,Critical,Condition Monitoring,Low,Traction Distribution,Arunachal Pradesh: Itanagar-Naharlagun,65.0,0.35,147,3,450.0,0,1
OHE Mast,Good,Critical,Maintenance In Progress,Critical,Condition Monitoring,Low,Traction Distribution,Arunachal Pradesh: Itanagar-Naharlagun,65.0,0.35,147,3,450.0,1,1
OHE Mast,Good,Critical,Maintenance In Progress,Critical,Condition Monitoring,Low,Traction Distribution,Arunachal Pradesh: Itanagar-Naharlagun,65.0,0.35,147,3,450.0,2,0
Traction Substation,Fair,Medium,Operational,Critical,Corrective Maintenance,Medium,Traction Distribution,Arunachal Pradesh: Itanagar-Naharlagun,82.0,0.36,116,34,477.0,0,0
Traction Substation,Fair,Medium,Operational,Critical,Corrective Maintenance,Medium,Traction Distribution,Arunachal Pradesh: Itanagar-Naharlagun,82.0,0.36,116,34,477.0,1,0
Traction Substation,Fair,Medium,Operational,Critical,Corrective Maintenance,Medium,Traction Distribution,Arunachal Pradesh: Itanagar-Naharlagun,82.0,0.36,116,34,477.0,2,0
Traction Substation,Fair,Medium,Operational,Medium,Inspection,High,Traction Distribution,Arunachal Pradesh: Itanagar-Naharlagun,99.0,0.37,116,34,504.0,0,0
Traction Substation,Fair,Medium,Operational,Medium,Inspection,High,Traction Distribution,Arunachal Pradesh: Itanagar-Naharlagun,99.0,0.37,116,34,504.0,1,0
Traction Substation,Fair,Medium,Operational,Medium,Inspection,High,Traction Distribution,Arunachal Pradesh: Itanagar-Naharlagun,99.0,0.37,116,34,504.0,2,0
Signal,Poor,High,Operational,Medium,Preventive Maintenance,Low,Signal & Telecommunication,Arunachal Pradesh: Itanagar-Naharlagun,45.0,0.38,84,66,531.0,0,1
Signal,Poor,High,Operational,Medium,Preventive Maintenance,Low,Signal & Telecommunication,Arunachal Pradesh: Itanagar-Naharlagun,45.0,0.38,84,66,531.0,1,1
Signal,Poor,High,Operational,Medium,Preventive Maintenance,Low,Signal & Telecommunication,Arunachal Pradesh: Itanagar-Naharlagun,45.0,0.38,84,66,531.0,2,1
Signal,Poor,High,Operational,Critical,Condition Monitoring,Medium,Signal & Telecommunication,Arunachal Pradesh: Itanagar-Naharlagun,62.0,0.39,84,66,558.0,0,0
Signal,Poor,High,Operational,Critical,Condition Monitoring,Medium,Signal & Telecommunication,Arunachal Pradesh: Itanagar-Naharlagun,62.0,0.39,84,66,558.0,1,1
Signal,Poor,High,Operational,Critical,Condition Monitoring,Medium,Signal & Telecommunication,Arunachal Pradesh: Itanagar-Naharlagun,62.0,0.39,84,66,558.0,2,1
Axle Counter,Critical,High,Under Observation,Critical,Corrective Maintenance,High,Signal & Telecommunication,Arunachal Pradesh: Itanagar-Naharlagun,79.0,0.4,53,6,585.0,0,1
Axle Counter,Critical,High,Under Observation,Critical,Corrective Maintenance,High,Signal & Telecommunication,Arunachal Pradesh: Itanagar-Naharlagun,79.0,0.4,53,6,585.0,1,1
Axle Counter,Critical,High,Under Observation,Critical,Corrective Maintenance,High,Signal & Telecommunication,Arunachal Pradesh: Itanagar-Naharlagun,79.0,0.4,53,6,585.0,2,0
Axle Counter,Critical,High,Under Observation,Medium,Inspection,Low,Signal & Telecommunication,Arunachal Pradesh: Itanagar-Naharlagun,96.0,0.41,53,6,612.0,0,0
Axle Counter,Critical,High,Under Observation,Medium,Inspection,Low,Signal & Telecommunication,Arunachal Pradesh: Itanagar-Naharlagun,96.0,0.41,53,6,612.0,1,0
Axle Counter,Critical,High,Under Observation,Medium,Inspection,Low,Signal & Telecommunication,Arunachal Pradesh: Itanagar-Naharlagun,96.0,0.41,53,6,612.0,2,0
Track,Good,Critical,Maintenance In Progress,Medium,Preventive Maintenance,Medium,Engineering,Arunachal Pradesh: Itanagar-Naharlagun,42.0,0.42,174,37,639.0,0,0
Track,Good,Critical,Maintenance In Progress,Medium,Preventive Maintenance,Medium,Engineering,Arunachal Pradesh: Itanagar-Naharlagun,42.0,0.42,174,37,639.0,1,0
Track,Good,Critical,Maintenance In Progress,Medium,Preventive Maintenance,Medium,Engineering,Arunachal Pradesh: Itanagar-Naharlagun,42.0,0.42,174,37,639.0,2,0
Track,Good,Critical,Maintenance In Progress,Critical,Condition Monitoring,High,Engineering,Arunachal Pradesh: Itanagar-Naharlagun,59.0,0.43,174,37,666.0,0,0
Track,Good,Critical,Maintenance In Progress,Critical,Condition Monitoring,High,Engineering,Arunachal Pradesh: Itanagar-Naharlagun,59.0,0.43,174,37,666.0,1,1
Track,Good,Critical,Maintenance In Progress,Critical,Condition Monitoring,High,Engineering,Arunachal Pradesh: Itanagar-Naharlagun,59.0,0.43,174,37,666.0,2,1
Turnout,Fair,Medium,Operational,Critical,Corrective Maintenance,Low,Engineering,Arunachal Pradesh: Itanagar-Naharlagun,76.0,0.44,142,69,693.0,0,0
Turnout,Fair,Medium,Operational,Critical,Corrective Maintenance,Low,Engineering,Arunachal Pradesh: Itanagar-Naharlagun,76.0,0.44,142,69,693.0,1,0
Turnout,Fair,Medium,Operational,Critical,Corrective Maintenance,Low,Engineering,Arunachal Pradesh: Itanagar-Naharlagun,76.0,0.44,142,69,693.0,2,0
Turnout,Fair,Medium,Operational,Medium,Inspection,Medium,Engineering,Arunachal Pradesh: Itanagar-Naharlagun,93.0,0.45,142,69,384.0,0,0
Turnout,Fair,Medium,Operational,Medium,Inspection,Medium,Engineering,Arunachal Pradesh: Itanagar-Naharlagun,93.0,0.45,142,69,384.0,1,0
Turnout,Fair,Medium,Operational,Medium,Inspection,Medium,Engineering,Arunachal Pradesh: Itanagar-Naharlagun,93.0,0.45,142,69,384.0,2,0
OHE Mast,Poor,High,Operational,Medium,Preventive Maintenance,High,Traction Distribution,Arunachal Pradesh: Itanagar-Naharlagun,39.0,0.46,111,9,411.0,0,0
OHE Mast,Poor,High,Operational,Medium,Preventive Maintenance,High,Traction Distribution,Arunachal Pradesh: Itanagar-Naharlagun,39.0,0.46,111,9,411.0,1,1
OHE Mast,Poor,High,Operational,Medium,Preventive Maintenance,High,Traction Distribution,Arunachal Pradesh: Itanagar-Naharlagun,39.0,0.46,111,9,411.0,2,1
OHE Mast,Poor,High,Operational,Critical,Condition Monitoring,Low,Traction Distribution,Arunachal Pradesh: Itanagar-Naharlagun,56.0,0.47,111,9,438.0,0,1
OHE Mast,Poor,High,Operational,Critical,Condition Monitoring,Low,Traction Distribution,Arunachal Pradesh: Itanagar-Naharlagun,56.0,0.47,111,9,438.0,1,0
OHE Mast,Poor,High,Operational,Critical,Condition Monitoring,Low,Traction Distribution,Arunachal Pradesh: Itanagar-Naharlagun,56.0,0.47,111,9,438.0,2,1
Traction Substation,Critical,High,Under Observation,Critical,Corrective Maintenance,Medium,Traction Distribution,Arunachal Pradesh: Itanagar-Naharlagun,73.0,0.48,79,40,465.0,0,1
Traction Substation,Critical,High,Under Observation,Critical,Corrective Maintenance,Medium,Traction Distribution,Arunachal Pradesh: Itanagar-Naharlagun,73.0,0.48,79,40,465.0,1,1
Traction Substation,Critical,High,Under Observation,Critical,Corrective Maintenance,Medium,Traction Distribution,Arunachal Pradesh: Itanagar-Naharlagun,73.0,0.48,79,40,465.0,2,1
Traction Substation,Critical,High,Under Observation,Medium,Inspection,High,Traction Distribution,Arunachal Pradesh: Itanagar-Naharlagun,90.0,0.49,79,40,492.0,0,0
Traction Substation,Critical,High,Under Observation,Medium,Inspection,High,Traction Distribution,Arunachal Pradesh: Itanagar-Naharlagun,90.0,0.49,79,40,492.0,1,1
Traction Substation,Critical,High,Under Observation,Medium,Inspection,High,Traction Distribution,Arunachal Pradesh: Itanagar-Naharlagun,90.0,0.49,79,40,492.0,2,0
Signal,Good,Critical,Maintenance In Progress,Medium,Preventive Maintenance,Low,Signal & Telecommunication,Arunachal Pradesh: Itanagar-Naharlagun,36.0,0.5,48,72,519.0,0,0
Signal,Good,Critical,Maintenance In Progress,Medium,Preventive Maintenance,Low,Signal & Telecommunication,Arunachal Pradesh: Itanagar-Naharlagun,36.0,0.5,48,72,519.0,1,0
Signal,Good,Critical,Maintenance In Progress,Medium,Preventive Maintenance,Low,Signal & Telecommunication,Arunachal Pradesh: Itanagar-Naharlagun,36.0,0.5,48,72,519.0,2,0
Signal,Good,Critical,Maintenance In Progress,Critical,Condition Monitoring,Medium,Signal & Telecommunication,Arunachal Pradesh: Itanagar-Naharlagun,53.0,0.51,48,72,546.0,0,0
Signal,Good,Critical,Maintenance In Progress,Critical,Condition Monitoring,Medium,Signal & Telecommunication,Arunachal Pradesh: Itanagar-Naharlagun,53.0,0.51,48,72,546.0,1,1
Signal,Good,Critical,Maintenance In Progress,Critical,Condition Monitoring,Medium,Signal & Telecommunication,Arunachal Pradesh: Itanagar-Naharlagun,53.0,0.51,48,72,546.0,2,0
Axle Counter,Fair,Medium,Operational,Critical,Corrective Maintenance,High,Signal & Telecommunication,Arunachal Pradesh: Itanagar-Naharlagun,70.0,0.52,169,12,573.0,0,1
Axle Counter,Fair,Medium,Operational,Critical,Corrective Maintenance,High,Signal & Telecommunication,Arunachal Pradesh: Itanagar-Naharlagun,70.0,0.52,169,12,573.0,1,0
Axle Counter,Fair,Medium,Operational,Critical,Corrective Maintenance,High,Signal & Telecommunication,Arunachal Pradesh: Itanagar-Naharlagun,70.0,0.52,169,12,573.0,2,0
Axle Counter,Fair,Medium,Operational,Medium,Inspection,Low,Signal & Telecommunication,Arunachal Pradesh: Itanagar-Naharlagun,87.0,0.53,169,12,600.0,0,0
Axle Counter,Fair,Medium,Operational,Medium,Inspection,Low,Signal & Telecommunication,Arunachal Pradesh: Itanagar-Naharlagun,87.0,0.53,169,12,600.0,1,1
Axle Counter,Fair,Medium,Operational,Medium,Inspection,Low,Signal & Telecommunication,Arunachal Pradesh: Itanagar-Naharlagun,87.0,0.53,169,12,600.0,2,0
Track,Poor,High,Operational,Medium,Preventive Maintenance,Medium,Engineering,Arunachal Pradesh: Itanagar-Naharlagun,104.0,0.54,137,43,627.0,0,1
Track,Poor,High,Operational,Medium,Preventive Maintenance,Medium,Engineering,Arunachal Pradesh: Itanagar-Naharlagun,104.0,0.54,137,43,627.0,1,0
Track,Poor,High,Operational,Medium,Preventive Maintenance,Medium,Engineering,Arunachal Pradesh: Itanagar-Naharlagun,104.0,0.54,137,43,627.0,2,0
Track,Poor,High,Operational,Critical,Condition Monitoring,High,Engineering,Arunachal Pradesh: Itanagar-Naharlagun,50.0,0.55,137,43,654.0,0,1
Track,Poor,High,Operational,Critical,Condition Monitoring,High,Engineering,Arunachal Pradesh: Itanagar-Naharlagun,50.0,0.55,137,43,654.0,1,1
Track,Poor,High,Operational,Critical,Condition Monitoring,High,Engineering,Arunachal Pradesh: Itanagar-Naharlagun,50.0,0.55,137,43,654.0,2,1
Turnout,Critical,High,Under Observation,Critical,Corrective Maintenance,Low,Engineering,Arunachal Pradesh: Itanagar-Naharlagun,67.0,0.56,106,75,681.0,0,0
Turnout,Critical,High,Under Observation,Critical,Corrective Maintenance,Low,Engineering,Arunachal Pradesh: Itanagar-Naharlagun,67.0,0.56,106,75,681.0,1,1
Turnout,Critical,High,Under Observation,Critical,Corrective Maintenance,Low,Engineering,Arunachal Pradesh: Itanagar-Naharlagun,67.0,0.56,106,75,681.0,2,1
Turnout,Critical,High,Under Observation,Medium,Inspection,Medium,Engineering,Arunachal Pradesh: Itanagar-Naharlagun,84.0,0.57,106,75,708.0,0,1
Turnout,Critical,High,Under Observation,Medium,Inspection,Medium,Engineering,Arunachal Pradesh: Itanagar-Naharlagun,84.0,0.57,106,75,708.0,1,0
Turnout,Critical,High,Under Observation,Medium,Inspection,Medium,Engineering,Arunachal Pradesh: Itanagar-Naharlagun,84.0,0.57,106,75,708.0,2,1
OHE Mast,Good,Critical,Maintenance In Progress,Medium,Preventive Maintenance,High,Traction Distribution,Arunachal Pradesh: Itanagar-Naharlagun,101.0,0.58,74,15,735.0,0,1
OHE Mast,Good,Critical,Maintenance In Progress,Medium,Preventive Maintenance,High,Traction Distribution,Arunachal Pradesh: Itanagar-Naharlagun,101.0,0.58,74,15,735.0,1,0
OHE Mast,Good,Critical,Maintenance In Progress,Medium,Preventive Maintenance,High,Traction Distribution,Arunachal Pradesh: Itanagar-Naharlagun,101.0,0.58,74,15,735.0,2,0
OHE Mast,Good,Critical,Maintenance In Progress,Critical,Condition Monitoring,Low,Traction Distribution,Arunachal Pradesh: Itanagar-Naharlagun,47.0,0.59,74,15,426.0,0,1
OHE Mast,Good,Critical,Maintenance In Progress,Critical,Condition Monitoring,Low,Traction Distribution,Arunachal Pradesh: Itanagar-Naharlagun,47.0,0.59,74,15,426.0,1,1
OHE Mast,Good,Critical,Maintenance In Progress,Critical,Condition Monitoring,Low,Traction Distribution,Arunachal Pradesh: Itanagar-Naharlagun,47.0,0.59,74,15,426.0,2,0
Traction Substation,Fair,Medium,Operational,Critical,Corrective Maintenance,Medium,Traction Distribution,Arunachal Pradesh: Itanagar-Naharlagun,64.0,0.6,43,46,453.0,0,0
Traction Substation,Fair,Medium,Operational,Critical,Corrective Maintenance,Medium,Traction Distribution,Arunachal Pradesh: Itanagar-Naharlagun,64.0,0.6,43,46,453.0,1,1
Traction Substation,Fair,Medium,Operational,Critical,Corrective Maintenance,Medium,Traction Distribution,Arunachal Pradesh: Itanagar-Naharlagun,64.0,0.6,43,46,453.0,2,0
Traction Substation,Fair,Medium,Operational,Medium,Inspection,High,Traction Distribution,Arunachal Pradesh: Itanagar-Naharlagun,81.0,0.61,43,46,480.0,0,0
Traction Substation,Fair,Medium,Operational,Medium,Inspection,High,Traction Distribution,Arunachal Pradesh: Itanagar-Naharlagun,81.0,0.61,43,46,480.0,1,0
Traction Substation,Fair,Medium,Operational,Medium,Inspection,High,Traction Distribution,Arunachal Pradesh: Itanagar-Naharlagun,81.0,0.61,43,46,480.0,2,0
Signal,Poor,High,Operational,Medium,Preventive Maintenance,Low,Signal & Telecommunication,Arunachal Pradesh: Itanagar-Naharlagun,98.0,0.62,164,78,507.0,0,1
Signal,Poor,High,Operational,Medium,Preventive Maintenance,Low,Signal & Telecommunication,Arunachal Pradesh: Itanagar-Naharlagun,98.0,0.62,164,78,507.0,1,0
Signal,Poor,High,Operational,Medium,Preventive Maintenance,Low,Signal & Telecommunication,Arunachal Pradesh: Itanagar-Naharlagun,98.0,0.62,164,78,507.0,2,1
Signal,Poor,High,Operational,Critical,Condition Monitoring,Medium,Signal & Telecommunication,Arunachal Pradesh: Itanagar-Naharlagun,44.0,0.63,164,78,534.0,0,1
Signal,Poor,High,Operational,Critical,Condition Monitoring,Medium,Signal & Telecommunication,Arunachal Pradesh: Itanagar-Naharlagun,44.0,0.63,164,78,534.0,1,0
Signal,Poor,High,Operational,Critical,Condition Monitoring,Medium,Signal & Telecommunication,Arunachal Pradesh: Itanagar-Naharlagun,44.0,0.63,164,78,534.0,2,1
Axle Counter,Critical,High,Under Observation,Critical,Corrective Maintenance,High,Signal & Telecommunication,Arunachal Pradesh: Itanagar-Naharlagun,61.0,0.64,132,18,561.0,0,1
Axle Counter,Critical,High,Under Observation,Critical,Corrective Maintenance,High,Signal & Telecommunication,Arunachal Pradesh: Itanagar-Naharlagun,61.0,0.64,132,18,561.0,1,1
Axle Counter,Critical,High,Under Observation,Critical,Corrective Maintenance,High,Signal & Telecommunication,Arunachal Pradesh: Itanagar-Naharlagun,61.0,0.64,132,18,561.0,2,1
Axle Counter,Critical,High,Under Observation,Medium,Inspection,Low,Signal & Telecommunication,Arunachal Pradesh: Itanagar-Naharlagun,78.0,0.65,132,18,588.0,0,0
Axle Counter,Critical,High,Under Observation,Medium,Inspection,Low,Signal & Telecommunication,Arunachal Pradesh: Itanagar-Naharlagun,78.0,0.65,132,18,588.0,1,0
Axle Counter,Critical,High,Under Observation,Medium,Inspection,Low,Signal & Telecommunication,Arunachal Pradesh: Itanagar-Naharlagun,78.0,0.65,132,18,588.0,2,0
Track,Good,Critical,Maintenance In Progress,Medium,Preventive Maintenance,Medium,Engineering,Arunachal Pradesh: Itanagar-Naharlagun,95.0,0.66,101,49,615.0,0,0
Track,Good,Critical,Maintenance In Progress,Medium,Preventive Maintenance,Medium,Engineering,Arunachal Pradesh: Itanagar-Naharlagun,95.0,0.66,101,49,615.0,1,1
Track,Good,Critical,Maintenance In Progress,Medium,Preventive Maintenance,Medium,Engineering,Arunachal Pradesh: Itanagar-Naharlagun,95.0,0.66,101,49,615.0,2,1
Track,Good,Critical,Maintenance In Progress,Critical,Condition Monitoring,High,Engineering,Arunachal Pradesh: Itanagar-Naharlagun,41.0,0.67,101,49,642.0,0,1
Track,Good,Critical,Maintenance In Progress,Critical,Condition Monitoring,High,Engineering,Arunachal Pradesh: Itanagar-Naharlagun,41.0,0.67,101,49,642.0,1,1
Track,Good,Critical,Maintenance In Progress,Critical,Condition Monitoring,High,Engineering,Arunachal Pradesh: Itanagar-Naharlagun,41.0,0.67,101,49,642.0,2,1
Turnout,Fair,Medium,Operational,Critical,Corrective Maintenance,Low,Engineering,Arunachal Pradesh: Itanagar-Naharlagun,58.0,0.68,69,81,669.0,0,0
Turnout,Fair,Medium,Operational,Critical,Corrective Maintenance,Low,Engineering,Arunachal Pradesh: Itanagar-Naharlagun,58.0,0.68,69,81,669.0,1,0
Turnout,Fair,Medium,Operational,Critical,Corrective Maintenance,Low,Engineering,Arunachal Pradesh: Itanagar-Naharlagun,58.0,0.68,69,81,669.0,2,0
Turnout,Fair,Medium,Operational,Medium,Inspection,Medium,Engineering,Arunachal Pradesh: Itanagar-Naharlagun,75.0,0.69,69,81,696.0,0,0
Turnout,Fair,Medium,Operational,Medium,Inspection,Medium,Engineering,Arunachal Pradesh: Itanagar-Naharlagun,75.0,0.69,69,81,696.0,1,1
Turnout,Fair,Medium,Operational,Medium,Inspection,Medium,Engineering,Arunachal Pradesh: Itanagar-Naharlagun,75.0,0.69,69,81,696.0,2,0
OHE Mast,Poor,High,Operational,Medium,Preventive Maintenance,High,Traction Distribution,Arunachal Pradesh: Itanagar-Naharlagun,92.0,0.7,38,21,723.0,0,0
OHE Mast,Poor,High,Operational,Medium,Preventive Maintenance,High,Traction Distribution,Arunachal Pradesh: Itanagar-Naharlagun,92.0,0.7,38,21,723.0,1,1
OHE Mast,Poor,High,Operational,Medium,Preventive Maintenance,High,Traction Distribution,Arunachal Pradesh: Itanagar-Naharlagun,92.0,0.7,38,21,723.0,2,0
OHE Mast,Poor,High,Operational,Critical,Condition Monitoring,Low,Traction Distribution,Arunachal Pradesh: Itanagar-Naharlagun,38.0,0.71,38,21,750.0,0,1
OHE Mast,Poor,High,Operational,Critical,Condition Monitoring,Low,Traction Distribution,Arunachal Pradesh: Itanagar-Naharlagun,38.0,0.71,38,21,750.0,1,0
OHE Mast,Poor,High,Operational,Critical,Condition Monitoring,Low,Traction Distribution,Arunachal Pradesh: Itanagar-Naharlagun,38.0,0.71,38,21,750.0,2,1
Traction Substation,Critical,High,Under Observation,Critical,Corrective Maintenance,Medium,Traction Distribution,Arunachal Pradesh: Itanagar-Naharlagun,55.0,0.72,159,52,777.0,0,1
Traction Substation,Critical,High,Under Observation,Critical,Corrective Maintenance,Medium,Traction Distribution,Arunachal Pradesh: Itanagar-Naharlagun,55.0,0.72,159,52,777.0,1,0
Traction Substation,Critical,High,Under Observation,Critical,Corrective Maintenance,Medium,Traction Distribution,Arunachal Pradesh: Itanagar-Naharlagun,55.0,0.72,159,52,777.0,2,1
Traction Substation,Critical,High,Under Observation,Medium,Inspection,High,Traction Distribution,Arunachal Pradesh: Itanagar-Naharlagun,72.0,0.73,159,52,468.0,0,0
Traction Substation,Critical,High,Under Observation,Medium,Inspection,High,Traction Distribution,Arunachal Pradesh: Itanagar-Naharlagun,72.0,0.73,159,52,468.0,1,0
Traction Substation,Critical,High,Under Observation,Medium,Inspection,High,Traction Distribution,Arunachal Pradesh: Itanagar-Naharlagun,72.0,0.73,159,52,468.0,2,1
Signal,Good,Critical,Maintenance In Progress,Medium,Preventive Maintenance,Low,Signal & Telecommunication,Arunachal Pradesh: Itanagar-Naharlagun,89.0,0.74,127,84,495.0,0,1
Signal,Good,Critical,Maintenance In Progress,Medium,Preventive Maintenance,Low,Signal & Telecommunication,Arunachal Pradesh: Itanagar-Naharlagun,89.0,0.74,127,84,495.0,1,0
Signal,Good,Critical,Maintenance In Progress,Medium,Preventive Maintenance,Low,Signal & Telecommunication,Arunachal Pradesh: Itanagar-Naharlagun,89.0,0.74,127,84,495.0,2,0
Signal,Good,Critical,Maintenance In Progress,Critical,Condition Monitoring,Medium,Signal & Telecommunication,Arunachal Pradesh: Itanagar-Naharlagun,35.0,0.75,127,84,522.0,0,1
Signal,Good,Critical,Maintenance In Progress,Critical,Condition Monitoring,Medium,Signal & Telecommunication,Arunachal Pradesh: Itanagar-Naharlagun,35.0,0.75,127,84,522.0,1,0
Signal,Good,Critical,Maintenance In Progress,Critical,Condition Monitoring,Medium,Signal & Telecommunication,Arunachal Pradesh: Itanagar-Naharlagun,35.0,0.75,127,84,522.0,2,0
Axle Counter,Fair,Medium,Operational,Critical,Corrective Maintenance,High,Signal & Telecommunication,Arunachal Pradesh: Itanagar-Naharlagun,52.0,0.76,120,24,549.0,0,1
Axle Counter,Fair,Medium,Operational,Critical,Corrective Maintenance,High,Signal & Telecommunication,Arunachal Pradesh: Itanagar-Naharlagun,52.0,0.76,120,24,549.0,1,0
Axle Counter,Fair,Medium,Operational,Critical,Corrective Maintenance,High,Signal & Telecommunication,Arunachal Pradesh: Itanagar-Naharlagun,52.0,0.76,120,24,549.0,2,0
Axle Counter,Fair,Medium,Operational,Medium,Inspection,Low,Signal & Telecommunication,Arunachal Pradesh: Itanagar-Naharlagun,69.0,0.77,120,24,576.0,0,1
Axle Counter,Fair,Medium,Operational,Medium,Inspection,Low,Signal & Telecommunication,Arunachal Pradesh: Itanagar-Naharlagun,69.0,0.77,120,24,576.0,1,0
Axle Counter,Fair,Medium,Operational,Medium,Inspection,Low,Signal & Telecommunication,Arunachal Pradesh: Itanagar-Naharlagun,69.0,0.77,120,24,576.0,2,0
Track,Poor,High,Operational,Medium,Preventive Maintenance,Medium,Engineering,Assam: Guwahati-Dibrugarh,86.0,0.78,88,55,603.0,0,1
Track,Poor,High,Operational,Medium,Preventive Maintenance,Medium,Engineering,Assam: Guwahati-Dibrugarh,86.0,0.78,88,55,603.0,1,1
Track,Poor,High,Operational,Medium,Preventive Maintenance,Medium,Engineering,Assam: Guwahati-Dibrugarh,86.0,0.78,88,55,603.0,2,1
Track,Poor,High,Operational,Critical,Condition Monitoring,High,Engineering,Assam: Guwahati-Dibrugarh,103.0,0.79,88,55,630.0,0,1
Track,Poor,High,Operational,Critical,Condition Monitoring,High,Engineering,Assam: Guwahati-Dibrugarh,103.0,0.79,88,55,630.0,1,1
Track,Poor,High,Operational,Critical,Condition Monitoring,High,Engineering,Assam: Guwahati-Dibrugarh,103.0,0.79,88,55,630.0,2,1
Turnout,Critical,High,Under Observation,Critical,Corrective Maintenance,Low,Engineering,Assam: Guwahati-Dibrugarh,49.0,0.8,57,87,657.0,0,1
Turnout,Critical,High,Under Observation,Critical,Corrective Maintenance,Low,Engineering,Assam: Guwahati-Dibrugarh,49.0,0.8,57,87,657.0,1,1
Turnout,Critical,High,Under Observation,Critical,Corrective Maintenance,Low,Engineering,Assam: Guwahati-Dibrugarh,49.0,0.8,57,87,657.0,2,1
Turnout,Critical,High,Under Observation,Medium,Inspection,Medium,Engineering,Assam: Guwahati-Dibrugarh,66.0,0.81,57,87,684.0,0,1
Turnout,Critical,High,Under Observation,Medium,Inspection,Medium,Engineering,Assam: Guwahati-Dibrugarh,66.0,0.81,57,87,684.0,1,0
Turnout,Critical,High,Under Observation,Medium,Inspection,Medium,Engineering,Assam: Guwahati-Dibrugarh,66.0,0.81,57,87,684.0,2,1
OHE Mast,Good,Critical,Maintenance In Progress,Medium,Preventive Maintenance,High,Traction Distribution,Assam: Guwahati-Dibrugarh,83.0,0.82,178,2,711.0,0,1
OHE Mast,Good,Critical,Maintenance In Progress,Medium,Preventive Maintenance,High,Traction Distribution,Assam: Guwahati-Dibrugarh,83.0,0.82,178,2,711.0,1,0
OHE Mast,Good,Critical,Maintenance In Progress,Medium,Preventive Maintenance,High,Traction Distribution,Assam: Guwahati-Dibrugarh,83.0,0.82,178,2,711.0,2,1
OHE Mast,Good,Critical,Maintenance In Progress,Critical,Condition Monitoring,Low,Traction Distribution,Assam: Guwahati-Dibrugarh,100.0,0.83,178,2,738.0,0,1
OHE Mast,Good,Critical,Maintenance In Progress,Critical,Condition Monitoring,Low,Traction Distribution,Assam: Guwahati-Dibrugarh,100.0,0.83,178,2,738.0,1,0
OHE Mast,Good,Critical,Maintenance In Progress,Critical,Condition Monitoring,Low,Traction Distribution,Assam: Guwahati-Dibrugarh,100.0,0.83,178,2,738.0,2,0
Traction Substation,Fair,Medium,Operational,Critical,Corrective Maintenance,Medium,Traction Distribution,Assam: Guwahati-Dibrugarh,46.0,0.84,146,33,765.0,0,0
Traction Substation,Fair,Medium,Operational,Critical,Corrective Maintenance,Medium,Traction Distribution,Assam: Guwahati-Dibrugarh,46.0,0.84,146,33,765.0,1,0
Traction Substation,Fair,Medium,Operational,Critical,Corrective Maintenance,Medium,Traction Distribution,Assam: Guwahati-Dibrugarh,46.0,0.84,146,33,765.0,2,1
Traction Substation,Fair,Medium,Operational,Medium,Inspection,High,Traction Distribution,Assam: Guwahati-Dibrugarh,63.0,0.85,146,33,792.0,0,0
Traction Substation,Fair,Medium,Operational,Medium,Inspection,High,Traction Distribution,Assam: Guwahati-Dibrugarh,63.0,0.85,146,33,792.0,1,1
Traction Substation,Fair,Medium,Operational,Medium,Inspection,High,Traction Distribution,Assam: Guwahati-Dibrugarh,63.0,0.85,146,33,792.0,2,0
Signal,Poor,High,Operational,Medium,Preventive Maintenance,Low,Signal & Telecommunication,Assam: Guwahati-Dibrugarh,80.0,0.86,115,65,819.0,0,1
Signal,Poor,High,Operational,Medium,Preventive Maintenance,Low,Signal & Telecommunication,Assam: Guwahati-Dibrugarh,80.0,0.86,115,65,819.0,1,0
Signal,Poor,High,Operational,Medium,Preventive Maintenance,Low,Signal & Telecommunication,Assam: Guwahati-Dibrugarh,80.0,0.86,115,65,819.0,2,1
Signal,Poor,High,Operational,Critical,Condition Monitoring,Medium,Signal & Telecommunication,Assam: Guwahati-Dibrugarh,97.0,0.87,115,65,510.0,0,1
Signal,Poor,High,Operational,Critical,Condition Monitoring,Medium,Signal & Telecommunication,Assam: Guwahati-Dibrugarh,97.0,0.87,115,65,510.0,1,1
Signal,Poor,High,Operational,Critical,Condition Monitoring,Medium,Signal & Telecommunication,Assam: Guwahati-Dibrugarh,97.0,0.87,115,65,510.0,2,1
Axle Counter,Critical,High,Under Observation,Critical,Corrective Maintenance,High,Signal & Telecommunication,Assam: Guwahati-Dibrugarh,43.0,0.88,83,5,537.0,0,1
Axle Counter,Critical,High,Under Observation,Critical,Corrective Maintenance,High,Signal & Telecommunication,Assam: Guwahati-Dibrugarh,43.0,0.88,83,5,537.0,1,1
Axle Counter,Critical,High,Under Observation,Critical,Corrective Maintenance,High,Signal & Telecommunication,Assam: Guwahati-Dibrugarh,43.0,0.88,83,5,537.0,2,1
Axle Counter,Critical,High,Under Observation,Medium,Inspection,Low,Signal & Telecommunication,Assam: Guwahati-Dibrugarh,60.0,0.89,83,5,564.0,0,1
Axle Counter,Critical,High,Under Observation,Medium,Inspection,Low,Signal & Telecommunication,Assam: Guwahati-Dibrugarh,60.0,0.89,83,5,564.0,1,1
Axle Counter,Critical,High,Under Observation,Medium,Inspection,Low,Signal & Telecommunication,Assam: Guwahati-Dibrugarh,60.0,0.89,83,5,564.0,2,1
Track,Good,Critical,Maintenance In Progress,Medium,Preventive Maintenance,Medium,Engineering,Assam: Guwahati-Dibrugarh,77.0,0.9,52,36,591.0,0,0
Track,Good,Critical,Maintenance In Progress,Medium,Preventive Maintenance,Medium,Engineering,Assam: Guwahati-Dibrugarh,77.0,0.9,52,36,591.0,1,0
Track,Good,Critical,Maintenance In Progress,Medium,Preventive Maintenance,Medium,Engineering,Assam: Guwahati-Dibrugarh,77.0,0.9,52,36,591.0,2,0
Track,Good,Critical,Maintenance In Progress,Critical,Condition Monitoring,High,Engineering,Assam: Guwahati-Dibrugarh,94.0,0.12,52,36,618.0,0,0
Track,Good,Critical,Maintenance In Progress,Critical,Condition Monitoring,High,Engineering,Assam: Guwahati-Dibrugarh,94.0,0.12,52,36,618.0,1,1
Track,Good,Critical,Maintenance In Progress,Critical,Condition Monitoring,High,Engineering,Assam: Guwahati-Dibrugarh,94.0,0.12,52,36,618.0,2,0
Turnout,Fair,Medium,Operational,Critical,Corrective Maintenance,Low,Engineering,Assam: Guwahati-Dibrugarh,40.0,0.13,173,68,645.0,0,0
Turnout,Fair,Medium,Operational,Critical,Corrective Maintenance,Low,Engineering,Assam: Guwahati-Dibrugarh,40.0,0.13,173,68,645.0,1,0
Turnout,Fair,Medium,Operational,Critical,Corrective Maintenance,Low,Engineering,Assam: Guwahati-Dibrugarh,40.0,0.13,173,68,645.0,2,0
Turnout,Fair,Medium,Operational,Medium,Inspection,Medium,Engineering,Assam: Guwahati-Dibrugarh,57.0,0.14,173,68,672.0,0,0
Turnout,Fair,Medium,Operational,Medium,Inspection,Medium,Engineering,Assam: Guwahati-Dibrugarh,57.0,0.14,173,68,672.0,1,1
Turnout,Fair,Medium,Operational,Medium,Inspection,Medium,Engineering,Assam: Guwahati-Dibrugarh,57.0,0.14,173,68,672.0,2,0
OHE Mast,Poor,High,Operational,Medium,Preventive Maintenance,High,Traction Distribution,Assam: Guwahati-Dibrugarh,74.0,0.15,141,8,699.0,0,0
OHE Mast,Poor,High,Operational,Medium,Preventive Maintenance,High,Traction Distribution,Assam: Guwahati-Dibrugarh,74.0,0.15,141,8,699.0,1,0
OHE Mast,Poor,High,Operational,Medium,Preventive Maintenance,High,Traction Distribution,Assam: Guwahati-Dibrugarh,74.0,0.15,141,8,699.0,2,1
OHE Mast,Poor,High,Operational,Critical,Condition Monitoring,Low,Traction Distribution,Assam: Guwahati-Dibrugarh,91.0,0.16,141,8,726.0,0,1
OHE Mast,Poor,High,Operational,Critical,Condition Monitoring,Low,Traction Distribution,Assam: Guwahati-Dibrugarh,91.0,0.16,141,8,726.0,1,1
OHE Mast,Poor,High,Operational,Critical,Condition Monitoring,Low,Traction Distribution,Assam: Guwahati-Dibrugarh,91.0,0.16,141,8,726.0,2,1
Traction Substation,Critical,High,Under Observation,Critical,Corrective Maintenance,Medium,Traction Distribution,Assam: Guwahati-Dibrugarh,37.0,0.17,110,39,753.0,0,0
Traction Substation,Critical,High,Under Observation,Critical,Corrective Maintenance,Medium,Traction Distribution,Assam: Guwahati-Dibrugarh,37.0,0.17,110,39,753.0,1,1
Traction Substation,Critical,High,Under Observation,Critical,Corrective Maintenance,Medium,Traction Distribution,Assam: Guwahati-Dibrugarh,37.0,0.17,110,39,753.0,2,1
Traction Substation,Critical,High,Under Observation,Medium,Inspection,High,Traction Distribution,Assam: Guwahati-Dibrugarh,54.0,0.18,110,39,780.0,0,1
Traction Substation,Critical,High,Under Observation,Medium,Inspection,High,Traction Distribution,Assam: Guwahati-Dibrugarh,54.0,0.18,110,39,780.0,1,1
Traction Substation,Critical,High,Under Observation,Medium,Inspection,High,Traction Distribution,Assam: Guwahati-Dibrugarh,54.0,0.18,110,39,780.0,2,1
Signal,Good,Critical,Maintenance In Progress,Medium,Preventive Maintenance,Low,Signal & Telecommunication,Assam: Guwahati-Dibrugarh,71.0,0.19,78,71,807.0,0,0
Signal,Good,Critical,Maintenance In Progress,Medium,Preventive Maintenance,Low,Signal & Telecommunication,Assam: Guwahati-Dibrugarh,71.0,0.19,78,71,807.0,1,0
Signal,Good,Critical,Maintenance In Progress,Medium,Preventive Maintenance,Low,Signal & Telecommunication,Assam: Guwahati-Dibrugarh,71.0,0.19,78,71,807.0,2,0
Signal,Good,Critical,Maintenance In Progress,Critical,Condition Monitoring,Medium,Signal & Telecommunication,Assam: Guwahati-Dibrugarh,88.0,0.2,78,71,834.0,0,0
Signal,Good,Critical,Maintenance In Progress,Critical,Condition Monitoring,Medium,Signal & Telecommunication,Assam: Guwahati-Dibrugarh,88.0,0.2,78,71,834.0,1,0
Signal,Good,Critical,Maintenance In Progress,Critical,Condition Monitoring,Medium,Signal & Telecommunication,Assam: Guwahati-Dibrugarh,88.0,0.2,78,71,834.0,2,0
Axle Counter,Fair,Medium,Operational,Critical,Corrective Maintenance,High,Signal & Telecommunication,Assam: Guwahati-Dibrugarh,105.0,0.21,47,11,861.0,0,0
Axle Counter,Fair,Medium,Operational,Critical,Corrective Maintenance,High,Signal & Telecommunication,Assam: Guwahati-Dibrugarh,105.0,0.21,47,11,861.0,1,0
Axle Counter,Fair,Medium,Operational,Critical,Corrective Maintenance,High,Signal & Telecommunication,Assam: Guwahati-Dibrugarh,105.0,0.21,47,11,861.0,2,1
Axle Counter,Fair,Medium,Operational,Medium,Inspection,Low,Signal & Telecommunication,Assam: Guwahati-Dibrugarh,51.0,0.22,47,11,48.0,0,0
Axle Counter,Fair,Medium,Operational,Medium,Inspection,Low,Signal & Telecommunication,Assam: Guwahati-Dibrugarh,51.0,0.22,47,11,48.0,1,0
Axle Counter,Fair,Medium,Operational,Medium,Inspection,Low,Signal & Telecommunication,Assam: Guwahati-Dibrugarh,51.0,0.22,47,11,48.0,2,0
Track,Poor,High,Operational,Medium,Preventive Maintenance,Medium,Engineering,Assam: Guwahati-Dibrugarh,68.0,0.23,168,42,75.0,0,0
Track,Poor,High,Operational,Medium,Preventive Maintenance,Medium,Engineering,Assam: Guwahati-Dibrugarh,68.0,0.23,168,42,75.0,1,0
Track,Poor,High,Operational,Medium,Preventive Maintenance,Medium,Engineering,Assam: Guwahati-Dibrugarh,68.0,0.23,168,42,75.0,2,0
Track,Poor,High,Operational,Critical,Condition Monitoring,High,Engineering,Assam: Guwahati-Dibrugarh,85.0,0.24,168,42,102.0,0,0
Track,Poor,High,Operational,Critical,Condition Monitoring,High,Engineering,Assam: Guwahati-Dibrugarh,85.0,0.24,168,42,102.0,1,1
Track,Poor,High,Operational,Critical,Condition Monitoring,High,Engineering,Assam: Guwahati-Dibrugarh,85.0,0.24,168,42,102.0,2,1
Turnout,Critical,High,Under Observation,Critical,Corrective Maintenance,Low,Engineering,Assam: Guwahati-Dibrugarh,102.0,0.25,136,74,129.0,0,1
Turnout,Critical,High,Under Observation,Critical,Corrective Maintenance,Low,Engineering,Assam: Guwahati-Dibrugarh,102.0,0.25,136,74,129.0,1,0
Turnout,Critical,High,Under Observation,Critical,Corrective Maintenance,Low,Engineering,Assam: Guwahati-Dibrugarh,102.0,0.25,136,74,129.0,2,1
Turnout,Critical,High,Under Observation,Medium,Inspection,Medium,Engineering,Assam: Guwahati-Dibrugarh,48.0,0.26,136,74,156.0,0,1
Turnout,Critical,High,Under Observation,Medium,Inspection,Medium,Engineering,Assam: Guwahati-Dibrugarh,48.0,0.26,136,74,156.0,1,1
Turnout,Critical,High,Under Observation,Medium,Inspection,Medium,Engineering,Assam: Guwahati-Dibrugarh,48.0,0.26,136,74,156.0,2,1
OHE Mast,Good,Critical,Maintenance In Progress,Medium,Preventive Maintenance,High,Traction Distribution,Assam: Guwahati-Dibrugarh,65.0,0.27,105,14,183.0,0,0
OHE Mast,Good,Critical,Maintenance In Progress,Medium,Preventive Maintenance,High,Traction Distribution,Assam: Guwahati-Dibrugarh,65.0,0.27,105,14,183.0,1,1
OHE Mast,Good,Critical,Maintenance In Progress,Medium,Preventive Maintenance,High,Traction Distribution,Assam: Guwahati-Dibrugarh,65.0,0.27,105,14,183.0,2,1
OHE Mast,Good,Critical,Maintenance In Progress,Critical,Condition Monitoring,Low,Traction Distribution,Assam: Guwahati-Dibrugarh,82.0,0.28,105,14,210.0,0,1
OHE Mast,Good,Critical,Maintenance In Progress,Critical,Condition Monitoring,Low,Traction Distribution,Assam: Guwahati-Dibrugarh,82.0,0.28,105,14,210.0,1,0
OHE Mast,Good,Critical,Maintenance In Progress,Critical,Condition Monitoring,Low,Traction Distribution,Assam: Guwahati-Dibrugarh,82.0,0.28,105,14,210.0,2,0
Traction Substation,Fair,Medium,Operational,Critical,Corrective Maintenance,Medium,Traction Distribution,Assam: Guwahati-Dibrugarh,99.0,0.29,73,45,237.0,0,0
Traction Substation,Fair,Medium,Operational,Critical,Corrective Maintenance,Medium,Traction Distribution,Assam: Guwahati-Dibrugarh,99.0,0.29,73,45,237.0,1,1
Traction Substation,Fair,Medium,Operational,Critical,Corrective Maintenance,Medium,Traction Distribution,Assam: Guwahati-Dibrugarh,99.0,0.29,73,45,237.0,2,0
Traction Substation,Fair,Medium,Operational,Medium,Inspection,High,Traction Distribution,Assam: Guwahati-Dibrugarh,45.0,0.3,73,45,264.0,0,0
Traction Substation,Fair,Medium,Operational,Medium,Inspection,High,Traction Distribution,Assam: Guwahati-Dibrugarh,45.0,0.3,73,45,264.0,1,0
Traction Substation,Fair,Medium,Operational,Medium,Inspection,High,Traction Distribution,Assam: Guwahati-Dibrugarh,45.0,0.3,73,45,264.0,2,0
Signal,Poor,High,Operational,Medium,Preventive Maintenance,Low,Signal & Telecommunication,Assam: Guwahati-Dibrugarh,62.0,0.31,42,77,291.0,0,0
Signal,Poor,High,Operational,Medium,Preventive Maintenance,Low,Signal & Telecommunication,Assam: Guwahati-Dibrugarh,62.0,0.31,42,77,291.0,1,0
Signal,Poor,High,Operational,Medium,Preventive Maintenance,Low,Signal & Telecommunication,Assam: Guwahati-Dibrugarh,62.0,0.31,42,77,291.0,2,0
Signal,Poor,High,Operational,Critical,Condition Monitoring,Medium,Signal & Telecommunication,Assam: Guwahati-Dibrugarh,79.0,0.32,42,77,318.0,0,1
Signal,Poor,High,Operational,Critical,Condition Monitoring,Medium,Signal & Telecommunication,Assam: Guwahati-Dibrugarh,79.0,0.32,42,77,318.0,1,1
Signal,Poor,High,Operational,Critical,Condition Monitoring,Medium,Signal & Telecommunication,Assam: Guwahati-Dibrugarh,79.0,0.32,42,77,318.0,2,1
Axle Counter,Critical,High,Under Observation,Critical,Corrective Maintenance,High,Signal & Telecommunication,Assam: Guwahati-Dibrugarh,96.0,0.33,163,17,345.0,0,1
Axle Counter,Critical,High,Under Observation,Critical,Corrective Maintenance,High,Signal & Telecommunication,Assam: Guwahati-Dibrugarh,96.0,0.33,163,17,345.0,1,1
Axle Counter,Critical,High,Under Observation,Critical,Corrective Maintenance,High,Signal & Telecommunication,Assam: Guwahati-Dibrugarh,96.0,0.33,163,17,345.0,2,1
Axle Counter,Critical,High,Under Observation,Medium,Inspection,Low,Signal & Telecommunication,Assam: Guwahati-Dibrugarh,42.0,0.34,163,17,372.0,0,0
Axle Counter,Critical,High,Under Observation,Medium,Inspection,Low,Signal & Telecommunication,Assam: Guwahati-Dibrugarh,42.0,0.34,163,17,372.0,1,0
Axle Counter,Critical,High,Under Observation,Medium,Inspection,Low,Signal & Telecommunication,Assam: Guwahati-Dibrugarh,42.0,0.34,163,17,372.0,2,0
Track,Good,Critical,Maintenance In Progress,Medium,Preventive Maintenance,Medium,Engineering,Assam: Guwahati-Dibrugarh,59.0,0.35,131,48,399.0,0,0
Track,Good,Critical,Maintenance In Progress,Medium,Preventive Maintenance,Medium,Engineering,Assam: Guwahati-Dibrugarh,59.0,0.35,131,48,399.0,1,0
Track,Good,Critical,Maintenance In Progress,Medium,Preventive Maintenance,Medium,Engineering,Assam: Guwahati-Dibrugarh,59.0,0.35,131,48,399.0,2,0
Track,Good,Critical,Maintenance In Progress,Critical,Condition Monitoring,High,Engineering,Assam: Guwahati-Dibrugarh,76.0,0.36,131,48,90.0,0,1
Track,Good,Critical,Maintenance In Progress,Critical,Condition Monitoring,High,Engineering,Assam: Guwahati-Dibrugarh,76.0,0.36,131,48,90.0,1,1
Track,Good,Critical,Maintenance In Progress,Critical,Condition Monitoring,High,Engineering,Assam: Guwahati-Dibrugarh,76.0,0.36,131,48,90.0,2,0
Turnout,Fair,Medium,Operational,Critical,Corrective Maintenance,Low,Engineering,Assam: Guwahati-Dibrugarh,93.0,0.37,100,80,117.0,0,0
Turnout,Fair,Medium,Operational,Critical,Corrective Maintenance,Low,Engineering,Assam: Guwahati-Dibrugarh,93.0,0.37,100,80,117.0,1,1
Turnout,Fair,Medium,Operational,Critical,Corrective Maintenance,Low,Engineering,Assam: Guwahati-Dibrugarh,93.0,0.37,100,80,117.0,2,0
Turnout,Fair,Medium,Operational,Medium,Inspection,Medium,Engineering,Assam: Guwahati-Dibrugarh,39.0,0.38,100,80,144.0,0,0
Turnout,Fair,Medium,Operational,Medium,Inspection,Medium,Engineering,Assam: Guwahati-Dibrugarh,39.0,0.38,100,80,144.0,1,0
Turnout,Fair,Medium,Operational,Medium,Inspection,Medium,Engineering,Assam: Guwahati-Dibrugarh,39.0,0.38,100,80,144.0,2,0
OHE Mast,Poor,High,Operational,Medium,Preventive Maintenance,High,Traction Distribution,Assam: Guwahati-Dibrugarh,56.0,0.39,68,20,171.0,0,1
OHE Mast,Poor,High,Operational,Medium,Preventive Maintenance,High,Traction Distribution,Assam: Guwahati-Dibrugarh,56.0,0.39,68,20,171.0,1,1
OHE Mast,Poor,High,Operational,Medium,Preventive Maintenance,High,Traction Distribution,Assam: Guwahati-Dibrugarh,56.0,0.39,68,20,171.0,2,1
OHE Mast,Poor,High,Operational,Critical,Condition Monitoring,Low,Traction Distribution,Assam: Guwahati-Dibrugarh,73.0,0.4,68,20,198.0,0,1
OHE Mast,Poor,High,Operational,Critical,Condition Monitoring,Low,Traction Distribution,Assam: Guwahati-Dibrugarh,73.0,0.4,68,20,198.0,1,0
OHE Mast,Poor,High,Operational,Critical,Condition Monitoring,Low,Traction Distribution,Assam: Guwahati-Dibrugarh,73.0,0.4,68,20,198.0,2,1
Traction Substation,Critical,High,Under Observation,Critical,Corrective Maintenance,Medium,Traction Distribution,Assam: Guwahati-Dibrugarh,90.0,0.41,37,51,225.0,0,1
Traction Substation,Critical,High,Under Observation,Critical,Corrective Maintenance,Medium,Traction Distribution,Assam: Guwahati-Dibrugarh,90.0,0.41,37,51,225.0,1,1
Traction Substation,Critical,High,Under Observation,Critical,Corrective Maintenance,Medium,Traction Distribution,Assam: Guwahati-Dibrugarh,90.0,0.41,37,51,225.0,2,0
Traction Substation,Critical,High,Under Observation,Medium,Inspection,High,Traction Distribution,Assam: Guwahati-Dibrugarh,36.0,0.42,37,51,252.0,0,0
Traction Substation,Critical,High,Under Observation,Medium,Inspection,High,Traction Distribution,Assam: Guwahati-Dibrugarh,36.0,0.42,37,51,252.0,1,0
Traction Substation,Critical,High,Under Observation,Medium,Inspection,High,Traction Distribution,Assam: Guwahati-Dibrugarh,36.0,0.42,37,51,252.0,2,0
Signal,Good,Critical,Maintenance In Progress,Medium,Preventive Maintenance,Low,Signal & Telecommunication,Assam: Guwahati-Dibrugarh,53.0,0.43,158,83,279.0,0,0
Signal,Good,Critical,Maintenance In Progress,Medium,Preventive Maintenance,Low,Signal & Telecommunication,Assam: Guwahati-Dibrugarh,53.0,0.43,158,83,279.0,1,0
Signal,Good,Critical,Maintenance In Progress,Medium,Preventive Maintenance,Low,Signal & Telecommunication,Assam: Guwahati-Dibrugarh,53.0,0.43,158,83,279.0,2,0
Signal,Good,Critical,Maintenance In Progress,Critical,Condition Monitoring,Medium,Signal & Telecommunication,Assam: Guwahati-Dibrugarh,70.0,0.44,158,83,306.0,0,0
Signal,Good,Critical,Maintenance In Progress,Critical,Condition Monitoring,Medium,Signal & Telecommunication,Assam: Guwahati-Dibrugarh,70.0,0.44,158,83,306.0,1,0
Signal,Good,Critical,Maintenance In Progress,Critical,Condition Monitoring,Medium,Signal & Telecommunication,Assam: Guwahati-Dibrugarh,70.0,0.44,158,83,306.0,2,0
Axle Counter,Fair,Medium,Operational,Critical,Corrective Maintenance,High,Signal & Telecommunication,Assam: Guwahati-Dibrugarh,87.0,0.45,150,23,333.0,0,0
Axle Counter,Fair,Medium,Operational,Critical,Corrective Maintenance,High,Signal & Telecommunication,Assam: Guwahati-Dibrugarh,87.0,0.45,150,23,333.0,1,0
Axle Counter,Fair,Medium,Operational,Critical,Corrective Maintenance,High,Signal & Telecommunication,Assam: Guwahati-Dibrugarh,87.0,0.45,150,23,333.0,2,1
Axle Counter,Fair,Medium,Operational,Medium,Inspection,Low,Signal & Telecommunication,Assam: Guwahati-Dibrugarh,104.0,0.46,150,23,360.0,0,0
Axle Counter,Fair,Medium,Operational,Medium,Inspection,Low,Signal & Telecommunication,Assam: Guwahati-Dibrugarh,104.0,0.46,150,23,360.0,1,0
Axle Counter,Fair,Medium,Operational,Medium,Inspection,Low,Signal & Telecommunication,Assam: Guwahati-Dibrugarh,104.0,0.46,150,23,360.0,2,1
Track,Poor,High,Operational,Medium,Preventive Maintenance,Medium,Engineering,Assam: Guwahati-Dibrugarh,50.0,0.47,119,54,387.0,0,0
Track,Poor,High,Operational,Medium,Preventive Maintenance,Medium,Engineering,Assam: Guwahati-Dibrugarh,50.0,0.47,119,54,387.0,1,0
Track,Poor,High,Operational,Medium,Preventive Maintenance,Medium,Engineering,Assam: Guwahati-Dibrugarh,50.0,0.47,119,54,387.0,2,1
Track,Poor,High,Operational,Critical,Condition Monitoring,High,Engineering,Assam: Guwahati-Dibrugarh,67.0,0.48,119,54,414.0,0,0
Track,Poor,High,Operational,Critical,Condition Monitoring,High,Engineering,Assam: Guwahati-Dibrugarh,67.0,0.48,119,54,414.0,1,1
Track,Poor,High,Operational,Critical,Condition Monitoring,High,Engineering,Assam: Guwahati-Dibrugarh,67.0,0.48,119,54,414.0,2,1
Turnout,Critical,High,Under Observation,Critical,Corrective Maintenance,Low,Engineering,Assam: Guwahati-Dibrugarh,84.0,0.49,87,86,441.0,0,0
Turnout,Critical,High,Under Observation,Critical,Corrective Maintenance,Low,Engineering,Assam: Guwahati-Dibrugarh,84.0,0.49,87,86,441.0,1,1
Turnout,Critical,High,Under Observation,Critical,Corrective Maintenance,Low,Engineering,Assam: Guwahati-Dibrugarh,84.0,0.49,87,86,441.0,2,1
Turnout,Critical,High,Under Observation,Medium,Inspection,Medium,Engineering,Assam: Guwahati-Dibrugarh,101.0,0.5,87,86,132.0,0,1
Turnout,Critical,High,Under Observation,Medium,Inspection,Medium,Engineering,Assam: Guwahati-Dibrugarh,101.0,0.5,87,86,132.0,1,1
Turnout,Critical,High,Under Observation,Medium,Inspection,Medium,Engineering,Assam: Guwahati-Dibrugarh,101.0,0.5,87,86,132.0,2,1
OHE Mast,Good,Critical,Maintenance In Progress,Medium,Preventive Maintenance,High,Traction Distribution,Assam: Guwahati-Dibrugarh,47.0,0.51,56,26,159.0,0,1
OHE Mast,Good,Critical,Maintenance In Progress,Medium,Preventive Maintenance,High,Traction Distribution,Assam: Guwahati-Dibrugarh,47.0,0.51,56,26,159.0,1,0
OHE Mast,Good,Critical,Maintenance In Progress,Medium,Preventive Maintenance,High,Traction Distribution,Assam: Guwahati-Dibrugarh,47.0,0.51,56,26,159.0,2,0
OHE Mast,Good,Critical,Maintenance In Progress,Critical,Condition Monitoring,Low,Traction Distribution,Assam: Guwahati-Dibrugarh,64.0,0.52,56,26,186.0,0,1
OHE Mast,Good,Critical,Maintenance In Progress,Critical,Condition Monitoring,Low,Traction Distribution,Assam: Guwahati-Dibrugarh,64.0,0.52,56,26,186.0,1,1
OHE Mast,Good,Critical,Maintenance In Progress,Critical,Condition Monitoring,Low,Traction Distribution,Assam: Guwahati-Dibrugarh,64.0,0.52,56,26,186.0,2,0
Traction Substation,Fair,Medium,Operational,Critical,Corrective Maintenance,Medium,Traction Distribution,Assam: Guwahati-Dibrugarh,81.0,0.53,177,32,213.0,0,0
Traction Substation,Fair,Medium,Operational,Critical,Corrective Maintenance,Medium,Traction Distribution,Assam: Guwahati-Dibrugarh,81.0,0.53,177,32,213.0,1,0
Traction Substation,Fair,Medium,Operational,Critical,Corrective Maintenance,Medium,Traction Distribution,Assam: Guwahati-Dibrugarh,81.0,0.53,177,32,213.0,2,1
Traction Substation,Fair,Medium,Operational,Medium,Inspection,High,Traction Distribution,Assam: Guwahati-Dibrugarh,98.0,0.54,177,32,240.0,0,1
Traction Substation,Fair,Medium,Operational,Medium,Inspection,High,Traction Distribution,Assam: Guwahati-Dibrugarh,98.0,0.54,177,32,240.0,1,0
Traction Substation,Fair,Medium,Operational,Medium,Inspection,High,Traction Distribution,Assam: Guwahati-Dibrugarh,98.0,0.54,177,32,240.0,2,0
Signal,Poor,High,Operational,Medium,Preventive Maintenance,Low,Signal & Telecommunication,Assam: Guwahati-Dibrugarh,44.0,0.55,145,64,267.0,0,0
Signal,Poor,High,Operational,Medium,Preventive Maintenance,Low,Signal & Telecommunication,Assam: Guwahati-Dibrugarh,44.0,0.55,145,64,267.0,1,0
Signal,Poor,High,Operational,Medium,Preventive Maintenance,Low,Signal & Telecommunication,Assam: Guwahati-Dibrugarh,44.0,0.55,145,64,267.0,2,1
Signal,Poor,High,Operational,Critical,Condition Monitoring,Medium,Signal & Telecommunication,Assam: Guwahati-Dibrugarh,61.0,0.56,145,64,294.0,0,1
Signal,Poor,High,Operational,Critical,Condition Monitoring,Medium,Signal & Telecommunication,Assam: Guwahati-Dibrugarh,61.0,0.56,145,64,294.0,1,1
Signal,Poor,High,Operational,Critical,Condition Monitoring,Medium,Signal & Telecommunication,Assam: Guwahati-Dibrugarh,61.0,0.56,145,64,294.0,2,1
Axle Counter,Critical,High,Under Observation,Critical,Corrective Maintenance,High,Signal & Telecommunication,Assam: Guwahati-Dibrugarh,78.0,0.57,114,4,321.0,0,0
Axle Counter,Critical,High,Under Observation,Critical,Corrective Maintenance,High,Signal & Telecommunication,Assam: Guwahati-Dibrugarh,78.0,0.57,114,4,321.0,1,1
Axle Counter,Critical,High,Under Observation,Critical,Corrective Maintenance,High,Signal & Telecommunication,Assam: Guwahati-Dibrugarh,78.0,0.57,114,4,321.0,2,0
Axle Counter,Critical,High,Under Observation,Medium,Inspection,Low,Signal & Telecommunication,Assam: Guwahati-Dibrugarh,95.0,0.58,114,4,348.0,0,1
Axle Counter,Critical,High,Under Observation,Medium,Inspection,Low,Signal & Telecommunication,Assam: Guwahati-Dibrugarh,95.0,0.58,114,4,348.0,1,1
Axle Counter,Critical,High,Under Observation,Medium,Inspection,Low,Signal & Telecommunication,Assam: Guwahati-Dibrugarh,95.0,0.58,114,4,348.0,2,0
Track,Good,Critical,Maintenance In Progress,Medium,Preventive Maintenance,Medium,Engineering,Assam: Guwahati-Dibrugarh,41.0,0.59,82,35,375.0,0,0
Track,Good,Critical,Maintenance In Progress,Medium,Preventive Maintenance,Medium,Engineering,Assam: Guwahati-Dibrugarh,41.0,0.59,82,35,375.0,1,0
Track,Good,Critical,Maintenance In Progress,Medium,Preventive Maintenance,Medium,Engineering,Assam: Guwahati-Dibrugarh,41.0,0.59,82,35,375.0,2,0
Track,Good,Critical,Maintenance In Progress,Critical,Condition Monitoring,High,Engineering,Assam: Guwahati-Dibrugarh,58.0,0.6,82,35,402.0,0,1
Track,Good,Critical,Maintenance In Progress,Critical,Condition Monitoring,High,Engineering,Assam: Guwahati-Dibrugarh,58.0,0.6,82,35,402.0,1,1
Track,Good,Critical,Maintenance In Progress,Critical,Condition Monitoring,High,Engineering,Assam: Guwahati-Dibrugarh,58.0,0.6,82,35,402.0,2,0
Turnout,Fair,Medium,Operational,Critical,Corrective Maintenance,Low,Engineering,Assam: Guwahati-Dibrugarh,75.0,0.61,51,67,429.0,0,1
Turnout,Fair,Medium,Operational,Critical,Corrective Maintenance,Low,Engineering,Assam: Guwahati-Dibrugarh,75.0,0.61,51,67,429.0,1,0
Turnout,Fair,Medium,Operational,Critical,Corrective Maintenance,Low,Engineering,Assam: Guwahati-Dibrugarh,75.0,0.61,51,67,429.0,2,1
Turnout,Fair,Medium,Operational,Medium,Inspection,Medium,Engineering,Assam: Guwahati-Dibrugarh,92.0,0.62,51,67,456.0,0,0
Turnout,Fair,Medium,Operational,Medium,Inspection,Medium,Engineering,Assam: Guwahati-Dibrugarh,92.0,0.62,51,67,456.0,1,1
Turnout,Fair,Medium,Operational,Medium,Inspection,Medium,Engineering,Assam: Guwahati-Dibrugarh,92.0,0.62,51,67,456.0,2,1
OHE Mast,Poor,High,Operational,Medium,Preventive Maintenance,High,Traction Distribution,Assam: Guwahati-Dibrugarh,38.0,0.63,172,7,483.0,0,0
OHE Mast,Poor,High,Operational,Medium,Preventive Maintenance,High,Traction Distribution,Assam: Guwahati-Dibrugarh,38.0,0.63,172,7,483.0,1,1
OHE Mast,Poor,High,Operational,Medium,Preventive Maintenance,High,Traction Distribution,Assam: Guwahati-Dibrugarh,38.0,0.63,172,7,483.0,2,1
OHE Mast,Poor,High,Operational,Critical,Condition Monitoring,Low,Traction Distribution,Assam: Guwahati-Dibrugarh,55.0,0.64,172,7,174.0,0,0
OHE Mast,Poor,High,Operational,Critical,Condition Monitoring,Low,Traction Distribution,Assam: Guwahati-Dibrugarh,55.0,0.64,172,7,174.0,1,0
OHE Mast,Poor,High,Operational,Critical,Condition Monitoring,Low,Traction Distribution,Assam: Guwahati-Dibrugarh,55.0,0.64,172,7,174.0,2,1
Traction Substation,Critical,High,Under Observation,Critical,Corrective Maintenance,Medium,Traction Distribution,Assam: Guwahati-Dibrugarh,72.0,0.65,140,38,201.0,0,1
Traction Substation,Critical,High,Under Observation,Critical,Corrective Maintenance,Medium,Traction Distribution,Assam: Guwahati-Dibrugarh,72.0,0.65,140,38,201.0,1,1
Traction Substation,Critical,High,Under Observation,Critical,Corrective Maintenance,Medium,Traction Distribution,Assam: Guwahati-Dibrugarh,72.0,0.65,140,38,201.0,2,1
Traction Substation,Critical,High,Under Observation,Medium,Inspection,High,Traction Distribution,Assam: Guwahati-Dibrugarh,89.0,0.66,140,38,228.0,0,1
Traction Substation,Critical,High,Under Observation,Medium,Inspection,High,Traction Distribution,Assam: Guwahati-Dibrugarh,89.0,0.66,140,38,228.0,1,1
Traction Substation,Critical,High,Under Observation,Medium,Inspection,High,Traction Distribution,Assam: Guwahati-Dibrugarh,89.0,0.66,140,38,228.0,2,1
Signal,Good,Critical,Maintenance In Progress,Medium,Preventive Maintenance,Low,Signal & Telecommunication,Assam: Guwahati-Dibrugarh,35.0,0.67,109,70,255.0,0,1
Signal,Good,Critical,Maintenance In Progress,Medium,Preventive Maintenance,Low,Signal & Telecommunication,Assam: Guwahati-Dibrugarh,35.0,0.67,109,70,255.0,1,1
Signal,Good,Critical,Maintenance In Progress,Medium,Preventive Maintenance,Low,Signal & Telecommunication,Assam: Guwahati-Dibrugarh,35.0,0.67,109,70,255.0,2,1
Signal,Good,Critical,Maintenance In Progress,Critical,Condition Monitoring,Medium,Signal & Telecommunication,Assam: Guwahati-Dibrugarh,52.0,0.68,109,70,282.0,0,0
Signal,Good,Critical,Maintenance In Progress,Critical,Condition Monitoring,Medium,Signal & Telecommunication,Assam: Guwahati-Dibrugarh,52.0,0.68,109,70,282.0,1,1
Signal,Good,Critical,Maintenance In Progress,Critical,Condition Monitoring,Medium,Signal & Telecommunication,Assam: Guwahati-Dibrugarh,52.0,0.68,109,70,282.0,2,0
Axle Counter,Fair,Medium,Operational,Critical,Corrective Maintenance,High,Signal & Telecommunication,Assam: Guwahati-Dibrugarh,69.0,0.69,77,10,309.0,0,0
Axle Counter,Fair,Medium,Operational,Critical,Corrective Maintenance,High,Signal & Telecommunication,Assam: Guwahati-Dibrugarh,69.0,0.69,77,10,309.0,1,0
Axle Counter,Fair,Medium,Operational,Critical,Corrective Maintenance,High,Signal & Telecommunication,Assam: Guwahati-Dibrugarh,69.0,0.69,77,10,309.0,2,1
Axle Counter,Fair,Medium,Operational,Medium,Inspection,Low,Signal & Telecommunication,Assam: Guwahati-Dibrugarh,86.0,0.7,77,10,336.0,0,0
Axle Counter,Fair,Medium,Operational,Medium,Inspection,Low,Signal & Telecommunication,Assam: Guwahati-Dibrugarh,86.0,0.7,77,10,336.0,1,0
Axle Counter,Fair,Medium,Operational,Medium,Inspection,Low,Signal & Telecommunication,Assam: Guwahati-Dibrugarh,86.0,0.7,77,10,336.0,2,0
Track,Poor,High,Operational,Medium,Preventive Maintenance,Medium,Engineering,Bihar: Patna-Gaya,103.0,0.71,46,41,363.0,0,0
Track,Poor,High,Operational,Medium,Preventive Maintenance,Medium,Engineering,Bihar: Patna-Gaya,103.0,0.71,46,41,363.0,1,1
Track,Poor,High,Operational,Medium,Preventive Maintenance,Medium,Engineering,Bihar: Patna-Gaya,103.0,0.71,46,41,363.0,2,0
Track,Poor,High,Operational,Critical,Condition Monitoring,High,Engineering,Bihar: Patna-Gaya,49.0,0.72,46,41,390.0,0,1
Track,Poor,High,Operational,Critical,Condition Monitoring,High,Engineering,Bihar: Patna-Gaya,49.0,0.72,46,41,390.0,1,1
Track,Poor,High,Operational,Critical,Condition Monitoring,High,Engineering,Bihar: Patna-Gaya,49.0,0.72,46,41,390.0,2,1
Turnout,Critical,High,Under Observation,Critical,Corrective Maintenance,Low,Engineering,Bihar: Patna-Gaya,66.0,0.73,167,73,417.0,0,1
Turnout,Critical,High,Under Observation,Critical,Corrective Maintenance,Low,Engineering,Bihar: Patna-Gaya,66.0,0.73,167,73,417.0,1,1
Turnout,Critical,High,Under Observation,Critical,Corrective Maintenance,Low,Engineering,Bihar: Patna-Gaya,66.0,0.73,167,73,417.0,2,0
Turnout,Critical,High,Under Observation,Medium,Inspection,Medium,Engineering,Bihar: Patna-Gaya,83.0,0.74,167,73,444.0,0,1
Turnout,Critical,High,Under Observation,Medium,Inspection,Medium,Engineering,Bihar: Patna-Gaya,83.0,0.74,167,73,444.0,1,1
Turnout,Critical,High,Under Observation,Medium,Inspection,Medium,Engineering,Bihar: Patna-Gaya,83.0,0.74,167,73,444.0,2,1
OHE Mast,Good,Critical,Maintenance In Progress,Medium,Preventive Maintenance,High,Traction Distribution,Bihar: Patna-Gaya,100.0,0.75,135,13,471.0,0,0
OHE Mast,Good,Critical,Maintenance In Progress,Medium,Preventive Maintenance,High,Traction Distribution,Bihar: Patna-Gaya,100.0,0.75,135,13,471.0,1,1
OHE Mast,Good,Critical,Maintenance In Progress,Medium,Preventive Maintenance,High,Traction Distribution,Bihar: Patna-Gaya,100.0,0.75,135,13,471.0,2,0
OHE Mast,Good,Critical,Maintenance In Progress,Critical,Condition Monitoring,Low,Traction Distribution,Bihar: Patna-Gaya,46.0,0.76,135,13,498.0,0,1
OHE Mast,Good,Critical,Maintenance In Progress,Critical,Condition Monitoring,Low,Traction Distribution,Bihar: Patna-Gaya,46.0,0.76,135,13,498.0,1,0
OHE Mast,Good,Critical,Maintenance In Progress,Critical,Condition Monitoring,Low,Traction Distribution,Bihar: Patna-Gaya,46.0,0.76,135,13,498.0,2,0
Traction Substation,Fair,Medium,Operational,Critical,Corrective Maintenance,Medium,Traction Distribution,Bihar: Patna-Gaya,63.0,0.77,104,44,525.0,0,0
Traction Substation,Fair,Medium,Operational,Critical,Corrective Maintenance,Medium,Traction Distribution,Bihar: Patna-Gaya,63.0,0.77,104,44,525.0,1,0
Traction Substation,Fair,Medium,Operational,Critical,Corrective Maintenance,Medium,Traction Distribution,Bihar: Patna-Gaya,63.0,0.77,104,44,525.0,2,0
Traction Substation,Fair,Medium,Operational,Medium,Inspection,High,Traction Distribution,Bihar: Patna-Gaya,80.0,0.78,104,44,216.0,0,0
Traction Substation,Fair,Medium,Operational,Medium,Inspection,High,Traction Distribution,Bihar: Patna-Gaya,80.0,0.78,104,44,216.0,1,0
Traction Substation,Fair,Medium,Operational,Medium,Inspection,High,Traction Distribution,Bihar: Patna-Gaya,80.0,0.78,104,44,216.0,2,0
Signal,Poor,High,Operational,Medium,Preventive Maintenance,Low,Signal & Telecommunication,Bihar: Patna-Gaya,97.0,0.79,72,76,243.0,0,0
Signal,Poor,High,Operational,Medium,Preventive Maintenance,Low,Signal & Telecommunication,Bihar: Patna-Gaya,97.0,0.79,72,76,243.0,1,0
Signal,Poor,High,Operational,Medium,Preventive Maintenance,Low,Signal & Telecommunication,Bihar: Patna-Gaya,97.0,0.79,72,76,243.0,2,1
Signal,Poor,High,Operational,Critical,Condition Monitoring,Medium,Signal & Telecommunication,Bihar: Patna-Gaya,43.0,0.8,72,76,270.0,0,1
Signal,Poor,High,Operational,Critical,Condition Monitoring,Medium,Signal & Telecommunication,Bihar: Patna-Gaya,43.0,0.8,72,76,270.0,1,0
Signal,Poor,High,Operational,Critical,Condition Monitoring,Medium,Signal & Telecommunication,Bihar: Patna-Gaya,43.0,0.8,72,76,270.0,2,0
Axle Counter,Critical,High,Under Observation,Critical,Corrective Maintenance,High,Signal & Telecommunication,Bihar: Patna-Gaya,60.0,0.81,41,16,297.0,0,1
Axle Counter,Critical,High,Under Observation,Critical,Corrective Maintenance,High,Signal & Telecommunication,Bihar: Patna-Gaya,60.0,0.81,41,16,297.0,1,1
Axle Counter,Critical,High,Under Observation,Critical,Corrective Maintenance,High,Signal & Telecommunication,Bihar: Patna-Gaya,60.0,0.81,41,16,297.0,2,1
Axle Counter,Critical,High,Under Observation,Medium,Inspection,Low,Signal & Telecommunication,Bihar: Patna-Gaya,77.0,0.82,41,16,324.0,0,0
Axle Counter,Critical,High,Under Observation,Medium,Inspection,Low,Signal & Telecommunication,Bihar: Patna-Gaya,77.0,0.82,41,16,324.0,1,0
Axle Counter,Critical,High,Under Observation,Medium,Inspection,Low,Signal & Telecommunication,Bihar: Patna-Gaya,77.0,0.82,41,16,324.0,2,0
Track,Good,Critical,Maintenance In Progress,Medium,Preventive Maintenance,Medium,Engineering,Bihar: Patna-Gaya,94.0,0.83,162,47,351.0,0,1
Track,Good,Critical,Maintenance In Progress,Medium,Preventive Maintenance,Medium,Engineering,Bihar: Patna-Gaya,94.0,0.83,162,47,351.0,1,1
Track,Good,Critical,Maintenance In Progress,Medium,Preventive Maintenance,Medium,Engineering,Bihar: Patna-Gaya,94.0,0.83,162,47,351.0,2,0
Track,Good,Critical,Maintenance In Progress,Critical,Condition Monitoring,High,Engineering,Bihar: Patna-Gaya,40.0,0.84,162,47,378.0,0,1
Track,Good,Critical,Maintenance In Progress,Critical,Condition Monitoring,High,Engineering,Bihar: Patna-Gaya,40.0,0.84,162,47,378.0,1,1
Track,Good,Critical,Maintenance In Progress,Critical,Condition Monitoring,High,Engineering,Bihar: Patna-Gaya,40.0,0.84,162,47,378.0,2,1
Turnout,Fair,Medium,Operational,Critical,Corrective Maintenance,Low,Engineering,Bihar: Patna-Gaya,57.0,0.85,130,79,405.0,0,0
Turnout,Fair,Medium,Operational,Critical,Corrective Maintenance,Low,Engineering,Bihar: Patna-Gaya,57.0,0.85,130,79,405.0,1,0
Turnout,Fair,Medium,Operational,Critical,Corrective Maintenance,Low,Engineering,Bihar: Patna-Gaya,57.0,0.85,130,79,405.0,2,1
Turnout,Fair,Medium,Operational,Medium,Inspection,Medium,Engineering,Bihar: Patna-Gaya,74.0,0.86,130,79,432.0,0,0
Turnout,Fair,Medium,Operational,Medium,Inspection,Medium,Engineering,Bihar: Patna-Gaya,74.0,0.86,130,79,432.0,1,1
Turnout,Fair,Medium,Operational,Medium,Inspection,Medium,Engineering,Bihar: Patna-Gaya,74.0,0.86,130,79,432.0,2,0
OHE Mast,Poor,High,Operational,Medium,Preventive Maintenance,High,Traction Distribution,Bihar: Patna-Gaya,91.0,0.87,99,19,459.0,0,1
OHE Mast,Poor,High,Operational,Medium,Preventive Maintenance,High,Traction Distribution,Bihar: Patna-Gaya,91.0,0.87,99,19,459.0,1,0
OHE Mast,Poor,High,Operational,Medium,Preventive Maintenance,High,Traction Distribution,Bihar: Patna-Gaya,91.0,0.87,99,19,459.0,2,1
OHE Mast,Poor,High,Operational,Critical,Condition Monitoring,Low,Traction Distribution,Bihar: Patna-Gaya,37.0,0.88,99,19,486.0,0,1
OHE Mast,Poor,High,Operational,Critical,Condition Monitoring,Low,Traction Distribution,Bihar: Patna-Gaya,37.0,0.88,99,19,486.0,1,1
OHE Mast,Poor,High,Operational,Critical,Condition Monitoring,Low,Traction Distribution,Bihar: Patna-Gaya,37.0,0.88,99,19,486.0,2,1
Traction Substation,Critical,High,Under Observation,Critical,Corrective Maintenance,Medium,Traction Distribution,Bihar: Patna-Gaya,54.0,0.89,67,50,513.0,0,1
Traction Substation,Critical,High,Under Observation,Critical,Corrective Maintenance,Medium,Traction Distribution,Bihar: Patna-Gaya,54.0,0.89,67,50,513.0,1,0
Traction Substation,Critical,High,Under Observation,Critical,Corrective Maintenance,Medium,Traction Distribution,Bihar: Patna-Gaya,54.0,0.89,67,50,513.0,2,1
Traction Substation,Critical,High,Under Observation,Medium,Inspection,High,Traction Distribution,Bihar: Patna-Gaya,71.0,0.9,67,50,540.0,0,1
Traction Substation,Critical,High,Under Observation,Medium,Inspection,High,Traction Distribution,Bihar: Patna-Gaya,71.0,0.9,67,50,540.0,1,1
Traction Substation,Critical,High,Under Observation,Medium,Inspection,High,Traction Distribution,Bihar: Patna-Gaya,71.0,0.9,67,50,540.0,2,1
Signal,Good,Critical,Maintenance In Progress,Medium,Preventive Maintenance,Low,Signal & Telecommunication,Bihar: Patna-Gaya,88.0,0.12,36,82,567.0,0,0
Signal,Good,Critical,Maintenance In Progress,Medium,Preventive Maintenance,Low,Signal & Telecommunication,Bihar: Patna-Gaya,88.0,0.12,36,82,567.0,1,0
Signal,Good,Critical,Maintenance In Progress,Medium,Preventive Maintenance,Low,Signal & Telecommunication,Bihar: Patna-Gaya,88.0,0.12,36,82,567.0,2,0
Signal,Good,Critical,Maintenance In Progress,Critical,Condition Monitoring,Medium,Signal & Telecommunication,Bihar: Patna-Gaya,105.0,0.13,36,82,258.0,0,0
Signal,Good,Critical,Maintenance In Progress,Critical,Condition Monitoring,Medium,Signal & Telecommunication,Bihar: Patna-Gaya,105.0,0.13,36,82,258.0,1,0
Signal,Good,Critical,Maintenance In Progress,Critical,Condition Monitoring,Medium,Signal & Telecommunication,Bihar: Patna-Gaya,105.0,0.13,36,82,258.0,2,0
Axle Counter,Fair,Medium,Operational,Critical,Corrective Maintenance,High,Signal & Telecommunication,Bihar: Patna-Gaya,51.0,0.14,181,22,285.0,0,0
Axle Counter,Fair,Medium,Operational,Critical,Corrective Maintenance,High,Signal & Telecommunication,Bihar: Patna-Gaya,51.0,0.14,181,22,285.0,1,0
Axle Counter,Fair,Medium,Operational,Critical,Corrective Maintenance,High,Signal & Telecommunication,Bihar: Patna-Gaya,51.0,0.14,181,22,285.0,2,0
Axle Counter,Fair,Medium,Operational,Medium,Inspection,Low,Signal & Telecommunication,Bihar: Patna-Gaya,68.0,0.15,181,22,312.0,0,0
Axle Counter,Fair,Medium,Operational,Medium,Inspection,Low,Signal & Telecommunication,Bihar: Patna-Gaya,68.0,0.15,181,22,312.0,1,0
Axle Counter,Fair,Medium,Operational,Medium,Inspection,Low,Signal & Telecommunication,Bihar: Patna-Gaya,68.0,0.15,181,22,312.0,2,0
Track,Poor,High,Operational,Medium,Preventive Maintenance,Medium,Engineering,Bihar: Patna-Gaya,85.0,0.16,149,53,339.0,0,1
Track,Poor,High,Operational,Medium,Preventive Maintenance,Medium,Engineering,Bihar: Patna-Gaya,85.0,0.16,149,53,339.0,1,1
Track,Poor,High,Operational,Medium,Preventive Maintenance,Medium,Engineering,Bihar: Patna-Gaya,85.0,0.16,149,53,339.0,2,0
Track,Poor,High,Operational,Critical,Condition Monitoring,High,Engineering,Bihar: Patna-Gaya,102.0,0.17,149,53,366.0,0,1
Track,Poor,High,Operational,Critical,Condition Monitoring,High,Engineering,Bihar: Patna-Gaya,102.0,0.17,149,53,366.0,1,1
Track,Poor,High,Operational,Critical,Condition Monitoring,High,Engineering,Bihar: Patna-Gaya,102.0,0.17,149,53,366.0,2,1
Turnout,Critical,High,Under Observation,Critical,Corrective Maintenance,Low,Engineering,Bihar: Patna-Gaya,48.0,0.18,118,85,393.0,0,1
Turnout,Critical,High,Under Observation,Critical,Corrective Maintenance,Low,Engineering,Bihar: Patna-Gaya,48.0,0.18,118,85,393.0,1,1
Turnout,Critical,High,Under Observation,Critical,Corrective Maintenance,Low,Engineering,Bihar: Patna-Gaya,48.0,0.18,118,85,393.0,2,1
Turnout,Critical,High,Under Observation,Medium,Inspection,Medium,Engineering,Bihar: Patna-Gaya,65.0,0.19,118,85,420.0,0,0
Turnout,Critical,High,Under Observation,Medium,Inspection,Medium,Engineering,Bihar: Patna-Gaya,65.0,0.19,118,85,420.0,1,1
Turnout,Critical,High,Under Observation,Medium,Inspection,Medium,Engineering,Bihar: Patna-Gaya,65.0,0.19,118,85,420.0,2,0
OHE Mast,Good,Critical,Maintenance In Progress,Medium,Preventive Maintenance,High,Traction Distribution,Bihar: Patna-Gaya,82.0,0.2,86,25,447.0,0,1
OHE Mast,Good,Critical,Maintenance In Progress,Medium,Preventive Maintenance,High,Traction Distribution,Bihar: Patna-Gaya,82.0,0.2,86,25,447.0,1,0
OHE Mast,Good,Critical,Maintenance In Progress,Medium,Preventive Maintenance,High,Traction Distribution,Bihar: Patna-Gaya,82.0,0.2,86,25,447.0,2,0
OHE Mast,Good,Critical,Maintenance In Progress,Critical,Condition Monitoring,Low,Traction Distribution,Bihar: Patna-Gaya,99.0,0.21,86,25,474.0,0,0
OHE Mast,Good,Critical,Maintenance In Progress,Critical,Condition Monitoring,Low,Traction Distribution,Bihar: Patna-Gaya,99.0,0.21,86,25,474.0,1,1
OHE Mast,Good,Critical,Maintenance In Progress,Critical,Condition Monitoring,Low,Traction Distribution,Bihar: Patna-Gaya,99.0,0.21,86,25,474.0,2,0
Traction Substation,Fair,Medium,Operational,Critical,Corrective Maintenance,Medium,Traction Distribution,Bihar: Patna-Gaya,45.0,0.22,55,56,501.0,0,0
Traction Substation,Fair,Medium,Operational,Critical,Corrective Maintenance,Medium,Traction Distribution,Bihar: Patna-Gaya,45.0,0.22,55,56,501.0,1,0
Traction Substation,Fair,Medium,Operational,Critical,Corrective Maintenance,Medium,Traction Distribution,Bihar: Patna-Gaya,45.0,0.22,55,56,501.0,2,0
Traction Substation,Fair,Medium,Operational,Medium,Inspection,High,Traction Distribution,Bihar: Patna-Gaya,62.0,0.23,55,56,528.0,0,1
Traction Substation,Fair,Medium,Operational,Medium,Inspection,High,Traction Distribution,Bihar: Patna-Gaya,62.0,0.23,55,56,528.0,1,0
Traction Substation,Fair,Medium,Operational,Medium,Inspection,High,Traction Distribution,Bihar: Patna-Gaya,62.0,0.23,55,56,528.0,2,0
Signal,Poor,High,Operational,Medium,Preventive Maintenance,Low,Signal & Telecommunication,Bihar: Patna-Gaya,79.0,0.24,176,63,555.0,0,0
Signal,Poor,High,Operational,Medium,Preventive Maintenance,Low,Signal & Telecommunication,Bihar: Patna-Gaya,79.0,0.24,176,63,555.0,1,0
Signal,Poor,High,Operational,Medium,Preventive Maintenance,Low,Signal & Telecommunication,Bihar: Patna-Gaya,79.0,0.24,176,63,555.0,2,0
Signal,Poor,High,Operational,Critical,Condition Monitoring,Medium,Signal & Telecommunication,Bihar: Patna-Gaya,96.0,0.25,176,63,582.0,0,0
Signal,Poor,High,Operational,Critical,Condition Monitoring,Medium,Signal & Telecommunication,Bihar: Patna-Gaya,96.0,0.25,176,63,582.0,1,1
Signal,Poor,High,Operational,Critical,Condition Monitoring,Medium,Signal & Telecommunication,Bihar: Patna-Gaya,96.0,0.25,176,63,582.0,2,1
Axle Counter,Critical,High,Under Observation,Critical,Corrective Maintenance,High,Signal & Telecommunication,Bihar: Patna-Gaya,42.0,0.26,144,3,609.0,0,1
Axle Counter,Critical,High,Under Observation,Critical,Corrective Maintenance,High,Signal & Telecommunication,Bihar: Patna-Gaya,42.0,0.26,144,3,609.0,1,1
Axle Counter,Critical,High,Under Observation,Critical,Corrective Maintenance,High,Signal & Telecommunication,Bihar: Patna-Gaya,42.0,0.26,144,3,609.0,2,0
Axle Counter,Critical,High,Under Observation,Medium,Inspection,Low,Signal & Telecommunication,Bihar: Patna-Gaya,59.0,0.27,144,3,300.0,0,1
Axle Counter,Critical,High,Under Observation,Medium,Inspection,Low,Signal & Telecommunication,Bihar: Patna-Gaya,59.0,0.27,144,3,300.0,1,1
Axle Counter,Critical,High,Under Observation,Medium,Inspection,Low,Signal & Telecommunication,Bihar: Patna-Gaya,59.0,0.27,144,3,300.0,2,0
Track,Good,Critical,Maintenance In Progress,Medium,Preventive Maintenance,Medium,Engineering,Bihar: Patna-Gaya,76.0,0.28,113,34,327.0,0,0
Track,Good,Critical,Maintenance In Progress,Medium,Preventive Maintenance,Medium,Engineering,Bihar: Patna-Gaya,76.0,0.28,113,34,327.0,1,0
Track,Good,Critical,Maintenance In Progress,Medium,Preventive Maintenance,Medium,Engineering,Bihar: Patna-Gaya,76.0,0.28,113,34,327.0,2,0
Track,Good,Critical,Maintenance In Progress,Critical,Condition Monitoring,High,Engineering,Bihar: Patna-Gaya,93.0,0.29,113,34,354.0,0,1
Track,Good,Critical,Maintenance In Progress,Critical,Condition Monitoring,High,Engineering,Bihar: Patna-Gaya,93.0,0.29,113,34,354.0,1,1
Track,Good,Critical,Maintenance In Progress,Critical,Condition Monitoring,High,Engineering,Bihar: Patna-Gaya,93.0,0.29,113,34,354.0,2,0
Turnout,Fair,Medium,Operational,Critical,Corrective Maintenance,Low,Engineering,Bihar: Patna-Gaya,39.0,0.3,81,66,381.0,0,0
Turnout,Fair,Medium,Operational,Critical,Corrective Maintenance,Low,Engineering,Bihar: Patna-Gaya,39.0,0.3,81,66,381.0,1,0
Turnout,Fair,Medium,Operational,Critical,Corrective Maintenance,Low,Engineering,Bihar: Patna-Gaya,39.0,0.3,81,66,381.0,2,0
Turnout,Fair,Medium,Operational,Medium,Inspection,Medium,Engineering,Bihar: Patna-Gaya,56.0,0.31,81,66,408.0,0,0
Turnout,Fair,Medium,Operational,Medium,Inspection,Medium,Engineering,Bihar: Patna-Gaya,56.0,0.31,81,66,408.0,1,0
Turnout,Fair,Medium,Operational,Medium,Inspection,Medium,Engineering,Bihar: Patna-Gaya,56.0,0.31,81,66,408.0,2,0
OHE Mast,Poor,High,Operational,Medium,Preventive Maintenance,High,Traction Distribution,Bihar: Patna-Gaya,73.0,0.32,50,6,435.0,0,0
OHE Mast,Poor,High,Operational,Medium,Preventive Maintenance,High,Traction Distribution,Bihar: Patna-Gaya,73.0,0.32,50,6,435.0,1,1
OHE Mast,Poor,High,Operational,Medium,Preventive Maintenance,High,Traction Distribution,Bihar: Patna-Gaya,73.0,0.32,50,6,435.0,2,0
OHE Mast,Poor,High,Operational,Critical,Condition Monitoring,Low,Traction Distribution,Bihar: Patna-Gaya,90.0,0.33,50,6,462.0,0,1
OHE Mast,Poor,High,Operational,Critical,Condition Monitoring,Low,Traction Distribution,Bihar: Patna-Gaya,90.0,0.33,50,6,462.0,1,1
OHE Mast,Poor,High,Operational,Critical,Condition Monitoring,Low,Traction Distribution,Bihar: Patna-Gaya,90.0,0.33,50,6,462.0,2,0
Traction Substation,Critical,High,Under Observation,Critical,Corrective Maintenance,Medium,Traction Distribution,Bihar: Patna-Gaya,36.0,0.34,171,37,489.0,0,0
Traction Substation,Critical,High,Under Observation,Critical,Corrective Maintenance,Medium,Traction Distribution,Bihar: Patna-Gaya,36.0,0.34,171,37,489.0,1,0
Traction Substation,Critical,High,Under Observation,Critical,Corrective Maintenance,Medium,Traction Distribution,Bihar: Patna-Gaya,36.0,0.34,171,37,489.0,2,1
Traction Substation,Critical,High,Under Observation,Medium,Inspection,High,Traction Distribution,Bihar: Patna-Gaya,53.0,0.35,171,37,516.0,0,1
Traction Substation,Critical,High,Under Observation,Medium,Inspection,High,Traction Distribution,Bihar: Patna-Gaya,53.0,0.35,171,37,516.0,1,1
Traction Substation,Critical,High,Under Observation,Medium,Inspection,High,Traction Distribution,Bihar: Patna-Gaya,53.0,0.35,171,37,516.0,2,1
Signal,Good,Critical,Maintenance In Progress,Medium,Preventive Maintenance,Low,Signal & Telecommunication,Bihar: Patna-Gaya,70.0,0.36,139,69,543.0,0,0
Signal,Good,Critical,Maintenance In Progress,Medium,Preventive Maintenance,Low,Signal & Telecommunication,Bihar: Patna-Gaya,70.0,0.36,139,69,543.0,1,1
Signal,Good,Critical,Maintenance In Progress,Medium,Preventive Maintenance,Low,Signal & Telecommunication,Bihar: Patna-Gaya,70.0,0.36,139,69,543.0,2,0
Signal,Good,Critical,Maintenance In Progress,Critical,Condition Monitoring,Medium,Signal & Telecommunication,Bihar: Patna-Gaya,87.0,0.37,139,69,570.0,0,0
Signal,Good,Critical,Maintenance In Progress,Critical,Condition Monitoring,Medium,Signal & Telecommunication,Bihar: Patna-Gaya,87.0,0.37,139,69,570.0,1,0
Signal,Good,Critical,Maintenance In Progress,Critical,Condition Monitoring,Medium,Signal & Telecommunication,Bihar: Patna-Gaya,87.0,0.37,139,69,570.0,2,0
Axle Counter,Fair,Medium,Operational,Critical,Corrective Maintenance,High,Signal & Telecommunication,Bihar: Patna-Gaya,104.0,0.38,108,9,597.0,0,1
Axle Counter,Fair,Medium,Operational,Critical,Corrective Maintenance,High,Signal & Telecommunication,Bihar: Patna-Gaya,104.0,0.38,108,9,597.0,1,1
Axle Counter,Fair,Medium,Operational,Critical,Corrective Maintenance,High,Signal & Telecommunication,Bihar: Patna-Gaya,104.0,0.38,108,9,597.0,2,0
Axle Counter,Fair,Medium,Operational,Medium,Inspection,Low,Signal & Telecommunication,Bihar: Patna-Gaya,50.0,0.39,108,9,624.0,0,1
Axle Counter,Fair,Medium,Operational,Medium,Inspection,Low,Signal & Telecommunication,Bihar: Patna-Gaya,50.0,0.39,108,9,624.0,1,0
Axle Counter,Fair,Medium,Operational,Medium,Inspection,Low,Signal & Telecommunication,Bihar: Patna-Gaya,50.0,0.39,108,9,624.0,2,0
Track,Poor,High,Operational,Medium,Preventive Maintenance,Medium,Engineering,Bihar: Patna-Gaya,67.0,0.4,76,40,651.0,0,1
Track,Poor,High,Operational,Medium,Preventive Maintenance,Medium,Engineering,Bihar: Patna-Gaya,67.0,0.4,76,40,651.0,1,1
Track,Poor,High,Operational,Medium,Preventive Maintenance,Medium,Engineering,Bihar: Patna-Gaya,67.0,0.4,76,40,651.0,2,1
Track,Poor,High,Operational,Critical,Condition Monitoring,High,Engineering,Bihar: Patna-Gaya,84.0,0.41,76,40,342.0,0,1
Track,Poor,High,Operational,Critical,Condition Monitoring,High,Engineering,Bihar: Patna-Gaya,84.0,0.41,76,40,342.0,1,1
Track,Poor,High,Operational,Critical,Condition Monitoring,High,Engineering,Bihar: Patna-Gaya,84.0,0.41,76,40,342.0,2,1
Turnout,Critical,High,Under Observation,Critical,Corrective Maintenance,Low,Engineering,Bihar: Patna-Gaya,101.0,0.42,45,72,369.0,0,1
Turnout,Critical,High,Under Observation,Critical,Corrective Maintenance,Low,Engineering,Bihar: Patna-Gaya,101.0,0.42,45,72,369.0,1,1
Turnout,Critical,High,Under Observation,Critical,Corrective Maintenance,Low,Engineering,Bihar: Patna-Gaya,101.0,0.42,45,72,369.0,2,0
Turnout,Critical,High,Under Observation,Medium,Inspection,Medium,Engineering,Bihar: Patna-Gaya,47.0,0.43,45,72,396.0,0,0
Turnout,Critical,High,Under Observation,Medium,Inspection,Medium,Engineering,Bihar: Patna-Gaya,47.0,0.43,45,72,396.0,1,1
Turnout,Critical,High,Under Observation,Medium,Inspection,Medium,Engineering,Bihar: Patna-Gaya,47.0,0.43,45,72,396.0,2,1
OHE Mast,Good,Critical,Maintenance In Progress,Medium,Preventive Maintenance,High,Traction Distribution,Bihar: Patna-Gaya,64.0,0.44,166,12,423.0,0,1
OHE Mast,Good,Critical,Maintenance In Progress,Medium,Preventive Maintenance,High,Traction Distribution,Bihar: Patna-Gaya,64.0,0.44,166,12,423.0,1,0
OHE Mast,Good,Critical,Maintenance In Progress,Medium,Preventive Maintenance,High,Traction Distribution,Bihar: Patna-Gaya,64.0,0.44,166,12,423.0,2,0
OHE Mast,Good,Critical,Maintenance In Progress,Critical,Condition Monitoring,Low,Traction Distribution,Bihar: Patna-Gaya,81.0,0.45,166,12,450.0,0,1
OHE Mast,Good,Critical,Maintenance In Progress,Critical,Condition Monitoring,Low,Traction Distribution,Bihar: Patna-Gaya,81.0,0.45,166,12,450.0,1,0
OHE Mast,Good,Critical,Maintenance In Progress,Critical,Condition Monitoring,Low,Traction Distribution,Bihar: Patna-Gaya,81.0,0.45,166,12,450.0,2,1
Traction Substation,Fair,Medium,Operational,Critical,Corrective Maintenance,Medium,Traction Distribution,Bihar: Patna-Gaya,98.0,0.46,134,43,477.0,0,0
Traction Substation,Fair,Medium,Operational,Critical,Corrective Maintenance,Medium,Traction Distribution,Bihar: Patna-Gaya,98.0,0.46,134,43,477.0,1,0
Traction Substation,Fair,Medium,Operational,Critical,Corrective Maintenance,Medium,Traction Distribution,Bihar: Patna-Gaya,98.0,0.46,134,43,477.0,2,1
Traction Substation,Fair,Medium,Operational,Medium,Inspection,High,Traction Distribution,Bihar: Patna-Gaya,44.0,0.47,134,43,504.0,0,0
Traction Substation,Fair,Medium,Operational,Medium,Inspection,High,Traction Distribution,Bihar: Patna-Gaya,44.0,0.47,134,43,504.0,1,1
Traction Substation,Fair,Medium,Operational,Medium,Inspection,High,Traction Distribution,Bihar: Patna-Gaya,44.0,0.47,134,43,504.0,2,1
Signal,Poor,High,Operational,Medium,Preventive Maintenance,Low,Signal & Telecommunication,Bihar: Patna-Gaya,61.0,0.48,103,75,531.0,0,0
Signal,Poor,High,Operational,Medium,Preventive Maintenance,Low,Signal & Telecommunication,Bihar: Patna-Gaya,61.0,0.48,103,75,531.0,1,0
Signal,Poor,High,Operational,Medium,Preventive Maintenance,Low,Signal & Telecommunication,Bihar: Patna-Gaya,61.0,0.48,103,75,531.0,2,1
Signal,Poor,High,Operational,Critical,Condition Monitoring,Medium,Signal & Telecommunication,Bihar: Patna-Gaya,78.0,0.49,103,75,558.0,0,1
Signal,Poor,High,Operational,Critical,Condition Monitoring,Medium,Signal & Telecommunication,Bihar: Patna-Gaya,78.0,0.49,103,75,558.0,1,1
Signal,Poor,High,Operational,Critical,Condition Monitoring,Medium,Signal & Telecommunication,Bihar: Patna-Gaya,78.0,0.49,103,75,558.0,2,1
Axle Counter,Critical,High,Under Observation,Critical,Corrective Maintenance,High,Signal & Telecommunication,Bihar: Patna-Gaya,95.0,0.5,71,15,585.0,0,1
Axle Counter,Critical,High,Under Observation,Critical,Corrective Maintenance,High,Signal & Telecommunication,Bihar: Patna-Gaya,95.0,0.5,71,15,585.0,1,1
Axle Counter,Critical,High,Under Observation,Critical,Corrective Maintenance,High,Signal & Telecommunication,Bihar: Patna-Gaya,95.0,0.5,71,15,585.0,2,1
Axle Counter,Critical,High,Under Observation,Medium,Inspection,Low,Signal & Telecommunication,Bihar: Patna-Gaya,41.0,0.51,71,15,612.0,0,0
Axle Counter,Critical,High,Under Observation,Medium,Inspection,Low,Signal & Telecommunication,Bihar: Patna-Gaya,41.0,0.51,71,15,612.0,1,0
Axle Counter,Critical,High,Under Observation,Medium,Inspection,Low,Signal & Telecommunication,Bihar: Patna-Gaya,41.0,0.51,71,15,612.0,2,1
Track,Good,Critical,Maintenance In Progress,Medium,Preventive Maintenance,Medium,Engineering,Bihar: Patna-Gaya,58.0,0.52,40,46,639.0,0,0
Track,Good,Critical,Maintenance In Progress,Medium,Preventive Maintenance,Medium,Engineering,Bihar: Patna-Gaya,58.0,0.52,40,46,639.0,1,0
Track,Good,Critical,Maintenance In Progress,Medium,Preventive Maintenance,Medium,Engineering,Bihar: Patna-Gaya,58.0,0.52,40,46,639.0,2,0
Track,Good,Critical,Maintenance In Progress,Critical,Condition Monitoring,High,Engineering,Bihar: Patna-Gaya,75.0,0.53,40,46,666.0,0,1
Track,Good,Critical,Maintenance In Progress,Critical,Condition Monitoring,High,Engineering,Bihar: Patna-Gaya,75.0,0.53,40,46,666.0,1,1
Track,Good,Critical,Maintenance In Progress,Critical,Condition Monitoring,High,Engineering,Bihar: Patna-Gaya,75.0,0.53,40,46,666.0,2,0
Turnout,Fair,Medium,Operational,Critical,Corrective Maintenance,Low,Engineering,Bihar: Patna-Gaya,92.0,0.54,161,78,693.0,0,0
Turnout,Fair,Medium,Operational,Critical,Corrective Maintenance,Low,Engineering,Bihar: Patna-Gaya,92.0,0.54,161,78,693.0,1,0
Turnout,Fair,Medium,Operational,Critical,Corrective Maintenance,Low,Engineering,Bihar: Patna-Gaya,92.0,0.54,161,78,693.0,2,0
Turnout,Fair,Medium,Operational,Medium,Inspection,Medium,Engineering,Bihar: Patna-Gaya,38.0,0.55,161,78,384.0,0,0
Turnout,Fair,Medium,Operational,Medium,Inspection,Medium,Engineering,Bihar: Patna-Gaya,38.0,0.55,161,78,384.0,1,0
Turnout,Fair,Medium,Operational,Medium,Inspection,Medium,Engineering,Bihar: Patna-Gaya,38.0,0.55,161,78,384.0,2,0
OHE Mast,Poor,High,Operational,Medium,Preventive Maintenance,High,Traction Distribution,Bihar: Patna-Gaya,55.0,0.56,129,18,411.0,0,1
OHE Mast,Poor,High,Operational,Medium,Preventive Maintenance,High,Traction Distribution,Bihar: Patna-Gaya,55.0,0.56,129,18,411.0,1,1
OHE Mast,Poor,High,Operational,Medium,Preventive Maintenance,High,Traction Distribution,Bihar: Patna-Gaya,55.0,0.56,129,18,411.0,2,0
OHE Mast,Poor,High,Operational,Critical,Condition Monitoring,Low,Traction Distribution,Bihar: Patna-Gaya,72.0,0.57,129,18,438.0,0,0
OHE Mast,Poor,High,Operational,Critical,Condition Monitoring,Low,Traction Distribution,Bihar: Patna-Gaya,72.0,0.57,129,18,438.0,1,0
OHE Mast,Poor,High,Operational,Critical,Condition Monitoring,Low,Traction Distribution,Bihar: Patna-Gaya,72.0,0.57,129,18,438.0,2,0
Traction Substation,Critical,High,Under Observation,Critical,Corrective Maintenance,Medium,Traction Distribution,Bihar: Patna-Gaya,89.0,0.58,98,49,465.0,0,1
Traction Substation,Critical,High,Under Observation,Critical,Corrective Maintenance,Medium,Traction Distribution,Bihar: Patna-Gaya,89.0,0.58,98,49,465.0,1,1
Traction Substation,Critical,High,Under Observation,Critical,Corrective Maintenance,Medium,Traction Distribution,Bihar: Patna-Gaya,89.0,0.58,98,49,465.0,2,1
Traction Substation,Critical,High,Under Observation,Medium,Inspection,High,Traction Distribution,Bihar: Patna-Gaya,35.0,0.59,98,49,492.0,0,1
Traction Substation,Critical,High,Under Observation,Medium,Inspection,High,Traction Distribution,Bihar: Patna-Gaya,35.0,0.59,98,49,492.0,1,1
Traction Substation,Critical,High,Under Observation,Medium,Inspection,High,Traction Distribution,Bihar: Patna-Gaya,35.0,0.59,98,49,492.0,2,1
Signal,Good,Critical,Maintenance In Progress,Medium,Preventive Maintenance,Low,Signal & Telecommunication,Bihar: Patna-Gaya,52.0,0.6,66,81,519.0,0,1
Signal,Good,Critical,Maintenance In Progress,Medium,Preventive Maintenance,Low,Signal & Telecommunication,Bihar: Patna-Gaya,52.0,0.6,66,81,519.0,1,0
Signal,Good,Critical,Maintenance In Progress,Medium,Preventive Maintenance,Low,Signal & Telecommunication,Bihar: Patna-Gaya,52.0,0.6,66,81,519.0,2,1
Signal,Good,Critical,Maintenance In Progress,Critical,Condition Monitoring,Medium,Signal & Telecommunication,Bihar: Patna-Gaya,69.0,0.61,66,81,546.0,0,1
Signal,Good,Critical,Maintenance In Progress,Critical,Condition Monitoring,Medium,Signal & Telecommunication,Bihar: Patna-Gaya,69.0,0.61,66,81,546.0,1,1
Signal,Good,Critical,Maintenance In Progress,Critical,Condition Monitoring,Medium,Signal & Telecommunication,Bihar: Patna-Gaya,69.0,0.61,66,81,546.0,2,1
Axle Counter,Fair,Medium,Operational,Critical,Corrective Maintenance,High,Signal & Telecommunication,Bihar: Patna-Gaya,86.0,0.62,59,21,573.0,0,0
Axle Counter,Fair,Medium,Operational,Critical,Corrective Maintenance,High,Signal & Telecommunication,Bihar: Patna-Gaya,86.0,0.62,59,21,573.0,1,0
Axle Counter,Fair,Medium,Operational,Critical,Corrective Maintenance,High,Signal & Telecommunication,Bihar: Patna-Gaya,86.0,0.62,59,21,573.0,2,0
Axle Counter,Fair,Medium,Operational,Medium,Inspection,Low,Signal & Telecommunication,Bihar: Patna-Gaya,103.0,0.63,59,21,600.0,0,0
Axle Counter,Fair,Medium,Operational,Medium,Inspection,Low,Signal & Telecommunication,Bihar: Patna-Gaya,103.0,0.63,59,21,600.0,1,0
Axle Counter,Fair,Medium,Operational,Medium,Inspection,Low,Signal & Telecommunication,Bihar: Patna-Gaya,103.0,0.63,59,21,600.0,2,0
Track,Poor,High,Operational,Medium,Preventive Maintenance,Medium,Engineering,Chhattisgarh: Raipur-Bilaspur,49.0,0.64,180,52,627.0,0,0
Track,Poor,High,Operational,Medium,Preventive Maintenance,Medium,Engineering,Chhattisgarh: Raipur-Bilaspur,49.0,0.64,180,52,627.0,1,0
Track,Poor,High,Operational,Medium,Preventive Maintenance,Medium,Engineering,Chhattisgarh: Raipur-Bilaspur,49.0,0.64,180,52,627.0,2,0
Track,Poor,High,Operational,Critical,Condition Monitoring,High,Engineering,Chhattisgarh: Raipur-Bilaspur,66.0,0.65,180,52,654.0,0,1
Track,Poor,High,Operational,Critical,Condition Monitoring,High,Engineering,Chhattisgarh: Raipur-Bilaspur,66.0,0.65,180,52,654.0,1,0
Track,Poor,High,Operational,Critical,Condition Monitoring,High,Engineering,Chhattisgarh: Raipur-Bilaspur,66.0,0.65,180,52,654.0,2,1
Turnout,Critical,High,Under Observation,Critical,Corrective Maintenance,Low,Engineering,Chhattisgarh: Raipur-Bilaspur,83.0,0.66,148,84,681.0,0,1
Turnout,Critical,High,Under Observation,Critical,Corrective Maintenance,Low,Engineering,Chhattisgarh: Raipur-Bilaspur,83.0,0.66,148,84,681.0,1,1
Turnout,Critical,High,Under Observation,Critical,Corrective Maintenance,Low,Engineering,Chhattisgarh: Raipur-Bilaspur,83.0,0.66,148,84,681.0,2,0
Turnout,Critical,High,Under Observation,Medium,Inspection,Medium,Engineering,Chhattisgarh: Raipur-Bilaspur,100.0,0.67,148,84,708.0,0,0
Turnout,Critical,High,Under Observation,Medium,Inspection,Medium,Engineering,Chhattisgarh: Raipur-Bilaspur,100.0,0.67,148,84,708.0,1,1
Turnout,Critical,High,Under Observation,Medium,Inspection,Medium,Engineering,Chhattisgarh: Raipur-Bilaspur,100.0,0.67,148,84,708.0,2,1
OHE Mast,Good,Critical,Maintenance In Progress,Medium,Preventive Maintenance,High,Traction Distribution,Chhattisgarh: Raipur-Bilaspur,46.0,0.68,117,24,735.0,0,0
OHE Mast,Good,Critical,Maintenance In Progress,Medium,Preventive Maintenance,High,Traction Distribution,Chhattisgarh: Raipur-Bilaspur,46.0,0.68,117,24,735.0,1,1
OHE Mast,Good,Critical,Maintenance In Progress,Medium,Preventive Maintenance,High,Traction Distribution,Chhattisgarh: Raipur-Bilaspur,46.0,0.68,117,24,735.0,2,1
OHE Mast,Good,Critical,Maintenance In Progress,Critical,Condition Monitoring,Low,Traction Distribution,Chhattisgarh: Raipur-Bilaspur,63.0,0.69,117,24,426.0,0,0
OHE Mast,Good,Critical,Maintenance In Progress,Critical,Condition Monitoring,Low,Traction Distribution,Chhattisgarh: Raipur-Bilaspur,63.0,0.69,117,24,426.0,1,0
OHE Mast,Good,Critical,Maintenance In Progress,Critical,Condition Monitoring,Low,Traction Distribution,Chhattisgarh: Raipur-Bilaspur,63.0,0.69,117,24,426.0,2,0
Traction Substation,Fair,Medium,Operational,Critical,Corrective Maintenance,Medium,Traction Distribution,Chhattisgarh: Raipur-Bilaspur,80.0,0.7,85,55,453.0,0,1
Traction Substation,Fair,Medium,Operational,Critical,Corrective Maintenance,Medium,Traction Distribution,Chhattisgarh: Raipur-Bilaspur,80.0,0.7,85,55,453.0,1,1
Traction Substation,Fair,Medium,Operational,Critical,Corrective Maintenance,Medium,Traction Distribution,Chhattisgarh: Raipur-Bilaspur,80.0,0.7,85,55,453.0,2,0
Traction Substation,Fair,Medium,Operational,Medium,Inspection,High,Traction Distribution,Chhattisgarh: Raipur-Bilaspur,97.0,0.71,85,55,480.0,0,1
Traction Substation,Fair,Medium,Operational,Medium,Inspection,High,Traction Distribution,Chhattisgarh: Raipur-Bilaspur,97.0,0.71,85,55,480.0,1,0
Traction Substation,Fair,Medium,Operational,Medium,Inspection,High,Traction Distribution,Chhattisgarh: Raipur-Bilaspur,97.0,0.71,85,55,480.0,2,0
Signal,Poor,High,Operational,Medium,Preventive Maintenance,Low,Signal & Telecommunication,Chhattisgarh: Raipur-Bilaspur,43.0,0.72,54,87,507.0,0,1
Signal,Poor,High,Operational,Medium,Preventive Maintenance,Low,Signal & Telecommunication,Chhattisgarh: Raipur-Bilaspur,43.0,0.72,54,87,507.0,1,0
Signal,Poor,High,Operational,Medium,Preventive Maintenance,Low,Signal & Telecommunication,Chhattisgarh: Raipur-Bilaspur,43.0,0.72,54,87,507.0,2,0
Signal,Poor,High,Operational,Critical,Condition Monitoring,Medium,Signal & Telecommunication,Chhattisgarh: Raipur-Bilaspur,60.0,0.73,54,87,534.0,0,0
Signal,Poor,High,Operational,Critical,Condition Monitoring,Medium,Signal & Telecommunication,Chhattisgarh: Raipur-Bilaspur,60.0,0.73,54,87,534.0,1,1
Signal,Poor,High,Operational,Critical,Condition Monitoring,Medium,Signal & Telecommunication,Chhattisgarh: Raipur-Bilaspur,60.0,0.73,54,87,534.0,2,0
Axle Counter,Critical,High,Under Observation,Critical,Corrective Maintenance,High,Signal & Telecommunication,Chhattisgarh: Raipur-Bilaspur,77.0,0.74,175,2,561.0,0,1
Axle Counter,Critical,High,Under Observation,Critical,Corrective Maintenance,High,Signal & Telecommunication,Chhattisgarh: Raipur-Bilaspur,77.0,0.74,175,2,561.0,1,1
Axle Counter,Critical,High,Under Observation,Critical,Corrective Maintenance,High,Signal & Telecommunication,Chhattisgarh: Raipur-Bilaspur,77.0,0.74,175,2,561.0,2,1
Axle Counter,Critical,High,Under Observation,Medium,Inspection,Low,Signal & Telecommunication,Chhattisgarh: Raipur-Bilaspur,94.0,0.75,175,2,588.0,0,0
Axle Counter,Critical,High,Under Observation,Medium,Inspection,Low,Signal & Telecommunication,Chhattisgarh: Raipur-Bilaspur,94.0,0.75,175,2,588.0,1,0
Axle Counter,Critical,High,Under Observation,Medium,Inspection,Low,Signal & Telecommunication,Chhattisgarh: Raipur-Bilaspur,94.0,0.75,175,2,588.0,2,1
Track,Good,Critical,Maintenance In Progress,Medium,Preventive Maintenance,Medium,Engineering,Chhattisgarh: Raipur-Bilaspur,40.0,0.76,143,33,615.0,0,0
Track,Good,Critical,Maintenance In Progress,Medium,Preventive Maintenance,Medium,Engineering,Chhattisgarh: Raipur-Bilaspur,40.0,0.76,143,33,615.0,1,1
Track,Good,Critical,Maintenance In Progress,Medium,Preventive Maintenance,Medium,Engineering,Chhattisgarh: Raipur-Bilaspur,40.0,0.76,143,33,615.0,2,0
Track,Good,Critical,Maintenance In Progress,Critical,Condition Monitoring,High,Engineering,Chhattisgarh: Raipur-Bilaspur,57.0,0.77,143,33,642.0,0,0
Track,Good,Critical,Maintenance In Progress,Critical,Condition Monitoring,High,Engineering,Chhattisgarh: Raipur-Bilaspur,57.0,0.77,143,33,642.0,1,1
Track,Good,Critical,Maintenance In Progress,Critical,Condition Monitoring,High,Engineering,Chhattisgarh: Raipur-Bilaspur,57.0,0.77,143,33,642.0,2,1
Turnout,Fair,Medium,Operational,Critical,Corrective Maintenance,Low,Engineering,Chhattisgarh: Raipur-Bilaspur,74.0,0.78,112,65,669.0,0,0
Turnout,Fair,Medium,Operational,Critical,Corrective Maintenance,Low,Engineering,Chhattisgarh: Raipur-Bilaspur,74.0,0.78,112,65,669.0,1,1
Turnout,Fair,Medium,Operational,Critical,Corrective Maintenance,Low,Engineering,Chhattisgarh: Raipur-Bilaspur,74.0,0.78,112,65,669.0,2,1
Turnout,Fair,Medium,Operational,Medium,Inspection,Medium,Engineering,Chhattisgarh: Raipur-Bilaspur,91.0,0.79,112,65,696.0,0,0
Turnout,Fair,Medium,Operational,Medium,Inspection,Medium,Engineering,Chhattisgarh: Raipur-Bilaspur,91.0,0.79,112,65,696.0,1,0
Turnout,Fair,Medium,Operational,Medium,Inspection,Medium,Engineering,Chhattisgarh: Raipur-Bilaspur,91.0,0.79,112,65,696.0,2,0
OHE Mast,Poor,High,Operational,Medium,Preventive Maintenance,High,Traction Distribution,Chhattisgarh: Raipur-Bilaspur,37.0,0.8,80,5,723.0,0,0
OHE Mast,Poor,High,Operational,Medium,Preventive Maintenance,High,Traction Distribution,Chhattisgarh: Raipur-Bilaspur,37.0,0.8,80,5,723.0,1,0
OHE Mast,Poor,High,Operational,Medium,Preventive Maintenance,High,Traction Distribution,Chhattisgarh: Raipur-Bilaspur,37.0,0.8,80,5,723.0,2,0
OHE Mast,Poor,High,Operational,Critical,Condition Monitoring,Low,Traction Distribution,Chhattisgarh: Raipur-Bilaspur,54.0,0.81,80,5,750.0,0,1
OHE Mast,Poor,High,Operational,Critical,Condition Monitoring,Low,Traction Distribution,Chhattisgarh: Raipur-Bilaspur,54.0,0.81,80,5,750.0,1,0
OHE Mast,Poor,High,Operational,Critical,Condition Monitoring,Low,Traction Distribution,Chhattisgarh: Raipur-Bilaspur,54.0,0.81,80,5,750.0,2,0
Traction Substation,Critical,High,Under Observation,Critical,Corrective Maintenance,Medium,Traction Distribution,Chhattisgarh: Raipur-Bilaspur,71.0,0.82,49,36,777.0,0,1
Traction Substation,Critical,High,Under Observation,Critical,Corrective Maintenance,Medium,Traction Distribution,Chhattisgarh: Raipur-Bilaspur,71.0,0.82,49,36,777.0,1,1
Traction Substation,Critical,High,Under Observation,Critical,Corrective Maintenance,Medium,Traction Distribution,Chhattisgarh: Raipur-Bilaspur,71.0,0.82,49,36,777.0,2,1
Traction Substation,Critical,High,Under Observation,Medium,Inspection,High,Traction Distribution,Chhattisgarh: Raipur-Bilaspur,88.0,0.83,49,36,468.0,0,1
Traction Substation,Critical,High,Under Observation,Medium,Inspection,High,Traction Distribution,Chhattisgarh: Raipur-Bilaspur,88.0,0.83,49,36,468.0,1,0
Traction Substation,Critical,High,Under Observation,Medium,Inspection,High,Traction Distribution,Chhattisgarh: Raipur-Bilaspur,88.0,0.83,49,36,468.0,2,1
Signal,Good,Critical,Maintenance In Progress,Medium,Preventive Maintenance,Low,Signal & Telecommunication,Chhattisgarh: Raipur-Bilaspur,105.0,0.84,170,68,495.0,0,1
Signal,Good,Critical,Maintenance In Progress,Medium,Preventive Maintenance,Low,Signal & Telecommunication,Chhattisgarh: Raipur-Bilaspur,105.0,0.84,170,68,495.0,1,0
Signal,Good,Critical,Maintenance In Progress,Medium,Preventive Maintenance,Low,Signal & Telecommunication,Chhattisgarh: Raipur-Bilaspur,105.0,0.84,170,68,495.0,2,1
Signal,Good,Critical,Maintenance In Progress,Critical,Condition Monitoring,Medium,Signal & Telecommunication,Chhattisgarh: Raipur-Bilaspur,51.0,0.85,170,68,522.0,0,0
Signal,Good,Critical,Maintenance In Progress,Critical,Condition Monitoring,Medium,Signal & Telecommunication,Chhattisgarh: Raipur-Bilaspur,51.0,0.85,170,68,522.0,1,0
Signal,Good,Critical,Maintenance In Progress,Critical,Condition Monitoring,Medium,Signal & Telecommunication,Chhattisgarh: Raipur-Bilaspur,51.0,0.85,170,68,522.0,2,0
Axle Counter,Fair,Medium,Operational,Critical,Corrective Maintenance,High,Signal & Telecommunication,Chhattisgarh: Raipur-Bilaspur,68.0,0.86,138,8,549.0,0,0
Axle Counter,Fair,Medium,Operational,Critical,Corrective Maintenance,High,Signal & Telecommunication,Chhattisgarh: Raipur-Bilaspur,68.0,0.86,138,8,549.0,1,1
Axle Counter,Fair,Medium,Operational,Critical,Corrective Maintenance,High,Signal & Telecommunication,Chhattisgarh: Raipur-Bilaspur,68.0,0.86,138,8,549.0,2,1
Axle Counter,Fair,Medium,Operational,Medium,Inspection,Low,Signal & Telecommunication,Chhattisgarh: Raipur-Bilaspur,85.0,0.87,138,8,576.0,0,0
Axle Counter,Fair,Medium,Operational,Medium,Inspection,Low,Signal & Telecommunication,Chhattisgarh: Raipur-Bilaspur,85.0,0.87,138,8,576.0,1,0
Axle Counter,Fair,Medium,Operational,Medium,Inspection,Low,Signal & Telecommunication,Chhattisgarh: Raipur-Bilaspur,85.0,0.87,138,8,576.0,2,0
Track,Poor,High,Operational,Medium,Preventive Maintenance,Medium,Engineering,Chhattisgarh: Raipur-Bilaspur,102.0,0.88,107,39,603.0,0,1
Track,Poor,High,Operational,Medium,Preventive Maintenance,Medium,Engineering,Chhattisgarh: Raipur-Bilaspur,102.0,0.88,107,39,603.0,1,1
Track,Poor,High,Operational,Medium,Preventive Maintenance,Medium,Engineering,Chhattisgarh: Raipur-Bilaspur,102.0,0.88,107,39,603.0,2,0
Track,Poor,High,Operational,Critical,Condition Monitoring,High,Engineering,Chhattisgarh: Raipur-Bilaspur,48.0,0.89,107,39,630.0,0,1
Track,Poor,High,Operational,Critical,Condition Monitoring,High,Engineering,Chhattisgarh: Raipur-Bilaspur,48.0,0.89,107,39,630.0,1,1
Track,Poor,High,Operational,Critical,Condition Monitoring,High,Engineering,Chhattisgarh: Raipur-Bilaspur,48.0,0.89,107,39,630.0,2,1
Turnout,Critical,High,Under Observation,Critical,Corrective Maintenance,Low,Engineering,Chhattisgarh: Raipur-Bilaspur,65.0,0.9,75,71,657.0,0,1
Turnout,Critical,High,Under Observation,Critical,Corrective Maintenance,Low,Engineering,Chhattisgarh: Raipur-Bilaspur,65.0,0.9,75,71,657.0,1,0
Turnout,Critical,High,Under Observation,Critical,Corrective Maintenance,Low,Engineering,Chhattisgarh: Raipur-Bilaspur,65.0,0.9,75,71,657.0,2,1
Turnout,Critical,High,Under Observation,Medium,Inspection,Medium,Engineering,Chhattisgarh: Raipur-Bilaspur,82.0,0.12,75,71,684.0,0,1
Turnout,Critical,High,Under Observation,Medium,Inspection,Medium,Engineering,Chhattisgarh: Raipur-Bilaspur,82.0,0.12,75,71,684.0,1,0
Turnout,Critical,High,Under Observation,Medium,Inspection,Medium,Engineering,Chhattisgarh: Raipur-Bilaspur,82.0,0.12,75,71,684.0,2,1
OHE Mast,Good,Critical,Maintenance In Progress,Medium,Preventive Maintenance,High,Traction Distribution,Chhattisgarh: Raipur-Bilaspur,99.0,0.13,44,11,711.0,0,0
OHE Mast,Good,Critical,Maintenance In Progress,Medium,Preventive Maintenance,High,Traction Distribution,Chhattisgarh: Raipur-Bilaspur,99.0,0.13,44,11,711.0,1,0
OHE Mast,Good,Critical,Maintenance In Progress,Medium,Preventive Maintenance,High,Traction Distribution,Chhattisgarh: Raipur-Bilaspur,99.0,0.13,44,11,711.0,2,1
OHE Mast,Good,Critical,Maintenance In Progress,Critical,Condition Monitoring,Low,Traction Distribution,Chhattisgarh: Raipur-Bilaspur,45.0,0.14,44,11,738.0,0,0
OHE Mast,Good,Critical,Maintenance In Progress,Critical,Condition Monitoring,Low,Traction Distribution,Chhattisgarh: Raipur-Bilaspur,45.0,0.14,44,11,738.0,1,1
OHE Mast,Good,Critical,Maintenance In Progress,Critical,Condition Monitoring,Low,Traction Distribution,Chhattisgarh: Raipur-Bilaspur,45.0,0.14,44,11,738.0,2,1
Traction Substation,Fair,Medium,Operational,Critical,Corrective Maintenance,Medium,Traction Distribution,Chhattisgarh: Raipur-Bilaspur,62.0,0.15,165,42,765.0,0,1
Traction Substation,Fair,Medium,Operational,Critical,Corrective Maintenance,Medium,Traction Distribution,Chhattisgarh: Raipur-Bilaspur,62.0,0.15,165,42,765.0,1,0
Traction Substation,Fair,Medium,Operational,Critical,Corrective Maintenance,Medium,Traction Distribution,Chhattisgarh: Raipur-Bilaspur,62.0,0.15,165,42,765.0,2,1
Traction Substation,Fair,Medium,Operational,Medium,Inspection,High,Traction Distribution,Chhattisgarh: Raipur-Bilaspur,79.0,0.16,165,42,792.0,0,0
Traction Substation,Fair,Medium,Operational,Medium,Inspection,High,Traction Distribution,Chhattisgarh: Raipur-Bilaspur,79.0,0.16,165,42,792.0,1,1
Traction Substation,Fair,Medium,Operational,Medium,Inspection,High,Traction Distribution,Chhattisgarh: Raipur-Bilaspur,79.0,0.16,165,42,792.0,2,1
Signal,Poor,High,Operational,Medium,Preventive Maintenance,Low,Signal & Telecommunication,Chhattisgarh: Raipur-Bilaspur,96.0,0.17,133,74,819.0,0,0
Signal,Poor,High,Operational,Medium,Preventive Maintenance,Low,Signal & Telecommunication,Chhattisgarh: Raipur-Bilaspur,96.0,0.17,133,74,819.0,1,0
Signal,Poor,High,Operational,Medium,Preventive Maintenance,Low,Signal & Telecommunication,Chhattisgarh: Raipur-Bilaspur,96.0,0.17,133,74,819.0,2,1
Signal,Poor,High,Operational,Critical,Condition Monitoring,Medium,Signal & Telecommunication,Chhattisgarh: Raipur-Bilaspur,42.0,0.18,133,74,510.0,0,0
Signal,Poor,High,Operational,Critical,Condition Monitoring,Medium,Signal & Telecommunication,Chhattisgarh: Raipur-Bilaspur,42.0,0.18,133,74,510.0,1,1
Signal,Poor,High,Operational,Critical,Condition Monitoring,Medium,Signal & Telecommunication,Chhattisgarh: Raipur-Bilaspur,42.0,0.18,133,74,510.0,2,0
Axle Counter,Critical,High,Under Observation,Critical,Corrective Maintenance,High,Signal & Telecommunication,Chhattisgarh: Raipur-Bilaspur,59.0,0.19,102,14,537.0,0,1
Axle Counter,Critical,High,Under Observation,Critical,Corrective Maintenance,High,Signal & Telecommunication,Chhattisgarh: Raipur-Bilaspur,59.0,0.19,102,14,537.0,1,1
Axle Counter,Critical,High,Under Observation,Critical,Corrective Maintenance,High,Signal & Telecommunication,Chhattisgarh: Raipur-Bilaspur,59.0,0.19,102,14,537.0,2,0
Axle Counter,Critical,High,Under Observation,Medium,Inspection,Low,Signal & Telecommunication,Chhattisgarh: Raipur-Bilaspur,76.0,0.2,102,14,564.0,0,0
Axle Counter,Critical,High,Under Observation,Medium,Inspection,Low,Signal & Telecommunication,Chhattisgarh: Raipur-Bilaspur,76.0,0.2,102,14,564.0,1,1
Axle Counter,Critical,High,Under Observation,Medium,Inspection,Low,Signal & Telecommunication,Chhattisgarh: Raipur-Bilaspur,76.0,0.2,102,14,564.0,2,0
Track,Good,Critical,Maintenance In Progress,Medium,Preventive Maintenance,Medium,Engineering,Chhattisgarh: Raipur-Bilaspur,93.0,0.21,70,45,591.0,0,0
Track,Good,Critical,Maintenance In Progress,Medium,Preventive Maintenance,Medium,Engineering,Chhattisgarh: Raipur-Bilaspur,93.0,0.21,70,45,591.0,1,0
Track,Good,Critical,Maintenance In Progress,Medium,Preventive Maintenance,Medium,Engineering,Chhattisgarh: Raipur-Bilaspur,93.0,0.21,70,45,591.0,2,0
Track,Good,Critical,Maintenance In Progress,Critical,Condition Monitoring,High,Engineering,Chhattisgarh: Raipur-Bilaspur,39.0,0.22,70,45,618.0,0,1
Track,Good,Critical,Maintenance In Progress,Critical,Condition Monitoring,High,Engineering,Chhattisgarh: Raipur-Bilaspur,39.0,0.22,70,45,618.0,1,0
Track,Good,Critical,Maintenance In Progress,Critical,Condition Monitoring,High,Engineering,Chhattisgarh: Raipur-Bilaspur,39.0,0.22,70,45,618.0,2,0
Turnout,Fair,Medium,Operational,Critical,Corrective Maintenance,Low,Engineering,Chhattisgarh: Raipur-Bilaspur,56.0,0.23,39,77,645.0,0,1
Turnout,Fair,Medium,Operational,Critical,Corrective Maintenance,Low,Engineering,Chhattisgarh: Raipur-Bilaspur,56.0,0.23,39,77,645.0,1,0
Turnout,Fair,Medium,Operational,Critical,Corrective Maintenance,Low,Engineering,Chhattisgarh: Raipur-Bilaspur,56.0,0.23,39,77,645.0,2,0
Turnout,Fair,Medium,Operational,Medium,Inspection,Medium,Engineering,Chhattisgarh: Raipur-Bilaspur,73.0,0.24,39,77,672.0,0,1
Turnout,Fair,Medium,Operational,Medium,Inspection,Medium,Engineering,Chhattisgarh: Raipur-Bilaspur,73.0,0.24,39,77,672.0,1,0
Turnout,Fair,Medium,Operational,Medium,Inspection,Medium,Engineering,Chhattisgarh: Raipur-Bilaspur,73.0,0.24,39,77,672.0,2,0
OHE Mast,Poor,High,Operational,Medium,Preventive Maintenance,High,Traction Distribution,Chhattisgarh: Raipur-Bilaspur,90.0,0.25,160,17,699.0,0,1
OHE Mast,Poor,High,Operational,Medium,Preventive Maintenance,High,Traction Distribution,Chhattisgarh: Raipur-Bilaspur,90.0,0.25,160,17,699.0,1,1
OHE Mast,Poor,High,Operational,Medium,Preventive Maintenance,High,Traction Distribution,Chhattisgarh: Raipur-Bilaspur,90.0,0.25,160,17,699.0,2,0
OHE Mast,Poor,High,Operational,Critical,Condition Monitoring,Low,Traction Distribution,Chhattisgarh: Raipur-Bilaspur,36.0,0.26,160,17,726.0,0,0
OHE Mast,Poor,High,Operational,Critical,Condition Monitoring,Low,Traction Distribution,Chhattisgarh: Raipur-Bilaspur,36.0,0.26,160,17,726.0,1,1
OHE Mast,Poor,High,Operational,Critical,Condition Monitoring,Low,Traction Distribution,Chhattisgarh: Raipur-Bilaspur,36.0,0.26,160,17,726.0,2,1
Traction Substation,Critical,High,Under Observation,Critical,Corrective Maintenance,Medium,Traction Distribution,Chhattisgarh: Raipur-Bilaspur,53.0,0.27,128,48,753.0,0,1
Traction Substation,Critical,High,Under Observation,Critical,Corrective Maintenance,Medium,Traction Distribution,Chhattisgarh: Raipur-Bilaspur,53.0,0.27,128,48,753.0,1,1
Traction Substation,Critical,High,Under Observation,Critical,Corrective Maintenance,Medium,Traction Distribution,Chhattisgarh: Raipur-Bilaspur,53.0,0.27,128,48,753.0,2,1
Traction Substation,Critical,High,Under Observation,Medium,Inspection,High,Traction Distribution,Chhattisgarh: Raipur-Bilaspur,70.0,0.28,128,48,780.0,0,1
Traction Substation,Critical,High,Under Observation,Medium,Inspection,High,Traction Distribution,Chhattisgarh: Raipur-Bilaspur,70.0,0.28,128,48,780.0,1,1
Traction Substation,Critical,High,Under Observation,Medium,Inspection,High,Traction Distribution,Chhattisgarh: Raipur-Bilaspur,70.0,0.28,128,48,780.0,2,1
Signal,Good,Critical,Maintenance In Progress,Medium,Preventive Maintenance,Low,Signal & Telecommunication,Chhattisgarh: Raipur-Bilaspur,87.0,0.29,97,80,807.0,0,1
Signal,Good,Critical,Maintenance In Progress,Medium,Preventive Maintenance,Low,Signal & Telecommunication,Chhattisgarh: Raipur-Bilaspur,87.0,0.29,97,80,807.0,1,0
Signal,Good,Critical,Maintenance In Progress,Medium,Preventive Maintenance,Low,Signal & Telecommunication,Chhattisgarh: Raipur-Bilaspur,87.0,0.29,97,80,807.0,2,0
Signal,Good,Critical,Maintenance In Progress,Critical,Condition Monitoring,Medium,Signal & Telecommunication,Chhattisgarh: Raipur-Bilaspur,104.0,0.3,97,80,834.0,0,1
Signal,Good,Critical,Maintenance In Progress,Critical,Condition Monitoring,Medium,Signal & Telecommunication,Chhattisgarh: Raipur-Bilaspur,104.0,0.3,97,80,834.0,1,1
Signal,Good,Critical,Maintenance In Progress,Critical,Condition Monitoring,Medium,Signal & Telecommunication,Chhattisgarh: Raipur-Bilaspur,104.0,0.3,97,80,834.0,2,1
Axle Counter,Fair,Medium,Operational,Critical,Corrective Maintenance,High,Signal & Telecommunication,Chhattisgarh: Raipur-Bilaspur,50.0,0.31,89,20,861.0,0,1
Axle Counter,Fair,Medium,Operational,Critical,Corrective Maintenance,High,Signal & Telecommunication,Chhattisgarh: Raipur-Bilaspur,50.0,0.31,89,20,861.0,1,0
Axle Counter,Fair,Medium,Operational,Critical,Corrective Maintenance,High,Signal & Telecommunication,Chhattisgarh: Raipur-Bilaspur,50.0,0.31,89,20,861.0,2,0
Axle Counter,Fair,Medium,Operational,Medium,Inspection,Low,Signal & Telecommunication,Chhattisgarh: Raipur-Bilaspur,67.0,0.32,89,20,48.0,0,0
Axle Counter,Fair,Medium,Operational,Medium,Inspection,Low,Signal & Telecommunication,Chhattisgarh: Raipur-Bilaspur,67.0,0.32,89,20,48.0,1,0
Axle Counter,Fair,Medium,Operational,Medium,Inspection,Low,Signal & Telecommunication,Chhattisgarh: Raipur-Bilaspur,67.0,0.32,89,20,48.0,2,0
Track,Poor,High,Operational,Medium,Preventive Maintenance,Medium,Engineering,Chhattisgarh: Raipur-Bilaspur,84.0,0.33,58,51,75.0,0,0
Track,Poor,High,Operational,Medium,Preventive Maintenance,Medium,Engineering,Chhattisgarh: Raipur-Bilaspur,84.0,0.33,58,51,75.0,1,1
Track,Poor,High,Operational,Medium,Preventive Maintenance,Medium,Engineering,Chhattisgarh: Raipur-Bilaspur,84.0,0.33,58,51,75.0,2,1
Track,Poor,High,Operational,Critical,Condition Monitoring,High,Engineering,Chhattisgarh: Raipur-Bilaspur,101.0,0.34,58,51,102.0,0,1
Track,Poor,High,Operational,Critical,Condition Monitoring,High,Engineering,Chhattisgarh: Raipur-Bilaspur,101.0,0.34,58,51,102.0,1,1
Track,Poor,High,Operational,Critical,Condition Monitoring,High,Engineering,Chhattisgarh: Raipur-Bilaspur,101.0,0.34,58,51,102.0,2,1
Turnout,Critical,High,Under Observation,Critical,Corrective Maintenance,Low,Engineering,Chhattisgarh: Raipur-Bilaspur,47.0,0.35,179,83,129.0,0,0
Turnout,Critical,High,Under Observation,Critical,Corrective Maintenance,Low,Engineering,Chhattisgarh: Raipur-Bilaspur,47.0,0.35,179,83,129.0,1,1
Turnout,Critical,High,Under Observation,Critical,Corrective Maintenance,Low,Engineering,Chhattisgarh: Raipur-Bilaspur,47.0,0.35,179,83,129.0,2,1
Turnout,Critical,High,Under Observation,Medium,Inspection,Medium,Engineering,Chhattisgarh: Raipur-Bilaspur,64.0,0.36,179,83,156.0,0,0
Turnout,Critical,High,Under Observation,Medium,Inspection,Medium,Engineering,Chhattisgarh: Raipur-Bilaspur,64.0,0.36,179,83,156.0,1,0
Turnout,Critical,High,Under Observation,Medium,Inspection,Medium,Engineering,Chhattisgarh: Raipur-Bilaspur,64.0,0.36,179,83,156.0,2,1
OHE Mast,Good,Critical,Maintenance In Progress,Medium,Preventive Maintenance,High,Traction Distribution,Chhattisgarh: Raipur-Bilaspur,81.0,0.37,147,23,183.0,0,0
OHE Mast,Good,Critical,Maintenance In Progress,Medium,Preventive Maintenance,High,Traction Distribution,Chhattisgarh: Raipur-Bilaspur,81.0,0.37,147,23,183.0,1,1
OHE Mast,Good,Critical,Maintenance In Progress,Medium,Preventive Maintenance,High,Traction Distribution,Chhattisgarh: Raipur-Bilaspur,81.0,0.37,147,23,183.0,2,0
OHE Mast,Good,Critical,Maintenance In Progress,Critical,Condition Monitoring,Low,Traction Distribution,Chhattisgarh: Raipur-Bilaspur,98.0,0.38,147,23,210.0,0,1
OHE Mast,Good,Critical,Maintenance In Progress,Critical,Condition Monitoring,Low,Traction Distribution,Chhattisgarh: Raipur-Bilaspur,98.0,0.38,147,23,210.0,1,1
OHE Mast,Good,Critical,Maintenance In Progress,Critical,Condition Monitoring,Low,Traction Distribution,Chhattisgarh: Raipur-Bilaspur,98.0,0.38,147,23,210.0,2,1
Traction Substation,Fair,Medium,Operational,Critical,Corrective Maintenance,Medium,Traction Distribution,Chhattisgarh: Raipur-Bilaspur,44.0,0.39,116,54,237.0,0,0
Traction Substation,Fair,Medium,Operational,Critical,Corrective Maintenance,Medium,Traction Distribution,Chhattisgarh: Raipur-Bilaspur,44.0,0.39,116,54,237.0,1,0
Traction Substation,Fair,Medium,Operational,Critical,Corrective Maintenance,Medium,Traction Distribution,Chhattisgarh: Raipur-Bilaspur,44.0,0.39,116,54,237.0,2,1
Traction Substation,Fair,Medium,Operational,Medium,Inspection,High,Traction Distribution,Chhattisgarh: Raipur-Bilaspur,61.0,0.4,116,54,264.0,0,1
Traction Substation,Fair,Medium,Operational,Medium,Inspection,High,Traction Distribution,Chhattisgarh: Raipur-Bilaspur,61.0,0.4,116,54,264.0,1,0
Traction Substation,Fair,Medium,Operational,Medium,Inspection,High,Traction Distribution,Chhattisgarh: Raipur-Bilaspur,61.0,0.4,116,54,264.0,2,0
Signal,Poor,High,Operational,Medium,Preventive Maintenance,Low,Signal & Telecommunication,Chhattisgarh: Raipur-Bilaspur,78.0,0.41,84,86,291.0,0,1
Signal,Poor,High,Operational,Medium,Preventive Maintenance,Low,Signal & Telecommunication,Chhattisgarh: Raipur-Bilaspur,78.0,0.41,84,86,291.0,1,1
Signal,Poor,High,Operational,Medium,Preventive Maintenance,Low,Signal & Telecommunication,Chhattisgarh: Raipur-Bilaspur,78.0,0.41,84,86,291.0,2,1
Signal,Poor,High,Operational,Critical,Condition Monitoring,Medium,Signal & Telecommunication,Chhattisgarh: Raipur-Bilaspur,95.0,0.42,84,86,318.0,0,1
Signal,Poor,High,Operational,Critical,Condition Monitoring,Medium,Signal & Telecommunication,Chhattisgarh: Raipur-Bilaspur,95.0,0.42,84,86,318.0,1,0
Signal,Poor,High,Operational,Critical,Condition Monitoring,Medium,Signal & Telecommunication,Chhattisgarh: Raipur-Bilaspur,95.0,0.42,84,86,318.0,2,1
Axle Counter,Critical,High,Under Observation,Critical,Corrective Maintenance,High,Signal & Telecommunication,Chhattisgarh: Raipur-Bilaspur,41.0,0.43,53,26,345.0,0,1
Axle Counter,Critical,High,Under Observation,Critical,Corrective Maintenance,High,Signal & Telecommunication,Chhattisgarh: Raipur-Bilaspur,41.0,0.43,53,26,345.0,1,1
Axle Counter,Critical,High,Under Observation,Critical,Corrective Maintenance,High,Signal & Telecommunication,Chhattisgarh: Raipur-Bilaspur,41.0,0.43,53,26,345.0,2,1
Axle Counter,Critical,High,Under Observation,Medium,Inspection,Low,Signal & Telecommunication,Chhattisgarh: Raipur-Bilaspur,58.0,0.44,53,26,372.0,0,1
Axle Counter,Critical,High,Under Observation,Medium,Inspection,Low,Signal & Telecommunication,Chhattisgarh: Raipur-Bilaspur,58.0,0.44,53,26,372.0,1,1
Axle Counter,Critical,High,Under Observation,Medium,Inspection,Low,Signal & Telecommunication,Chhattisgarh: Raipur-Bilaspur,58.0,0.44,53,26,372.0,2,1
Track,Good,Critical,Maintenance In Progress,Medium,Preventive Maintenance,Medium,Engineering,Chhattisgarh: Raipur-Bilaspur,75.0,0.45,174,32,399.0,0,0
Track,Good,Critical,Maintenance In Progress,Medium,Preventive Maintenance,Medium,Engineering,Chhattisgarh: Raipur-Bilaspur,75.0,0.45,174,32,399.0,1,0
Track,Good,Critical,Maintenance In Progress,Medium,Preventive Maintenance,Medium,Engineering,Chhattisgarh: Raipur-Bilaspur,75.0,0.45,174,32,399.0,2,0
Track,Good,Critical,Maintenance In Progress,Critical,Condition Monitoring,High,Engineering,Chhattisgarh: Raipur-Bilaspur,92.0,0.46,174,32,90.0,0,1
Track,Good,Critical,Maintenance In Progress,Critical,Condition Monitoring,High,Engineering,Chhattisgarh: Raipur-Bilaspur,92.0,0.46,174,32,90.0,1,1
Track,Good,Critical,Maintenance In Progress,Critical,Condition Monitoring,High,Engineering,Chhattisgarh: Raipur-Bilaspur,92.0,0.46,174,32,90.0,2,1
Turnout,Fair,Medium,Operational,Critical,Corrective Maintenance,Low,Engineering,Chhattisgarh: Raipur-Bilaspur,38.0,0.47,142,64,117.0,0,0
Turnout,Fair,Medium,Operational,Critical,Corrective Maintenance,Low,Engineering,Chhattisgarh: Raipur-Bilaspur,38.0,0.47,142,64,117.0,1,1
Turnout,Fair,Medium,Operational,Critical,Corrective Maintenance,Low,Engineering,Chhattisgarh: Raipur-Bilaspur,38.0,0.47,142,64,117.0,2,0
Turnout,Fair,Medium,Operational,Medium,Inspection,Medium,Engineering,Chhattisgarh: Raipur-Bilaspur,55.0,0.48,142,64,144.0,0,0
Turnout,Fair,Medium,Operational,Medium,Inspection,Medium,Engineering,Chhattisgarh: Raipur-Bilaspur,55.0,0.48,142,64,144.0,1,0
Turnout,Fair,Medium,Operational,Medium,Inspection,Medium,Engineering,Chhattisgarh: Raipur-Bilaspur,55.0,0.48,142,64,144.0,2,0
OHE Mast,Poor,High,Operational,Medium,Preventive Maintenance,High,Traction Distribution,Chhattisgarh: Raipur-Bilaspur,72.0,0.49,111,4,171.0,0,1
OHE Mast,Poor,High,Operational,Medium,Preventive Maintenance,High,Traction Distribution,Chhattisgarh: Raipur-Bilaspur,72.0,0.49,111,4,171.0,1,1
OHE Mast,Poor,High,Operational,Medium,Preventive Maintenance,High,Traction Distribution,Chhattisgarh: Raipur-Bilaspur,72.0,0.49,111,4,171.0,2,1
OHE Mast,Poor,High,Operational,Critical,Condition Monitoring,Low,Traction Distribution,Chhattisgarh: Raipur-Bilaspur,89.0,0.5,111,4,198.0,0,1
OHE Mast,Poor,High,Operational,Critical,Condition Monitoring,Low,Traction Distribution,Chhattisgarh: Raipur-Bilaspur,89.0,0.5,111,4,198.0,1,1
OHE Mast,Poor,High,Operational,Critical,Condition Monitoring,Low,Traction Distribution,Chhattisgarh: Raipur-Bilaspur,89.0,0.5,111,4,198.0,2,1
Traction Substation,Critical,High,Under Observation,Critical,Corrective Maintenance,Medium,Traction Distribution,Chhattisgarh: Raipur-Bilaspur,35.0,0.51,79,35,225.0,0,1
Traction Substation,Critical,High,Under Observation,Critical,Corrective Maintenance,Medium,Traction Distribution,Chhattisgarh: Raipur-Bilaspur,35.0,0.51,79,35,225.0,1,1
Traction Substation,Critical,High,Under Observation,Critical,Corrective Maintenance,Medium,Traction Distribution,Chhattisgarh: Raipur-Bilaspur,35.0,0.51,79,35,225.0,2,1
Traction Substation,Critical,High,Under Observation,Medium,Inspection,High,Traction Distribution,Chhattisgarh: Raipur-Bilaspur,52.0,0.52,79,35,252.0,0,0
Traction Substation,Critical,High,Under Observation,Medium,Inspection,High,Traction Distribution,Chhattisgarh: Raipur-Bilaspur,52.0,0.52,79,35,252.0,1,1
Traction Substation,Critical,High,Under Observation,Medium,Inspection,High,Traction Distribution,Chhattisgarh: Raipur-Bilaspur,52.0,0.52,79,35,252.0,2,1
Signal,Good,Critical,Maintenance In Progress,Medium,Preventive Maintenance,Low,Signal & Telecommunication,Chhattisgarh: Raipur-Bilaspur,69.0,0.53,48,67,279.0,0,0
Signal,Good,Critical,Maintenance In Progress,Medium,Preventive Maintenance,Low,Signal & Telecommunication,Chhattisgarh: Raipur-Bilaspur,69.0,0.53,48,67,279.0,1,0
Signal,Good,Critical,Maintenance In Progress,Medium,Preventive Maintenance,Low,Signal & Telecommunication,Chhattisgarh: Raipur-Bilaspur,69.0,0.53,48,67,279.0,2,0
Signal,Good,Critical,Maintenance In Progress,Critical,Condition Monitoring,Medium,Signal & Telecommunication,Chhattisgarh: Raipur-Bilaspur,86.0,0.54,48,67,306.0,0,0
Signal,Good,Critical,Maintenance In Progress,Critical,Condition Monitoring,Medium,Signal & Telecommunication,Chhattisgarh: Raipur-Bilaspur,86.0,0.54,48,67,306.0,1,0
Signal,Good,Critical,Maintenance In Progress,Critical,Condition Monitoring,Medium,Signal & Telecommunication,Chhattisgarh: Raipur-Bilaspur,86.0,0.54,48,67,306.0,2,0
Axle Counter,Fair,Medium,Operational,Critical,Corrective Maintenance,High,Signal & Telecommunication,Chhattisgarh: Raipur-Bilaspur,103.0,0.55,169,7,333.0,0,0
Axle Counter,Fair,Medium,Operational,Critical,Corrective Maintenance,High,Signal & Telecommunication,Chhattisgarh: Raipur-Bilaspur,103.0,0.55,169,7,333.0,1,1
Axle Counter,Fair,Medium,Operational,Critical,Corrective Maintenance,High,Signal & Telecommunication,Chhattisgarh: Raipur-Bilaspur,103.0,0.55,169,7,333.0,2,1
Axle Counter,Fair,Medium,Operational,Medium,Inspection,Low,Signal & Telecommunication,Chhattisgarh: Raipur-Bilaspur,49.0,0.56,169,7,360.0,0,0
Axle Counter,Fair,Medium,Operational,Medium,Inspection,Low,Signal & Telecommunication,Chhattisgarh: Raipur-Bilaspur,49.0,0.56,169,7,360.0,1,0
Axle Counter,Fair,Medium,Operational,Medium,Inspection,Low,Signal & Telecommunication,Chhattisgarh: Raipur-Bilaspur,49.0,0.56,169,7,360.0,2,0
Track,Poor,High,Operational,Medium,Preventive Maintenance,Medium,Engineering,Goa: Madgaon-Vasco,66.0,0.57,137,38,387.0,0,1
Track,Poor,High,Operational,Medium,Preventive Maintenance,Medium,Engineering,Goa: Madgaon-Vasco,66.0,0.57,137,38,387.0,1,1
Track,Poor,High,Operational,Medium,Preventive Maintenance,Medium,Engineering,Goa: Madgaon-Vasco,66.0,0.57,137,38,387.0,2,0
Track,Poor,High,Operational,Critical,Condition Monitoring,High,Engineering,Goa: Madgaon-Vasco,83.0,0.58,137,38,414.0,0,1
Track,Poor,High,Operational,Critical,Condition Monitoring,High,Engineering,Goa: Madgaon-Vasco,83.0,0.58,137,38,414.0,1,1
Track,Poor,High,Operational,Critical,Condition Monitoring,High,Engineering,Goa: Madgaon-Vasco,83.0,0.58,137,38,414.0,2,0
Turnout,Critical,High,Under Observation,Critical,Corrective Maintenance,Low,Engineering,Goa: Madgaon-Vasco,100.0,0.59,106,70,441.0,0,1
Turnout,Critical,High,Under Observation,Critical,Corrective Maintenance,Low,Engineering,Goa: Madgaon-Vasco,100.0,0.59,106,70,441.0,1,1
Turnout,Critical,High,Under Observation,Critical,Corrective Maintenance,Low,Engineering,Goa: Madgaon-Vasco,100.0,0.59,106,70,441.0,2,1
Turnout,Critical,High,Under Observation,Medium,Inspection,Medium,Engineering,Goa: Madgaon-Vasco,46.0,0.6,106,70,132.0,0,0
Turnout,Critical,High,Under Observation,Medium,Inspection,Medium,Engineering,Goa: Madgaon-Vasco,46.0,0.6,106,70,132.0,1,1
Turnout,Critical,High,Under Observation,Medium,Inspection,Medium,Engineering,Goa: Madgaon-Vasco,46.0,0.6,106,70,132.0,2,1
OHE Mast,Good,Critical,Maintenance In Progress,Medium,Preventive Maintenance,High,Traction Distribution,Goa: Madgaon-Vasco,63.0,0.61,74,10,159.0,0,1
OHE Mast,Good,Critical,Maintenance In Progress,Medium,Preventive Maintenance,High,Traction Distribution,Goa: Madgaon-Vasco,63.0,0.61,74,10,159.0,1,1
OHE Mast,Good,Critical,Maintenance In Progress,Medium,Preventive Maintenance,High,Traction Distribution,Goa: Madgaon-Vasco,63.0,0.61,74,10,159.0,2,1
OHE Mast,Good,Critical,Maintenance In Progress,Critical,Condition Monitoring,Low,Traction Distribution,Goa: Madgaon-Vasco,80.0,0.62,74,10,186.0,0,0
OHE Mast,Good,Critical,Maintenance In Progress,Critical,Condition Monitoring,Low,Traction Distribution,Goa: Madgaon-Vasco,80.0,0.62,74,10,186.0,1,0
OHE Mast,Good,Critical,Maintenance In Progress,Critical,Condition Monitoring,Low,Traction Distribution,Goa: Madgaon-Vasco,80.0,0.62,74,10,186.0,2,1
Traction Substation,Fair,Medium,Operational,Critical,Corrective Maintenance,Medium,Traction Distribution,Goa: Madgaon-Vasco,97.0,0.63,43,41,213.0,0,1
Traction Substation,Fair,Medium,Operational,Critical,Corrective Maintenance,Medium,Traction Distribution,Goa: Madgaon-Vasco,97.0,0.63,43,41,213.0,1,0
Traction Substation,Fair,Medium,Operational,Critical,Corrective Maintenance,Medium,Traction Distribution,Goa: Madgaon-Vasco,97.0,0.63,43,41,213.0,2,0
Traction Substation,Fair,Medium,Operational,Medium,Inspection,High,Traction Distribution,Goa: Madgaon-Vasco,43.0,0.64,43,41,240.0,0,1
Traction Substation,Fair,Medium,Operational,Medium,Inspection,High,Traction Distribution,Goa: Madgaon-Vasco,43.0,0.64,43,41,240.0,1,0
Traction Substation,Fair,Medium,Operational,Medium,Inspection,High,Traction Distribution,Goa: Madgaon-Vasco,43.0,0.64,43,41,240.0,2,0
Signal,Poor,High,Operational,Medium,Preventive Maintenance,Low,Signal & Telecommunication,Goa: Madgaon-Vasco,60.0,0.65,164,73,267.0,0,0
Signal,Poor,High,Operational,Medium,Preventive Maintenance,Low,Signal & Telecommunication,Goa: Madgaon-Vasco,60.0,0.65,164,73,267.0,1,1
Signal,Poor,High,Operational,Medium,Preventive Maintenance,Low,Signal & Telecommunication,Goa: Madgaon-Vasco,60.0,0.65,164,73,267.0,2,0
Signal,Poor,High,Operational,Critical,Condition Monitoring,Medium,Signal & Telecommunication,Goa: Madgaon-Vasco,77.0,0.66,164,73,294.0,0,1
Signal,Poor,High,Operational,Critical,Condition Monitoring,Medium,Signal & Telecommunication,Goa: Madgaon-Vasco,77.0,0.66,164,73,294.0,1,1
Signal,Poor,High,Operational,Critical,Condition Monitoring,Medium,Signal & Telecommunication,Goa: Madgaon-Vasco,77.0,0.66,164,73,294.0,2,0
Axle Counter,Critical,High,Under Observation,Critical,Corrective Maintenance,High,Signal & Telecommunication,Goa: Madgaon-Vasco,94.0,0.67,132,13,321.0,0,1
Axle Counter,Critical,High,Under Observation,Critical,Corrective Maintenance,High,Signal & Telecommunication,Goa: Madgaon-Vasco,94.0,0.67,132,13,321.0,1,1
Axle Counter,Critical,High,Under Observation,Critical,Corrective Maintenance,High,Signal & Telecommunication,Goa: Madgaon-Vasco,94.0,0.67,132,13,321.0,2,1
Axle Counter,Critical,High,Under Observation,Medium,Inspection,Low,Signal & Telecommunication,Goa: Madgaon-Vasco,40.0,0.68,132,13,348.0,0,1
Axle Counter,Critical,High,Under Observation,Medium,Inspection,Low,Signal & Telecommunication,Goa: Madgaon-Vasco,40.0,0.68,132,13,348.0,1,0
Axle Counter,Critical,High,Under Observation,Medium,Inspection,Low,Signal & Telecommunication,Goa: Madgaon-Vasco,40.0,0.68,132,13,348.0,2,1
Track,Good,Critical,Maintenance In Progress,Medium,Preventive Maintenance,Medium,Engineering,Goa: Madgaon-Vasco,57.0,0.69,101,44,375.0,0,1
Track,Good,Critical,Maintenance In Progress,Medium,Preventive Maintenance,Medium,Engineering,Goa: Madgaon-Vasco,57.0,0.69,101,44,375.0,1,0
Track,Good,Critical,Maintenance In Progress,Medium,Preventive Maintenance,Medium,Engineering,Goa: Madgaon-Vasco,57.0,0.69,101,44,375.0,2,0
Track,Good,Critical,Maintenance In Progress,Critical,Condition Monitoring,High,Engineering,Goa: Madgaon-Vasco,74.0,0.7,101,44,402.0,0,1
Track,Good,Critical,Maintenance In Progress,Critical,Condition Monitoring,High,Engineering,Goa: Madgaon-Vasco,74.0,0.7,101,44,402.0,1,0
Track,Good,Critical,Maintenance In Progress,Critical,Condition Monitoring,High,Engineering,Goa: Madgaon-Vasco,74.0,0.7,101,44,402.0,2,0
Turnout,Fair,Medium,Operational,Critical,Corrective Maintenance,Low,Engineering,Goa: Madgaon-Vasco,91.0,0.71,69,76,429.0,0,0
Turnout,Fair,Medium,Operational,Critical,Corrective Maintenance,Low,Engineering,Goa: Madgaon-Vasco,91.0,0.71,69,76,429.0,1,1
Turnout,Fair,Medium,Operational,Critical,Corrective Maintenance,Low,Engineering,Goa: Madgaon-Vasco,91.0,0.71,69,76,429.0,2,1
Turnout,Fair,Medium,Operational,Medium,Inspection,Medium,Engineering,Goa: Madgaon-Vasco,37.0,0.72,69,76,456.0,0,0
Turnout,Fair,Medium,Operational,Medium,Inspection,Medium,Engineering,Goa: Madgaon-Vasco,37.0,0.72,69,76,456.0,1,1
Turnout,Fair,Medium,Operational,Medium,Inspection,Medium,Engineering,Goa: Madgaon-Vasco,37.0,0.72,69,76,456.0,2,0
OHE Mast,Poor,High,Operational,Medium,Preventive Maintenance,High,Traction Distribution,Goa: Madgaon-Vasco,54.0,0.73,38,16,483.0,0,1
OHE Mast,Poor,High,Operational,Medium,Preventive Maintenance,High,Traction Distribution,Goa: Madgaon-Vasco,54.0,0.73,38,16,483.0,1,1
OHE Mast,Poor,High,Operational,Medium,Preventive Maintenance,High,Traction Distribution,Goa: Madgaon-Vasco,54.0,0.73,38,16,483.0,2,0
OHE Mast,Poor,High,Operational,Critical,Condition Monitoring,Low,Traction Distribution,Goa: Madgaon-Vasco,71.0,0.74,38,16,174.0,0,1
OHE Mast,Poor,High,Operational,Critical,Condition Monitoring,Low,Traction Distribution,Goa: Madgaon-Vasco,71.0,0.74,38,16,174.0,1,1
OHE Mast,Poor,High,Operational,Critical,Condition Monitoring,Low,Traction Distribution,Goa: Madgaon-Vasco,71.0,0.74,38,16,174.0,2,1
Traction Substation,Critical,High,Under Observation,Critical,Corrective Maintenance,Medium,Traction Distribution,Goa: Madgaon-Vasco,88.0,0.75,159,47,201.0,0,0
Traction Substation,Critical,High,Under Observation,Critical,Corrective Maintenance,Medium,Traction Distribution,Goa: Madgaon-Vasco,88.0,0.75,159,47,201.0,1,1
Traction Substation,Critical,High,Under Observation,Critical,Corrective Maintenance,Medium,Traction Distribution,Goa: Madgaon-Vasco,88.0,0.75,159,47,201.0,2,1
Traction Substation,Critical,High,Under Observation,Medium,Inspection,High,Traction Distribution,Goa: Madgaon-Vasco,105.0,0.76,159,47,228.0,0,0
Traction Substation,Critical,High,Under Observation,Medium,Inspection,High,Traction Distribution,Goa: Madgaon-Vasco,105.0,0.76,159,47,228.0,1,1
Traction Substation,Critical,High,Under Observation,Medium,Inspection,High,Traction Distribution,Goa: Madgaon-Vasco,105.0,0.76,159,47,228.0,2,1
Signal,Good,Critical,Maintenance In Progress,Medium,Preventive Maintenance,Low,Signal & Telecommunication,Goa: Madgaon-Vasco,51.0,0.77,127,79,255.0,0,1
Signal,Good,Critical,Maintenance In Progress,Medium,Preventive Maintenance,Low,Signal & Telecommunication,Goa: Madgaon-Vasco,51.0,0.77,127,79,255.0,1,0
Signal,Good,Critical,Maintenance In Progress,Medium,Preventive Maintenance,Low,Signal & Telecommunication,Goa: Madgaon-Vasco,51.0,0.77,127,79,255.0,2,1
Signal,Good,Critical,Maintenance In Progress,Critical,Condition Monitoring,Medium,Signal & Telecommunication,Goa: Madgaon-Vasco,68.0,0.78,127,79,282.0,0,0
Signal,Good,Critical,Maintenance In Progress,Critical,Condition Monitoring,Medium,Signal & Telecommunication,Goa: Madgaon-Vasco,68.0,0.78,127,79,282.0,1,0
Signal,Good,Critical,Maintenance In Progress,Critical,Condition Monitoring,Medium,Signal & Telecommunication,Goa: Madgaon-Vasco,68.0,0.78,127,79,282.0,2,0
Axle Counter,Fair,Medium,Operational,Critical,Corrective Maintenance,High,Signal & Telecommunication,Goa: Madgaon-Vasco,85.0,0.79,120,19,309.0,0,0
Axle Counter,Fair,Medium,Operational,Critical,Corrective Maintenance,High,Signal & Telecommunication,Goa: Madgaon-Vasco,85.0,0.79,120,19,309.0,1,1
Axle Counter,Fair,Medium,Operational,Critical,Corrective Maintenance,High,Signal & Telecommunication,Goa: Madgaon-Vasco,85.0,0.79,120,19,309.0,2,0
Axle Counter,Fair,Medium,Operational,Medium,Inspection,Low,Signal & Telecommunication,Goa: Madgaon-Vasco,102.0,0.8,120,19,336.0,0,0
Axle Counter,Fair,Medium,Operational,Medium,Inspection,Low,Signal & Telecommunication,Goa: Madgaon-Vasco,102.0,0.8,120,19,336.0,1,0
Axle Counter,Fair,Medium,Operational,Medium,Inspection,Low,Signal & Telecommunication,Goa: Madgaon-Vasco,102.0,0.8,120,19,336.0,2,0
Track,Poor,High,Operational,Medium,Preventive Maintenance,Medium,Engineering,Goa: Madgaon-Vasco,48.0,0.81,88,50,363.0,0,0
Track,Poor,High,Operational,Medium,Preventive Maintenance,Medium,Engineering,Goa: Madgaon-Vasco,48.0,0.81,88,50,363.0,1,0
Track,Poor,High,Operational,Medium,Preventive Maintenance,Medium,Engineering,Goa: Madgaon-Vasco,48.0,0.81,88,50,363.0,2,1
Track,Poor,High,Operational,Critical,Condition Monitoring,High,Engineering,Goa: Madgaon-Vasco,65.0,0.82,88,50,390.0,0,0
Track,Poor,High,Operational,Critical,Condition Monitoring,High,Engineering,Goa: Madgaon-Vasco,65.0,0.82,88,50,390.0,1,1
Track,Poor,High,Operational,Critical,Condition Monitoring,High,Engineering,Goa: Madgaon-Vasco,65.0,0.82,88,50,390.0,2,1
Turnout,Critical,High,Under Observation,Critical,Corrective Maintenance,Low,Engineering,Goa: Madgaon-Vasco,82.0,0.83,57,82,417.0,0,1
Turnout,Critical,High,Under Observation,Critical,Corrective Maintenance,Low,Engineering,Goa: Madgaon-Vasco,82.0,0.83,57,82,417.0,1,1
Turnout,Critical,High,Under Observation,Critical,Corrective Maintenance,Low,Engineering,Goa: Madgaon-Vasco,82.0,0.83,57,82,417.0,2,1
Turnout,Critical,High,Under Observation,Medium,Inspection,Medium,Engineering,Goa: Madgaon-Vasco,99.0,0.84,57,82,444.0,0,0
Turnout,Critical,High,Under Observation,Medium,Inspection,Medium,Engineering,Goa: Madgaon-Vasco,99.0,0.84,57,82,444.0,1,0
Turnout,Critical,High,Under Observation,Medium,Inspection,Medium,Engineering,Goa: Madgaon-Vasco,99.0,0.84,57,82,444.0,2,1
OHE Mast,Good,Critical,Maintenance In Progress,Medium,Preventive Maintenance,High,Traction Distribution,Goa: Madgaon-Vasco,45.0,0.85,178,22,471.0,0,0
OHE Mast,Good,Critical,Maintenance In Progress,Medium,Preventive Maintenance,High,Traction Distribution,Goa: Madgaon-Vasco,45.0,0.85,178,22,471.0,1,1
OHE Mast,Good,Critical,Maintenance In Progress,Medium,Preventive Maintenance,High,Traction Distribution,Goa: Madgaon-Vasco,45.0,0.85,178,22,471.0,2,0
OHE Mast,Good,Critical,Maintenance In Progress,Critical,Condition Monitoring,Low,Traction Distribution,Goa: Madgaon-Vasco,62.0,0.86,178,22,498.0,0,0
OHE Mast,Good,Critical,Maintenance In Progress,Critical,Condition Monitoring,Low,Traction Distribution,Goa: Madgaon-Vasco,62.0,0.86,178,22,498.0,1,1
OHE Mast,Good,Critical,Maintenance In Progress,Critical,Condition Monitoring,Low,Traction Distribution,Goa: Madgaon-Vasco,62.0,0.86,178,22,498.0,2,0
Traction Substation,Fair,Medium,Operational,Critical,Corrective Maintenance,Medium,Traction Distribution,Goa: Madgaon-Vasco,79.0,0.87,146,53,525.0,0,0
Traction Substation,Fair,Medium,Operational,Critical,Corrective Maintenance,Medium,Traction Distribution,Goa: Madgaon-Vasco,79.0,0.87,146,53,525.0,1,1
Traction Substation,Fair,Medium,Operational,Critical,Corrective Maintenance,Medium,Traction Distribution,Goa: Madgaon-Vasco,79.0,0.87,146,53,525.0,2,1
Traction Substation,Fair,Medium,Operational,Medium,Inspection,High,Traction Distribution,Goa: Madgaon-Vasco,96.0,0.88,146,53,216.0,0,1
Traction Substation,Fair,Medium,Operational,Medium,Inspection,High,Traction Distribution,Goa: Madgaon-Vasco,96.0,0.88,146,53,216.0,1,1
Traction Substation,Fair,Medium,Operational,Medium,Inspection,High,Traction Distribution,Goa: Madgaon-Vasco,96.0,0.88,146,53,216.0,2,0
Signal,Poor,High,Operational,Medium,Preventive Maintenance,Low,Signal & Telecommunication,Goa: Madgaon-Vasco,42.0,0.89,115,85,243.0,0,1
Signal,Poor,High,Operational,Medium,Preventive Maintenance,Low,Signal & Telecommunication,Goa: Madgaon-Vasco,42.0,0.89,115,85,243.0,1,1
Signal,Poor,High,Operational,Medium,Preventive Maintenance,Low,Signal & Telecommunication,Goa: Madgaon-Vasco,42.0,0.89,115,85,243.0,2,1
Signal,Poor,High,Operational,Critical,Condition Monitoring,Medium,Signal & Telecommunication,Goa: Madgaon-Vasco,59.0,0.9,115,85,270.0,0,0
Signal,Poor,High,Operational,Critical,Condition Monitoring,Medium,Signal & Telecommunication,Goa: Madgaon-Vasco,59.0,0.9,115,85,270.0,1,0
Signal,Poor,High,Operational,Critical,Condition Monitoring,Medium,Signal & Telecommunication,Goa: Madgaon-Vasco,59.0,0.9,115,85,270.0,2,0
Axle Counter,Critical,High,Under Observation,Critical,Corrective Maintenance,High,Signal & Telecommunication,Goa: Madgaon-Vasco,76.0,0.12,83,25,297.0,0,0
Axle Counter,Critical,High,Under Observation,Critical,Corrective Maintenance,High,Signal & Telecommunication,Goa: Madgaon-Vasco,76.0,0.12,83,25,297.0,1,1
Axle Counter,Critical,High,Under Observation,Critical,Corrective Maintenance,High,Signal & Telecommunication,Goa: Madgaon-Vasco,76.0,0.12,83,25,297.0,2,1
Axle Counter,Critical,High,Under Observation,Medium,Inspection,Low,Signal & Telecommunication,Goa: Madgaon-Vasco,93.0,0.13,83,25,324.0,0,1
Axle Counter,Critical,High,Under Observation,Medium,Inspection,Low,Signal & Telecommunication,Goa: Madgaon-Vasco,93.0,0.13,83,25,324.0,1,1
Axle Counter,Critical,High,Under Observation,Medium,Inspection,Low,Signal & Telecommunication,Goa: Madgaon-Vasco,93.0,0.13,83,25,324.0,2,0
Track,Good,Critical,Maintenance In Progress,Medium,Preventive Maintenance,Medium,Engineering,Goa: Madgaon-Vasco,39.0,0.14,52,56,351.0,0,0
Track,Good,Critical,Maintenance In Progress,Medium,Preventive Maintenance,Medium,Engineering,Goa: Madgaon-Vasco,39.0,0.14,52,56,351.0,1,0
Track,Good,Critical,Maintenance In Progress,Medium,Preventive Maintenance,Medium,Engineering,Goa: Madgaon-Vasco,39.0,0.14,52,56,351.0,2,0
Track,Good,Critical,Maintenance In Progress,Critical,Condition Monitoring,High,Engineering,Goa: Madgaon-Vasco,56.0,0.15,52,56,378.0,0,0
Track,Good,Critical,Maintenance In Progress,Critical,Condition Monitoring,High,Engineering,Goa: Madgaon-Vasco,56.0,0.15,52,56,378.0,1,1
Track,Good,Critical,Maintenance In Progress,Critical,Condition Monitoring,High,Engineering,Goa: Madgaon-Vasco,56.0,0.15,52,56,378.0,2,0
Turnout,Fair,Medium,Operational,Critical,Corrective Maintenance,Low,Engineering,Goa: Madgaon-Vasco,73.0,0.16,173,63,405.0,0,0
Turnout,Fair,Medium,Operational,Critical,Corrective Maintenance,Low,Engineering,Goa: Madgaon-Vasco,73.0,0.16,173,63,405.0,1,1
Turnout,Fair,Medium,Operational,Critical,Corrective Maintenance,Low,Engineering,Goa: Madgaon-Vasco,73.0,0.16,173,63,405.0,2,0
Turnout,Fair,Medium,Operational,Medium,Inspection,Medium,Engineering,Goa: Madgaon-Vasco,90.0,0.17,173,63,432.0,0,0
Turnout,Fair,Medium,Operational,Medium,Inspection,Medium,Engineering,Goa: Madgaon-Vasco,90.0,0.17,173,63,432.0,1,0
Turnout,Fair,Medium,Operational,Medium,Inspection,Medium,Engineering,Goa: Madgaon-Vasco,90.0,0.17,173,63,432.0,2,0
OHE Mast,Poor,High,Operational,Medium,Preventive Maintenance,High,Traction Distribution,Goa: Madgaon-Vasco,36.0,0.18,141,3,459.0,0,0
OHE Mast,Poor,High,Operational,Medium,Preventive Maintenance,High,Traction Distribution,Goa: Madgaon-Vasco,36.0,0.18,141,3,459.0,1,1
OHE Mast,Poor,High,Operational,Medium,Preventive Maintenance,High,Traction Distribution,Goa: Madgaon-Vasco,36.0,0.18,141,3,459.0,2,1
OHE Mast,Poor,High,Operational,Critical,Condition Monitoring,Low,Traction Distribution,Goa: Madgaon-Vasco,53.0,0.19,141,3,486.0,0,1
OHE Mast,Poor,High,Operational,Critical,Condition Monitoring,Low,Traction Distribution,Goa: Madgaon-Vasco,53.0,0.19,141,3,486.0,1,1
OHE Mast,Poor,High,Operational,Critical,Condition Monitoring,Low,Traction Distribution,Goa: Madgaon-Vasco,53.0,0.19,141,3,486.0,2,1
Traction Substation,Critical,High,Under Observation,Critical,Corrective Maintenance,Medium,Traction Distribution,Goa: Madgaon-Vasco,70.0,0.2,110,34,513.0,0,1
Traction Substation,Critical,High,Under Observation,Critical,Corrective Maintenance,Medium,Traction Distribution,Goa: Madgaon-Vasco,70.0,0.2,110,34,513.0,1,1
Traction Substation,Critical,High,Under Observation,Critical,Corrective Maintenance,Medium,Traction Distribution,Goa: Madgaon-Vasco,70.0,0.2,110,34,513.0,2,0
Traction Substation,Critical,High,Under Observation,Medium,Inspection,High,Traction Distribution,Goa: Madgaon-Vasco,87.0,0.21,110,34,540.0,0,0
Traction Substation,Critical,High,Under Observation,Medium,Inspection,High,Traction Distribution,Goa: Madgaon-Vasco,87.0,0.21,110,34,540.0,1,1
Traction Substation,Critical,High,Under Observation,Medium,Inspection,High,Traction Distribution,Goa: Madgaon-Vasco,87.0,0.21,110,34,540.0,2,1
Signal,Good,Critical,Maintenance In Progress,Medium,Preventive Maintenance,Low,Signal & Telecommunication,Goa: Madgaon-Vasco,104.0,0.22,78,66,567.0,0,1
Signal,Good,Critical,Maintenance In Progress,Medium,Preventive Maintenance,Low,Signal & Telecommunication,Goa: Madgaon-Vasco,104.0,0.22,78,66,567.0,1,1
Signal,Good,Critical,Maintenance In Progress,Medium,Preventive Maintenance,Low,Signal & Telecommunication,Goa: Madgaon-Vasco,104.0,0.22,78,66,567.0,2,0
Signal,Good,Critical,Maintenance In Progress,Critical,Condition Monitoring,Medium,Signal & Telecommunication,Goa: Madgaon-Vasco,50.0,0.23,78,66,258.0,0,0
Signal,Good,Critical,Maintenance In Progress,Critical,Condition Monitoring,Medium,Signal & Telecommunication,Goa: Madgaon-Vasco,50.0,0.23,78,66,258.0,1,0
Signal,Good,Critical,Maintenance In Progress,Critical,Condition Monitoring,Medium,Signal & Telecommunication,Goa: Madgaon-Vasco,50.0,0.23,78,66,258.0,2,0
Axle Counter,Fair,Medium,Operational,Critical,Corrective Maintenance,High,Signal & Telecommunication,Goa: Madgaon-Vasco,67.0,0.24,47,6,285.0,0,1
Axle Counter,Fair,Medium,Operational,Critical,Corrective Maintenance,High,Signal & Telecommunication,Goa: Madgaon-Vasco,67.0,0.24,47,6,285.0,1,0
Axle Counter,Fair,Medium,Operational,Critical,Corrective Maintenance,High,Signal & Telecommunication,Goa: Madgaon-Vasco,67.0,0.24,47,6,285.0,2,1
Axle Counter,Fair,Medium,Operational,Medium,Inspection,Low,Signal & Telecommunication,Goa: Madgaon-Vasco,84.0,0.25,47,6,312.0,0,0
Axle Counter,Fair,Medium,Operational,Medium,Inspection,Low,Signal & Telecommunication,Goa: Madgaon-Vasco,84.0,0.25,47,6,312.0,1,0
Axle Counter,Fair,Medium,Operational,Medium,Inspection,Low,Signal & Telecommunication,Goa: Madgaon-Vasco,84.0,0.25,47,6,312.0,2,0
Track,Poor,High,Operational,Medium,Preventive Maintenance,Medium,Engineering,Goa: Madgaon-Vasco,101.0,0.26,168,37,339.0,0,1
Track,Poor,High,Operational,Medium,Preventive Maintenance,Medium,Engineering,Goa: Madgaon-Vasco,101.0,0.26,168,37,339.0,1,0
Track,Poor,High,Operational,Medium,Preventive Maintenance,Medium,Engineering,Goa: Madgaon-Vasco,101.0,0.26,168,37,339.0,2,0
Track,Poor,High,Operational,Critical,Condition Monitoring,High,Engineering,Goa: Madgaon-Vasco,47.0,0.27,168,37,366.0,0,1
Track,Poor,High,Operational,Critical,Condition Monitoring,High,Engineering,Goa: Madgaon-Vasco,47.0,0.27,168,37,366.0,1,0
Track,Poor,High,Operational,Critical,Condition Monitoring,High,Engineering,Goa: Madgaon-Vasco,47.0,0.27,168,37,366.0,2,1
Turnout,Critical,High,Under Observation,Critical,Corrective Maintenance,Low,Engineering,Goa: Madgaon-Vasco,64.0,0.28,136,69,393.0,0,1
Turnout,Critical,High,Under Observation,Critical,Corrective Maintenance,Low,Engineering,Goa: Madgaon-Vasco,64.0,0.28,136,69,393.0,1,1
Turnout,Critical,High,Under Observation,Critical,Corrective Maintenance,Low,Engineering,Goa: Madgaon-Vasco,64.0,0.28,136,69,393.0,2,0
Turnout,Critical,High,Under Observation,Medium,Inspection,Medium,Engineering,Goa: Madgaon-Vasco,81.0,0.29,136,69,420.0,0,0
Turnout,Critical,High,Under Observation,Medium,Inspection,Medium,Engineering,Goa: Madgaon-Vasco,81.0,0.29,136,69,420.0,1,1
Turnout,Critical,High,Under Observation,Medium,Inspection,Medium,Engineering,Goa: Madgaon-Vasco,81.0,0.29,136,69,420.0,2,0
OHE Mast,Good,Critical,Maintenance In Progress,Medium,Preventive Maintenance,High,Traction Distribution,Goa: Madgaon-Vasco,98.0,0.3,105,9,447.0,0,0
OHE Mast,Good,Critical,Maintenance In Progress,Medium,Preventive Maintenance,High,Traction Distribution,Goa: Madgaon-Vasco,98.0,0.3,105,9,447.0,1,1
OHE Mast,Good,Critical,Maintenance In Progress,Medium,Preventive Maintenance,High,Traction Distribution,Goa: Madgaon-Vasco,98.0,0.3,105,9,447.0,2,1
OHE Mast,Good,Critical,Maintenance In Progress,Critical,Condition Monitoring,Low,Traction Distribution,Goa: Madgaon-Vasco,44.0,0.31,105,9,474.0,0,1
OHE Mast,Good,Critical,Maintenance In Progress,Critical,Condition Monitoring,Low,Traction Distribution,Goa: Madgaon-Vasco,44.0,0.31,105,9,474.0,1,1
OHE Mast,Good,Critical,Maintenance In Progress,Critical,Condition Monitoring,Low,Traction Distribution,Goa: Madgaon-Vasco,44.0,0.31,105,9,474.0,2,1
Traction Substation,Fair,Medium,Operational,Critical,Corrective Maintenance,Medium,Traction Distribution,Goa: Madgaon-Vasco,61.0,0.32,73,40,501.0,0,0
Traction Substation,Fair,Medium,Operational,Critical,Corrective Maintenance,Medium,Traction Distribution,Goa: Madgaon-Vasco,61.0,0.32,73,40,501.0,1,0
Traction Substation,Fair,Medium,Operational,Critical,Corrective Maintenance,Medium,Traction Distribution,Goa: Madgaon-Vasco,61.0,0.32,73,40,501.0,2,0
Traction Substation,Fair,Medium,Operational,Medium,Inspection,High,Traction Distribution,Goa: Madgaon-Vasco,78.0,0.33,73,40,528.0,0,0
Traction Substation,Fair,Medium,Operational,Medium,Inspection,High,Traction Distribution,Goa: Madgaon-Vasco,78.0,0.33,73,40,528.0,1,0
Traction Substation,Fair,Medium,Operational,Medium,Inspection,High,Traction Distribution,Goa: Madgaon-Vasco,78.0,0.33,73,40,528.0,2,0
Signal,Poor,High,Operational,Medium,Preventive Maintenance,Low,Signal & Telecommunication,Goa: Madgaon-Vasco,95.0,0.34,42,72,555.0,0,0
Signal,Poor,High,Operational,Medium,Preventive Maintenance,Low,Signal & Telecommunication,Goa: Madgaon-Vasco,95.0,0.34,42,72,555.0,1,0
Signal,Poor,High,Operational,Medium,Preventive Maintenance,Low,Signal & Telecommunication,Goa: Madgaon-Vasco,95.0,0.34,42,72,555.0,2,0
Signal,Poor,High,Operational,Critical,Condition Monitoring,Medium,Signal & Telecommunication,Goa: Madgaon-Vasco,41.0,0.35,42,72,582.0,0,1
Signal,Poor,High,Operational,Critical,Condition Monitoring,Medium,Signal & Telecommunication,Goa: Madgaon-Vasco,41.0,0.35,42,72,582.0,1,1
Signal,Poor,High,Operational,Critical,Condition Monitoring,Medium,Signal & Telecommunication,Goa: Madgaon-Vasco,41.0,0.35,42,72,582.0,2,1
Axle Counter,Critical,High,Under Observation,Critical,Corrective Maintenance,High,Signal & Telecommunication,Goa: Madgaon-Vasco,58.0,0.36,163,12,609.0,0,0
Axle Counter,Critical,High,Under Observation,Critical,Corrective Maintenance,High,Signal & Telecommunication,Goa: Madgaon-Vasco,58.0,0.36,163,12,609.0,1,1
Axle Counter,Critical,High,Under Observation,Critical,Corrective Maintenance,High,Signal & Telecommunication,Goa: Madgaon-Vasco,58.0,0.36,163,12,609.0,2,0
Axle Counter,Critical,High,Under Observation,Medium,Inspection,Low,Signal & Telecommunication,Goa: Madgaon-Vasco,75.0,0.37,163,12,300.0,0,0
Axle Counter,Critical,High,Under Observation,Medium,Inspection,Low,Signal & Telecommunication,Goa: Madgaon-Vasco,75.0,0.37,163,12,300.0,1,1
Axle Counter,Critical,High,Under Observation,Medium,Inspection,Low,Signal & Telecommunication,Goa: Madgaon-Vasco,75.0,0.37,163,12,300.0,2,0
Track,Good,Critical,Maintenance In Progress,Medium,Preventive Maintenance,Medium,Engineering,Goa: Madgaon-Vasco,92.0,0.38,131,43,327.0,0,0
Track,Good,Critical,Maintenance In Progress,Medium,Preventive Maintenance,Medium,Engineering,Goa: Madgaon-Vasco,92.0,0.38,131,43,327.0,1,0
Track,Good,Critical,Maintenance In Progress,Medium,Preventive Maintenance,Medium,Engineering,Goa: Madgaon-Vasco,92.0,0.38,131,43,327.0,2,0
Track,Good,Critical,Maintenance In Progress,Critical,Condition Monitoring,High,Engineering,Goa: Madgaon-Vasco,38.0,0.39,131,43,354.0,0,1
Track,Good,Critical,Maintenance In Progress,Critical,Condition Monitoring,High,Engineering,Goa: Madgaon-Vasco,38.0,0.39,131,43,354.0,1,1
Track,Good,Critical,Maintenance In Progress,Critical,Condition Monitoring,High,Engineering,Goa: Madgaon-Vasco,38.0,0.39,131,43,354.0,2,1
Turnout,Fair,Medium,Operational,Critical,Corrective Maintenance,Low,Engineering,Goa: Madgaon-Vasco,55.0,0.4,100,75,381.0,0,0
Turnout,Fair,Medium,Operational,Critical,Corrective Maintenance,Low,Engineering,Goa: Madgaon-Vasco,55.0,0.4,100,75,381.0,1,0
Turnout,Fair,Medium,Operational,Critical,Corrective Maintenance,Low,Engineering,Goa: Madgaon-Vasco,55.0,0.4,100,75,381.0,2,1
Turnout,Fair,Medium,Operational,Medium,Inspection,Medium,Engineering,Goa: Madgaon-Vasco,72.0,0.41,100,75,408.0,0,0
Turnout,Fair,Medium,Operational,Medium,Inspection,Medium,Engineering,Goa: Madgaon-Vasco,72.0,0.41,100,75,408.0,1,1
Turnout,Fair,Medium,Operational,Medium,Inspection,Medium,Engineering,Goa: Madgaon-Vasco,72.0,0.41,100,75,408.0,2,0
OHE Mast,Poor,High,Operational,Medium,Preventive Maintenance,High,Traction Distribution,Goa: Madgaon-Vasco,89.0,0.42,68,15,435.0,0,0
OHE Mast,Poor,High,Operational,Medium,Preventive Maintenance,High,Traction Distribution,Goa: Madgaon-Vasco,89.0,0.42,68,15,435.0,1,0
OHE Mast,Poor,High,Operational,Medium,Preventive Maintenance,High,Traction Distribution,Goa: Madgaon-Vasco,89.0,0.42,68,15,435.0,2,0
OHE Mast,Poor,High,Operational,Critical,Condition Monitoring,Low,Traction Distribution,Goa: Madgaon-Vasco,35.0,0.43,68,15,462.0,0,0
OHE Mast,Poor,High,Operational,Critical,Condition Monitoring,Low,Traction Distribution,Goa: Madgaon-Vasco,35.0,0.43,68,15,462.0,1,0
OHE Mast,Poor,High,Operational,Critical,Condition Monitoring,Low,Traction Distribution,Goa: Madgaon-Vasco,35.0,0.43,68,15,462.0,2,1
Traction Substation,Critical,High,Under Observation,Critical,Corrective Maintenance,Medium,Traction Distribution,Goa: Madgaon-Vasco,52.0,0.44,37,46,489.0,0,1
Traction Substation,Critical,High,Under Observation,Critical,Corrective Maintenance,Medium,Traction Distribution,Goa: Madgaon-Vasco,52.0,0.44,37,46,489.0,1,1
Traction Substation,Critical,High,Under Observation,Critical,Corrective Maintenance,Medium,Traction Distribution,Goa: Madgaon-Vasco,52.0,0.44,37,46,489.0,2,1
Traction Substation,Critical,High,Under Observation,Medium,Inspection,High,Traction Distribution,Goa: Madgaon-Vasco,69.0,0.45,37,46,516.0,0,0
Traction Substation,Critical,High,Under Observation,Medium,Inspection,High,Traction Distribution,Goa: Madgaon-Vasco,69.0,0.45,37,46,516.0,1,1
Traction Substation,Critical,High,Under Observation,Medium,Inspection,High,Traction Distribution,Goa: Madgaon-Vasco,69.0,0.45,37,46,516.0,2,1
Signal,Good,Critical,Maintenance In Progress,Medium,Preventive Maintenance,Low,Signal & Telecommunication,Goa: Madgaon-Vasco,86.0,0.46,158,78,543.0,0,1
Signal,Good,Critical,Maintenance In Progress,Medium,Preventive Maintenance,Low,Signal & Telecommunication,Goa: Madgaon-Vasco,86.0,0.46,158,78,543.0,1,0
Signal,Good,Critical,Maintenance In Progress,Medium,Preventive Maintenance,Low,Signal & Telecommunication,Goa: Madgaon-Vasco,86.0,0.46,158,78,543.0,2,0
Signal,Good,Critical,Maintenance In Progress,Critical,Condition Monitoring,Medium,Signal & Telecommunication,Goa: Madgaon-Vasco,103.0,0.47,158,78,570.0,0,1
Signal,Good,Critical,Maintenance In Progress,Critical,Condition Monitoring,Medium,Signal & Telecommunication,Goa: Madgaon-Vasco,103.0,0.47,158,78,570.0,1,0
Signal,Good,Critical,Maintenance In Progress,Critical,Condition Monitoring,Medium,Signal & Telecommunication,Goa: Madgaon-Vasco,103.0,0.47,158,78,570.0,2,1
Axle Counter,Fair,Medium,Operational,Critical,Corrective Maintenance,High,Signal & Telecommunication,Goa: Madgaon-Vasco,49.0,0.48,150,18,597.0,0,1
Axle Counter,Fair,Medium,Operational,Critical,Corrective Maintenance,High,Signal & Telecommunication,Goa: Madgaon-Vasco,49.0,0.48,150,18,597.0,1,0
Axle Counter,Fair,Medium,Operational,Critical,Corrective Maintenance,High,Signal & Telecommunication,Goa: Madgaon-Vasco,49.0,0.48,150,18,597.0,2,0
Axle Counter,Fair,Medium,Operational,Medium,Inspection,Low,Signal & Telecommunication,Goa: Madgaon-Vasco,66.0,0.49,150,18,624.0,0,0
Axle Counter,Fair,Medium,Operational,Medium,Inspection,Low,Signal & Telecommunication,Goa: Madgaon-Vasco,66.0,0.49,150,18,624.0,1,0
Axle Counter,Fair,Medium,Operational,Medium,Inspection,Low,Signal & Telecommunication,Goa: Madgaon-Vasco,66.0,0.49,150,18,624.0,2,0
Track,Poor,High,Operational,Medium,Preventive Maintenance,Medium,Engineering,Gujarat: Ahmedabad-Vadodara,83.0,0.5,119,49,651.0,0,1
Track,Poor,High,Operational,Medium,Preventive Maintenance,Medium,Engineering,Gujarat: Ahmedabad-Vadodara,83.0,0.5,119,49,651.0,1,0
Track,Poor,High,Operational,Medium,Preventive Maintenance,Medium,Engineering,Gujarat: Ahmedabad-Vadodara,83.0,0.5,119,49,651.0,2,1
Track,Poor,High,Operational,Critical,Condition Monitoring,High,Engineering,Gujarat: Ahmedabad-Vadodara,100.0,0.51,119,49,342.0,0,1
Track,Poor,High,Operational,Critical,Condition Monitoring,High,Engineering,Gujarat: Ahmedabad-Vadodara,100.0,0.51,119,49,342.0,1,1
Track,Poor,High,Operational,Critical,Condition Monitoring,High,Engineering,Gujarat: Ahmedabad-Vadodara,100.0,0.51,119,49,342.0,2,1
Turnout,Critical,High,Under Observation,Critical,Corrective Maintenance,Low,Engineering,Gujarat: Ahmedabad-Vadodara,46.0,0.52,87,81,369.0,0,1
Turnout,Critical,High,Under Observation,Critical,Corrective Maintenance,Low,Engineering,Gujarat: Ahmedabad-Vadodara,46.0,0.52,87,81,369.0,1,1
Turnout,Critical,High,Under Observation,Critical,Corrective Maintenance,Low,Engineering,Gujarat: Ahmedabad-Vadodara,46.0,0.52,87,81,369.0,2,1
Turnout,Critical,High,Under Observation,Medium,Inspection,Medium,Engineering,Gujarat: Ahmedabad-Vadodara,63.0,0.53,87,81,396.0,0,0
Turnout,Critical,High,Under Observation,Medium,Inspection,Medium,Engineering,Gujarat: Ahmedabad-Vadodara,63.0,0.53,87,81,396.0,1,0
Turnout,Critical,High,Under Observation,Medium,Inspection,Medium,Engineering,Gujarat: Ahmedabad-Vadodara,63.0,0.53,87,81,396.0,2,1
OHE Mast,Good,Critical,Maintenance In Progress,Medium,Preventive Maintenance,High,Traction Distribution,Gujarat: Ahmedabad-Vadodara,80.0,0.54,56,21,423.0,0,0
OHE Mast,Good,Critical,Maintenance In Progress,Medium,Preventive Maintenance,High,Traction Distribution,Gujarat: Ahmedabad-Vadodara,80.0,0.54,56,21,423.0,1,1
OHE Mast,Good,Critical,Maintenance In Progress,Medium,Preventive Maintenance,High,Traction Distribution,Gujarat: Ahmedabad-Vadodara,80.0,0.54,56,21,423.0,2,0
OHE Mast,Good,Critical,Maintenance In Progress,Critical,Condition Monitoring,Low,Traction Distribution,Gujarat: Ahmedabad-Vadodara,97.0,0.55,56,21,450.0,0,1
OHE Mast,Good,Critical,Maintenance In Progress,Critical,Condition Monitoring,Low,Traction Distribution,Gujarat: Ahmedabad-Vadodara,97.0,0.55,56,21,450.0,1,0
OHE Mast,Good,Critical,Maintenance In Progress,Critical,Condition Monitoring,Low,Traction Distribution,Gujarat: Ahmedabad-Vadodara,97.0,0.55,56,21,450.0,2,0
Traction Substation,Fair,Medium,Operational,Critical,Corrective Maintenance,Medium,Traction Distribution,Gujarat: Ahmedabad-Vadodara,43.0,0.56,177,52,477.0,0,0
Traction Substation,Fair,Medium,Operational,Critical,Corrective Maintenance,Medium,Traction Distribution,Gujarat: Ahmedabad-Vadodara,43.0,0.56,177,52,477.0,1,0
Traction Substation,Fair,Medium,Operational,Critical,Corrective Maintenance,Medium,Traction Distribution,Gujarat: Ahmedabad-Vadodara,43.0,0.56,177,52,477.0,2,0
Traction Substation,Fair,Medium,Operational,Medium,Inspection,High,Traction Distribution,Gujarat: Ahmedabad-Vadodara,60.0,0.57,177,52,504.0,0,0
Traction Substation,Fair,Medium,Operational,Medium,Inspection,High,Traction Distribution,Gujarat: Ahmedabad-Vadodara,60.0,0.57,177,52,504.0,1,0
Traction Substation,Fair,Medium,Operational,Medium,Inspection,High,Traction Distribution,Gujarat: Ahmedabad-Vadodara,60.0,0.57,177,52,504.0,2,1
Signal,Poor,High,Operational,Medium,Preventive Maintenance,Low,Signal & Telecommunication,Gujarat: Ahmedabad-Vadodara,77.0,0.58,145,84,531.0,0,1
Signal,Poor,High,Operational,Medium,Preventive Maintenance,Low,Signal & Telecommunication,Gujarat: Ahmedabad-Vadodara,77.0,0.58,145,84,531.0,1,0
Signal,Poor,High,Operational,Medium,Preventive Maintenance,Low,Signal & Telecommunication,Gujarat: Ahmedabad-Vadodara,77.0,0.58,145,84,531.0,2,0
Signal,Poor,High,Operational,Critical,Condition Monitoring,Medium,Signal & Telecommunication,Gujarat: Ahmedabad-Vadodara,94.0,0.59,145,84,558.0,0,1
Signal,Poor,High,Operational,Critical,Condition Monitoring,Medium,Signal & Telecommunication,Gujarat: Ahmedabad-Vadodara,94.0,0.59,145,84,558.0,1,1
Signal,Poor,High,Operational,Critical,Condition Monitoring,Medium,Signal & Telecommunication,Gujarat: Ahmedabad-Vadodara,94.0,0.59,145,84,558.0,2,1
Axle Counter,Critical,High,Under Observation,Critical,Corrective Maintenance,High,Signal & Telecommunication,Gujarat: Ahmedabad-Vadodara,40.0,0.6,114,24,585.0,0,1
Axle Counter,Critical,High,Under Observation,Critical,Corrective Maintenance,High,Signal & Telecommunication,Gujarat: Ahmedabad-Vadodara,40.0,0.6,114,24,585.0,1,1
Axle Counter,Critical,High,Under Observation,Critical,Corrective Maintenance,High,Signal & Telecommunication,Gujarat: Ahmedabad-Vadodara,40.0,0.6,114,24,585.0,2,1
Axle Counter,Critical,High,Under Observation,Medium,Inspection,Low,Signal & Telecommunication,Gujarat: Ahmedabad-Vadodara,57.0,0.61,114,24,612.0,0,1
Axle Counter,Critical,High,Under Observation,Medium,Inspection,Low,Signal & Telecommunication,Gujarat: Ahmedabad-Vadodara,57.0,0.61,114,24,612.0,1,0
Axle Counter,Critical,High,Under Observation,Medium,Inspection,Low,Signal & Telecommunication,Gujarat: Ahmedabad-Vadodara,57.0,0.61,114,24,612.0,2,0
Track,Good,Critical,Maintenance In Progress,Medium,Preventive Maintenance,Medium,Engineering,Gujarat: Ahmedabad-Vadodara,74.0,0.62,82,55,639.0,0,0
Track,Good,Critical,Maintenance In Progress,Medium,Preventive Maintenance,Medium,Engineering,Gujarat: Ahmedabad-Vadodara,74.0,0.62,82,55,639.0,1,1
Track,Good,Critical,Maintenance In Progress,Medium,Preventive Maintenance,Medium,Engineering,Gujarat: Ahmedabad-Vadodara,74.0,0.62,82,55,639.0,2,0
Track,Good,Critical,Maintenance In Progress,Critical,Condition Monitoring,High,Engineering,Gujarat: Ahmedabad-Vadodara,91.0,0.63,82,55,666.0,0,1
Track,Good,Critical,Maintenance In Progress,Critical,Condition Monitoring,High,Engineering,Gujarat: Ahmedabad-Vadodara,91.0,0.63,82,55,666.0,1,0
Track,Good,Critical,Maintenance In Progress,Critical,Condition Monitoring,High,Engineering,Gujarat: Ahmedabad-Vadodara,91.0,0.63,82,55,666.0,2,0
Turnout,Fair,Medium,Operational,Critical,Corrective Maintenance,Low,Engineering,Gujarat: Ahmedabad-Vadodara,37.0,0.64,51,87,693.0,0,1
Turnout,Fair,Medium,Operational,Critical,Corrective Maintenance,Low,Engineering,Gujarat: Ahmedabad-Vadodara,37.0,0.64,51,87,693.0,1,0
Turnout,Fair,Medium,Operational,Critical,Corrective Maintenance,Low,Engineering,Gujarat: Ahmedabad-Vadodara,37.0,0.64,51,87,693.0,2,0
Turnout,Fair,Medium,Operational,Medium,Inspection,Medium,Engineering,Gujarat: Ahmedabad-Vadodara,54.0,0.65,51,87,384.0,0,1
Turnout,Fair,Medium,Operational,Medium,Inspection,Medium,Engineering,Gujarat: Ahmedabad-Vadodara,54.0,0.65,51,87,384.0,1,1
Turnout,Fair,Medium,Operational,Medium,Inspection,Medium,Engineering,Gujarat: Ahmedabad-Vadodara,54.0,0.65,51,87,384.0,2,0
OHE Mast,Poor,High,Operational,Medium,Preventive Maintenance,High,Traction Distribution,Gujarat: Ahmedabad-Vadodara,71.0,0.66,172,2,411.0,0,0
OHE Mast,Poor,High,Operational,Medium,Preventive Maintenance,High,Traction Distribution,Gujarat: Ahmedabad-Vadodara,71.0,0.66,172,2,411.0,1,1
OHE Mast,Poor,High,Operational,Medium,Preventive Maintenance,High,Traction Distribution,Gujarat: Ahmedabad-Vadodara,71.0,0.66,172,2,411.0,2,0
OHE Mast,Poor,High,Operational,Critical,Condition Monitoring,Low,Traction Distribution,Gujarat: Ahmedabad-Vadodara,88.0,0.67,172,2,438.0,0,1
OHE Mast,Poor,High,Operational,Critical,Condition Monitoring,Low,Traction Distribution,Gujarat: Ahmedabad-Vadodara,88.0,0.67,172,2,438.0,1,1
OHE Mast,Poor,High,Operational,Critical,Condition Monitoring,Low,Traction Distribution,Gujarat: Ahmedabad-Vadodara,88.0,0.67,172,2,438.0,2,1
Traction Substation,Critical,High,Under Observation,Critical,Corrective Maintenance,Medium,Traction Distribution,Gujarat: Ahmedabad-Vadodara,105.0,0.68,140,33,465.0,0,1
Traction Substation,Critical,High,Under Observation,Critical,Corrective Maintenance,Medium,Traction Distribution,Gujarat: Ahmedabad-Vadodara,105.0,0.68,140,33,465.0,1,0
Traction Substation,Critical,High,Under Observation,Critical,Corrective Maintenance,Medium,Traction Distribution,Gujarat: Ahmedabad-Vadodara,105.0,0.68,140,33,465.0,2,1
Traction Substation,Critical,High,Under Observation,Medium,Inspection,High,Traction Distribution,Gujarat: Ahmedabad-Vadodara,51.0,0.69,140,33,492.0,0,0
Traction Substation,Critical,High,Under Observation,Medium,Inspection,High,Traction Distribution,Gujarat: Ahmedabad-Vadodara,51.0,0.69,140,33,492.0,1,1
Traction Substation,Critical,High,Under Observation,Medium,Inspection,High,Traction Distribution,Gujarat: Ahmedabad-Vadodara,51.0,0.69,140,33,492.0,2,1
Signal,Good,Critical,Maintenance In Progress,Medium,Preventive Maintenance,Low,Signal & Telecommunication,Gujarat: Ahmedabad-Vadodara,68.0,0.7,109,65,519.0,0,0
Signal,Good,Critical,Maintenance In Progress,Medium,Preventive Maintenance,Low,Signal & Telecommunication,Gujarat: Ahmedabad-Vadodara,68.0,0.7,109,65,519.0,1,0
Signal,Good,Critical,Maintenance In Progress,Medium,Preventive Maintenance,Low,Signal & Telecommunication,Gujarat: Ahmedabad-Vadodara,68.0,0.7,109,65,519.0,2,0
Signal,Good,Critical,Maintenance In Progress,Critical,Condition Monitoring,Medium,Signal & Telecommunication,Gujarat: Ahmedabad-Vadodara,85.0,0.71,109,65,546.0,0,1
Signal,Good,Critical,Maintenance In Progress,Critical,Condition Monitoring,Medium,Signal & Telecommunication,Gujarat: Ahmedabad-Vadodara,85.0,0.71,109,65,546.0,1,1
Signal,Good,Critical,Maintenance In Progress,Critical,Condition Monitoring,Medium,Signal & Telecommunication,Gujarat: Ahmedabad-Vadodara,85.0,0.71,109,65,546.0,2,1
Axle Counter,Fair,Medium,Operational,Critical,Corrective Maintenance,High,Signal & Telecommunication,Gujarat: Ahmedabad-Vadodara,102.0,0.72,77,5,573.0,0,0
Axle Counter,Fair,Medium,Operational,Critical,Corrective Maintenance,High,Signal & Telecommunication,Gujarat: Ahmedabad-Vadodara,102.0,0.72,77,5,573.0,1,0
Axle Counter,Fair,Medium,Operational,Critical,Corrective Maintenance,High,Signal & Telecommunication,Gujarat: Ahmedabad-Vadodara,102.0,0.72,77,5,573.0,2,0
Axle Counter,Fair,Medium,Operational,Medium,Inspection,Low,Signal & Telecommunication,Gujarat: Ahmedabad-Vadodara,48.0,0.73,77,5,600.0,0,0
Axle Counter,Fair,Medium,Operational,Medium,Inspection,Low,Signal & Telecommunication,Gujarat: Ahmedabad-Vadodara,48.0,0.73,77,5,600.0,1,0
Axle Counter,Fair,Medium,Operational,Medium,Inspection,Low,Signal & Telecommunication,Gujarat: Ahmedabad-Vadodara,48.0,0.73,77,5,600.0,2,0
Track,Poor,High,Operational,Medium,Preventive Maintenance,Medium,Engineering,Gujarat: Ahmedabad-Vadodara,65.0,0.74,46,36,627.0,0,1
Track,Poor,High,Operational,Medium,Preventive Maintenance,Medium,Engineering,Gujarat: Ahmedabad-Vadodara,65.0,0.74,46,36,627.0,1,1
Track,Poor,High,Operational,Medium,Preventive Maintenance,Medium,Engineering,Gujarat: Ahmedabad-Vadodara,65.0,0.74,46,36,627.0,2,1
Track,Poor,High,Operational,Critical,Condition Monitoring,High,Engineering,Gujarat: Ahmedabad-Vadodara,82.0,0.75,46,36,654.0,0,1
Track,Poor,High,Operational,Critical,Condition Monitoring,High,Engineering,Gujarat: Ahmedabad-Vadodara,82.0,0.75,46,36,654.0,1,1
Track,Poor,High,Operational,Critical,Condition Monitoring,High,Engineering,Gujarat: Ahmedabad-Vadodara,82.0,0.75,46,36,654.0,2,1
Turnout,Critical,High,Under Observation,Critical,Corrective Maintenance,Low,Engineering,Gujarat: Ahmedabad-Vadodara,99.0,0.76,167,68,681.0,0,1
Turnout,Critical,High,Under Observation,Critical,Corrective Maintenance,Low,Engineering,Gujarat: Ahmedabad-Vadodara,99.0,0.76,167,68,681.0,1,1
Turnout,Critical,High,Under Observation,Critical,Corrective Maintenance,Low,Engineering,Gujarat: Ahmedabad-Vadodara,99.0,0.76,167,68,681.0,2,1
Turnout,Critical,High,Under Observation,Medium,Inspection,Medium,Engineering,Gujarat: Ahmedabad-Vadodara,45.0,0.77,167,68,708.0,0,0
Turnout,Critical,High,Under Observation,Medium,Inspection,Medium,Engineering,Gujarat: Ahmedabad-Vadodara,45.0,0.77,167,68,708.0,1,1
Turnout,Critical,High,Under Observation,Medium,Inspection,Medium,Engineering,Gujarat: Ahmedabad-Vadodara,45.0,0.77,167,68,708.0,2,0
OHE Mast,Good,Critical,Maintenance In Progress,Medium,Preventive Maintenance,High,Traction Distribution,Gujarat: Ahmedabad-Vadodara,62.0,0.78,135,8,735.0,0,0
OHE Mast,Good,Critical,Maintenance In Progress,Medium,Preventive Maintenance,High,Traction Distribution,Gujarat: Ahmedabad-Vadodara,62.0,0.78,135,8,735.0,1,0
OHE Mast,Good,Critical,Maintenance In Progress,Medium,Preventive Maintenance,High,Traction Distribution,Gujarat: Ahmedabad-Vadodara,62.0,0.78,135,8,735.0,2,0
OHE Mast,Good,Critical,Maintenance In Progress,Critical,Condition Monitoring,Low,Traction Distribution,Gujarat: Ahmedabad-Vadodara,79.0,0.79,135,8,426.0,0,1
OHE Mast,Good,Critical,Maintenance In Progress,Critical,Condition Monitoring,Low,Traction Distribution,Gujarat: Ahmedabad-Vadodara,79.0,0.79,135,8,426.0,1,0
OHE Mast,Good,Critical,Maintenance In Progress,Critical,Condition Monitoring,Low,Traction Distribution,Gujarat: Ahmedabad-Vadodara,79.0,0.79,135,8,426.0,2,0
Traction Substation,Fair,Medium,Operational,Critical,Corrective Maintenance,Medium,Traction Distribution,Gujarat: Ahmedabad-Vadodara,96.0,0.8,104,39,453.0,0,0
Traction Substation,Fair,Medium,Operational,Critical,Corrective Maintenance,Medium,Traction Distribution,Gujarat: Ahmedabad-Vadodara,96.0,0.8,104,39,453.0,1,1
Traction Substation,Fair,Medium,Operational,Critical,Corrective Maintenance,Medium,Traction Distribution,Gujarat: Ahmedabad-Vadodara,96.0,0.8,104,39,453.0,2,0
Traction Substation,Fair,Medium,Operational,Medium,Inspection,High,Traction Distribution,Gujarat: Ahmedabad-Vadodara,42.0,0.81,104,39,480.0,0,0
Traction Substation,Fair,Medium,Operational,Medium,Inspection,High,Traction Distribution,Gujarat: Ahmedabad-Vadodara,42.0,0.81,104,39,480.0,1,0
Traction Substation,Fair,Medium,Operational,Medium,Inspection,High,Traction Distribution,Gujarat: Ahmedabad-Vadodara,42.0,0.81,104,39,480.0,2,1
Signal,Poor,High,Operational,Medium,Preventive Maintenance,Low,Signal & Telecommunication,Gujarat: Ahmedabad-Vadodara,59.0,0.82,72,71,507.0,0,0
Signal,Poor,High,Operational,Medium,Preventive Maintenance,Low,Signal & Telecommunication,Gujarat: Ahmedabad-Vadodara,59.0,0.82,72,71,507.0,1,0
Signal,Poor,High,Operational,Medium,Preventive Maintenance,Low,Signal & Telecommunication,Gujarat: Ahmedabad-Vadodara,59.0,0.82,72,71,507.0,2,1
Signal,Poor,High,Operational,Critical,Condition Monitoring,Medium,Signal & Telecommunication,Gujarat: Ahmedabad-Vadodara,76.0,0.83,72,71,534.0,0,1
Signal,Poor,High,Operational,Critical,Condition Monitoring,Medium,Signal & Telecommunication,Gujarat: Ahmedabad-Vadodara,76.0,0.83,72,71,534.0,1,1
Signal,Poor,High,Operational,Critical,Condition Monitoring,Medium,Signal & Telecommunication,Gujarat: Ahmedabad-Vadodara,76.0,0.83,72,71,534.0,2,1
Axle Counter,Critical,High,Under Observation,Critical,Corrective Maintenance,High,Signal & Telecommunication,Gujarat: Ahmedabad-Vadodara,93.0,0.84,41,11,561.0,0,1
Axle Counter,Critical,High,Under Observation,Critical,Corrective Maintenance,High,Signal & Telecommunication,Gujarat: Ahmedabad-Vadodara,93.0,0.84,41,11,561.0,1,0
Axle Counter,Critical,High,Under Observation,Critical,Corrective Maintenance,High,Signal & Telecommunication,Gujarat: Ahmedabad-Vadodara,93.0,0.84,41,11,561.0,2,1
Axle Counter,Critical,High,Under Observation,Medium,Inspection,Low,Signal & Telecommunication,Gujarat: Ahmedabad-Vadodara,39.0,0.85,41,11,588.0,0,1
Axle Counter,Critical,High,Under Observation,Medium,Inspection,Low,Signal & Telecommunication,Gujarat: Ahmedabad-Vadodara,39.0,0.85,41,11,588.0,1,1
Axle Counter,Critical,High,Under Observation,Medium,Inspection,Low,Signal & Telecommunication,Gujarat: Ahmedabad-Vadodara,39.0,0.85,41,11,588.0,2,0
Track,Good,Critical,Maintenance In Progress,Medium,Preventive Maintenance,Medium,Engineering,Gujarat: Ahmedabad-Vadodara,56.0,0.86,162,42,615.0,0,0
Track,Good,Critical,Maintenance In Progress,Medium,Preventive Maintenance,Medium,Engineering,Gujarat: Ahmedabad-Vadodara,56.0,0.86,162,42,615.0,1,1
Track,Good,Critical,Maintenance In Progress,Medium,Preventive Maintenance,Medium,Engineering,Gujarat: Ahmedabad-Vadodara,56.0,0.86,162,42,615.0,2,1
Track,Good,Critical,Maintenance In Progress,Critical,Condition Monitoring,High,Engineering,Gujarat: Ahmedabad-Vadodara,73.0,0.87,162,42,642.0,0,0
Track,Good,Critical,Maintenance In Progress,Critical,Condition Monitoring,High,Engineering,Gujarat: Ahmedabad-Vadodara,73.0,0.87,162,42,642.0,1,0
Track,Good,Critical,Maintenance In Progress,Critical,Condition Monitoring,High,Engineering,Gujarat: Ahmedabad-Vadodara,73.0,0.87,162,42,642.0,2,1
Turnout,Fair,Medium,Operational,Critical,Corrective Maintenance,Low,Engineering,Gujarat: Ahmedabad-Vadodara,90.0,0.88,130,74,669.0,0,0
Turnout,Fair,Medium,Operational,Critical,Corrective Maintenance,Low,Engineering,Gujarat: Ahmedabad-Vadodara,90.0,0.88,130,74,669.0,1,0
Turnout,Fair,Medium,Operational,Critical,Corrective Maintenance,Low,Engineering,Gujarat: Ahmedabad-Vadodara,90.0,0.88,130,74,669.0,2,1
Turnout,Fair,Medium,Operational,Medium,Inspection,Medium,Engineering,Gujarat: Ahmedabad-Vadodara,36.0,0.89,130,74,696.0,0,0
Turnout,Fair,Medium,Operational,Medium,Inspection,Medium,Engineering,Gujarat: Ahmedabad-Vadodara,36.0,0.89,130,74,696.0,1,1
Turnout,Fair,Medium,Operational,Medium,Inspection,Medium,Engineering,Gujarat: Ahmedabad-Vadodara,36.0,0.89,130,74,696.0,2,0
OHE Mast,Poor,High,Operational,Medium,Preventive Maintenance,High,Traction Distribution,Gujarat: Ahmedabad-Vadodara,53.0,0.9,99,14,723.0,0,1
OHE Mast,Poor,High,Operational,Medium,Preventive Maintenance,High,Traction Distribution,Gujarat: Ahmedabad-Vadodara,53.0,0.9,99,14,723.0,1,1
OHE Mast,Poor,High,Operational,Medium,Preventive Maintenance,High,Traction Distribution,Gujarat: Ahmedabad-Vadodara,53.0,0.9,99,14,723.0,2,1
OHE Mast,Poor,High,Operational,Critical,Condition Monitoring,Low,Traction Distribution,Gujarat: Ahmedabad-Vadodara,70.0,0.12,99,14,750.0,0,0
OHE Mast,Poor,High,Operational,Critical,Condition Monitoring,Low,Traction Distribution,Gujarat: Ahmedabad-Vadodara,70.0,0.12,99,14,750.0,1,1
OHE Mast,Poor,High,Operational,Critical,Condition Monitoring,Low,Traction Distribution,Gujarat: Ahmedabad-Vadodara,70.0,0.12,99,14,750.0,2,0
Traction Substation,Critical,High,Under Observation,Critical,Corrective Maintenance,Medium,Traction Distribution,Gujarat: Ahmedabad-Vadodara,87.0,0.13,67,45,777.0,0,1
Traction Substation,Critical,High,Under Observation,Critical,Corrective Maintenance,Medium,Traction Distribution,Gujarat: Ahmedabad-Vadodara,87.0,0.13,67,45,777.0,1,1
Traction Substation,Critical,High,Under Observation,Critical,Corrective Maintenance,Medium,Traction Distribution,Gujarat: Ahmedabad-Vadodara,87.0,0.13,67,45,777.0,2,0
Traction Substation,Critical,High,Under Observation,Medium,Inspection,High,Traction Distribution,Gujarat: Ahmedabad-Vadodara,104.0,0.14,67,45,468.0,0,1
Traction Substation,Critical,High,Under Observation,Medium,Inspection,High,Traction Distribution,Gujarat: Ahmedabad-Vadodara,104.0,0.14,67,45,468.0,1,1
Traction Substation,Critical,High,Under Observation,Medium,Inspection,High,Traction Distribution,Gujarat: Ahmedabad-Vadodara,104.0,0.14,67,45,468.0,2,1
Signal,Good,Critical,Maintenance In Progress,Medium,Preventive Maintenance,Low,Signal & Telecommunication,Gujarat: Ahmedabad-Vadodara,50.0,0.15,36,77,495.0,0,0
Signal,Good,Critical,Maintenance In Progress,Medium,Preventive Maintenance,Low,Signal & Telecommunication,Gujarat: Ahmedabad-Vadodara,50.0,0.15,36,77,495.0,1,0
Signal,Good,Critical,Maintenance In Progress,Medium,Preventive Maintenance,Low,Signal & Telecommunication,Gujarat: Ahmedabad-Vadodara,50.0,0.15,36,77,495.0,2,0
Signal,Good,Critical,Maintenance In Progress,Critical,Condition Monitoring,Medium,Signal & Telecommunication,Gujarat: Ahmedabad-Vadodara,67.0,0.16,36,77,522.0,0,0
Signal,Good,Critical,Maintenance In Progress,Critical,Condition Monitoring,Medium,Signal & Telecommunication,Gujarat: Ahmedabad-Vadodara,67.0,0.16,36,77,522.0,1,0
Signal,Good,Critical,Maintenance In Progress,Critical,Condition Monitoring,Medium,Signal & Telecommunication,Gujarat: Ahmedabad-Vadodara,67.0,0.16,36,77,522.0,2,1
Axle Counter,Fair,Medium,Operational,Critical,Corrective Maintenance,High,Signal & Telecommunication,Gujarat: Ahmedabad-Vadodara,84.0,0.17,181,17,549.0,0,0
Axle Counter,Fair,Medium,Operational,Critical,Corrective Maintenance,High,Signal & Telecommunication,Gujarat: Ahmedabad-Vadodara,84.0,0.17,181,17,549.0,1,0
Axle Counter,Fair,Medium,Operational,Critical,Corrective Maintenance,High,Signal & Telecommunication,Gujarat: Ahmedabad-Vadodara,84.0,0.17,181,17,549.0,2,0
Axle Counter,Fair,Medium,Operational,Medium,Inspection,Low,Signal & Telecommunication,Gujarat: Ahmedabad-Vadodara,101.0,0.18,181,17,576.0,0,0
Axle Counter,Fair,Medium,Operational,Medium,Inspection,Low,Signal & Telecommunication,Gujarat: Ahmedabad-Vadodara,101.0,0.18,181,17,576.0,1,0
Axle Counter,Fair,Medium,Operational,Medium,Inspection,Low,Signal & Telecommunication,Gujarat: Ahmedabad-Vadodara,101.0,0.18,181,17,576.0,2,0
Track,Poor,High,Operational,Medium,Preventive Maintenance,Medium,Engineering,Gujarat: Ahmedabad-Vadodara,47.0,0.19,149,48,603.0,0,1
Track,Poor,High,Operational,Medium,Preventive Maintenance,Medium,Engineering,Gujarat: Ahmedabad-Vadodara,47.0,0.19,149,48,603.0,1,1
Track,Poor,High,Operational,Medium,Preventive Maintenance,Medium,Engineering,Gujarat: Ahmedabad-Vadodara,47.0,0.19,149,48,603.0,2,0
Track,Poor,High,Operational,Critical,Condition Monitoring,High,Engineering,Gujarat: Ahmedabad-Vadodara,64.0,0.2,149,48,630.0,0,0
Track,Poor,High,Operational,Critical,Condition Monitoring,High,Engineering,Gujarat: Ahmedabad-Vadodara,64.0,0.2,149,48,630.0,1,1
Track,Poor,High,Operational,Critical,Condition Monitoring,High,Engineering,Gujarat: Ahmedabad-Vadodara,64.0,0.2,149,48,630.0,2,0
Turnout,Critical,High,Under Observation,Critical,Corrective Maintenance,Low,Engineering,Gujarat: Ahmedabad-Vadodara,81.0,0.21,118,80,657.0,0,0
Turnout,Critical,High,Under Observation,Critical,Corrective Maintenance,Low,Engineering,Gujarat: Ahmedabad-Vadodara,81.0,0.21,118,80,657.0,1,0
Turnout,Critical,High,Under Observation,Critical,Corrective Maintenance,Low,Engineering,Gujarat: Ahmedabad-Vadodara,81.0,0.21,118,80,657.0,2,1
Turnout,Critical,High,Under Observation,Medium,Inspection,Medium,Engineering,Gujarat: Ahmedabad-Vadodara,98.0,0.22,118,80,684.0,0,1
Turnout,Critical,High,Under Observation,Medium,Inspection,Medium,Engineering,Gujarat: Ahmedabad-Vadodara,98.0,0.22,118,80,684.0,1,0
Turnout,Critical,High,Under Observation,Medium,Inspection,Medium,Engineering,Gujarat: Ahmedabad-Vadodara,98.0,0.22,118,80,684.0,2,0
OHE Mast,Good,Critical,Maintenance In Progress,Medium,Preventive Maintenance,High,Traction Distribution,Gujarat: Ahmedabad-Vadodara,44.0,0.23,86,20,711.0,0,1
OHE Mast,Good,Critical,Maintenance In Progress,Medium,Preventive Maintenance,High,Traction Distribution,Gujarat: Ahmedabad-Vadodara,44.0,0.23,86,20,711.0,1,0
OHE Mast,Good,Critical,Maintenance In Progress,Medium,Preventive Maintenance,High,Traction Distribution,Gujarat: Ahmedabad-Vadodara,44.0,0.23,86,20,711.0,2,0
OHE Mast,Good,Critical,Maintenance In Progress,Critical,Condition Monitoring,Low,Traction Distribution,Gujarat: Ahmedabad-Vadodara,61.0,0.24,86,20,738.0,0,0
OHE Mast,Good,Critical,Maintenance In Progress,Critical,Condition Monitoring,Low,Traction Distribution,Gujarat: Ahmedabad-Vadodara,61.0,0.24,86,20,738.0,1,0
OHE Mast,Good,Critical,Maintenance In Progress,Critical,Condition Monitoring,Low,Traction Distribution,Gujarat: Ahmedabad-Vadodara,61.0,0.24,86,20,738.0,2,1
Traction Substation,Fair,Medium,Operational,Critical,Corrective Maintenance,Medium,Traction Distribution,Gujarat: Ahmedabad-Vadodara,78.0,0.25,55,51,765.0,0,0
Traction Substation,Fair,Medium,Operational,Critical,Corrective Maintenance,Medium,Traction Distribution,Gujarat: Ahmedabad-Vadodara,78.0,0.25,55,51,765.0,1,0
Traction Substation,Fair,Medium,Operational,Critical,Corrective Maintenance,Medium,Traction Distribution,Gujarat: Ahmedabad-Vadodara,78.0,0.25,55,51,765.0,2,1
Traction Substation,Fair,Medium,Operational,Medium,Inspection,High,Traction Distribution,Gujarat: Ahmedabad-Vadodara,95.0,0.26,55,51,792.0,0,1
Traction Substation,Fair,Medium,Operational,Medium,Inspection,High,Traction Distribution,Gujarat: Ahmedabad-Vadodara,95.0,0.26,55,51,792.0,1,1
Traction Substation,Fair,Medium,Operational,Medium,Inspection,High,Traction Distribution,Gujarat: Ahmedabad-Vadodara,95.0,0.26,55,51,792.0,2,0
Signal,Poor,High,Operational,Medium,Preventive Maintenance,Low,Signal & Telecommunication,Gujarat: Ahmedabad-Vadodara,41.0,0.27,176,83,819.0,0,0
Signal,Poor,High,Operational,Medium,Preventive Maintenance,Low,Signal & Telecommunication,Gujarat: Ahmedabad-Vadodara,41.0,0.27,176,83,819.0,1,0
Signal,Poor,High,Operational,Medium,Preventive Maintenance,Low,Signal & Telecommunication,Gujarat: Ahmedabad-Vadodara,41.0,0.27,176,83,819.0,2,1
Signal,Poor,High,Operational,Critical,Condition Monitoring,Medium,Signal & Telecommunication,Gujarat: Ahmedabad-Vadodara,58.0,0.28,176,83,510.0,0,0
Signal,Poor,High,Operational,Critical,Condition Monitoring,Medium,Signal & Telecommunication,Gujarat: Ahmedabad-Vadodara,58.0,0.28,176,83,510.0,1,0
Signal,Poor,High,Operational,Critical,Condition Monitoring,Medium,Signal & Telecommunication,Gujarat: Ahmedabad-Vadodara,58.0,0.28,176,83,510.0,2,0
Axle Counter,Critical,High,Under Observation,Critical,Corrective Maintenance,High,Signal & Telecommunication,Gujarat: Ahmedabad-Vadodara,75.0,0.29,144,23,537.0,0,0
Axle Counter,Critical,High,Under Observation,Critical,Corrective Maintenance,High,Signal & Telecommunication,Gujarat: Ahmedabad-Vadodara,75.0,0.29,144,23,537.0,1,1
Axle Counter,Critical,High,Under Observation,Critical,Corrective Maintenance,High,Signal & Telecommunication,Gujarat: Ahmedabad-Vadodara,75.0,0.29,144,23,537.0,2,1
Axle Counter,Critical,High,Under Observation,Medium,Inspection,Low,Signal & Telecommunication,Gujarat: Ahmedabad-Vadodara,92.0,0.3,144,23,564.0,0,0
Axle Counter,Critical,High,Under Observation,Medium,Inspection,Low,Signal & Telecommunication,Gujarat: Ahmedabad-Vadodara,92.0,0.3,144,23,564.0,1,0
Axle Counter,Critical,High,Under Observation,Medium,Inspection,Low,Signal & Telecommunication,Gujarat: Ahmedabad-Vadodara,92.0,0.3,144,23,564.0,2,1
Track,Good,Critical,Maintenance In Progress,Medium,Preventive Maintenance,Medium,Engineering,Gujarat: Ahmedabad-Vadodara,38.0,0.31,113,54,591.0,0,0
Track,Good,Critical,Maintenance In Progress,Medium,Preventive Maintenance,Medium,Engineering,Gujarat: Ahmedabad-Vadodara,38.0,0.31,113,54,591.0,1,0
Track,Good,Critical,Maintenance In Progress,Medium,Preventive Maintenance,Medium,Engineering,Gujarat: Ahmedabad-Vadodara,38.0,0.31,113,54,591.0,2,0
Track,Good,Critical,Maintenance In Progress,Critical,Condition Monitoring,High,Engineering,Gujarat: Ahmedabad-Vadodara,55.0,0.32,113,54,618.0,0,1
Track,Good,Critical,Maintenance In Progress,Critical,Condition Monitoring,High,Engineering,Gujarat: Ahmedabad-Vadodara,55.0,0.32,113,54,618.0,1,1
Track,Good,Critical,Maintenance In Progress,Critical,Condition Monitoring,High,Engineering,Gujarat: Ahmedabad-Vadodara,55.0,0.32,113,54,618.0,2,0
Turnout,Fair,Medium,Operational,Critical,Corrective Maintenance,Low,Engineering,Gujarat: Ahmedabad-Vadodara,72.0,0.33,81,86,645.0,0,1
Turnout,Fair,Medium,Operational,Critical,Corrective Maintenance,Low,Engineering,Gujarat: Ahmedabad-Vadodara,72.0,0.33,81,86,645.0,1,0
Turnout,Fair,Medium,Operational,Critical,Corrective Maintenance,Low,Engineering,Gujarat: Ahmedabad-Vadodara,72.0,0.33,81,86,645.0,2,0
Turnout,Fair,Medium,Operational,Medium,Inspection,Medium,Engineering,Gujarat: Ahmedabad-Vadodara,89.0,0.34,81,86,672.0,0,0
Turnout,Fair,Medium,Operational,Medium,Inspection,Medium,Engineering,Gujarat: Ahmedabad-Vadodara,89.0,0.34,81,86,672.0,1,0
Turnout,Fair,Medium,Operational,Medium,Inspection,Medium,Engineering,Gujarat: Ahmedabad-Vadodara,89.0,0.34,81,86,672.0,2,1
OHE Mast,Poor,High,Operational,Medium,Preventive Maintenance,High,Traction Distribution,Gujarat: Ahmedabad-Vadodara,35.0,0.35,50,26,699.0,0,1
OHE Mast,Poor,High,Operational,Medium,Preventive Maintenance,High,Traction Distribution,Gujarat: Ahmedabad-Vadodara,35.0,0.35,50,26,699.0,1,1
OHE Mast,Poor,High,Operational,Medium,Preventive Maintenance,High,Traction Distribution,Gujarat: Ahmedabad-Vadodara,35.0,0.35,50,26,699.0,2,1
OHE Mast,Poor,High,Operational,Critical,Condition Monitoring,Low,Traction Distribution,Gujarat: Ahmedabad-Vadodara,52.0,0.36,50,26,726.0,0,1
OHE Mast,Poor,High,Operational,Critical,Condition Monitoring,Low,Traction Distribution,Gujarat: Ahmedabad-Vadodara,52.0,0.36,50,26,726.0,1,1
OHE Mast,Poor,High,Operational,Critical,Condition Monitoring,Low,Traction Distribution,Gujarat: Ahmedabad-Vadodara,52.0,0.36,50,26,726.0,2,1
Traction Substation,Critical,High,Under Observation,Critical,Corrective Maintenance,Medium,Traction Distribution,Gujarat: Ahmedabad-Vadodara,69.0,0.37,171,32,753.0,0,1
Traction Substation,Critical,High,Under Observation,Critical,Corrective Maintenance,Medium,Traction Distribution,Gujarat: Ahmedabad-Vadodara,69.0,0.37,171,32,753.0,1,1
Traction Substation,Critical,High,Under Observation,Critical,Corrective Maintenance,Medium,Traction Distribution,Gujarat: Ahmedabad-Vadodara,69.0,0.37,171,32,753.0,2,1
Traction Substation,Critical,High,Under Observation,Medium,Inspection,High,Traction Distribution,Gujarat: Ahmedabad-Vadodara,86.0,0.38,171,32,780.0,0,0
Traction Substation,Critical,High,Under Observation,Medium,Inspection,High,Traction Distribution,Gujarat: Ahmedabad-Vadodara,86.0,0.38,171,32,780.0,1,1
Traction Substation,Critical,High,Under Observation,Medium,Inspection,High,Traction Distribution,Gujarat: Ahmedabad-Vadodara,86.0,0.38,171,32,780.0,2,1
Signal,Good,Critical,Maintenance In Progress,Medium,Preventive Maintenance,Low,Signal & Telecommunication,Gujarat: Ahmedabad-Vadodara,103.0,0.39,139,64,807.0,0,0
Signal,Good,Critical,Maintenance In Progress,Medium,Preventive Maintenance,Low,Signal & Telecommunication,Gujarat: Ahmedabad-Vadodara,103.0,0.39,139,64,807.0,1,0
Signal,Good,Critical,Maintenance In Progress,Medium,Preventive Maintenance,Low,Signal & Telecommunication,Gujarat: Ahmedabad-Vadodara,103.0,0.39,139,64,807.0,2,1
Signal,Good,Critical,Maintenance In Progress,Critical,Condition Monitoring,Medium,Signal & Telecommunication,Gujarat: Ahmedabad-Vadodara,49.0,0.4,139,64,834.0,0,1
Signal,Good,Critical,Maintenance In Progress,Critical,Condition Monitoring,Medium,Signal & Telecommunication,Gujarat: Ahmedabad-Vadodara,49.0,0.4,139,64,834.0,1,0
Signal,Good,Critical,Maintenance In Progress,Critical,Condition Monitoring,Medium,Signal & Telecommunication,Gujarat: Ahmedabad-Vadodara,49.0,0.4,139,64,834.0,2,1
Axle Counter,Fair,Medium,Operational,Critical,Corrective Maintenance,High,Signal & Telecommunication,Gujarat: Ahmedabad-Vadodara,66.0,0.41,108,4,861.0,0,0
Axle Counter,Fair,Medium,Operational,Critical,Corrective Maintenance,High,Signal & Telecommunication,Gujarat: Ahmedabad-Vadodara,66.0,0.41,108,4,861.0,1,0
Axle Counter,Fair,Medium,Operational,Critical,Corrective Maintenance,High,Signal & Telecommunication,Gujarat: Ahmedabad-Vadodara,66.0,0.41,108,4,861.0,2,0
Axle Counter,Fair,Medium,Operational,Medium,Inspection,Low,Signal & Telecommunication,Gujarat: Ahmedabad-Vadodara,83.0,0.42,108,4,48.0,0,0
Axle Counter,Fair,Medium,Operational,Medium,Inspection,Low,Signal & Telecommunication,Gujarat: Ahmedabad-Vadodara,83.0,0.42,108,4,48.0,1,0
Axle Counter,Fair,Medium,Operational,Medium,Inspection,Low,Signal & Telecommunication,Gujarat: Ahmedabad-Vadodara,83.0,0.42,108,4,48.0,2,0
Track,Poor,High,Operational,Medium,Preventive Maintenance,Medium,Engineering,Haryana: Ambala-Faridabad,100.0,0.43,76,35,75.0,0,1
Track,Poor,High,Operational,Medium,Preventive Maintenance,Medium,Engineering,Haryana: Ambala-Faridabad,100.0,0.43,76,35,75.0,1,1
Track,Poor,High,Operational,Medium,Preventive Maintenance,Medium,Engineering,Haryana: Ambala-Faridabad,100.0,0.43,76,35,75.0,2,0
Track,Poor,High,Operational,Critical,Condition Monitoring,High,Engineering,Haryana: Ambala-Faridabad,46.0,0.44,76,35,102.0,0,1
Track,Poor,High,Operational,Critical,Condition Monitoring,High,Engineering,Haryana: Ambala-Faridabad,46.0,0.44,76,35,102.0,1,1
Track,Poor,High,Operational,Critical,Condition Monitoring,High,Engineering,Haryana: Ambala-Faridabad,46.0,0.44,76,35,102.0,2,1
Turnout,Critical,High,Under Observation,Critical,Corrective Maintenance,Low,Engineering,Haryana: Ambala-Faridabad,63.0,0.45,45,67,129.0,0,1
Turnout,Critical,High,Under Observation,Critical,Corrective Maintenance,Low,Engineering,Haryana: Ambala-Faridabad,63.0,0.45,45,67,129.0,1,1
Turnout,Critical,High,Under Observation,Critical,Corrective Maintenance,Low,Engineering,Haryana: Ambala-Faridabad,63.0,0.45,45,67,129.0,2,1
Turnout,Critical,High,Under Observation,Medium,Inspection,Medium,Engineering,Haryana: Ambala-Faridabad,80.0,0.46,45,67,156.0,0,1
Turnout,Critical,High,Under Observation,Medium,Inspection,Medium,Engineering,Haryana: Ambala-Faridabad,80.0,0.46,45,67,156.0,1,1
Turnout,Critical,High,Under Observation,Medium,Inspection,Medium,Engineering,Haryana: Ambala-Faridabad,80.0,0.46,45,67,156.0,2,1
OHE Mast,Good,Critical,Maintenance In Progress,Medium,Preventive Maintenance,High,Traction Distribution,Haryana: Ambala-Faridabad,97.0,0.47,166,7,183.0,0,1
OHE Mast,Good,Critical,Maintenance In Progress,Medium,Preventive Maintenance,High,Traction Distribution,Haryana: Ambala-Faridabad,97.0,0.47,166,7,183.0,1,0
OHE Mast,Good,Critical,Maintenance In Progress,Medium,Preventive Maintenance,High,Traction Distribution,Haryana: Ambala-Faridabad,97.0,0.47,166,7,183.0,2,1
OHE Mast,Good,Critical,Maintenance In Progress,Critical,Condition Monitoring,Low,Traction Distribution,Haryana: Ambala-Faridabad,43.0,0.48,166,7,210.0,0,1
OHE Mast,Good,Critical,Maintenance In Progress,Critical,Condition Monitoring,Low,Traction Distribution,Haryana: Ambala-Faridabad,43.0,0.48,166,7,210.0,1,1
OHE Mast,Good,Critical,Maintenance In Progress,Critical,Condition Monitoring,Low,Traction Distribution,Haryana: Ambala-Faridabad,43.0,0.48,166,7,210.0,2,1
Traction Substation,Fair,Medium,Operational,Critical,Corrective Maintenance,Medium,Traction Distribution,Haryana: Ambala-Faridabad,60.0,0.49,134,38,237.0,0,0
Traction Substation,Fair,Medium,Operational,Critical,Corrective Maintenance,Medium,Traction Distribution,Haryana: Ambala-Faridabad,60.0,0.49,134,38,237.0,1,1
Traction Substation,Fair,Medium,Operational,Critical,Corrective Maintenance,Medium,Traction Distribution,Haryana: Ambala-Faridabad,60.0,0.49,134,38,237.0,2,0
Traction Substation,Fair,Medium,Operational,Medium,Inspection,High,Traction Distribution,Haryana: Ambala-Faridabad,77.0,0.5,134,38,264.0,0,0
Traction Substation,Fair,Medium,Operational,Medium,Inspection,High,Traction Distribution,Haryana: Ambala-Faridabad,77.0,0.5,134,38,264.0,1,0
Traction Substation,Fair,Medium,Operational,Medium,Inspection,High,Traction Distribution,Haryana: Ambala-Faridabad,77.0,0.5,134,38,264.0,2,0
Signal,Poor,High,Operational,Medium,Preventive Maintenance,Low,Signal & Telecommunication,Haryana: Ambala-Faridabad,94.0,0.51,103,70,291.0,0,0
Signal,Poor,High,Operational,Medium,Preventive Maintenance,Low,Signal & Telecommunication,Haryana: Ambala-Faridabad,94.0,0.51,103,70,291.0,1,1
Signal,Poor,High,Operational,Medium,Preventive Maintenance,Low,Signal & Telecommunication,Haryana: Ambala-Faridabad,94.0,0.51,103,70,291.0,2,1
Signal,Poor,High,Operational,Critical,Condition Monitoring,Medium,Signal & Telecommunication,Haryana: Ambala-Faridabad,40.0,0.52,103,70,318.0,0,1
Signal,Poor,High,Operational,Critical,Condition Monitoring,Medium,Signal & Telecommunication,Haryana: Ambala-Faridabad,40.0,0.52,103,70,318.0,1,0
Signal,Poor,High,Operational,Critical,Condition Monitoring,Medium,Signal & Telecommunication,Haryana: Ambala-Faridabad,40.0,0.52,103,70,318.0,2,1
Axle Counter,Critical,High,Under Observation,Critical,Corrective Maintenance,High,Signal & Telecommunication,Haryana: Ambala-Faridabad,57.0,0.53,71,10,345.0,0,1
Axle Counter,Critical,High,Under Observation,Critical,Corrective Maintenance,High,Signal & Telecommunication,Haryana: Ambala-Faridabad,57.0,0.53,71,10,345.0,1,1
Axle Counter,Critical,High,Under Observation,Critical,Corrective Maintenance,High,Signal & Telecommunication,Haryana: Ambala-Faridabad,57.0,0.53,71,10,345.0,2,0
Axle Counter,Critical,High,Under Observation,Medium,Inspection,Low,Signal & Telecommunication,Haryana: Ambala-Faridabad,74.0,0.54,71,10,372.0,0,0
Axle Counter,Critical,High,Under Observation,Medium,Inspection,Low,Signal & Telecommunication,Haryana: Ambala-Faridabad,74.0,0.54,71,10,372.0,1,0
Axle Counter,Critical,High,Under Observation,Medium,Inspection,Low,Signal & Telecommunication,Haryana: Ambala-Faridabad,74.0,0.54,71,10,372.0,2,1
Track,Good,Critical,Maintenance In Progress,Medium,Preventive Maintenance,Medium,Engineering,Haryana: Ambala-Faridabad,91.0,0.55,40,41,399.0,0,1
Track,Good,Critical,Maintenance In Progress,Medium,Preventive Maintenance,Medium,Engineering,Haryana: Ambala-Faridabad,91.0,0.55,40,41,399.0,1,0
Track,Good,Critical,Maintenance In Progress,Medium,Preventive Maintenance,Medium,Engineering,Haryana: Ambala-Faridabad,91.0,0.55,40,41,399.0,2,1
Track,Good,Critical,Maintenance In Progress,Critical,Condition Monitoring,High,Engineering,Haryana: Ambala-Faridabad,37.0,0.56,40,41,90.0,0,0
Track,Good,Critical,Maintenance In Progress,Critical,Condition Monitoring,High,Engineering,Haryana: Ambala-Faridabad,37.0,0.56,40,41,90.0,1,1
Track,Good,Critical,Maintenance In Progress,Critical,Condition Monitoring,High,Engineering,Haryana: Ambala-Faridabad,37.0,0.56,40,41,90.0,2,1
Turnout,Fair,Medium,Operational,Critical,Corrective Maintenance,Low,Engineering,Haryana: Ambala-Faridabad,54.0,0.57,161,73,117.0,0,0
Turnout,Fair,Medium,Operational,Critical,Corrective Maintenance,Low,Engineering,Haryana: Ambala-Faridabad,54.0,0.57,161,73,117.0,1,0
Turnout,Fair,Medium,Operational,Critical,Corrective Maintenance,Low,Engineering,Haryana: Ambala-Faridabad,54.0,0.57,161,73,117.0,2,0
Turnout,Fair,Medium,Operational,Medium,Inspection,Medium,Engineering,Haryana: Ambala-Faridabad,71.0,0.58,161,73,144.0,0,0
Turnout,Fair,Medium,Operational,Medium,Inspection,Medium,Engineering,Haryana: Ambala-Faridabad,71.0,0.58,161,73,144.0,1,0
Turnout,Fair,Medium,Operational,Medium,Inspection,Medium,Engineering,Haryana: Ambala-Faridabad,71.0,0.58,161,73,144.0,2,0
OHE Mast,Poor,High,Operational,Medium,Preventive Maintenance,High,Traction Distribution,Haryana: Ambala-Faridabad,88.0,0.59,129,13,171.0,0,1
OHE Mast,Poor,High,Operational,Medium,Preventive Maintenance,High,Traction Distribution,Haryana: Ambala-Faridabad,88.0,0.59,129,13,171.0,1,1
OHE Mast,Poor,High,Operational,Medium,Preventive Maintenance,High,Traction Distribution,Haryana: Ambala-Faridabad,88.0,0.59,129,13,171.0,2,1
OHE Mast,Poor,High,Operational,Critical,Condition Monitoring,Low,Traction Distribution,Haryana: Ambala-Faridabad,105.0,0.6,129,13,198.0,0,1
OHE Mast,Poor,High,Operational,Critical,Condition Monitoring,Low,Traction Distribution,Haryana: Ambala-Faridabad,105.0,0.6,129,13,198.0,1,0
OHE Mast,Poor,High,Operational,Critical,Condition Monitoring,Low,Traction Distribution,Haryana: Ambala-Faridabad,105.0,0.6,129,13,198.0,2,1
Traction Substation,Critical,High,Under Observation,Critical,Corrective Maintenance,Medium,Traction Distribution,Haryana: Ambala-Faridabad,51.0,0.61,98,44,225.0,0,1
Traction Substation,Critical,High,Under Observation,Critical,Corrective Maintenance,Medium,Traction Distribution,Haryana: Ambala-Faridabad,51.0,0.61,98,44,225.0,1,1
Traction Substation,Critical,High,Under Observation,Critical,Corrective Maintenance,Medium,Traction Distribution,Haryana: Ambala-Faridabad,51.0,0.61,98,44,225.0,2,1
Traction Substation,Critical,High,Under Observation,Medium,Inspection,High,Traction Distribution,Haryana: Ambala-Faridabad,68.0,0.62,98,44,252.0,0,1
Traction Substation,Critical,High,Under Observation,Medium,Inspection,High,Traction Distribution,Haryana: Ambala-Faridabad,68.0,0.62,98,44,252.0,1,0
Traction Substation,Critical,High,Under Observation,Medium,Inspection,High,Traction Distribution,Haryana: Ambala-Faridabad,68.0,0.62,98,44,252.0,2,0
Signal,Good,Critical,Maintenance In Progress,Medium,Preventive Maintenance,Low,Signal & Telecommunication,Haryana: Ambala-Faridabad,85.0,0.63,66,76,279.0,0,1
Signal,Good,Critical,Maintenance In Progress,Medium,Preventive Maintenance,Low,Signal & Telecommunication,Haryana: Ambala-Faridabad,85.0,0.63,66,76,279.0,1,0
Signal,Good,Critical,Maintenance In Progress,Medium,Preventive Maintenance,Low,Signal & Telecommunication,Haryana: Ambala-Faridabad,85.0,0.63,66,76,279.0,2,0
Signal,Good,Critical,Maintenance In Progress,Critical,Condition Monitoring,Medium,Signal & Telecommunication,Haryana: Ambala-Faridabad,102.0,0.64,66,76,306.0,0,0
Signal,Good,Critical,Maintenance In Progress,Critical,Condition Monitoring,Medium,Signal & Telecommunication,Haryana: Ambala-Faridabad,102.0,0.64,66,76,306.0,1,0
Signal,Good,Critical,Maintenance In Progress,Critical,Condition Monitoring,Medium,Signal & Telecommunication,Haryana: Ambala-Faridabad,102.0,0.64,66,76,306.0,2,1
Axle Counter,Fair,Medium,Operational,Critical,Corrective Maintenance,High,Signal & Telecommunication,Haryana: Ambala-Faridabad,48.0,0.65,59,16,333.0,0,1
Axle Counter,Fair,Medium,Operational,Critical,Corrective Maintenance,High,Signal & Telecommunication,Haryana: Ambala-Faridabad,48.0,0.65,59,16,333.0,1,0
Axle Counter,Fair,Medium,Operational,Critical,Corrective Maintenance,High,Signal & Telecommunication,Haryana: Ambala-Faridabad,48.0,0.65,59,16,333.0,2,0
Axle Counter,Fair,Medium,Operational,Medium,Inspection,Low,Signal & Telecommunication,Haryana: Ambala-Faridabad,65.0,0.66,59,16,360.0,0,0
Axle Counter,Fair,Medium,Operational,Medium,Inspection,Low,Signal & Telecommunication,Haryana: Ambala-Faridabad,65.0,0.66,59,16,360.0,1,0
Axle Counter,Fair,Medium,Operational,Medium,Inspection,Low,Signal & Telecommunication,Haryana: Ambala-Faridabad,65.0,0.66,59,16,360.0,2,0
Track,Poor,High,Operational,Medium,Preventive Maintenance,Medium,Engineering,Haryana: Ambala-Faridabad,82.0,0.67,180,47,387.0,0,0
Track,Poor,High,Operational,Medium,Preventive Maintenance,Medium,Engineering,Haryana: Ambala-Faridabad,82.0,0.67,180,47,387.0,1,1
Track,Poor,High,Operational,Medium,Preventive Maintenance,Medium,Engineering,Haryana: Ambala-Faridabad,82.0,0.67,180,47,387.0,2,0
Track,Poor,High,Operational,Critical,Condition Monitoring,High,Engineering,Haryana: Ambala-Faridabad,99.0,0.68,180,47,414.0,0,1
Track,Poor,High,Operational,Critical,Condition Monitoring,High,Engineering,Haryana: Ambala-Faridabad,99.0,0.68,180,47,414.0,1,1
Track,Poor,High,Operational,Critical,Condition Monitoring,High,Engineering,Haryana: Ambala-Faridabad,99.0,0.68,180,47,414.0,2,1
Turnout,Critical,High,Under Observation,Critical,Corrective Maintenance,Low,Engineering,Haryana: Ambala-Faridabad,45.0,0.69,148,79,441.0,0,1
Turnout,Critical,High,Under Observation,Critical,Corrective Maintenance,Low,Engineering,Haryana: Ambala-Faridabad,45.0,0.69,148,79,441.0,1,1
Turnout,Critical,High,Under Observation,Critical,Corrective Maintenance,Low,Engineering,Haryana: Ambala-Faridabad,45.0,0.69,148,79,441.0,2,1
Turnout,Critical,High,Under Observation,Medium,Inspection,Medium,Engineering,Haryana: Ambala-Faridabad,62.0,0.7,148,79,132.0,0,1
Turnout,Critical,High,Under Observation,Medium,Inspection,Medium,Engineering,Haryana: Ambala-Faridabad,62.0,0.7,148,79,132.0,1,0
Turnout,Critical,High,Under Observation,Medium,Inspection,Medium,Engineering,Haryana: Ambala-Faridabad,62.0,0.7,148,79,132.0,2,1
OHE Mast,Good,Critical,Maintenance In Progress,Medium,Preventive Maintenance,High,Traction Distribution,Haryana: Ambala-Faridabad,79.0,0.71,117,19,159.0,0,0
OHE Mast,Good,Critical,Maintenance In Progress,Medium,Preventive Maintenance,High,Traction Distribution,Haryana: Ambala-Faridabad,79.0,0.71,117,19,159.0,1,1
OHE Mast,Good,Critical,Maintenance In Progress,Medium,Preventive Maintenance,High,Traction Distribution,Haryana: Ambala-Faridabad,79.0,0.71,117,19,159.0,2,1
OHE Mast,Good,Critical,Maintenance In Progress,Critical,Condition Monitoring,Low,Traction Distribution,Haryana: Ambala-Faridabad,96.0,0.72,117,19,186.0,0,0
OHE Mast,Good,Critical,Maintenance In Progress,Critical,Condition Monitoring,Low,Traction Distribution,Haryana: Ambala-Faridabad,96.0,0.72,117,19,186.0,1,0
OHE Mast,Good,Critical,Maintenance In Progress,Critical,Condition Monitoring,Low,Traction Distribution,Haryana: Ambala-Faridabad,96.0,0.72,117,19,186.0,2,1
Traction Substation,Fair,Medium,Operational,Critical,Corrective Maintenance,Medium,Traction Distribution,Haryana: Ambala-Faridabad,42.0,0.73,85,50,213.0,0,1
Traction Substation,Fair,Medium,Operational,Critical,Corrective Maintenance,Medium,Traction Distribution,Haryana: Ambala-Faridabad,42.0,0.73,85,50,213.0,1,0
Traction Substation,Fair,Medium,Operational,Critical,Corrective Maintenance,Medium,Traction Distribution,Haryana: Ambala-Faridabad,42.0,0.73,85,50,213.0,2,0
Traction Substation,Fair,Medium,Operational,Medium,Inspection,High,Traction Distribution,Haryana: Ambala-Faridabad,59.0,0.74,85,50,240.0,0,0
Traction Substation,Fair,Medium,Operational,Medium,Inspection,High,Traction Distribution,Haryana: Ambala-Faridabad,59.0,0.74,85,50,240.0,1,1
Traction Substation,Fair,Medium,Operational,Medium,Inspection,High,Traction Distribution,Haryana: Ambala-Faridabad,59.0,0.74,85,50,240.0,2,1
Signal,Poor,High,Operational,Medium,Preventive Maintenance,Low,Signal & Telecommunication,Haryana: Ambala-Faridabad,76.0,0.75,54,82,267.0,0,0
Signal,Poor,High,Operational,Medium,Preventive Maintenance,Low,Signal & Telecommunication,Haryana: Ambala-Faridabad,76.0,0.75,54,82,267.0,1,1
Signal,Poor,High,Operational,Medium,Preventive Maintenance,Low,Signal & Telecommunication,Haryana: Ambala-Faridabad,76.0,0.75,54,82,267.0,2,1
Signal,Poor,High,Operational,Critical,Condition Monitoring,Medium,Signal & Telecommunication,Haryana: Ambala-Faridabad,93.0,0.76,54,82,294.0,0,1
Signal,Poor,High,Operational,Critical,Condition Monitoring,Medium,Signal & Telecommunication,Haryana: Ambala-Faridabad,93.0,0.76,54,82,294.0,1,1
Signal,Poor,High,Operational,Critical,Condition Monitoring,Medium,Signal & Telecommunication,Haryana: Ambala-Faridabad,93.0,0.76,54,82,294.0,2,1
Axle Counter,Critical,High,Under Observation,Critical,Corrective Maintenance,High,Signal & Telecommunication,Haryana: Ambala-Faridabad,39.0,0.77,175,22,321.0,0,1
Axle Counter,Critical,High,Under Observation,Critical,Corrective Maintenance,High,Signal & Telecommunication,Haryana: Ambala-Faridabad,39.0,0.77,175,22,321.0,1,1
Axle Counter,Critical,High,Under Observation,Critical,Corrective Maintenance,High,Signal & Telecommunication,Haryana: Ambala-Faridabad,39.0,0.77,175,22,321.0,2,1
Axle Counter,Critical,High,Under Observation,Medium,Inspection,Low,Signal & Telecommunication,Haryana: Ambala-Faridabad,56.0,0.78,175,22,348.0,0,1
Axle Counter,Critical,High,Under Observation,Medium,Inspection,Low,Signal & Telecommunication,Haryana: Ambala-Faridabad,56.0,0.78,175,22,348.0,1,1
Axle Counter,Critical,High,Under Observation,Medium,Inspection,Low,Signal & Telecommunication,Haryana: Ambala-Faridabad,56.0,0.78,175,22,348.0,2,1
Track,Good,Critical,Maintenance In Progress,Medium,Preventive Maintenance,Medium,Engineering,Haryana: Ambala-Faridabad,73.0,0.79,143,53,375.0,0,0
Track,Good,Critical,Maintenance In Progress,Medium,Preventive Maintenance,Medium,Engineering,Haryana: Ambala-Faridabad,73.0,0.79,143,53,375.0,1,1
Track,Good,Critical,Maintenance In Progress,Medium,Preventive Maintenance,Medium,Engineering,Haryana: Ambala-Faridabad,73.0,0.79,143,53,375.0,2,0
Track,Good,Critical,Maintenance In Progress,Critical,Condition Monitoring,High,Engineering,Haryana: Ambala-Faridabad,90.0,0.8,143,53,402.0,0,0
Track,Good,Critical,Maintenance In Progress,Critical,Condition Monitoring,High,Engineering,Haryana: Ambala-Faridabad,90.0,0.8,143,53,402.0,1,1
Track,Good,Critical,Maintenance In Progress,Critical,Condition Monitoring,High,Engineering,Haryana: Ambala-Faridabad,90.0,0.8,143,53,402.0,2,0
Turnout,Fair,Medium,Operational,Critical,Corrective Maintenance,Low,Engineering,Haryana: Ambala-Faridabad,36.0,0.81,112,85,429.0,0,0
Turnout,Fair,Medium,Operational,Critical,Corrective Maintenance,Low,Engineering,Haryana: Ambala-Faridabad,36.0,0.81,112,85,429.0,1,0
Turnout,Fair,Medium,Operational,Critical,Corrective Maintenance,Low,Engineering,Haryana: Ambala-Faridabad,36.0,0.81,112,85,429.0,2,1
Turnout,Fair,Medium,Operational,Medium,Inspection,Medium,Engineering,Haryana: Ambala-Faridabad,53.0,0.82,112,85,456.0,0,0
Turnout,Fair,Medium,Operational,Medium,Inspection,Medium,Engineering,Haryana: Ambala-Faridabad,53.0,0.82,112,85,456.0,1,0
Turnout,Fair,Medium,Operational,Medium,Inspection,Medium,Engineering,Haryana: Ambala-Faridabad,53.0,0.82,112,85,456.0,2,0
OHE Mast,Poor,High,Operational,Medium,Preventive Maintenance,High,Traction Distribution,Haryana: Ambala-Faridabad,70.0,0.83,80,25,483.0,0,0
OHE Mast,Poor,High,Operational,Medium,Preventive Maintenance,High,Traction Distribution,Haryana: Ambala-Faridabad,70.0,0.83,80,25,483.0,1,1
OHE Mast,Poor,High,Operational,Medium,Preventive Maintenance,High,Traction Distribution,Haryana: Ambala-Faridabad,70.0,0.83,80,25,483.0,2,1
OHE Mast,Poor,High,Operational,Critical,Condition Monitoring,Low,Traction Distribution,Haryana: Ambala-Faridabad,87.0,0.84,80,25,174.0,0,1
OHE Mast,Poor,High,Operational,Critical,Condition Monitoring,Low,Traction Distribution,Haryana: Ambala-Faridabad,87.0,0.84,80,25,174.0,1,1
OHE Mast,Poor,High,Operational,Critical,Condition Monitoring,Low,Traction Distribution,Haryana: Ambala-Faridabad,87.0,0.84,80,25,174.0,2,1
Traction Substation,Critical,High,Under Observation,Critical,Corrective Maintenance,Medium,Traction Distribution,Haryana: Ambala-Faridabad,104.0,0.85,49,56,201.0,0,1
Traction Substation,Critical,High,Under Observation,Critical,Corrective Maintenance,Medium,Traction Distribution,Haryana: Ambala-Faridabad,104.0,0.85,49,56,201.0,1,1
Traction Substation,Critical,High,Under Observation,Critical,Corrective Maintenance,Medium,Traction Distribution,Haryana: Ambala-Faridabad,104.0,0.85,49,56,201.0,2,1
Traction Substation,Critical,High,Under Observation,Medium,Inspection,High,Traction Distribution,Haryana: Ambala-Faridabad,50.0,0.86,49,56,228.0,0,1
Traction Substation,Critical,High,Under Observation,Medium,Inspection,High,Traction Distribution,Haryana: Ambala-Faridabad,50.0,0.86,49,56,228.0,1,1
Traction Substation,Critical,High,Under Observation,Medium,Inspection,High,Traction Distribution,Haryana: Ambala-Faridabad,50.0,0.86,49,56,228.0,2,1
Signal,Good,Critical,Maintenance In Progress,Medium,Preventive Maintenance,Low,Signal & Telecommunication,Haryana: Ambala-Faridabad,67.0,0.87,170,63,255.0,0,1
Signal,Good,Critical,Maintenance In Progress,Medium,Preventive Maintenance,Low,Signal & Telecommunication,Haryana: Ambala-Faridabad,67.0,0.87,170,63,255.0,1,0
Signal,Good,Critical,Maintenance In Progress,Medium,Preventive Maintenance,Low,Signal & Telecommunication,Haryana: Ambala-Faridabad,67.0,0.87,170,63,255.0,2,1
Signal,Good,Critical,Maintenance In Progress,Critical,Condition Monitoring,Medium,Signal & Telecommunication,Haryana: Ambala-Faridabad,84.0,0.88,170,63,282.0,0,1
Signal,Good,Critical,Maintenance In Progress,Critical,Condition Monitoring,Medium,Signal & Telecommunication,Haryana: Ambala-Faridabad,84.0,0.88,170,63,282.0,1,1
Signal,Good,Critical,Maintenance In Progress,Critical,Condition Monitoring,Medium,Signal & Telecommunication,Haryana: Ambala-Faridabad,84.0,0.88,170,63,282.0,2,1
Axle Counter,Fair,Medium,Operational,Critical,Corrective Maintenance,High,Signal & Telecommunication,Haryana: Ambala-Faridabad,101.0,0.89,138,3,309.0,0,1
Axle Counter,Fair,Medium,Operational,Critical,Corrective Maintenance,High,Signal & Telecommunication,Haryana: Ambala-Faridabad,101.0,0.89,138,3,309.0,1,1
Axle Counter,Fair,Medium,Operational,Critical,Corrective Maintenance,High,Signal & Telecommunication,Haryana: Ambala-Faridabad,101.0,0.89,138,3,309.0,2,0
Axle Counter,Fair,Medium,Operational,Medium,Inspection,Low,Signal & Telecommunication,Haryana: Ambala-Faridabad,47.0,0.9,138,3,336.0,0,0
Axle Counter,Fair,Medium,Operational,Medium,Inspection,Low,Signal & Telecommunication,Haryana: Ambala-Faridabad,47.0,0.9,138,3,336.0,1,0
Axle Counter,Fair,Medium,Operational,Medium,Inspection,Low,Signal & Telecommunication,Haryana: Ambala-Faridabad,47.0,0.9,138,3,336.0,2,0
Track,Poor,High,Operational,Medium,Preventive Maintenance,Medium,Engineering,Haryana: Ambala-Faridabad,64.0,0.12,107,34,363.0,0,0
Track,Poor,High,Operational,Medium,Preventive Maintenance,Medium,Engineering,Haryana: Ambala-Faridabad,64.0,0.12,107,34,363.0,1,1
Track,Poor,High,Operational,Medium,Preventive Maintenance,Medium,Engineering,Haryana: Ambala-Faridabad,64.0,0.12,107,34,363.0,2,1
Track,Poor,High,Operational,Critical,Condition Monitoring,High,Engineering,Haryana: Ambala-Faridabad,81.0,0.13,107,34,390.0,0,1
Track,Poor,High,Operational,Critical,Condition Monitoring,High,Engineering,Haryana: Ambala-Faridabad,81.0,0.13,107,34,390.0,1,1
Track,Poor,High,Operational,Critical,Condition Monitoring,High,Engineering,Haryana: Ambala-Faridabad,81.0,0.13,107,34,390.0,2,1
Turnout,Critical,High,Under Observation,Critical,Corrective Maintenance,Low,Engineering,Haryana: Ambala-Faridabad,98.0,0.14,75,66,417.0,0,0
Turnout,Critical,High,Under Observation,Critical,Corrective Maintenance,Low,Engineering,Haryana: Ambala-Faridabad,98.0,0.14,75,66,417.0,1,1
Turnout,Critical,High,Under Observation,Critical,Corrective Maintenance,Low,Engineering,Haryana: Ambala-Faridabad,98.0,0.14,75,66,417.0,2,1
Turnout,Critical,High,Under Observation,Medium,Inspection,Medium,Engineering,Haryana: Ambala-Faridabad,44.0,0.15,75,66,444.0,0,1
Turnout,Critical,High,Under Observation,Medium,Inspection,Medium,Engineering,Haryana: Ambala-Faridabad,44.0,0.15,75,66,444.0,1,1
Turnout,Critical,High,Under Observation,Medium,Inspection,Medium,Engineering,Haryana: Ambala-Faridabad,44.0,0.15,75,66,444.0,2,0
OHE Mast,Good,Critical,Maintenance In Progress,Medium,Preventive Maintenance,High,Traction Distribution,Haryana: Ambala-Faridabad,61.0,0.16,44,6,471.0,0,0
OHE Mast,Good,Critical,Maintenance In Progress,Medium,Preventive Maintenance,High,Traction Distribution,Haryana: Ambala-Faridabad,61.0,0.16,44,6,471.0,1,1
OHE Mast,Good,Critical,Maintenance In Progress,Medium,Preventive Maintenance,High,Traction Distribution,Haryana: Ambala-Faridabad,61.0,0.16,44,6,471.0,2,0
OHE Mast,Good,Critical,Maintenance In Progress,Critical,Condition Monitoring,Low,Traction Distribution,Haryana: Ambala-Faridabad,78.0,0.17,44,6,498.0,0,0
OHE Mast,Good,Critical,Maintenance In Progress,Critical,Condition Monitoring,Low,Traction Distribution,Haryana: Ambala-Faridabad,78.0,0.17,44,6,498.0,1,1
OHE Mast,Good,Critical,Maintenance In Progress,Critical,Condition Monitoring,Low,Traction Distribution,Haryana: Ambala-Faridabad,78.0,0.17,44,6,498.0,2,0
Traction Substation,Fair,Medium,Operational,Critical,Corrective Maintenance,Medium,Traction Distribution,Haryana: Ambala-Faridabad,95.0,0.18,165,37,525.0,0,0
Traction Substation,Fair,Medium,Operational,Critical,Corrective Maintenance,Medium,Traction Distribution,Haryana: Ambala-Faridabad,95.0,0.18,165,37,525.0,1,1
Traction Substation,Fair,Medium,Operational,Critical,Corrective Maintenance,Medium,Traction Distribution,Haryana: Ambala-Faridabad,95.0,0.18,165,37,525.0,2,0
Traction Substation,Fair,Medium,Operational,Medium,Inspection,High,Traction Distribution,Haryana: Ambala-Faridabad,41.0,0.19,165,37,216.0,0,0
Traction Substation,Fair,Medium,Operational,Medium,Inspection,High,Traction Distribution,Haryana: Ambala-Faridabad,41.0,0.19,165,37,216.0,1,0
Traction Substation,Fair,Medium,Operational,Medium,Inspection,High,Traction Distribution,Haryana: Ambala-Faridabad,41.0,0.19,165,37,216.0,2,0
Signal,Poor,High,Operational,Medium,Preventive Maintenance,Low,Signal & Telecommunication,Haryana: Ambala-Faridabad,58.0,0.2,133,69,243.0,0,0
Signal,Poor,High,Operational,Medium,Preventive Maintenance,Low,Signal & Telecommunication,Haryana: Ambala-Faridabad,58.0,0.2,133,69,243.0,1,1
Signal,Poor,High,Operational,Medium,Preventive Maintenance,Low,Signal & Telecommunication,Haryana: Ambala-Faridabad,58.0,0.2,133,69,243.0,2,0
Signal,Poor,High,Operational,Critical,Condition Monitoring,Medium,Signal & Telecommunication,Haryana: Ambala-Faridabad,75.0,0.21,133,69,270.0,0,0
Signal,Poor,High,Operational,Critical,Condition Monitoring,Medium,Signal & Telecommunication,Haryana: Ambala-Faridabad,75.0,0.21,133,69,270.0,1,0
Signal,Poor,High,Operational,Critical,Condition Monitoring,Medium,Signal & Telecommunication,Haryana: Ambala-Faridabad,75.0,0.21,133,69,270.0,2,0
Axle Counter,Critical,High,Under Observation,Critical,Corrective Maintenance,High,Signal & Telecommunication,Haryana: Ambala-Faridabad,92.0,0.22,102,9,297.0,0,0
Axle Counter,Critical,High,Under Observation,Critical,Corrective Maintenance,High,Signal & Telecommunication,Haryana: Ambala-Faridabad,92.0,0.22,102,9,297.0,1,1
Axle Counter,Critical,High,Under Observation,Critical,Corrective Maintenance,High,Signal & Telecommunication,Haryana: Ambala-Faridabad,92.0,0.22,102,9,297.0,2,1
Axle Counter,Critical,High,Under Observation,Medium,Inspection,Low,Signal & Telecommunication,Haryana: Ambala-Faridabad,38.0,0.23,102,9,324.0,0,0
Axle Counter,Critical,High,Under Observation,Medium,Inspection,Low,Signal & Telecommunication,Haryana: Ambala-Faridabad,38.0,0.23,102,9,324.0,1,0
Axle Counter,Critical,High,Under Observation,Medium,Inspection,Low,Signal & Telecommunication,Haryana: Ambala-Faridabad,38.0,0.23,102,9,324.0,2,1
Track,Good,Critical,Maintenance In Progress,Medium,Preventive Maintenance,Medium,Engineering,Haryana: Ambala-Faridabad,55.0,0.24,70,40,351.0,0,0
Track,Good,Critical,Maintenance In Progress,Medium,Preventive Maintenance,Medium,Engineering,Haryana: Ambala-Faridabad,55.0,0.24,70,40,351.0,1,0
Track,Good,Critical,Maintenance In Progress,Medium,Preventive Maintenance,Medium,Engineering,Haryana: Ambala-Faridabad,55.0,0.24,70,40,351.0,2,0
Track,Good,Critical,Maintenance In Progress,Critical,Condition Monitoring,High,Engineering,Haryana: Ambala-Faridabad,72.0,0.25,70,40,378.0,0,0
Track,Good,Critical,Maintenance In Progress,Critical,Condition Monitoring,High,Engineering,Haryana: Ambala-Faridabad,72.0,0.25,70,40,378.0,1,1
Track,Good,Critical,Maintenance In Progress,Critical,Condition Monitoring,High,Engineering,Haryana: Ambala-Faridabad,72.0,0.25,70,40,378.0,2,1
Turnout,Fair,Medium,Operational,Critical,Corrective Maintenance,Low,Engineering,Haryana: Ambala-Faridabad,89.0,0.26,39,72,405.0,0,0
Turnout,Fair,Medium,Operational,Critical,Corrective Maintenance,Low,Engineering,Haryana: Ambala-Faridabad,89.0,0.26,39,72,405.0,1,1
Turnout,Fair,Medium,Operational,Critical,Corrective Maintenance,Low,Engineering,Haryana: Ambala-Faridabad,89.0,0.26,39,72,405.0,2,0
Turnout,Fair,Medium,Operational,Medium,Inspection,Medium,Engineering,Haryana: Ambala-Faridabad,35.0,0.27,39,72,432.0,0,0
Turnout,Fair,Medium,Operational,Medium,Inspection,Medium,Engineering,Haryana: Ambala-Faridabad,35.0,0.27,39,72,432.0,1,0
Turnout,Fair,Medium,Operational,Medium,Inspection,Medium,Engineering,Haryana: Ambala-Faridabad,35.0,0.27,39,72,432.0,2,1
OHE Mast,Poor,High,Operational,Medium,Preventive Maintenance,High,Traction Distribution,Haryana: Ambala-Faridabad,52.0,0.28,160,12,459.0,0,0
OHE Mast,Poor,High,Operational,Medium,Preventive Maintenance,High,Traction Distribution,Haryana: Ambala-Faridabad,52.0,0.28,160,12,459.0,1,0
OHE Mast,Poor,High,Operational,Medium,Preventive Maintenance,High,Traction Distribution,Haryana: Ambala-Faridabad,52.0,0.28,160,12,459.0,2,1
OHE Mast,Poor,High,Operational,Critical,Condition Monitoring,Low,Traction Distribution,Haryana: Ambala-Faridabad,69.0,0.29,160,12,486.0,0,0
OHE Mast,Poor,High,Operational,Critical,Condition Monitoring,Low,Traction Distribution,Haryana: Ambala-Faridabad,69.0,0.29,160,12,486.0,1,1
OHE Mast,Poor,High,Operational,Critical,Condition Monitoring,Low,Traction Distribution,Haryana: Ambala-Faridabad,69.0,0.29,160,12,486.0,2,0
Traction Substation,Critical,High,Under Observation,Critical,Corrective Maintenance,Medium,Traction Distribution,Haryana: Ambala-Faridabad,86.0,0.3,128,43,513.0,0,1
Traction Substation,Critical,High,Under Observation,Critical,Corrective Maintenance,Medium,Traction Distribution,Haryana: Ambala-Faridabad,86.0,0.3,128,43,513.0,1,1
Traction Substation,Critical,High,Under Observation,Critical,Corrective Maintenance,Medium,Traction Distribution,Haryana: Ambala-Faridabad,86.0,0.3,128,43,513.0,2,1
Traction Substation,Critical,High,Under Observation,Medium,Inspection,High,Traction Distribution,Haryana: Ambala-Faridabad,103.0,0.31,128,43,540.0,0,1
Traction Substation,Critical,High,Under Observation,Medium,Inspection,High,Traction Distribution,Haryana: Ambala-Faridabad,103.0,0.31,128,43,540.0,1,1
Traction Substation,Critical,High,Under Observation,Medium,Inspection,High,Traction Distribution,Haryana: Ambala-Faridabad,103.0,0.31,128,43,540.0,2,1
Signal,Good,Critical,Maintenance In Progress,Medium,Preventive Maintenance,Low,Signal & Telecommunication,Haryana: Ambala-Faridabad,49.0,0.32,97,75,567.0,0,0
Signal,Good,Critical,Maintenance In Progress,Medium,Preventive Maintenance,Low,Signal & Telecommunication,Haryana: Ambala-Faridabad,49.0,0.32,97,75,567.0,1,0
Signal,Good,Critical,Maintenance In Progress,Medium,Preventive Maintenance,Low,Signal & Telecommunication,Haryana: Ambala-Faridabad,49.0,0.32,97,75,567.0,2,0
Signal,Good,Critical,Maintenance In Progress,Critical,Condition Monitoring,Medium,Signal & Telecommunication,Haryana: Ambala-Faridabad,66.0,0.33,97,75,258.0,0,1
Signal,Good,Critical,Maintenance In Progress,Critical,Condition Monitoring,Medium,Signal & Telecommunication,Haryana: Ambala-Faridabad,66.0,0.33,97,75,258.0,1,1
Signal,Good,Critical,Maintenance In Progress,Critical,Condition Monitoring,Medium,Signal & Telecommunication,Haryana: Ambala-Faridabad,66.0,0.33,97,75,258.0,2,0
Axle Counter,Fair,Medium,Operational,Critical,Corrective Maintenance,High,Signal & Telecommunication,Haryana: Ambala-Faridabad,83.0,0.34,89,15,285.0,0,1
Axle Counter,Fair,Medium,Operational,Critical,Corrective Maintenance,High,Signal & Telecommunication,Haryana: Ambala-Faridabad,83.0,0.34,89,15,285.0,1,0
Axle Counter,Fair,Medium,Operational,Critical,Corrective Maintenance,High,Signal & Telecommunication,Haryana: Ambala-Faridabad,83.0,0.34,89,15,285.0,2,0
Axle Counter,Fair,Medium,Operational,Medium,Inspection,Low,Signal & Telecommunication,Haryana: Ambala-Faridabad,100.0,0.35,89,15,312.0,0,0
Axle Counter,Fair,Medium,Operational,Medium,Inspection,Low,Signal & Telecommunication,Haryana: Ambala-Faridabad,100.0,0.35,89,15,312.0,1,0
Axle Counter,Fair,Medium,Operational,Medium,Inspection,Low,Signal & Telecommunication,Haryana: Ambala-Faridabad,100.0,0.35,89,15,312.0,2,0
Track,Poor,High,Operational,Medium,Preventive Maintenance,Medium,Engineering,Himachal Pradesh: Shimla-Kalka,46.0,0.36,58,46,339.0,0,0
Track,Poor,High,Operational,Medium,Preventive Maintenance,Medium,Engineering,Himachal Pradesh: Shimla-Kalka,46.0,0.36,58,46,339.0,1,1
Track,Poor,High,Operational,Medium,Preventive Maintenance,Medium,Engineering,Himachal Pradesh: Shimla-Kalka,46.0,0.36,58,46,339.0,2,1
Track,Poor,High,Operational,Critical,Condition Monitoring,High,Engineering,Himachal Pradesh: Shimla-Kalka,63.0,0.37,58,46,366.0,0,1
Track,Poor,High,Operational,Critical,Condition Monitoring,High,Engineering,Himachal Pradesh: Shimla-Kalka,63.0,0.37,58,46,366.0,1,0
Track,Poor,High,Operational,Critical,Condition Monitoring,High,Engineering,Himachal Pradesh: Shimla-Kalka,63.0,0.37,58,46,366.0,2,0
Turnout,Critical,High,Under Observation,Critical,Corrective Maintenance,Low,Engineering,Himachal Pradesh: Shimla-Kalka,80.0,0.38,179,78,393.0,0,1
Turnout,Critical,High,Under Observation,Critical,Corrective Maintenance,Low,Engineering,Himachal Pradesh: Shimla-Kalka,80.0,0.38,179,78,393.0,1,1
Turnout,Critical,High,Under Observation,Critical,Corrective Maintenance,Low,Engineering,Himachal Pradesh: Shimla-Kalka,80.0,0.38,179,78,393.0,2,1
Turnout,Critical,High,Under Observation,Medium,Inspection,Medium,Engineering,Himachal Pradesh: Shimla-Kalka,97.0,0.39,179,78,420.0,0,0
Turnout,Critical,High,Under Observation,Medium,Inspection,Medium,Engineering,Himachal Pradesh: Shimla-Kalka,97.0,0.39,179,78,420.0,1,1
Turnout,Critical,High,Under Observation,Medium,Inspection,Medium,Engineering,Himachal Pradesh: Shimla-Kalka,97.0,0.39,179,78,420.0,2,0
OHE Mast,Good,Critical,Maintenance In Progress,Medium,Preventive Maintenance,High,Traction Distribution,Himachal Pradesh: Shimla-Kalka,43.0,0.4,147,18,447.0,0,0
OHE Mast,Good,Critical,Maintenance In Progress,Medium,Preventive Maintenance,High,Traction Distribution,Himachal Pradesh: Shimla-Kalka,43.0,0.4,147,18,447.0,1,1
OHE Mast,Good,Critical,Maintenance In Progress,Medium,Preventive Maintenance,High,Traction Distribution,Himachal Pradesh: Shimla-Kalka,43.0,0.4,147,18,447.0,2,1
OHE Mast,Good,Critical,Maintenance In Progress,Critical,Condition Monitoring,Low,Traction Distribution,Himachal Pradesh: Shimla-Kalka,60.0,0.41,147,18,474.0,0,0
OHE Mast,Good,Critical,Maintenance In Progress,Critical,Condition Monitoring,Low,Traction Distribution,Himachal Pradesh: Shimla-Kalka,60.0,0.41,147,18,474.0,1,0
OHE Mast,Good,Critical,Maintenance In Progress,Critical,Condition Monitoring,Low,Traction Distribution,Himachal Pradesh: Shimla-Kalka,60.0,0.41,147,18,474.0,2,0
Traction Substation,Fair,Medium,Operational,Critical,Corrective Maintenance,Medium,Traction Distribution,Himachal Pradesh: Shimla-Kalka,77.0,0.42,116,49,501.0,0,0
Traction Substation,Fair,Medium,Operational,Critical,Corrective Maintenance,Medium,Traction Distribution,Himachal Pradesh: Shimla-Kalka,77.0,0.42,116,49,501.0,1,0
Traction Substation,Fair,Medium,Operational,Critical,Corrective Maintenance,Medium,Traction Distribution,Himachal Pradesh: Shimla-Kalka,77.0,0.42,116,49,501.0,2,0
Traction Substation,Fair,Medium,Operational,Medium,Inspection,High,Traction Distribution,Himachal Pradesh: Shimla-Kalka,94.0,0.43,116,49,528.0,0,0
Traction Substation,Fair,Medium,Operational,Medium,Inspection,High,Traction Distribution,Himachal Pradesh: Shimla-Kalka,94.0,0.43,116,49,528.0,1,0
Traction Substation,Fair,Medium,Operational,Medium,Inspection,High,Traction Distribution,Himachal Pradesh: Shimla-Kalka,94.0,0.43,116,49,528.0,2,1
Signal,Poor,High,Operational,Medium,Preventive Maintenance,Low,Signal & Telecommunication,Himachal Pradesh: Shimla-Kalka,40.0,0.44,84,81,555.0,0,1
Signal,Poor,High,Operational,Medium,Preventive Maintenance,Low,Signal & Telecommunication,Himachal Pradesh: Shimla-Kalka,40.0,0.44,84,81,555.0,1,1
Signal,Poor,High,Operational,Medium,Preventive Maintenance,Low,Signal & Telecommunication,Himachal Pradesh: Shimla-Kalka,40.0,0.44,84,81,555.0,2,1
Signal,Poor,High,Operational,Critical,Condition Monitoring,Medium,Signal & Telecommunication,Himachal Pradesh: Shimla-Kalka,57.0,0.45,84,81,582.0,0,1
Signal,Poor,High,Operational,Critical,Condition Monitoring,Medium,Signal & Telecommunication,Himachal Pradesh: Shimla-Kalka,57.0,0.45,84,81,582.0,1,1
Signal,Poor,High,Operational,Critical,Condition Monitoring,Medium,Signal & Telecommunication,Himachal Pradesh: Shimla-Kalka,57.0,0.45,84,81,582.0,2,1
Axle Counter,Critical,High,Under Observation,Critical,Corrective Maintenance,High,Signal & Telecommunication,Himachal Pradesh: Shimla-Kalka,74.0,0.46,53,21,609.0,0,1
Axle Counter,Critical,High,Under Observation,Critical,Corrective Maintenance,High,Signal & Telecommunication,Himachal Pradesh: Shimla-Kalka,74.0,0.46,53,21,609.0,1,1
Axle Counter,Critical,High,Under Observation,Critical,Corrective Maintenance,High,Signal & Telecommunication,Himachal Pradesh: Shimla-Kalka,74.0,0.46,53,21,609.0,2,1
Axle Counter,Critical,High,Under Observation,Medium,Inspection,Low,Signal & Telecommunication,Himachal Pradesh: Shimla-Kalka,91.0,0.47,53,21,300.0,0,0
Axle Counter,Critical,High,Under Observation,Medium,Inspection,Low,Signal & Telecommunication,Himachal Pradesh: Shimla-Kalka,91.0,0.47,53,21,300.0,1,1
Axle Counter,Critical,High,Under Observation,Medium,Inspection,Low,Signal & Telecommunication,Himachal Pradesh: Shimla-Kalka,91.0,0.47,53,21,300.0,2,1
Track,Good,Critical,Maintenance In Progress,Medium,Preventive Maintenance,Medium,Engineering,Himachal Pradesh: Shimla-Kalka,37.0,0.48,174,52,327.0,0,1
Track,Good,Critical,Maintenance In Progress,Medium,Preventive Maintenance,Medium,Engineering,Himachal Pradesh: Shimla-Kalka,37.0,0.48,174,52,327.0,1,0
Track,Good,Critical,Maintenance In Progress,Medium,Preventive Maintenance,Medium,Engineering,Himachal Pradesh: Shimla-Kalka,37.0,0.48,174,52,327.0,2,0
Track,Good,Critical,Maintenance In Progress,Critical,Condition Monitoring,High,Engineering,Himachal Pradesh: Shimla-Kalka,54.0,0.49,174,52,354.0,0,0
Track,Good,Critical,Maintenance In Progress,Critical,Condition Monitoring,High,Engineering,Himachal Pradesh: Shimla-Kalka,54.0,0.49,174,52,354.0,1,0
Track,Good,Critical,Maintenance In Progress,Critical,Condition Monitoring,High,Engineering,Himachal Pradesh: Shimla-Kalka,54.0,0.49,174,52,354.0,2,1
Turnout,Fair,Medium,Operational,Critical,Corrective Maintenance,Low,Engineering,Himachal Pradesh: Shimla-Kalka,71.0,0.5,142,84,381.0,0,0
Turnout,Fair,Medium,Operational,Critical,Corrective Maintenance,Low,Engineering,Himachal Pradesh: Shimla-Kalka,71.0,0.5,142,84,381.0,1,0
Turnout,Fair,Medium,Operational,Critical,Corrective Maintenance,Low,Engineering,Himachal Pradesh: Shimla-Kalka,71.0,0.5,142,84,381.0,2,1
Turnout,Fair,Medium,Operational,Medium,Inspection,Medium,Engineering,Himachal Pradesh: Shimla-Kalka,88.0,0.51,142,84,408.0,0,1
Turnout,Fair,Medium,Operational,Medium,Inspection,Medium,Engineering,Himachal Pradesh: Shimla-Kalka,88.0,0.51,142,84,408.0,1,0
Turnout,Fair,Medium,Operational,Medium,Inspection,Medium,Engineering,Himachal Pradesh: Shimla-Kalka,88.0,0.51,142,84,408.0,2,0
OHE Mast,Poor,High,Operational,Medium,Preventive Maintenance,High,Traction Distribution,Himachal Pradesh: Shimla-Kalka,105.0,0.52,111,24,435.0,0,0
OHE Mast,Poor,High,Operational,Medium,Preventive Maintenance,High,Traction Distribution,Himachal Pradesh: Shimla-Kalka,105.0,0.52,111,24,435.0,1,1
OHE Mast,Poor,High,Operational,Medium,Preventive Maintenance,High,Traction Distribution,Himachal Pradesh: Shimla-Kalka,105.0,0.52,111,24,435.0,2,0
OHE Mast,Poor,High,Operational,Critical,Condition Monitoring,Low,Traction Distribution,Himachal Pradesh: Shimla-Kalka,51.0,0.53,111,24,462.0,0,1
OHE Mast,Poor,High,Operational,Critical,Condition Monitoring,Low,Traction Distribution,Himachal Pradesh: Shimla-Kalka,51.0,0.53,111,24,462.0,1,0
OHE Mast,Poor,High,Operational,Critical,Condition Monitoring,Low,Traction Distribution,Himachal Pradesh: Shimla-Kalka,51.0,0.53,111,24,462.0,2,0
Traction Substation,Critical,High,Under Observation,Critical,Corrective Maintenance,Medium,Traction Distribution,Himachal Pradesh: Shimla-Kalka,68.0,0.54,79,55,489.0,0,1
Traction Substation,Critical,High,Under Observation,Critical,Corrective Maintenance,Medium,Traction Distribution,Himachal Pradesh: Shimla-Kalka,68.0,0.54,79,55,489.0,1,1
Traction Substation,Critical,High,Under Observation,Critical,Corrective Maintenance,Medium,Traction Distribution,Himachal Pradesh: Shimla-Kalka,68.0,0.54,79,55,489.0,2,1
Traction Substation,Critical,High,Under Observation,Medium,Inspection,High,Traction Distribution,Himachal Pradesh: Shimla-Kalka,85.0,0.55,79,55,516.0,0,0
Traction Substation,Critical,High,Under Observation,Medium,Inspection,High,Traction Distribution,Himachal Pradesh: Shimla-Kalka,85.0,0.55,79,55,516.0,1,1
Traction Substation,Critical,High,Under Observation,Medium,Inspection,High,Traction Distribution,Himachal Pradesh: Shimla-Kalka,85.0,0.55,79,55,516.0,2,0
Signal,Good,Critical,Maintenance In Progress,Medium,Preventive Maintenance,Low,Signal & Telecommunication,Himachal Pradesh: Shimla-Kalka,102.0,0.56,48,87,543.0,0,0
Signal,Good,Critical,Maintenance In Progress,Medium,Preventive Maintenance,Low,Signal & Telecommunication,Himachal Pradesh: Shimla-Kalka,102.0,0.56,48,87,543.0,1,1
Signal,Good,Critical,Maintenance In Progress,Medium,Preventive Maintenance,Low,Signal & Telecommunication,Himachal Pradesh: Shimla-Kalka,102.0,0.56,48,87,543.0,2,0
Signal,Good,Critical,Maintenance In Progress,Critical,Condition Monitoring,Medium,Signal & Telecommunication,Himachal Pradesh: Shimla-Kalka,48.0,0.57,48,87,570.0,0,0
Signal,Good,Critical,Maintenance In Progress,Critical,Condition Monitoring,Medium,Signal & Telecommunication,Himachal Pradesh: Shimla-Kalka,48.0,0.57,48,87,570.0,1,0
Signal,Good,Critical,Maintenance In Progress,Critical,Condition Monitoring,Medium,Signal & Telecommunication,Himachal Pradesh: Shimla-Kalka,48.0,0.57,48,87,570.0,2,0
Axle Counter,Fair,Medium,Operational,Critical,Corrective Maintenance,High,Signal & Telecommunication,Himachal Pradesh: Shimla-Kalka,65.0,0.58,169,2,597.0,0,0
Axle Counter,Fair,Medium,Operational,Critical,Corrective Maintenance,High,Signal & Telecommunication,Himachal Pradesh: Shimla-Kalka,65.0,0.58,169,2,597.0,1,0
Axle Counter,Fair,Medium,Operational,Critical,Corrective Maintenance,High,Signal & Telecommunication,Himachal Pradesh: Shimla-Kalka,65.0,0.58,169,2,597.0,2,1
Axle Counter,Fair,Medium,Operational,Medium,Inspection,Low,Signal & Telecommunication,Himachal Pradesh: Shimla-Kalka,82.0,0.59,169,2,624.0,0,0
Axle Counter,Fair,Medium,Operational,Medium,Inspection,Low,Signal & Telecommunication,Himachal Pradesh: Shimla-Kalka,82.0,0.59,169,2,624.0,1,0
Axle Counter,Fair,Medium,Operational,Medium,Inspection,Low,Signal & Telecommunication,Himachal Pradesh: Shimla-Kalka,82.0,0.59,169,2,624.0,2,0
Track,Poor,High,Operational,Medium,Preventive Maintenance,Medium,Engineering,Himachal Pradesh: Shimla-Kalka,99.0,0.6,137,33,651.0,0,0
Track,Poor,High,Operational,Medium,Preventive Maintenance,Medium,Engineering,Himachal Pradesh: Shimla-Kalka,99.0,0.6,137,33,651.0,1,0
Track,Poor,High,Operational,Medium,Preventive Maintenance,Medium,Engineering,Himachal Pradesh: Shimla-Kalka,99.0,0.6,137,33,651.0,2,1
Track,Poor,High,Operational,Critical,Condition Monitoring,High,Engineering,Himachal Pradesh: Shimla-Kalka,45.0,0.61,137,33,342.0,0,0
Track,Poor,High,Operational,Critical,Condition Monitoring,High,Engineering,Himachal Pradesh: Shimla-Kalka,45.0,0.61,137,33,342.0,1,0
Track,Poor,High,Operational,Critical,Condition Monitoring,High,Engineering,Himachal Pradesh: Shimla-Kalka,45.0,0.61,137,33,342.0,2,1
Turnout,Critical,High,Under Observation,Critical,Corrective Maintenance,Low,Engineering,Himachal Pradesh: Shimla-Kalka,62.0,0.62,106,65,369.0,0,1
Turnout,Critical,High,Under Observation,Critical,Corrective Maintenance,Low,Engineering,Himachal Pradesh: Shimla-Kalka,62.0,0.62,106,65,369.0,1,1
Turnout,Critical,High,Under Observation,Critical,Corrective Maintenance,Low,Engineering,Himachal Pradesh: Shimla-Kalka,62.0,0.62,106,65,369.0,2,1
Turnout,Critical,High,Under Observation,Medium,Inspection,Medium,Engineering,Himachal Pradesh: Shimla-Kalka,79.0,0.63,106,65,396.0,0,0
Turnout,Critical,High,Under Observation,Medium,Inspection,Medium,Engineering,Himachal Pradesh: Shimla-Kalka,79.0,0.63,106,65,396.0,1,1
Turnout,Critical,High,Under Observation,Medium,Inspection,Medium,Engineering,Himachal Pradesh: Shimla-Kalka,79.0,0.63,106,65,396.0,2,0
OHE Mast,Good,Critical,Maintenance In Progress,Medium,Preventive Maintenance,High,Traction Distribution,Himachal Pradesh: Shimla-Kalka,96.0,0.64,74,5,423.0,0,1
OHE Mast,Good,Critical,Maintenance In Progress,Medium,Preventive Maintenance,High,Traction Distribution,Himachal Pradesh: Shimla-Kalka,96.0,0.64,74,5,423.0,1,0
OHE Mast,Good,Critical,Maintenance In Progress,Medium,Preventive Maintenance,High,Traction Distribution,Himachal Pradesh: Shimla-Kalka,96.0,0.64,74,5,423.0,2,0
OHE Mast,Good,Critical,Maintenance In Progress,Critical,Condition Monitoring,Low,Traction Distribution,Himachal Pradesh: Shimla-Kalka,42.0,0.65,74,5,450.0,0,1
OHE Mast,Good,Critical,Maintenance In Progress,Critical,Condition Monitoring,Low,Traction Distribution,Himachal Pradesh: Shimla-Kalka,42.0,0.65,74,5,450.0,1,0
OHE Mast,Good,Critical,Maintenance In Progress,Critical,Condition Monitoring,Low,Traction Distribution,Himachal Pradesh: Shimla-Kalka,42.0,0.65,74,5,450.0,2,1
Traction Substation,Fair,Medium,Operational,Critical,Corrective Maintenance,Medium,Traction Distribution,Himachal Pradesh: Shimla-Kalka,59.0,0.66,43,36,477.0,0,1
Traction Substation,Fair,Medium,Operational,Critical,Corrective Maintenance,Medium,Traction Distribution,Himachal Pradesh: Shimla-Kalka,59.0,0.66,43,36,477.0,1,1
Traction Substation,Fair,Medium,Operational,Critical,Corrective Maintenance,Medium,Traction Distribution,Himachal Pradesh: Shimla-Kalka,59.0,0.66,43,36,477.0,2,0
Traction Substation,Fair,Medium,Operational,Medium,Inspection,High,Traction Distribution,Himachal Pradesh: Shimla-Kalka,76.0,0.67,43,36,504.0,0,0
Traction Substation,Fair,Medium,Operational,Medium,Inspection,High,Traction Distribution,Himachal Pradesh: Shimla-Kalka,76.0,0.67,43,36,504.0,1,1
Traction Substation,Fair,Medium,Operational,Medium,Inspection,High,Traction Distribution,Himachal Pradesh: Shimla-Kalka,76.0,0.67,43,36,504.0,2,0
Signal,Poor,High,Operational,Medium,Preventive Maintenance,Low,Signal & Telecommunication,Himachal Pradesh: Shimla-Kalka,93.0,0.68,164,68,531.0,0,1
Signal,Poor,High,Operational,Medium,Preventive Maintenance,Low,Signal & Telecommunication,Himachal Pradesh: Shimla-Kalka,93.0,0.68,164,68,531.0,1,1
Signal,Poor,High,Operational,Medium,Preventive Maintenance,Low,Signal & Telecommunication,Himachal Pradesh: Shimla-Kalka,93.0,0.68,164,68,531.0,2,0
Signal,Poor,High,Operational,Critical,Condition Monitoring,Medium,Signal & Telecommunication,Himachal Pradesh: Shimla-Kalka,39.0,0.69,164,68,558.0,0,1
Signal,Poor,High,Operational,Critical,Condition Monitoring,Medium,Signal & Telecommunication,Himachal Pradesh: Shimla-Kalka,39.0,0.69,164,68,558.0,1,1
Signal,Poor,High,Operational,Critical,Condition Monitoring,Medium,Signal & Telecommunication,Himachal Pradesh: Shimla-Kalka,39.0,0.69,164,68,558.0,2,1
Axle Counter,Critical,High,Under Observation,Critical,Corrective Maintenance,High,Signal & Telecommunication,Himachal Pradesh: Shimla-Kalka,56.0,0.7,132,8,585.0,0,1
Axle Counter,Critical,High,Under Observation,Critical,Corrective Maintenance,High,Signal & Telecommunication,Himachal Pradesh: Shimla-Kalka,56.0,0.7,132,8,585.0,1,1
Axle Counter,Critical,High,Under Observation,Critical,Corrective Maintenance,High,Signal & Telecommunication,Himachal Pradesh: Shimla-Kalka,56.0,0.7,132,8,585.0,2,1
Axle Counter,Critical,High,Under Observation,Medium,Inspection,Low,Signal & Telecommunication,Himachal Pradesh: Shimla-Kalka,73.0,0.71,132,8,612.0,0,1
Axle Counter,Critical,High,Under Observation,Medium,Inspection,Low,Signal & Telecommunication,Himachal Pradesh: Shimla-Kalka,73.0,0.71,132,8,612.0,1,0
Axle Counter,Critical,High,Under Observation,Medium,Inspection,Low,Signal & Telecommunication,Himachal Pradesh: Shimla-Kalka,73.0,0.71,132,8,612.0,2,1
Track,Good,Critical,Maintenance In Progress,Medium,Preventive Maintenance,Medium,Engineering,Himachal Pradesh: Shimla-Kalka,90.0,0.72,101,39,639.0,0,1
Track,Good,Critical,Maintenance In Progress,Medium,Preventive Maintenance,Medium,Engineering,Himachal Pradesh: Shimla-Kalka,90.0,0.72,101,39,639.0,1,0
Track,Good,Critical,Maintenance In Progress,Medium,Preventive Maintenance,Medium,Engineering,Himachal Pradesh: Shimla-Kalka,90.0,0.72,101,39,639.0,2,0
Track,Good,Critical,Maintenance In Progress,Critical,Condition Monitoring,High,Engineering,Himachal Pradesh: Shimla-Kalka,36.0,0.73,101,39,666.0,0,1
Track,Good,Critical,Maintenance In Progress,Critical,Condition Monitoring,High,Engineering,Himachal Pradesh: Shimla-Kalka,36.0,0.73,101,39,666.0,1,1
Track,Good,Critical,Maintenance In Progress,Critical,Condition Monitoring,High,Engineering,Himachal Pradesh: Shimla-Kalka,36.0,0.73,101,39,666.0,2,0
Turnout,Fair,Medium,Operational,Critical,Corrective Maintenance,Low,Engineering,Himachal Pradesh: Shimla-Kalka,53.0,0.74,69,71,693.0,0,1
Turnout,Fair,Medium,Operational,Critical,Corrective Maintenance,Low,Engineering,Himachal Pradesh: Shimla-Kalka,53.0,0.74,69,71,693.0,1,1
Turnout,Fair,Medium,Operational,Critical,Corrective Maintenance,Low,Engineering,Himachal Pradesh: Shimla-Kalka,53.0,0.74,69,71,693.0,2,0
Turnout,Fair,Medium,Operational,Medium,Inspection,Medium,Engineering,Himachal Pradesh: Shimla-Kalka,70.0,0.75,69,71,384.0,0,0
Turnout,Fair,Medium,Operational,Medium,Inspection,Medium,Engineering,Himachal Pradesh: Shimla-Kalka,70.0,0.75,69,71,384.0,1,0
Turnout,Fair,Medium,Operational,Medium,Inspection,Medium,Engineering,Himachal Pradesh: Shimla-Kalka,70.0,0.75,69,71,384.0,2,0
OHE Mast,Poor,High,Operational,Medium,Preventive Maintenance,High,Traction Distribution,Himachal Pradesh: Shimla-Kalka,87.0,0.76,38,11,411.0,0,1
OHE Mast,Poor,High,Operational,Medium,Preventive Maintenance,High,Traction Distribution,Himachal Pradesh: Shimla-Kalka,87.0,0.76,38,11,411.0,1,1
OHE Mast,Poor,High,Operational,Medium,Preventive Maintenance,High,Traction Distribution,Himachal Pradesh: Shimla-Kalka,87.0,0.76,38,11,411.0,2,1
OHE Mast,Poor,High,Operational,Critical,Condition Monitoring,Low,Traction Distribution,Himachal Pradesh: Shimla-Kalka,104.0,0.77,38,11,438.0,0,1
OHE Mast,Poor,High,Operational,Critical,Condition Monitoring,Low,Traction Distribution,Himachal Pradesh: Shimla-Kalka,104.0,0.77,38,11,438.0,1,1
OHE Mast,Poor,High,Operational,Critical,Condition Monitoring,Low,Traction Distribution,Himachal Pradesh: Shimla-Kalka,104.0,0.77,38,11,438.0,2,1
Traction Substation,Critical,High,Under Observation,Critical,Corrective Maintenance,Medium,Traction Distribution,Himachal Pradesh: Shimla-Kalka,50.0,0.78,159,42,465.0,0,1
Traction Substation,Critical,High,Under Observation,Critical,Corrective Maintenance,Medium,Traction Distribution,Himachal Pradesh: Shimla-Kalka,50.0,0.78,159,42,465.0,1,1
Traction Substation,Critical,High,Under Observation,Critical,Corrective Maintenance,Medium,Traction Distribution,Himachal Pradesh: Shimla-Kalka,50.0,0.78,159,42,465.0,2,1
Traction Substation,Critical,High,Under Observation,Medium,Inspection,High,Traction Distribution,Himachal Pradesh: Shimla-Kalka,67.0,0.79,159,42,492.0,0,1
Traction Substation,Critical,High,Under Observation,Medium,Inspection,High,Traction Distribution,Himachal Pradesh: Shimla-Kalka,67.0,0.79,159,42,492.0,1,1
Traction Substation,Critical,High,Under Observation,Medium,Inspection,High,Traction Distribution,Himachal Pradesh: Shimla-Kalka,67.0,0.79,159,42,492.0,2,0
Signal,Good,Critical,Maintenance In Progress,Medium,Preventive Maintenance,Low,Signal & Telecommunication,Himachal Pradesh: Shimla-Kalka,84.0,0.8,127,74,519.0,0,1
Signal,Good,Critical,Maintenance In Progress,Medium,Preventive Maintenance,Low,Signal & Telecommunication,Himachal Pradesh: Shimla-Kalka,84.0,0.8,127,74,519.0,1,0
Signal,Good,Critical,Maintenance In Progress,Medium,Preventive Maintenance,Low,Signal & Telecommunication,Himachal Pradesh: Shimla-Kalka,84.0,0.8,127,74,519.0,2,0
Signal,Good,Critical,Maintenance In Progress,Critical,Condition Monitoring,Medium,Signal & Telecommunication,Himachal Pradesh: Shimla-Kalka,101.0,0.81,127,74,546.0,0,0
Signal,Good,Critical,Maintenance In Progress,Critical,Condition Monitoring,Medium,Signal & Telecommunication,Himachal Pradesh: Shimla-Kalka,101.0,0.81,127,74,546.0,1,1
Signal,Good,Critical,Maintenance In Progress,Critical,Condition Monitoring,Medium,Signal & Telecommunication,Himachal Pradesh: Shimla-Kalka,101.0,0.81,127,74,546.0,2,0
Axle Counter,Fair,Medium,Operational,Critical,Corrective Maintenance,High,Signal & Telecommunication,Himachal Pradesh: Shimla-Kalka,47.0,0.82,120,14,573.0,0,0
Axle Counter,Fair,Medium,Operational,Critical,Corrective Maintenance,High,Signal & Telecommunication,Himachal Pradesh: Shimla-Kalka,47.0,0.82,120,14,573.0,1,1
Axle Counter,Fair,Medium,Operational,Critical,Corrective Maintenance,High,Signal & Telecommunication,Himachal Pradesh: Shimla-Kalka,47.0,0.82,120,14,573.0,2,1
Axle Counter,Fair,Medium,Operational,Medium,Inspection,Low,Signal & Telecommunication,Himachal Pradesh: Shimla-Kalka,64.0,0.83,120,14,600.0,0,0
Axle Counter,Fair,Medium,Operational,Medium,Inspection,Low,Signal & Telecommunication,Himachal Pradesh: Shimla-Kalka,64.0,0.83,120,14,600.0,1,1
Axle Counter,Fair,Medium,Operational,Medium,Inspection,Low,Signal & Telecommunication,Himachal Pradesh: Shimla-Kalka,64.0,0.83,120,14,600.0,2,0
Track,Poor,High,Operational,Medium,Preventive Maintenance,Medium,Engineering,Himachal Pradesh: Shimla-Kalka,81.0,0.84,88,45,627.0,0,1
Track,Poor,High,Operational,Medium,Preventive Maintenance,Medium,Engineering,Himachal Pradesh: Shimla-Kalka,81.0,0.84,88,45,627.0,1,1
Track,Poor,High,Operational,Medium,Preventive Maintenance,Medium,Engineering,Himachal Pradesh: Shimla-Kalka,81.0,0.84,88,45,627.0,2,0
Track,Poor,High,Operational,Critical,Condition Monitoring,High,Engineering,Himachal Pradesh: Shimla-Kalka,98.0,0.85,88,45,654.0,0,1
Track,Poor,High,Operational,Critical,Condition Monitoring,High,Engineering,Himachal Pradesh: Shimla-Kalka,98.0,0.85,88,45,654.0,1,1
Track,Poor,High,Operational,Critical,Condition Monitoring,High,Engineering,Himachal Pradesh: Shimla-Kalka,98.0,0.85,88,45,654.0,2,1
Turnout,Critical,High,Under Observation,Critical,Corrective Maintenance,Low,Engineering,Himachal Pradesh: Shimla-Kalka,44.0,0.86,57,77,681.0,0,1
Turnout,Critical,High,Under Observation,Critical,Corrective Maintenance,Low,Engineering,Himachal Pradesh: Shimla-Kalka,44.0,0.86,57,77,681.0,1,0
Turnout,Critical,High,Under Observation,Critical,Corrective Maintenance,Low,Engineering,Himachal Pradesh: Shimla-Kalka,44.0,0.86,57,77,681.0,2,1
Turnout,Critical,High,Under Observation,Medium,Inspection,Medium,Engineering,Himachal Pradesh: Shimla-Kalka,61.0,0.87,57,77,708.0,0,1
Turnout,Critical,High,Under Observation,Medium,Inspection,Medium,Engineering,Himachal Pradesh: Shimla-Kalka,61.0,0.87,57,77,708.0,1,0
Turnout,Critical,High,Under Observation,Medium,Inspection,Medium,Engineering,Himachal Pradesh: Shimla-Kalka,61.0,0.87,57,77,708.0,2,1
OHE Mast,Good,Critical,Maintenance In Progress,Medium,Preventive Maintenance,High,Traction Distribution,Himachal Pradesh: Shimla-Kalka,78.0,0.88,178,17,735.0,0,1
OHE Mast,Good,Critical,Maintenance In Progress,Medium,Preventive Maintenance,High,Traction Distribution,Himachal Pradesh: Shimla-Kalka,78.0,0.88,178,17,735.0,1,0
OHE Mast,Good,Critical,Maintenance In Progress,Medium,Preventive Maintenance,High,Traction Distribution,Himachal Pradesh: Shimla-Kalka,78.0,0.88,178,17,735.0,2,0
OHE Mast,Good,Critical,Maintenance In Progress,Critical,Condition Monitoring,Low,Traction Distribution,Himachal Pradesh: Shimla-Kalka,95.0,0.89,178,17,426.0,0,1
OHE Mast,Good,Critical,Maintenance In Progress,Critical,Condition Monitoring,Low,Traction Distribution,Himachal Pradesh: Shimla-Kalka,95.0,0.89,178,17,426.0,1,1
OHE Mast,Good,Critical,Maintenance In Progress,Critical,Condition Monitoring,Low,Traction Distribution,Himachal Pradesh: Shimla-Kalka,95.0,0.89,178,17,426.0,2,1
Traction Substation,Fair,Medium,Operational,Critical,Corrective Maintenance,Medium,Traction Distribution,Himachal Pradesh: Shimla-Kalka,41.0,0.9,146,48,453.0,0,0
Traction Substation,Fair,Medium,Operational,Critical,Corrective Maintenance,Medium,Traction Distribution,Himachal Pradesh: Shimla-Kalka,41.0,0.9,146,48,453.0,1,1
Traction Substation,Fair,Medium,Operational,Critical,Corrective Maintenance,Medium,Traction Distribution,Himachal Pradesh: Shimla-Kalka,41.0,0.9,146,48,453.0,2,0
Traction Substation,Fair,Medium,Operational,Medium,Inspection,High,Traction Distribution,Himachal Pradesh: Shimla-Kalka,58.0,0.12,146,48,480.0,0,1
Traction Substation,Fair,Medium,Operational,Medium,Inspection,High,Traction Distribution,Himachal Pradesh: Shimla-Kalka,58.0,0.12,146,48,480.0,1,0
Traction Substation,Fair,Medium,Operational,Medium,Inspection,High,Traction Distribution,Himachal Pradesh: Shimla-Kalka,58.0,0.12,146,48,480.0,2,0
Signal,Poor,High,Operational,Medium,Preventive Maintenance,Low,Signal & Telecommunication,Himachal Pradesh: Shimla-Kalka,75.0,0.13,115,80,507.0,0,0
Signal,Poor,High,Operational,Medium,Preventive Maintenance,Low,Signal & Telecommunication,Himachal Pradesh: Shimla-Kalka,75.0,0.13,115,80,507.0,1,0
Signal,Poor,High,Operational,Medium,Preventive Maintenance,Low,Signal & Telecommunication,Himachal Pradesh: Shimla-Kalka,75.0,0.13,115,80,507.0,2,1
Signal,Poor,High,Operational,Critical,Condition Monitoring,Medium,Signal & Telecommunication,Himachal Pradesh: Shimla-Kalka,92.0,0.14,115,80,534.0,0,1
Signal,Poor,High,Operational,Critical,Condition Monitoring,Medium,Signal & Telecommunication,Himachal Pradesh: Shimla-Kalka,92.0,0.14,115,80,534.0,1,1
Signal,Poor,High,Operational,Critical,Condition Monitoring,Medium,Signal & Telecommunication,Himachal Pradesh: Shimla-Kalka,92.0,0.14,115,80,534.0,2,1
Axle Counter,Critical,High,Under Observation,Critical,Corrective Maintenance,High,Signal & Telecommunication,Himachal Pradesh: Shimla-Kalka,38.0,0.15,83,20,561.0,0,0
Axle Counter,Critical,High,Under Observation,Critical,Corrective Maintenance,High,Signal & Telecommunication,Himachal Pradesh: Shimla-Kalka,38.0,0.15,83,20,561.0,1,1
Axle Counter,Critical,High,Under Observation,Critical,Corrective Maintenance,High,Signal & Telecommunication,Himachal Pradesh: Shimla-Kalka,38.0,0.15,83,20,561.0,2,1
Axle Counter,Critical,High,Under Observation,Medium,Inspection,Low,Signal & Telecommunication,Himachal Pradesh: Shimla-Kalka,55.0,0.16,83,20,588.0,0,0
Axle Counter,Critical,High,Under Observation,Medium,Inspection,Low,Signal & Telecommunication,Himachal Pradesh: Shimla-Kalka,55.0,0.16,83,20,588.0,1,1
Axle Counter,Critical,High,Under Observation,Medium,Inspection,Low,Signal & Telecommunication,Himachal Pradesh: Shimla-Kalka,55.0,0.16,83,20,588.0,2,0
Track,Good,Critical,Maintenance In Progress,Medium,Preventive Maintenance,Medium,Engineering,Himachal Pradesh: Shimla-Kalka,72.0,0.17,52,51,615.0,0,1
Track,Good,Critical,Maintenance In Progress,Medium,Preventive Maintenance,Medium,Engineering,Himachal Pradesh: Shimla-Kalka,72.0,0.17,52,51,615.0,1,0
Track,Good,Critical,Maintenance In Progress,Medium,Preventive Maintenance,Medium,Engineering,Himachal Pradesh: Shimla-Kalka,72.0,0.17,52,51,615.0,2,0
Track,Good,Critical,Maintenance In Progress,Critical,Condition Monitoring,High,Engineering,Himachal Pradesh: Shimla-Kalka,89.0,0.18,52,51,642.0,0,1
Track,Good,Critical,Maintenance In Progress,Critical,Condition Monitoring,High,Engineering,Himachal Pradesh: Shimla-Kalka,89.0,0.18,52,51,642.0,1,1
Track,Good,Critical,Maintenance In Progress,Critical,Condition Monitoring,High,Engineering,Himachal Pradesh: Shimla-Kalka,89.0,0.18,52,51,642.0,2,1
Turnout,Fair,Medium,Operational,Critical,Corrective Maintenance,Low,Engineering,Himachal Pradesh: Shimla-Kalka,35.0,0.19,173,83,669.0,0,0
Turnout,Fair,Medium,Operational,Critical,Corrective Maintenance,Low,Engineering,Himachal Pradesh: Shimla-Kalka,35.0,0.19,173,83,669.0,1,1
Turnout,Fair,Medium,Operational,Critical,Corrective Maintenance,Low,Engineering,Himachal Pradesh: Shimla-Kalka,35.0,0.19,173,83,669.0,2,1
Turnout,Fair,Medium,Operational,Medium,Inspection,Medium,Engineering,Himachal Pradesh: Shimla-Kalka,52.0,0.2,173,83,696.0,0,0
Turnout,Fair,Medium,Operational,Medium,Inspection,Medium,Engineering,Himachal Pradesh: Shimla-Kalka,52.0,0.2,173,83,696.0,1,0
Turnout,Fair,Medium,Operational,Medium,Inspection,Medium,Engineering,Himachal Pradesh: Shimla-Kalka,52.0,0.2,173,83,696.0,2,0
OHE Mast,Poor,High,Operational,Medium,Preventive Maintenance,High,Traction Distribution,Himachal Pradesh: Shimla-Kalka,69.0,0.21,141,23,723.0,0,1
OHE Mast,Poor,High,Operational,Medium,Preventive Maintenance,High,Traction Distribution,Himachal Pradesh: Shimla-Kalka,69.0,0.21,141,23,723.0,1,1
OHE Mast,Poor,High,Operational,Medium,Preventive Maintenance,High,Traction Distribution,Himachal Pradesh: Shimla-Kalka,69.0,0.21,141,23,723.0,2,1
OHE Mast,Poor,High,Operational,Critical,Condition Monitoring,Low,Traction Distribution,Himachal Pradesh: Shimla-Kalka,86.0,0.22,141,23,750.0,0,1
OHE Mast,Poor,High,Operational,Critical,Condition Monitoring,Low,Traction Distribution,Himachal Pradesh: Shimla-Kalka,86.0,0.22,141,23,750.0,1,1
OHE Mast,Poor,High,Operational,Critical,Condition Monitoring,Low,Traction Distribution,Himachal Pradesh: Shimla-Kalka,86.0,0.22,141,23,750.0,2,1
Traction Substation,Critical,High,Under Observation,Critical,Corrective Maintenance,Medium,Traction Distribution,Himachal Pradesh: Shimla-Kalka,103.0,0.23,110,54,777.0,0,0
Traction Substation,Critical,High,Under Observation,Critical,Corrective Maintenance,Medium,Traction Distribution,Himachal Pradesh: Shimla-Kalka,103.0,0.23,110,54,777.0,1,1
Traction Substation,Critical,High,Under Observation,Critical,Corrective Maintenance,Medium,Traction Distribution,Himachal Pradesh: Shimla-Kalka,103.0,0.23,110,54,777.0,2,0
Traction Substation,Critical,High,Under Observation,Medium,Inspection,High,Traction Distribution,Himachal Pradesh: Shimla-Kalka,49.0,0.24,110,54,468.0,0,1
Traction Substation,Critical,High,Under Observation,Medium,Inspection,High,Traction Distribution,Himachal Pradesh: Shimla-Kalka,49.0,0.24,110,54,468.0,1,0
Traction Substation,Critical,High,Under Observation,Medium,Inspection,High,Traction Distribution,Himachal Pradesh: Shimla-Kalka,49.0,0.24,110,54,468.0,2,1
Signal,Good,Critical,Maintenance In Progress,Medium,Preventive Maintenance,Low,Signal & Telecommunication,Himachal Pradesh: Shimla-Kalka,66.0,0.25,78,86,495.0,0,0
Signal,Good,Critical,Maintenance In Progress,Medium,Preventive Maintenance,Low,Signal & Telecommunication,Himachal Pradesh: Shimla-Kalka,66.0,0.25,78,86,495.0,1,1
Signal,Good,Critical,Maintenance In Progress,Medium,Preventive Maintenance,Low,Signal & Telecommunication,Himachal Pradesh: Shimla-Kalka,66.0,0.25,78,86,495.0,2,0
Signal,Good,Critical,Maintenance In Progress,Critical,Condition Monitoring,Medium,Signal & Telecommunication,Himachal Pradesh: Shimla-Kalka,83.0,0.26,78,86,522.0,0,0
Signal,Good,Critical,Maintenance In Progress,Critical,Condition Monitoring,Medium,Signal & Telecommunication,Himachal Pradesh: Shimla-Kalka,83.0,0.26,78,86,522.0,1,0
Signal,Good,Critical,Maintenance In Progress,Critical,Condition Monitoring,Medium,Signal & Telecommunication,Himachal Pradesh: Shimla-Kalka,83.0,0.26,78,86,522.0,2,0
Axle Counter,Fair,Medium,Operational,Critical,Corrective Maintenance,High,Signal & Telecommunication,Himachal Pradesh: Shimla-Kalka,100.0,0.27,47,26,549.0,0,0
Axle Counter,Fair,Medium,Operational,Critical,Corrective Maintenance,High,Signal & Telecommunication,Himachal Pradesh: Shimla-Kalka,100.0,0.27,47,26,549.0,1,0
Axle Counter,Fair,Medium,Operational,Critical,Corrective Maintenance,High,Signal & Telecommunication,Himachal Pradesh: Shimla-Kalka,100.0,0.27,47,26,549.0,2,1
Axle Counter,Fair,Medium,Operational,Medium,Inspection,Low,Signal & Telecommunication,Himachal Pradesh: Shimla-Kalka,46.0,0.28,47,26,576.0,0,0
Axle Counter,Fair,Medium,Operational,Medium,Inspection,Low,Signal & Telecommunication,Himachal Pradesh: Shimla-Kalka,46.0,0.28,47,26,576.0,1,0
Axle Counter,Fair,Medium,Operational,Medium,Inspection,Low,Signal & Telecommunication,Himachal Pradesh: Shimla-Kalka,46.0,0.28,47,26,576.0,2,0
Track,Poor,High,Operational,Medium,Preventive Maintenance,Medium,Engineering,Jharkhand: Ranchi-Dhanbad,63.0,0.29,168,32,603.0,0,0
Track,Poor,High,Operational,Medium,Preventive Maintenance,Medium,Engineering,Jharkhand: Ranchi-Dhanbad,63.0,0.29,168,32,603.0,1,0
Track,Poor,High,Operational,Medium,Preventive Maintenance,Medium,Engineering,Jharkhand: Ranchi-Dhanbad,63.0,0.29,168,32,603.0,2,1
Track,Poor,High,Operational,Critical,Condition Monitoring,High,Engineering,Jharkhand: Ranchi-Dhanbad,80.0,0.3,168,32,630.0,0,1
Track,Poor,High,Operational,Critical,Condition Monitoring,High,Engineering,Jharkhand: Ranchi-Dhanbad,80.0,0.3,168,32,630.0,1,0
Track,Poor,High,Operational,Critical,Condition Monitoring,High,Engineering,Jharkhand: Ranchi-Dhanbad,80.0,0.3,168,32,630.0,2,0
Turnout,Critical,High,Under Observation,Critical,Corrective Maintenance,Low,Engineering,Jharkhand: Ranchi-Dhanbad,97.0,0.31,136,64,657.0,0,1
Turnout,Critical,High,Under Observation,Critical,Corrective Maintenance,Low,Engineering,Jharkhand: Ranchi-Dhanbad,97.0,0.31,136,64,657.0,1,1
Turnout,Critical,High,Under Observation,Critical,Corrective Maintenance,Low,Engineering,Jharkhand: Ranchi-Dhanbad,97.0,0.31,136,64,657.0,2,1
Turnout,Critical,High,Under Observation,Medium,Inspection,Medium,Engineering,Jharkhand: Ranchi-Dhanbad,43.0,0.32,136,64,684.0,0,1
Turnout,Critical,High,Under Observation,Medium,Inspection,Medium,Engineering,Jharkhand: Ranchi-Dhanbad,43.0,0.32,136,64,684.0,1,0
Turnout,Critical,High,Under Observation,Medium,Inspection,Medium,Engineering,Jharkhand: Ranchi-Dhanbad,43.0,0.32,136,64,684.0,2,1
OHE Mast,Good,Critical,Maintenance In Progress,Medium,Preventive Maintenance,High,Traction Distribution,Jharkhand: Ranchi-Dhanbad,60.0,0.33,105,4,711.0,0,1
OHE Mast,Good,Critical,Maintenance In Progress,Medium,Preventive Maintenance,High,Traction Distribution,Jharkhand: Ranchi-Dhanbad,60.0,0.33,105,4,711.0,1,1
OHE Mast,Good,Critical,Maintenance In Progress,Medium,Preventive Maintenance,High,Traction Distribution,Jharkhand: Ranchi-Dhanbad,60.0,0.33,105,4,711.0,2,0
OHE Mast,Good,Critical,Maintenance In Progress,Critical,Condition Monitoring,Low,Traction Distribution,Jharkhand: Ranchi-Dhanbad,77.0,0.34,105,4,738.0,0,0
OHE Mast,Good,Critical,Maintenance In Progress,Critical,Condition Monitoring,Low,Traction Distribution,Jharkhand: Ranchi-Dhanbad,77.0,0.34,105,4,738.0,1,0
OHE Mast,Good,Critical,Maintenance In Progress,Critical,Condition Monitoring,Low,Traction Distribution,Jharkhand: Ranchi-Dhanbad,77.0,0.34,105,4,738.0,2,0
Traction Substation,Fair,Medium,Operational,Critical,Corrective Maintenance,Medium,Traction Distribution,Jharkhand: Ranchi-Dhanbad,94.0,0.35,73,35,765.0,0,0
Traction Substation,Fair,Medium,Operational,Critical,Corrective Maintenance,Medium,Traction Distribution,Jharkhand: Ranchi-Dhanbad,94.0,0.35,73,35,765.0,1,0
Traction Substation,Fair,Medium,Operational,Critical,Corrective Maintenance,Medium,Traction Distribution,Jharkhand: Ranchi-Dhanbad,94.0,0.35,73,35,765.0,2,0
Traction Substation,Fair,Medium,Operational,Medium,Inspection,High,Traction Distribution,Jharkhand: Ranchi-Dhanbad,40.0,0.36,73,35,792.0,0,1
Traction Substation,Fair,Medium,Operational,Medium,Inspection,High,Traction Distribution,Jharkhand: Ranchi-Dhanbad,40.0,0.36,73,35,792.0,1,0
Traction Substation,Fair,Medium,Operational,Medium,Inspection,High,Traction Distribution,Jharkhand: Ranchi-Dhanbad,40.0,0.36,73,35,792.0,2,0
Signal,Poor,High,Operational,Medium,Preventive Maintenance,Low,Signal & Telecommunication,Jharkhand: Ranchi-Dhanbad,57.0,0.37,42,67,819.0,0,1
Signal,Poor,High,Operational,Medium,Preventive Maintenance,Low,Signal & Telecommunication,Jharkhand: Ranchi-Dhanbad,57.0,0.37,42,67,819.0,1,1
Signal,Poor,High,Operational,Medium,Preventive Maintenance,Low,Signal & Telecommunication,Jharkhand: Ranchi-Dhanbad,57.0,0.37,42,67,819.0,2,1
Signal,Poor,High,Operational,Critical,Condition Monitoring,Medium,Signal & Telecommunication,Jharkhand: Ranchi-Dhanbad,74.0,0.38,42,67,510.0,0,1
Signal,Poor,High,Operational,Critical,Condition Monitoring,Medium,Signal & Telecommunication,Jharkhand: Ranchi-Dhanbad,74.0,0.38,42,67,510.0,1,1
Signal,Poor,High,Operational,Critical,Condition Monitoring,Medium,Signal & Telecommunication,Jharkhand: Ranchi-Dhanbad,74.0,0.38,42,67,510.0,2,0
Axle Counter,Critical,High,Under Observation,Critical,Corrective Maintenance,High,Signal & Telecommunication,Jharkhand: Ranchi-Dhanbad,91.0,0.39,163,7,537.0,0,1
Axle Counter,Critical,High,Under Observation,Critical,Corrective Maintenance,High,Signal & Telecommunication,Jharkhand: Ranchi-Dhanbad,91.0,0.39,163,7,537.0,1,1
Axle Counter,Critical,High,Under Observation,Critical,Corrective Maintenance,High,Signal & Telecommunication,Jharkhand: Ranchi-Dhanbad,91.0,0.39,163,7,537.0,2,0
Axle Counter,Critical,High,Under Observation,Medium,Inspection,Low,Signal & Telecommunication,Jharkhand: Ranchi-Dhanbad,37.0,0.4,163,7,564.0,0,1
Axle Counter,Critical,High,Under Observation,Medium,Inspection,Low,Signal & Telecommunication,Jharkhand: Ranchi-Dhanbad,37.0,0.4,163,7,564.0,1,1
Axle Counter,Critical,High,Under Observation,Medium,Inspection,Low,Signal & Telecommunication,Jharkhand: Ranchi-Dhanbad,37.0,0.4,163,7,564.0,2,1
Track,Good,Critical,Maintenance In Progress,Medium,Preventive Maintenance,Medium,Engineering,Jharkhand: Ranchi-Dhanbad,54.0,0.41,131,38,591.0,0,1
Track,Good,Critical,Maintenance In Progress,Medium,Preventive Maintenance,Medium,Engineering,Jharkhand: Ranchi-Dhanbad,54.0,0.41,131,38,591.0,1,1
Track,Good,Critical,Maintenance In Progress,Medium,Preventive Maintenance,Medium,Engineering,Jharkhand: Ranchi-Dhanbad,54.0,0.41,131,38,591.0,2,0
Track,Good,Critical,Maintenance In Progress,Critical,Condition Monitoring,High,Engineering,Jharkhand: Ranchi-Dhanbad,71.0,0.42,131,38,618.0,0,1
Track,Good,Critical,Maintenance In Progress,Critical,Condition Monitoring,High,Engineering,Jharkhand: Ranchi-Dhanbad,71.0,0.42,131,38,618.0,1,0
Track,Good,Critical,Maintenance In Progress,Critical,Condition Monitoring,High,Engineering,Jharkhand: Ranchi-Dhanbad,71.0,0.42,131,38,618.0,2,1
Turnout,Fair,Medium,Operational,Critical,Corrective Maintenance,Low,Engineering,Jharkhand: Ranchi-Dhanbad,88.0,0.43,100,70,645.0,0,0
Turnout,Fair,Medium,Operational,Critical,Corrective Maintenance,Low,Engineering,Jharkhand: Ranchi-Dhanbad,88.0,0.43,100,70,645.0,1,1
Turnout,Fair,Medium,Operational,Critical,Corrective Maintenance,Low,Engineering,Jharkhand: Ranchi-Dhanbad,88.0,0.43,100,70,645.0,2,0
Turnout,Fair,Medium,Operational,Medium,Inspection,Medium,Engineering,Jharkhand: Ranchi-Dhanbad,105.0,0.44,100,70,672.0,0,0
Turnout,Fair,Medium,Operational,Medium,Inspection,Medium,Engineering,Jharkhand: Ranchi-Dhanbad,105.0,0.44,100,70,672.0,1,0
Turnout,Fair,Medium,Operational,Medium,Inspection,Medium,Engineering,Jharkhand: Ranchi-Dhanbad,105.0,0.44,100,70,672.0,2,0
OHE Mast,Poor,High,Operational,Medium,Preventive Maintenance,High,Traction Distribution,Jharkhand: Ranchi-Dhanbad,51.0,0.45,68,10,699.0,0,1
OHE Mast,Poor,High,Operational,Medium,Preventive Maintenance,High,Traction Distribution,Jharkhand: Ranchi-Dhanbad,51.0,0.45,68,10,699.0,1,1
OHE Mast,Poor,High,Operational,Medium,Preventive Maintenance,High,Traction Distribution,Jharkhand: Ranchi-Dhanbad,51.0,0.45,68,10,699.0,2,1
OHE Mast,Poor,High,Operational,Critical,Condition Monitoring,Low,Traction Distribution,Jharkhand: Ranchi-Dhanbad,68.0,0.46,68,10,726.0,0,0
OHE Mast,Poor,High,Operational,Critical,Condition Monitoring,Low,Traction Distribution,Jharkhand: Ranchi-Dhanbad,68.0,0.46,68,10,726.0,1,1
OHE Mast,Poor,High,Operational,Critical,Condition Monitoring,Low,Traction Distribution,Jharkhand: Ranchi-Dhanbad,68.0,0.46,68,10,726.0,2,1
Traction Substation,Critical,High,Under Observation,Critical,Corrective Maintenance,Medium,Traction Distribution,Jharkhand: Ranchi-Dhanbad,85.0,0.47,37,41,753.0,0,0
Traction Substation,Critical,High,Under Observation,Critical,Corrective Maintenance,Medium,Traction Distribution,Jharkhand: Ranchi-Dhanbad,85.0,0.47,37,41,753.0,1,0
Traction Substation,Critical,High,Under Observation,Critical,Corrective Maintenance,Medium,Traction Distribution,Jharkhand: Ranchi-Dhanbad,85.0,0.47,37,41,753.0,2,1
Traction Substation,Critical,High,Under Observation,Medium,Inspection,High,Traction Distribution,Jharkhand: Ranchi-Dhanbad,102.0,0.48,37,41,780.0,0,1
Traction Substation,Critical,High,Under Observation,Medium,Inspection,High,Traction Distribution,Jharkhand: Ranchi-Dhanbad,102.0,0.48,37,41,780.0,1,0
Traction Substation,Critical,High,Under Observation,Medium,Inspection,High,Traction Distribution,Jharkhand: Ranchi-Dhanbad,102.0,0.48,37,41,780.0,2,0
Signal,Good,Critical,Maintenance In Progress,Medium,Preventive Maintenance,Low,Signal & Telecommunication,Jharkhand: Ranchi-Dhanbad,48.0,0.49,158,73,807.0,0,0
Signal,Good,Critical,Maintenance In Progress,Medium,Preventive Maintenance,Low,Signal & Telecommunication,Jharkhand: Ranchi-Dhanbad,48.0,0.49,158,73,807.0,1,1
Signal,Good,Critical,Maintenance In Progress,Medium,Preventive Maintenance,Low,Signal & Telecommunication,Jharkhand: Ranchi-Dhanbad,48.0,0.49,158,73,807.0,2,1
Signal,Good,Critical,Maintenance In Progress,Critical,Condition Monitoring,Medium,Signal & Telecommunication,Jharkhand: Ranchi-Dhanbad,65.0,0.5,158,73,834.0,0,0
Signal,Good,Critical,Maintenance In Progress,Critical,Condition Monitoring,Medium,Signal & Telecommunication,Jharkhand: Ranchi-Dhanbad,65.0,0.5,158,73,834.0,1,0
Signal,Good,Critical,Maintenance In Progress,Critical,Condition Monitoring,Medium,Signal & Telecommunication,Jharkhand: Ranchi-Dhanbad,65.0,0.5,158,73,834.0,2,0
Axle Counter,Fair,Medium,Operational,Critical,Corrective Maintenance,High,Signal & Telecommunication,Jharkhand: Ranchi-Dhanbad,82.0,0.51,150,13,861.0,0,1
Axle Counter,Fair,Medium,Operational,Critical,Corrective Maintenance,High,Signal & Telecommunication,Jharkhand: Ranchi-Dhanbad,82.0,0.51,150,13,861.0,1,0
Axle Counter,Fair,Medium,Operational,Critical,Corrective Maintenance,High,Signal & Telecommunication,Jharkhand: Ranchi-Dhanbad,82.0,0.51,150,13,861.0,2,0
Axle Counter,Fair,Medium,Operational,Medium,Inspection,Low,Signal & Telecommunication,Jharkhand: Ranchi-Dhanbad,99.0,0.52,150,13,48.0,0,0
Axle Counter,Fair,Medium,Operational,Medium,Inspection,Low,Signal & Telecommunication,Jharkhand: Ranchi-Dhanbad,99.0,0.52,150,13,48.0,1,1
Axle Counter,Fair,Medium,Operational,Medium,Inspection,Low,Signal & Telecommunication,Jharkhand: Ranchi-Dhanbad,99.0,0.52,150,13,48.0,2,0
Track,Poor,High,Operational,Medium,Preventive Maintenance,Medium,Engineering,Jharkhand: Ranchi-Dhanbad,45.0,0.53,119,44,75.0,0,1
Track,Poor,High,Operational,Medium,Preventive Maintenance,Medium,Engineering,Jharkhand: Ranchi-Dhanbad,45.0,0.53,119,44,75.0,1,0
Track,Poor,High,Operational,Medium,Preventive Maintenance,Medium,Engineering,Jharkhand: Ranchi-Dhanbad,45.0,0.53,119,44,75.0,2,1
Track,Poor,High,Operational,Critical,Condition Monitoring,High,Engineering,Jharkhand: Ranchi-Dhanbad,62.0,0.54,119,44,102.0,0,1
Track,Poor,High,Operational,Critical,Condition Monitoring,High,Engineering,Jharkhand: Ranchi-Dhanbad,62.0,0.54,119,44,102.0,1,1
Track,Poor,High,Operational,Critical,Condition Monitoring,High,Engineering,Jharkhand: Ranchi-Dhanbad,62.0,0.54,119,44,102.0,2,1
Turnout,Critical,High,Under Observation,Critical,Corrective Maintenance,Low,Engineering,Jharkhand: Ranchi-Dhanbad,79.0,0.55,87,76,129.0,0,1
Turnout,Critical,High,Under Observation,Critical,Corrective Maintenance,Low,Engineering,Jharkhand: Ranchi-Dhanbad,79.0,0.55,87,76,129.0,1,0
Turnout,Critical,High,Under Observation,Critical,Corrective Maintenance,Low,Engineering,Jharkhand: Ranchi-Dhanbad,79.0,0.55,87,76,129.0,2,0
Turnout,Critical,High,Under Observation,Medium,Inspection,Medium,Engineering,Jharkhand: Ranchi-Dhanbad,96.0,0.56,87,76,156.0,0,1
Turnout,Critical,High,Under Observation,Medium,Inspection,Medium,Engineering,Jharkhand: Ranchi-Dhanbad,96.0,0.56,87,76,156.0,1,1
Turnout,Critical,High,Under Observation,Medium,Inspection,Medium,Engineering,Jharkhand: Ranchi-Dhanbad,96.0,0.56,87,76,156.0,2,1
OHE Mast,Good,Critical,Maintenance In Progress,Medium,Preventive Maintenance,High,Traction Distribution,Jharkhand: Ranchi-Dhanbad,42.0,0.57,56,16,183.0,0,0
OHE Mast,Good,Critical,Maintenance In Progress,Medium,Preventive Maintenance,High,Traction Distribution,Jharkhand: Ranchi-Dhanbad,42.0,0.57,56,16,183.0,1,0
OHE Mast,Good,Critical,Maintenance In Progress,Medium,Preventive Maintenance,High,Traction Distribution,Jharkhand: Ranchi-Dhanbad,42.0,0.57,56,16,183.0,2,1
OHE Mast,Good,Critical,Maintenance In Progress,Critical,Condition Monitoring,Low,Traction Distribution,Jharkhand: Ranchi-Dhanbad,59.0,0.58,56,16,210.0,0,1
OHE Mast,Good,Critical,Maintenance In Progress,Critical,Condition Monitoring,Low,Traction Distribution,Jharkhand: Ranchi-Dhanbad,59.0,0.58,56,16,210.0,1,1
OHE Mast,Good,Critical,Maintenance In Progress,Critical,Condition Monitoring,Low,Traction Distribution,Jharkhand: Ranchi-Dhanbad,59.0,0.58,56,16,210.0,2,0
Traction Substation,Fair,Medium,Operational,Critical,Corrective Maintenance,Medium,Traction Distribution,Jharkhand: Ranchi-Dhanbad,76.0,0.59,177,47,237.0,0,0
Traction Substation,Fair,Medium,Operational,Critical,Corrective Maintenance,Medium,Traction Distribution,Jharkhand: Ranchi-Dhanbad,76.0,0.59,177,47,237.0,1,0
Traction Substation,Fair,Medium,Operational,Critical,Corrective Maintenance,Medium,Traction Distribution,Jharkhand: Ranchi-Dhanbad,76.0,0.59,177,47,237.0,2,1
Traction Substation,Fair,Medium,Operational,Medium,Inspection,High,Traction Distribution,Jharkhand: Ranchi-Dhanbad,93.0,0.6,177,47,264.0,0,0
Traction Substation,Fair,Medium,Operational,Medium,Inspection,High,Traction Distribution,Jharkhand: Ranchi-Dhanbad,93.0,0.6,177,47,264.0,1,1
Traction Substation,Fair,Medium,Operational,Medium,Inspection,High,Traction Distribution,Jharkhand: Ranchi-Dhanbad,93.0,0.6,177,47,264.0,2,1
Signal,Poor,High,Operational,Medium,Preventive Maintenance,Low,Signal & Telecommunication,Jharkhand: Ranchi-Dhanbad,39.0,0.61,145,79,291.0,0,1
Signal,Poor,High,Operational,Medium,Preventive Maintenance,Low,Signal & Telecommunication,Jharkhand: Ranchi-Dhanbad,39.0,0.61,145,79,291.0,1,0
Signal,Poor,High,Operational,Medium,Preventive Maintenance,Low,Signal & Telecommunication,Jharkhand: Ranchi-Dhanbad,39.0,0.61,145,79,291.0,2,0
Signal,Poor,High,Operational,Critical,Condition Monitoring,Medium,Signal & Telecommunication,Jharkhand: Ranchi-Dhanbad,56.0,0.62,145,79,318.0,0,0
Signal,Poor,High,Operational,Critical,Condition Monitoring,Medium,Signal & Telecommunication,Jharkhand: Ranchi-Dhanbad,56.0,0.62,145,79,318.0,1,1
Signal,Poor,High,Operational,Critical,Condition Monitoring,Medium,Signal & Telecommunication,Jharkhand: Ranchi-Dhanbad,56.0,0.62,145,79,318.0,2,1
Axle Counter,Critical,High,Under Observation,Critical,Corrective Maintenance,High,Signal & Telecommunication,Jharkhand: Ranchi-Dhanbad,73.0,0.63,114,19,345.0,0,0
Axle Counter,Critical,High,Under Observation,Critical,Corrective Maintenance,High,Signal & Telecommunication,Jharkhand: Ranchi-Dhanbad,73.0,0.63,114,19,345.0,1,1
Axle Counter,Critical,High,Under Observation,Critical,Corrective Maintenance,High,Signal & Telecommunication,Jharkhand: Ranchi-Dhanbad,73.0,0.63,114,19,345.0,2,1
Axle Counter,Critical,High,Under Observation,Medium,Inspection,Low,Signal & Telecommunication,Jharkhand: Ranchi-Dhanbad,90.0,0.64,114,19,372.0,0,1
Axle Counter,Critical,High,Under Observation,Medium,Inspection,Low,Signal & Telecommunication,Jharkhand: Ranchi-Dhanbad,90.0,0.64,114,19,372.0,1,1
Axle Counter,Critical,High,Under Observation,Medium,Inspection,Low,Signal & Telecommunication,Jharkhand: Ranchi-Dhanbad,90.0,0.64,114,19,372.0,2,1
Track,Good,Critical,Maintenance In Progress,Medium,Preventive Maintenance,Medium,Engineering,Jharkhand: Ranchi-Dhanbad,36.0,0.65,82,50,399.0,0,0
Track,Good,Critical,Maintenance In Progress,Medium,Preventive Maintenance,Medium,Engineering,Jharkhand: Ranchi-Dhanbad,36.0,0.65,82,50,399.0,1,0
Track,Good,Critical,Maintenance In Progress,Medium,Preventive Maintenance,Medium,Engineering,Jharkhand: Ranchi-Dhanbad,36.0,0.65,82,50,399.0,2,0
Track,Good,Critical,Maintenance In Progress,Critical,Condition Monitoring,High,Engineering,Jharkhand: Ranchi-Dhanbad,53.0,0.66,82,50,90.0,0,1
Track,Good,Critical,Maintenance In Progress,Critical,Condition Monitoring,High,Engineering,Jharkhand: Ranchi-Dhanbad,53.0,0.66,82,50,90.0,1,1
Track,Good,Critical,Maintenance In Progress,Critical,Condition Monitoring,High,Engineering,Jharkhand: Ranchi-Dhanbad,53.0,0.66,82,50,90.0,2,0
Turnout,Fair,Medium,Operational,Critical,Corrective Maintenance,Low,Engineering,Jharkhand: Ranchi-Dhanbad,70.0,0.67,51,82,117.0,0,0
Turnout,Fair,Medium,Operational,Critical,Corrective Maintenance,Low,Engineering,Jharkhand: Ranchi-Dhanbad,70.0,0.67,51,82,117.0,1,0
Turnout,Fair,Medium,Operational,Critical,Corrective Maintenance,Low,Engineering,Jharkhand: Ranchi-Dhanbad,70.0,0.67,51,82,117.0,2,0
Turnout,Fair,Medium,Operational,Medium,Inspection,Medium,Engineering,Jharkhand: Ranchi-Dhanbad,87.0,0.68,51,82,144.0,0,0
Turnout,Fair,Medium,Operational,Medium,Inspection,Medium,Engineering,Jharkhand: Ranchi-Dhanbad,87.0,0.68,51,82,144.0,1,0
Turnout,Fair,Medium,Operational,Medium,Inspection,Medium,Engineering,Jharkhand: Ranchi-Dhanbad,87.0,0.68,51,82,144.0,2,1
OHE Mast,Poor,High,Operational,Medium,Preventive Maintenance,High,Traction Distribution,Jharkhand: Ranchi-Dhanbad,104.0,0.69,172,22,171.0,0,1
OHE Mast,Poor,High,Operational,Medium,Preventive Maintenance,High,Traction Distribution,Jharkhand: Ranchi-Dhanbad,104.0,0.69,172,22,171.0,1,0
OHE Mast,Poor,High,Operational,Medium,Preventive Maintenance,High,Traction Distribution,Jharkhand: Ranchi-Dhanbad,104.0,0.69,172,22,171.0,2,1
OHE Mast,Poor,High,Operational,Critical,Condition Monitoring,Low,Traction Distribution,Jharkhand: Ranchi-Dhanbad,50.0,0.7,172,22,198.0,0,0
OHE Mast,Poor,High,Operational,Critical,Condition Monitoring,Low,Traction Distribution,Jharkhand: Ranchi-Dhanbad,50.0,0.7,172,22,198.0,1,1
OHE Mast,Poor,High,Operational,Critical,Condition Monitoring,Low,Traction Distribution,Jharkhand: Ranchi-Dhanbad,50.0,0.7,172,22,198.0,2,0
Traction Substation,Critical,High,Under Observation,Critical,Corrective Maintenance,Medium,Traction Distribution,Jharkhand: Ranchi-Dhanbad,67.0,0.71,140,53,225.0,0,1
Traction Substation,Critical,High,Under Observation,Critical,Corrective Maintenance,Medium,Traction Distribution,Jharkhand: Ranchi-Dhanbad,67.0,0.71,140,53,225.0,1,1
Traction Substation,Critical,High,Under Observation,Critical,Corrective Maintenance,Medium,Traction Distribution,Jharkhand: Ranchi-Dhanbad,67.0,0.71,140,53,225.0,2,1
Traction Substation,Critical,High,Under Observation,Medium,Inspection,High,Traction Distribution,Jharkhand: Ranchi-Dhanbad,84.0,0.72,140,53,252.0,0,0
Traction Substation,Critical,High,Under Observation,Medium,Inspection,High,Traction Distribution,Jharkhand: Ranchi-Dhanbad,84.0,0.72,140,53,252.0,1,1
Traction Substation,Critical,High,Under Observation,Medium,Inspection,High,Traction Distribution,Jharkhand: Ranchi-Dhanbad,84.0,0.72,140,53,252.0,2,0
Signal,Good,Critical,Maintenance In Progress,Medium,Preventive Maintenance,Low,Signal & Telecommunication,Jharkhand: Ranchi-Dhanbad,101.0,0.73,109,85,279.0,0,1
Signal,Good,Critical,Maintenance In Progress,Medium,Preventive Maintenance,Low,Signal & Telecommunication,Jharkhand: Ranchi-Dhanbad,101.0,0.73,109,85,279.0,1,0
Signal,Good,Critical,Maintenance In Progress,Medium,Preventive Maintenance,Low,Signal & Telecommunication,Jharkhand: Ranchi-Dhanbad,101.0,0.73,109,85,279.0,2,0
Signal,Good,Critical,Maintenance In Progress,Critical,Condition Monitoring,Medium,Signal & Telecommunication,Jharkhand: Ranchi-Dhanbad,47.0,0.74,109,85,306.0,0,1
Signal,Good,Critical,Maintenance In Progress,Critical,Condition Monitoring,Medium,Signal & Telecommunication,Jharkhand: Ranchi-Dhanbad,47.0,0.74,109,85,306.0,1,0
Signal,Good,Critical,Maintenance In Progress,Critical,Condition Monitoring,Medium,Signal & Telecommunication,Jharkhand: Ranchi-Dhanbad,47.0,0.74,109,85,306.0,2,0
Axle Counter,Fair,Medium,Operational,Critical,Corrective Maintenance,High,Signal & Telecommunication,Jharkhand: Ranchi-Dhanbad,64.0,0.75,77,25,333.0,0,0
Axle Counter,Fair,Medium,Operational,Critical,Corrective Maintenance,High,Signal & Telecommunication,Jharkhand: Ranchi-Dhanbad,64.0,0.75,77,25,333.0,1,0
Axle Counter,Fair,Medium,Operational,Critical,Corrective Maintenance,High,Signal & Telecommunication,Jharkhand: Ranchi-Dhanbad,64.0,0.75,77,25,333.0,2,1
Axle Counter,Fair,Medium,Operational,Medium,Inspection,Low,Signal & Telecommunication,Jharkhand: Ranchi-Dhanbad,81.0,0.76,77,25,360.0,0,0
Axle Counter,Fair,Medium,Operational,Medium,Inspection,Low,Signal & Telecommunication,Jharkhand: Ranchi-Dhanbad,81.0,0.76,77,25,360.0,1,0
Axle Counter,Fair,Medium,Operational,Medium,Inspection,Low,Signal & Telecommunication,Jharkhand: Ranchi-Dhanbad,81.0,0.76,77,25,360.0,2,0
Track,Poor,High,Operational,Medium,Preventive Maintenance,Medium,Engineering,Jharkhand: Ranchi-Dhanbad,98.0,0.77,46,56,387.0,0,1
Track,Poor,High,Operational,Medium,Preventive Maintenance,Medium,Engineering,Jharkhand: Ranchi-Dhanbad,98.0,0.77,46,56,387.0,1,0
Track,Poor,High,Operational,Medium,Preventive Maintenance,Medium,Engineering,Jharkhand: Ranchi-Dhanbad,98.0,0.77,46,56,387.0,2,1
Track,Poor,High,Operational,Critical,Condition Monitoring,High,Engineering,Jharkhand: Ranchi-Dhanbad,44.0,0.78,46,56,414.0,0,1
Track,Poor,High,Operational,Critical,Condition Monitoring,High,Engineering,Jharkhand: Ranchi-Dhanbad,44.0,0.78,46,56,414.0,1,1
Track,Poor,High,Operational,Critical,Condition Monitoring,High,Engineering,Jharkhand: Ranchi-Dhanbad,44.0,0.78,46,56,414.0,2,1
Turnout,Critical,High,Under Observation,Critical,Corrective Maintenance,Low,Engineering,Jharkhand: Ranchi-Dhanbad,61.0,0.79,167,63,441.0,0,0
Turnout,Critical,High,Under Observation,Critical,Corrective Maintenance,Low,Engineering,Jharkhand: Ranchi-Dhanbad,61.0,0.79,167,63,441.0,1,1
Turnout,Critical,High,Under Observation,Critical,Corrective Maintenance,Low,Engineering,Jharkhand: Ranchi-Dhanbad,61.0,0.79,167,63,441.0,2,0
Turnout,Critical,High,Under Observation,Medium,Inspection,Medium,Engineering,Jharkhand: Ranchi-Dhanbad,78.0,0.8,167,63,132.0,0,1
Turnout,Critical,High,Under Observation,Medium,Inspection,Medium,Engineering,Jharkhand: Ranchi-Dhanbad,78.0,0.8,167,63,132.0,1,1
Turnout,Critical,High,Under Observation,Medium,Inspection,Medium,Engineering,Jharkhand: Ranchi-Dhanbad,78.0,0.8,167,63,132.0,2,1
OHE Mast,Good,Critical,Maintenance In Progress,Medium,Preventive Maintenance,High,Traction Distribution,Jharkhand: Ranchi-Dhanbad,95.0,0.81,135,3,159.0,0,0
OHE Mast,Good,Critical,Maintenance In Progress,Medium,Preventive Maintenance,High,Traction Distribution,Jharkhand: Ranchi-Dhanbad,95.0,0.81,135,3,159.0,1,0
OHE Mast,Good,Critical,Maintenance In Progress,Medium,Preventive Maintenance,High,Traction Distribution,Jharkhand: Ranchi-Dhanbad,95.0,0.81,135,3,159.0,2,0
OHE Mast,Good,Critical,Maintenance In Progress,Critical,Condition Monitoring,Low,Traction Distribution,Jharkhand: Ranchi-Dhanbad,41.0,0.82,135,3,186.0,0,1
OHE Mast,Good,Critical,Maintenance In Progress,Critical,Condition Monitoring,Low,Traction Distribution,Jharkhand: Ranchi-Dhanbad,41.0,0.82,135,3,186.0,1,1
OHE Mast,Good,Critical,Maintenance In Progress,Critical,Condition Monitoring,Low,Traction Distribution,Jharkhand: Ranchi-Dhanbad,41.0,0.82,135,3,186.0,2,0
Traction Substation,Fair,Medium,Operational,Critical,Corrective Maintenance,Medium,Traction Distribution,Jharkhand: Ranchi-Dhanbad,58.0,0.83,104,34,213.0,0,0
Traction Substation,Fair,Medium,Operational,Critical,Corrective Maintenance,Medium,Traction Distribution,Jharkhand: Ranchi-Dhanbad,58.0,0.83,104,34,213.0,1,0
Traction Substation,Fair,Medium,Operational,Critical,Corrective Maintenance,Medium,Traction Distribution,Jharkhand: Ranchi-Dhanbad,58.0,0.83,104,34,213.0,2,0
Traction Substation,Fair,Medium,Operational,Medium,Inspection,High,Traction Distribution,Jharkhand: Ranchi-Dhanbad,75.0,0.84,104,34,240.0,0,0
Traction Substation,Fair,Medium,Operational,Medium,Inspection,High,Traction Distribution,Jharkhand: Ranchi-Dhanbad,75.0,0.84,104,34,240.0,1,1
Traction Substation,Fair,Medium,Operational,Medium,Inspection,High,Traction Distribution,Jharkhand: Ranchi-Dhanbad,75.0,0.84,104,34,240.0,2,1
Signal,Poor,High,Operational,Medium,Preventive Maintenance,Low,Signal & Telecommunication,Jharkhand: Ranchi-Dhanbad,92.0,0.85,72,66,267.0,0,1
Signal,Poor,High,Operational,Medium,Preventive Maintenance,Low,Signal & Telecommunication,Jharkhand: Ranchi-Dhanbad,92.0,0.85,72,66,267.0,1,1
Signal,Poor,High,Operational,Medium,Preventive Maintenance,Low,Signal & Telecommunication,Jharkhand: Ranchi-Dhanbad,92.0,0.85,72,66,267.0,2,1
Signal,Poor,High,Operational,Critical,Condition Monitoring,Medium,Signal & Telecommunication,Jharkhand: Ranchi-Dhanbad,38.0,0.86,72,66,294.0,0,1
Signal,Poor,High,Operational,Critical,Condition Monitoring,Medium,Signal & Telecommunication,Jharkhand: Ranchi-Dhanbad,38.0,0.86,72,66,294.0,1,1
Signal,Poor,High,Operational,Critical,Condition Monitoring,Medium,Signal & Telecommunication,Jharkhand: Ranchi-Dhanbad,38.0,0.86,72,66,294.0,2,1
Axle Counter,Critical,High,Under Observation,Critical,Corrective Maintenance,High,Signal & Telecommunication,Jharkhand: Ranchi-Dhanbad,55.0,0.87,41,6,321.0,0,1
Axle Counter,Critical,High,Under Observation,Critical,Corrective Maintenance,High,Signal & Telecommunication,Jharkhand: Ranchi-Dhanbad,55.0,0.87,41,6,321.0,1,1
Axle Counter,Critical,High,Under Observation,Critical,Corrective Maintenance,High,Signal & Telecommunication,Jharkhand: Ranchi-Dhanbad,55.0,0.87,41,6,321.0,2,0
Axle Counter,Critical,High,Under Observation,Medium,Inspection,Low,Signal & Telecommunication,Jharkhand: Ranchi-Dhanbad,72.0,0.88,41,6,348.0,0,1
Axle Counter,Critical,High,Under Observation,Medium,Inspection,Low,Signal & Telecommunication,Jharkhand: Ranchi-Dhanbad,72.0,0.88,41,6,348.0,1,0
Axle Counter,Critical,High,Under Observation,Medium,Inspection,Low,Signal & Telecommunication,Jharkhand: Ranchi-Dhanbad,72.0,0.88,41,6,348.0,2,1
Track,Good,Critical,Maintenance In Progress,Medium,Preventive Maintenance,Medium,Engineering,Jharkhand: Ranchi-Dhanbad,89.0,0.89,162,37,375.0,0,1
Track,Good,Critical,Maintenance In Progress,Medium,Preventive Maintenance,Medium,Engineering,Jharkhand: Ranchi-Dhanbad,89.0,0.89,162,37,375.0,1,1
Track,Good,Critical,Maintenance In Progress,Medium,Preventive Maintenance,Medium,Engineering,Jharkhand: Ranchi-Dhanbad,89.0,0.89,162,37,375.0,2,0
Track,Good,Critical,Maintenance In Progress,Critical,Condition Monitoring,High,Engineering,Jharkhand: Ranchi-Dhanbad,35.0,0.9,162,37,402.0,0,1
Track,Good,Critical,Maintenance In Progress,Critical,Condition Monitoring,High,Engineering,Jharkhand: Ranchi-Dhanbad,35.0,0.9,162,37,402.0,1,1
Track,Good,Critical,Maintenance In Progress,Critical,Condition Monitoring,High,Engineering,Jharkhand: Ranchi-Dhanbad,35.0,0.9,162,37,402.0,2,0
Turnout,Fair,Medium,Operational,Critical,Corrective Maintenance,Low,Engineering,Jharkhand: Ranchi-Dhanbad,52.0,0.12,130,69,429.0,0,1
Turnout,Fair,Medium,Operational,Critical,Corrective Maintenance,Low,Engineering,Jharkhand: Ranchi-Dhanbad,52.0,0.12,130,69,429.0,1,0
Turnout,Fair,Medium,Operational,Critical,Corrective Maintenance,Low,Engineering,Jharkhand: Ranchi-Dhanbad,52.0,0.12,130,69,429.0,2,1
Turnout,Fair,Medium,Operational,Medium,Inspection,Medium,Engineering,Jharkhand: Ranchi-Dhanbad,69.0,0.13,130,69,456.0,0,0
Turnout,Fair,Medium,Operational,Medium,Inspection,Medium,Engineering,Jharkhand: Ranchi-Dhanbad,69.0,0.13,130,69,456.0,1,0
Turnout,Fair,Medium,Operational,Medium,Inspection,Medium,Engineering,Jharkhand: Ranchi-Dhanbad,69.0,0.13,130,69,456.0,2,0
OHE Mast,Poor,High,Operational,Medium,Preventive Maintenance,High,Traction Distribution,Jharkhand: Ranchi-Dhanbad,86.0,0.14,99,9,483.0,0,1
OHE Mast,Poor,High,Operational,Medium,Preventive Maintenance,High,Traction Distribution,Jharkhand: Ranchi-Dhanbad,86.0,0.14,99,9,483.0,1,1
OHE Mast,Poor,High,Operational,Medium,Preventive Maintenance,High,Traction Distribution,Jharkhand: Ranchi-Dhanbad,86.0,0.14,99,9,483.0,2,0
OHE Mast,Poor,High,Operational,Critical,Condition Monitoring,Low,Traction Distribution,Jharkhand: Ranchi-Dhanbad,103.0,0.15,99,9,174.0,0,1
OHE Mast,Poor,High,Operational,Critical,Condition Monitoring,Low,Traction Distribution,Jharkhand: Ranchi-Dhanbad,103.0,0.15,99,9,174.0,1,1
OHE Mast,Poor,High,Operational,Critical,Condition Monitoring,Low,Traction Distribution,Jharkhand: Ranchi-Dhanbad,103.0,0.15,99,9,174.0,2,1
Traction Substation,Critical,High,Under Observation,Critical,Corrective Maintenance,Medium,Traction Distribution,Jharkhand: Ranchi-Dhanbad,49.0,0.16,67,40,201.0,0,1
Traction Substation,Critical,High,Under Observation,Critical,Corrective Maintenance,Medium,Traction Distribution,Jharkhand: Ranchi-Dhanbad,49.0,0.16,67,40,201.0,1,1
Traction Substation,Critical,High,Under Observation,Critical,Corrective Maintenance,Medium,Traction Distribution,Jharkhand: Ranchi-Dhanbad,49.0,0.16,67,40,201.0,2,1
Traction Substation,Critical,High,Under Observation,Medium,Inspection,High,Traction Distribution,Jharkhand: Ranchi-Dhanbad,66.0,0.17,67,40,228.0,0,0
Traction Substation,Critical,High,Under Observation,Medium,Inspection,High,Traction Distribution,Jharkhand: Ranchi-Dhanbad,66.0,0.17,67,40,228.0,1,1
Traction Substation,Critical,High,Under Observation,Medium,Inspection,High,Traction Distribution,Jharkhand: Ranchi-Dhanbad,66.0,0.17,67,40,228.0,2,1
Signal,Good,Critical,Maintenance In Progress,Medium,Preventive Maintenance,Low,Signal & Telecommunication,Jharkhand: Ranchi-Dhanbad,83.0,0.18,36,72,255.0,0,0
Signal,Good,Critical,Maintenance In Progress,Medium,Preventive Maintenance,Low,Signal & Telecommunication,Jharkhand: Ranchi-Dhanbad,83.0,0.18,36,72,255.0,1,0
Signal,Good,Critical,Maintenance In Progress,Medium,Preventive Maintenance,Low,Signal & Telecommunication,Jharkhand: Ranchi-Dhanbad,83.0,0.18,36,72,255.0,2,0
Signal,Good,Critical,Maintenance In Progress,Critical,Condition Monitoring,Medium,Signal & Telecommunication,Jharkhand: Ranchi-Dhanbad,100.0,0.19,36,72,282.0,0,0
Signal,Good,Critical,Maintenance In Progress,Critical,Condition Monitoring,Medium,Signal & Telecommunication,Jharkhand: Ranchi-Dhanbad,100.0,0.19,36,72,282.0,1,1
Signal,Good,Critical,Maintenance In Progress,Critical,Condition Monitoring,Medium,Signal & Telecommunication,Jharkhand: Ranchi-Dhanbad,100.0,0.19,36,72,282.0,2,1
Axle Counter,Fair,Medium,Operational,Critical,Corrective Maintenance,High,Signal & Telecommunication,Jharkhand: Ranchi-Dhanbad,46.0,0.2,181,12,309.0,0,0
Axle Counter,Fair,Medium,Operational,Critical,Corrective Maintenance,High,Signal & Telecommunication,Jharkhand: Ranchi-Dhanbad,46.0,0.2,181,12,309.0,1,1
Axle Counter,Fair,Medium,Operational,Critical,Corrective Maintenance,High,Signal & Telecommunication,Jharkhand: Ranchi-Dhanbad,46.0,0.2,181,12,309.0,2,0
Axle Counter,Fair,Medium,Operational,Medium,Inspection,Low,Signal & Telecommunication,Jharkhand: Ranchi-Dhanbad,63.0,0.21,181,12,336.0,0,0
Axle Counter,Fair,Medium,Operational,Medium,Inspection,Low,Signal & Telecommunication,Jharkhand: Ranchi-Dhanbad,63.0,0.21,181,12,336.0,1,0
Axle Counter,Fair,Medium,Operational,Medium,Inspection,Low,Signal & Telecommunication,Jharkhand: Ranchi-Dhanbad,63.0,0.21,181,12,336.0,2,0
Track,Poor,High,Operational,Medium,Preventive Maintenance,Medium,Engineering,Karnataka: Bengaluru-Hubballi,80.0,0.22,149,43,363.0,0,1
Track,Poor,High,Operational,Medium,Preventive Maintenance,Medium,Engineering,Karnataka: Bengaluru-Hubballi,80.0,0.22,149,43,363.0,1,1
Track,Poor,High,Operational,Medium,Preventive Maintenance,Medium,Engineering,Karnataka: Bengaluru-Hubballi,80.0,0.22,149,43,363.0,2,1
Track,Poor,High,Operational,Critical,Condition Monitoring,High,Engineering,Karnataka: Bengaluru-Hubballi,97.0,0.23,149,43,390.0,0,0
Track,Poor,High,Operational,Critical,Condition Monitoring,High,Engineering,Karnataka: Bengaluru-Hubballi,97.0,0.23,149,43,390.0,1,1
Track,Poor,High,Operational,Critical,Condition Monitoring,High,Engineering,Karnataka: Bengaluru-Hubballi,97.0,0.23,149,43,390.0,2,1
Turnout,Critical,High,Under Observation,Critical,Corrective Maintenance,Low,Engineering,Karnataka: Bengaluru-Hubballi,43.0,0.24,118,75,417.0,0,1
Turnout,Critical,High,Under Observation,Critical,Corrective Maintenance,Low,Engineering,Karnataka: Bengaluru-Hubballi,43.0,0.24,118,75,417.0,1,0
Turnout,Critical,High,Under Observation,Critical,Corrective Maintenance,Low,Engineering,Karnataka: Bengaluru-Hubballi,43.0,0.24,118,75,417.0,2,1
Turnout,Critical,High,Under Observation,Medium,Inspection,Medium,Engineering,Karnataka: Bengaluru-Hubballi,60.0,0.25,118,75,444.0,0,0
Turnout,Critical,High,Under Observation,Medium,Inspection,Medium,Engineering,Karnataka: Bengaluru-Hubballi,60.0,0.25,118,75,444.0,1,1
Turnout,Critical,High,Under Observation,Medium,Inspection,Medium,Engineering,Karnataka: Bengaluru-Hubballi,60.0,0.25,118,75,444.0,2,1
OHE Mast,Good,Critical,Maintenance In Progress,Medium,Preventive Maintenance,High,Traction Distribution,Karnataka: Bengaluru-Hubballi,77.0,0.26,86,15,471.0,0,0
OHE Mast,Good,Critical,Maintenance In Progress,Medium,Preventive Maintenance,High,Traction Distribution,Karnataka: Bengaluru-Hubballi,77.0,0.26,86,15,471.0,1,0
OHE Mast,Good,Critical,Maintenance In Progress,Medium,Preventive Maintenance,High,Traction Distribution,Karnataka: Bengaluru-Hubballi,77.0,0.26,86,15,471.0,2,1
OHE Mast,Good,Critical,Maintenance In Progress,Critical,Condition Monitoring,Low,Traction Distribution,Karnataka: Bengaluru-Hubballi,94.0,0.27,86,15,498.0,0,1
OHE Mast,Good,Critical,Maintenance In Progress,Critical,Condition Monitoring,Low,Traction Distribution,Karnataka: Bengaluru-Hubballi,94.0,0.27,86,15,498.0,1,0
OHE Mast,Good,Critical,Maintenance In Progress,Critical,Condition Monitoring,Low,Traction Distribution,Karnataka: Bengaluru-Hubballi,94.0,0.27,86,15,498.0,2,0
Traction Substation,Fair,Medium,Operational,Critical,Corrective Maintenance,Medium,Traction Distribution,Karnataka: Bengaluru-Hubballi,40.0,0.28,55,46,525.0,0,0
Traction Substation,Fair,Medium,Operational,Critical,Corrective Maintenance,Medium,Traction Distribution,Karnataka: Bengaluru-Hubballi,40.0,0.28,55,46,525.0,1,0
Traction Substation,Fair,Medium,Operational,Critical,Corrective Maintenance,Medium,Traction Distribution,Karnataka: Bengaluru-Hubballi,40.0,0.28,55,46,525.0,2,0
Traction Substation,Fair,Medium,Operational,Medium,Inspection,High,Traction Distribution,Karnataka: Bengaluru-Hubballi,57.0,0.29,55,46,216.0,0,0
Traction Substation,Fair,Medium,Operational,Medium,Inspection,High,Traction Distribution,Karnataka: Bengaluru-Hubballi,57.0,0.29,55,46,216.0,1,0
Traction Substation,Fair,Medium,Operational,Medium,Inspection,High,Traction Distribution,Karnataka: Bengaluru-Hubballi,57.0,0.29,55,46,216.0,2,0
Signal,Poor,High,Operational,Medium,Preventive Maintenance,Low,Signal & Telecommunication,Karnataka: Bengaluru-Hubballi,74.0,0.3,176,78,243.0,0,1
Signal,Poor,High,Operational,Medium,Preventive Maintenance,Low,Signal & Telecommunication,Karnataka: Bengaluru-Hubballi,74.0,0.3,176,78,243.0,1,1
Signal,Poor,High,Operational,Medium,Preventive Maintenance,Low,Signal & Telecommunication,Karnataka: Bengaluru-Hubballi,74.0,0.3,176,78,243.0,2,1
Signal,Poor,High,Operational,Critical,Condition Monitoring,Medium,Signal & Telecommunication,Karnataka: Bengaluru-Hubballi,91.0,0.31,176,78,270.0,0,1
Signal,Poor,High,Operational,Critical,Condition Monitoring,Medium,Signal & Telecommunication,Karnataka: Bengaluru-Hubballi,91.0,0.31,176,78,270.0,1,0
Signal,Poor,High,Operational,Critical,Condition Monitoring,Medium,Signal & Telecommunication,Karnataka: Bengaluru-Hubballi,91.0,0.31,176,78,270.0,2,0
Axle Counter,Critical,High,Under Observation,Critical,Corrective Maintenance,High,Signal & Telecommunication,Karnataka: Bengaluru-Hubballi,37.0,0.32,144,18,297.0,0,1
Axle Counter,Critical,High,Under Observation,Critical,Corrective Maintenance,High,Signal & Telecommunication,Karnataka: Bengaluru-Hubballi,37.0,0.32,144,18,297.0,1,1
Axle Counter,Critical,High,Under Observation,Critical,Corrective Maintenance,High,Signal & Telecommunication,Karnataka: Bengaluru-Hubballi,37.0,0.32,144,18,297.0,2,1
Axle Counter,Critical,High,Under Observation,Medium,Inspection,Low,Signal & Telecommunication,Karnataka: Bengaluru-Hubballi,54.0,0.33,144,18,324.0,0,0
Axle Counter,Critical,High,Under Observation,Medium,Inspection,Low,Signal & Telecommunication,Karnataka: Bengaluru-Hubballi,54.0,0.33,144,18,324.0,1,1
Axle Counter,Critical,High,Under Observation,Medium,Inspection,Low,Signal & Telecommunication,Karnataka: Bengaluru-Hubballi,54.0,0.33,144,18,324.0,2,1
Track,Good,Critical,Maintenance In Progress,Medium,Preventive Maintenance,Medium,Engineering,Karnataka: Bengaluru-Hubballi,71.0,0.34,113,49,351.0,0,1
Track,Good,Critical,Maintenance In Progress,Medium,Preventive Maintenance,Medium,Engineering,Karnataka: Bengaluru-Hubballi,71.0,0.34,113,49,351.0,1,0
Track,Good,Critical,Maintenance In Progress,Medium,Preventive Maintenance,Medium,Engineering,Karnataka: Bengaluru-Hubballi,71.0,0.34,113,49,351.0,2,1
Track,Good,Critical,Maintenance In Progress,Critical,Condition Monitoring,High,Engineering,Karnataka: Bengaluru-Hubballi,88.0,0.35,113,49,378.0,0,0
Track,Good,Critical,Maintenance In Progress,Critical,Condition Monitoring,High,Engineering,Karnataka: Bengaluru-Hubballi,88.0,0.35,113,49,378.0,1,1
Track,Good,Critical,Maintenance In Progress,Critical,Condition Monitoring,High,Engineering,Karnataka: Bengaluru-Hubballi,88.0,0.35,113,49,378.0,2,1
Turnout,Fair,Medium,Operational,Critical,Corrective Maintenance,Low,Engineering,Karnataka: Bengaluru-Hubballi,105.0,0.36,81,81,405.0,0,0
Turnout,Fair,Medium,Operational,Critical,Corrective Maintenance,Low,Engineering,Karnataka: Bengaluru-Hubballi,105.0,0.36,81,81,405.0,1,0
Turnout,Fair,Medium,Operational,Critical,Corrective Maintenance,Low,Engineering,Karnataka: Bengaluru-Hubballi,105.0,0.36,81,81,405.0,2,1
Turnout,Fair,Medium,Operational,Medium,Inspection,Medium,Engineering,Karnataka: Bengaluru-Hubballi,51.0,0.37,81,81,432.0,0,0
Turnout,Fair,Medium,Operational,Medium,Inspection,Medium,Engineering,Karnataka: Bengaluru-Hubballi,51.0,0.37,81,81,432.0,1,0
Turnout,Fair,Medium,Operational,Medium,Inspection,Medium,Engineering,Karnataka: Bengaluru-Hubballi,51.0,0.37,81,81,432.0,2,0
OHE Mast,Poor,High,Operational,Medium,Preventive Maintenance,High,Traction Distribution,Karnataka: Bengaluru-Hubballi,68.0,0.38,50,21,459.0,0,0
OHE Mast,Poor,High,Operational,Medium,Preventive Maintenance,High,Traction Distribution,Karnataka: Bengaluru-Hubballi,68.0,0.38,50,21,459.0,1,0
OHE Mast,Poor,High,Operational,Medium,Preventive Maintenance,High,Traction Distribution,Karnataka: Bengaluru-Hubballi,68.0,0.38,50,21,459.0,2,0
OHE Mast,Poor,High,Operational,Critical,Condition Monitoring,Low,Traction Distribution,Karnataka: Bengaluru-Hubballi,85.0,0.39,50,21,486.0,0,0
OHE Mast,Poor,High,Operational,Critical,Condition Monitoring,Low,Traction Distribution,Karnataka: Bengaluru-Hubballi,85.0,0.39,50,21,486.0,1,0
OHE Mast,Poor,High,Operational,Critical,Condition Monitoring,Low,Traction Distribution,Karnataka: Bengaluru-Hubballi,85.0,0.39,50,21,486.0,2,1
Traction Substation,Critical,High,Under Observation,Critical,Corrective Maintenance,Medium,Traction Distribution,Karnataka: Bengaluru-Hubballi,102.0,0.4,171,52,513.0,0,1
Traction Substation,Critical,High,Under Observation,Critical,Corrective Maintenance,Medium,Traction Distribution,Karnataka: Bengaluru-Hubballi,102.0,0.4,171,52,513.0,1,1
Traction Substation,Critical,High,Under Observation,Critical,Corrective Maintenance,Medium,Traction Distribution,Karnataka: Bengaluru-Hubballi,102.0,0.4,171,52,513.0,2,1
Traction Substation,Critical,High,Under Observation,Medium,Inspection,High,Traction Distribution,Karnataka: Bengaluru-Hubballi,48.0,0.41,171,52,540.0,0,0
Traction Substation,Critical,High,Under Observation,Medium,Inspection,High,Traction Distribution,Karnataka: Bengaluru-Hubballi,48.0,0.41,171,52,540.0,1,0
Traction Substation,Critical,High,Under Observation,Medium,Inspection,High,Traction Distribution,Karnataka: Bengaluru-Hubballi,48.0,0.41,171,52,540.0,2,1
Signal,Good,Critical,Maintenance In Progress,Medium,Preventive Maintenance,Low,Signal & Telecommunication,Karnataka: Bengaluru-Hubballi,65.0,0.42,139,84,567.0,0,1
Signal,Good,Critical,Maintenance In Progress,Medium,Preventive Maintenance,Low,Signal & Telecommunication,Karnataka: Bengaluru-Hubballi,65.0,0.42,139,84,567.0,1,0
Signal,Good,Critical,Maintenance In Progress,Medium,Preventive Maintenance,Low,Signal & Telecommunication,Karnataka: Bengaluru-Hubballi,65.0,0.42,139,84,567.0,2,1
Signal,Good,Critical,Maintenance In Progress,Critical,Condition Monitoring,Medium,Signal & Telecommunication,Karnataka: Bengaluru-Hubballi,82.0,0.43,139,84,258.0,0,1
Signal,Good,Critical,Maintenance In Progress,Critical,Condition Monitoring,Medium,Signal & Telecommunication,Karnataka: Bengaluru-Hubballi,82.0,0.43,139,84,258.0,1,1
Signal,Good,Critical,Maintenance In Progress,Critical,Condition Monitoring,Medium,Signal & Telecommunication,Karnataka: Bengaluru-Hubballi,82.0,0.43,139,84,258.0,2,0
Axle Counter,Fair,Medium,Operational,Critical,Corrective Maintenance,High,Signal & Telecommunication,Karnataka: Bengaluru-Hubballi,99.0,0.44,108,24,285.0,0,1
Axle Counter,Fair,Medium,Operational,Critical,Corrective Maintenance,High,Signal & Telecommunication,Karnataka: Bengaluru-Hubballi,99.0,0.44,108,24,285.0,1,0
Axle Counter,Fair,Medium,Operational,Critical,Corrective Maintenance,High,Signal & Telecommunication,Karnataka: Bengaluru-Hubballi,99.0,0.44,108,24,285.0,2,0
Axle Counter,Fair,Medium,Operational,Medium,Inspection,Low,Signal & Telecommunication,Karnataka: Bengaluru-Hubballi,45.0,0.45,108,24,312.0,0,0
Axle Counter,Fair,Medium,Operational,Medium,Inspection,Low,Signal & Telecommunication,Karnataka: Bengaluru-Hubballi,45.0,0.45,108,24,312.0,1,0
Axle Counter,Fair,Medium,Operational,Medium,Inspection,Low,Signal & Telecommunication,Karnataka: Bengaluru-Hubballi,45.0,0.45,108,24,312.0,2,0
Track,Poor,High,Operational,Medium,Preventive Maintenance,Medium,Engineering,Karnataka: Bengaluru-Hubballi,62.0,0.46,76,55,339.0,0,1
Track,Poor,High,Operational,Medium,Preventive Maintenance,Medium,Engineering,Karnataka: Bengaluru-Hubballi,62.0,0.46,76,55,339.0,1,0
Track,Poor,High,Operational,Medium,Preventive Maintenance,Medium,Engineering,Karnataka: Bengaluru-Hubballi,62.0,0.46,76,55,339.0,2,1
Track,Poor,High,Operational,Critical,Condition Monitoring,High,Engineering,Karnataka: Bengaluru-Hubballi,79.0,0.47,76,55,366.0,0,0
Track,Poor,High,Operational,Critical,Condition Monitoring,High,Engineering,Karnataka: Bengaluru-Hubballi,79.0,0.47,76,55,366.0,1,1
Track,Poor,High,Operational,Critical,Condition Monitoring,High,Engineering,Karnataka: Bengaluru-Hubballi,79.0,0.47,76,55,366.0,2,1
Turnout,Critical,High,Under Observation,Critical,Corrective Maintenance,Low,Engineering,Karnataka: Bengaluru-Hubballi,96.0,0.48,45,87,393.0,0,0
Turnout,Critical,High,Under Observation,Critical,Corrective Maintenance,Low,Engineering,Karnataka: Bengaluru-Hubballi,96.0,0.48,45,87,393.0,1,1
Turnout,Critical,High,Under Observation,Critical,Corrective Maintenance,Low,Engineering,Karnataka: Bengaluru-Hubballi,96.0,0.48,45,87,393.0,2,1
Turnout,Critical,High,Under Observation,Medium,Inspection,Medium,Engineering,Karnataka: Bengaluru-Hubballi,42.0,0.49,45,87,420.0,0,1
Turnout,Critical,High,Under Observation,Medium,Inspection,Medium,Engineering,Karnataka: Bengaluru-Hubballi,42.0,0.49,45,87,420.0,1,1
Turnout,Critical,High,Under Observation,Medium,Inspection,Medium,Engineering,Karnataka: Bengaluru-Hubballi,42.0,0.49,45,87,420.0,2,1
OHE Mast,Good,Critical,Maintenance In Progress,Medium,Preventive Maintenance,High,Traction Distribution,Karnataka: Bengaluru-Hubballi,59.0,0.5,166,2,447.0,0,1
OHE Mast,Good,Critical,Maintenance In Progress,Medium,Preventive Maintenance,High,Traction Distribution,Karnataka: Bengaluru-Hubballi,59.0,0.5,166,2,447.0,1,0
OHE Mast,Good,Critical,Maintenance In Progress,Medium,Preventive Maintenance,High,Traction Distribution,Karnataka: Bengaluru-Hubballi,59.0,0.5,166,2,447.0,2,1
OHE Mast,Good,Critical,Maintenance In Progress,Critical,Condition Monitoring,Low,Traction Distribution,Karnataka: Bengaluru-Hubballi,76.0,0.51,166,2,474.0,0,1
OHE Mast,Good,Critical,Maintenance In Progress,Critical,Condition Monitoring,Low,Traction Distribution,Karnataka: Bengaluru-Hubballi,76.0,0.51,166,2,474.0,1,0
OHE Mast,Good,Critical,Maintenance In Progress,Critical,Condition Monitoring,Low,Traction Distribution,Karnataka: Bengaluru-Hubballi,76.0,0.51,166,2,474.0,2,0
Traction Substation,Fair,Medium,Operational,Critical,Corrective Maintenance,Medium,Traction Distribution,Karnataka: Bengaluru-Hubballi,93.0,0.52,134,33,501.0,0,0
Traction Substation,Fair,Medium,Operational,Critical,Corrective Maintenance,Medium,Traction Distribution,Karnataka: Bengaluru-Hubballi,93.0,0.52,134,33,501.0,1,0
Traction Substation,Fair,Medium,Operational,Critical,Corrective Maintenance,Medium,Traction Distribution,Karnataka: Bengaluru-Hubballi,93.0,0.52,134,33,501.0,2,1
Traction Substation,Fair,Medium,Operational,Medium,Inspection,High,Traction Distribution,Karnataka: Bengaluru-Hubballi,39.0,0.53,134,33,528.0,0,0
Traction Substation,Fair,Medium,Operational,Medium,Inspection,High,Traction Distribution,Karnataka: Bengaluru-Hubballi,39.0,0.53,134,33,528.0,1,0
Traction Substation,Fair,Medium,Operational,Medium,Inspection,High,Traction Distribution,Karnataka: Bengaluru-Hubballi,39.0,0.53,134,33,528.0,2,0
Signal,Poor,High,Operational,Medium,Preventive Maintenance,Low,Signal & Telecommunication,Karnataka: Bengaluru-Hubballi,56.0,0.54,103,65,555.0,0,0
Signal,Poor,High,Operational,Medium,Preventive Maintenance,Low,Signal & Telecommunication,Karnataka: Bengaluru-Hubballi,56.0,0.54,103,65,555.0,1,0
Signal,Poor,High,Operational,Medium,Preventive Maintenance,Low,Signal & Telecommunication,Karnataka: Bengaluru-Hubballi,56.0,0.54,103,65,555.0,2,0
Signal,Poor,High,Operational,Critical,Condition Monitoring,Medium,Signal & Telecommunication,Karnataka: Bengaluru-Hubballi,73.0,0.55,103,65,582.0,0,0
Signal,Poor,High,Operational,Critical,Condition Monitoring,Medium,Signal & Telecommunication,Karnataka: Bengaluru-Hubballi,73.0,0.55,103,65,582.0,1,0
Signal,Poor,High,Operational,Critical,Condition Monitoring,Medium,Signal & Telecommunication,Karnataka: Bengaluru-Hubballi,73.0,0.55,103,65,582.0,2,1
Axle Counter,Critical,High,Under Observation,Critical,Corrective Maintenance,High,Signal & Telecommunication,Karnataka: Bengaluru-Hubballi,90.0,0.56,71,5,609.0,0,1
Axle Counter,Critical,High,Under Observation,Critical,Corrective Maintenance,High,Signal & Telecommunication,Karnataka: Bengaluru-Hubballi,90.0,0.56,71,5,609.0,1,1
Axle Counter,Critical,High,Under Observation,Critical,Corrective Maintenance,High,Signal & Telecommunication,Karnataka: Bengaluru-Hubballi,90.0,0.56,71,5,609.0,2,1
Axle Counter,Critical,High,Under Observation,Medium,Inspection,Low,Signal & Telecommunication,Karnataka: Bengaluru-Hubballi,36.0,0.57,71,5,300.0,0,1
Axle Counter,Critical,High,Under Observation,Medium,Inspection,Low,Signal & Telecommunication,Karnataka: Bengaluru-Hubballi,36.0,0.57,71,5,300.0,1,1
Axle Counter,Critical,High,Under Observation,Medium,Inspection,Low,Signal & Telecommunication,Karnataka: Bengaluru-Hubballi,36.0,0.57,71,5,300.0,2,1
Track,Good,Critical,Maintenance In Progress,Medium,Preventive Maintenance,Medium,Engineering,Karnataka: Bengaluru-Hubballi,53.0,0.58,40,36,327.0,0,0
Track,Good,Critical,Maintenance In Progress,Medium,Preventive Maintenance,Medium,Engineering,Karnataka: Bengaluru-Hubballi,53.0,0.58,40,36,327.0,1,0
Track,Good,Critical,Maintenance In Progress,Medium,Preventive Maintenance,Medium,Engineering,Karnataka: Bengaluru-Hubballi,53.0,0.58,40,36,327.0,2,0
Track,Good,Critical,Maintenance In Progress,Critical,Condition Monitoring,High,Engineering,Karnataka: Bengaluru-Hubballi,70.0,0.59,40,36,354.0,0,1
Track,Good,Critical,Maintenance In Progress,Critical,Condition Monitoring,High,Engineering,Karnataka: Bengaluru-Hubballi,70.0,0.59,40,36,354.0,1,1
Track,Good,Critical,Maintenance In Progress,Critical,Condition Monitoring,High,Engineering,Karnataka: Bengaluru-Hubballi,70.0,0.59,40,36,354.0,2,1
Turnout,Fair,Medium,Operational,Critical,Corrective Maintenance,Low,Engineering,Karnataka: Bengaluru-Hubballi,87.0,0.6,161,68,381.0,0,1
Turnout,Fair,Medium,Operational,Critical,Corrective Maintenance,Low,Engineering,Karnataka: Bengaluru-Hubballi,87.0,0.6,161,68,381.0,1,0
Turnout,Fair,Medium,Operational,Critical,Corrective Maintenance,Low,Engineering,Karnataka: Bengaluru-Hubballi,87.0,0.6,161,68,381.0,2,1
Turnout,Fair,Medium,Operational,Medium,Inspection,Medium,Engineering,Karnataka: Bengaluru-Hubballi,104.0,0.61,161,68,408.0,0,0
Turnout,Fair,Medium,Operational,Medium,Inspection,Medium,Engineering,Karnataka: Bengaluru-Hubballi,104.0,0.61,161,68,408.0,1,0
Turnout,Fair,Medium,Operational,Medium,Inspection,Medium,Engineering,Karnataka: Bengaluru-Hubballi,104.0,0.61,161,68,408.0,2,0
OHE Mast,Poor,High,Operational,Medium,Preventive Maintenance,High,Traction Distribution,Karnataka: Bengaluru-Hubballi,50.0,0.62,129,8,435.0,0,0
OHE Mast,Poor,High,Operational,Medium,Preventive Maintenance,High,Traction Distribution,Karnataka: Bengaluru-Hubballi,50.0,0.62,129,8,435.0,1,1
OHE Mast,Poor,High,Operational,Medium,Preventive Maintenance,High,Traction Distribution,Karnataka: Bengaluru-Hubballi,50.0,0.62,129,8,435.0,2,1
OHE Mast,Poor,High,Operational,Critical,Condition Monitoring,Low,Traction Distribution,Karnataka: Bengaluru-Hubballi,67.0,0.63,129,8,462.0,0,1
OHE Mast,Poor,High,Operational,Critical,Condition Monitoring,Low,Traction Distribution,Karnataka: Bengaluru-Hubballi,67.0,0.63,129,8,462.0,1,1
OHE Mast,Poor,High,Operational,Critical,Condition Monitoring,Low,Traction Distribution,Karnataka: Bengaluru-Hubballi,67.0,0.63,129,8,462.0,2,1
Traction Substation,Critical,High,Under Observation,Critical,Corrective Maintenance,Medium,Traction Distribution,Karnataka: Bengaluru-Hubballi,84.0,0.64,98,39,489.0,0,1
Traction Substation,Critical,High,Under Observation,Critical,Corrective Maintenance,Medium,Traction Distribution,Karnataka: Bengaluru-Hubballi,84.0,0.64,98,39,489.0,1,1
Traction Substation,Critical,High,Under Observation,Critical,Corrective Maintenance,Medium,Traction Distribution,Karnataka: Bengaluru-Hubballi,84.0,0.64,98,39,489.0,2,1
Traction Substation,Critical,High,Under Observation,Medium,Inspection,High,Traction Distribution,Karnataka: Bengaluru-Hubballi,101.0,0.65,98,39,516.0,0,1
Traction Substation,Critical,High,Under Observation,Medium,Inspection,High,Traction Distribution,Karnataka: Bengaluru-Hubballi,101.0,0.65,98,39,516.0,1,0
Traction Substation,Critical,High,Under Observation,Medium,Inspection,High,Traction Distribution,Karnataka: Bengaluru-Hubballi,101.0,0.65,98,39,516.0,2,1
Signal,Good,Critical,Maintenance In Progress,Medium,Preventive Maintenance,Low,Signal & Telecommunication,Karnataka: Bengaluru-Hubballi,47.0,0.66,66,71,543.0,0,0
Signal,Good,Critical,Maintenance In Progress,Medium,Preventive Maintenance,Low,Signal & Telecommunication,Karnataka: Bengaluru-Hubballi,47.0,0.66,66,71,543.0,1,0
Signal,Good,Critical,Maintenance In Progress,Medium,Preventive Maintenance,Low,Signal & Telecommunication,Karnataka: Bengaluru-Hubballi,47.0,0.66,66,71,543.0,2,1
Signal,Good,Critical,Maintenance In Progress,Critical,Condition Monitoring,Medium,Signal & Telecommunication,Karnataka: Bengaluru-Hubballi,64.0,0.67,66,71,570.0,0,1
Signal,Good,Critical,Maintenance In Progress,Critical,Condition Monitoring,Medium,Signal & Telecommunication,Karnataka: Bengaluru-Hubballi,64.0,0.67,66,71,570.0,1,0
Signal,Good,Critical,Maintenance In Progress,Critical,Condition Monitoring,Medium,Signal & Telecommunication,Karnataka: Bengaluru-Hubballi,64.0,0.67,66,71,570.0,2,0
Axle Counter,Fair,Medium,Operational,Critical,Corrective Maintenance,High,Signal & Telecommunication,Karnataka: Bengaluru-Hubballi,81.0,0.68,59,11,597.0,0,0
Axle Counter,Fair,Medium,Operational,Critical,Corrective Maintenance,High,Signal & Telecommunication,Karnataka: Bengaluru-Hubballi,81.0,0.68,59,11,597.0,1,1
Axle Counter,Fair,Medium,Operational,Critical,Corrective Maintenance,High,Signal & Telecommunication,Karnataka: Bengaluru-Hubballi,81.0,0.68,59,11,597.0,2,0
Axle Counter,Fair,Medium,Operational,Medium,Inspection,Low,Signal & Telecommunication,Karnataka: Bengaluru-Hubballi,98.0,0.69,59,11,624.0,0,0
Axle Counter,Fair,Medium,Operational,Medium,Inspection,Low,Signal & Telecommunication,Karnataka: Bengaluru-Hubballi,98.0,0.69,59,11,624.0,1,0
Axle Counter,Fair,Medium,Operational,Medium,Inspection,Low,Signal & Telecommunication,Karnataka: Bengaluru-Hubballi,98.0,0.69,59,11,624.0,2,0
Track,Poor,High,Operational,Medium,Preventive Maintenance,Medium,Engineering,Karnataka: Bengaluru-Hubballi,44.0,0.7,180,42,651.0,0,1
Track,Poor,High,Operational,Medium,Preventive Maintenance,Medium,Engineering,Karnataka: Bengaluru-Hubballi,44.0,0.7,180,42,651.0,1,1
Track,Poor,High,Operational,Medium,Preventive Maintenance,Medium,Engineering,Karnataka: Bengaluru-Hubballi,44.0,0.7,180,42,651.0,2,1
Track,Poor,High,Operational,Critical,Condition Monitoring,High,Engineering,Karnataka: Bengaluru-Hubballi,61.0,0.71,180,42,342.0,0,1
Track,Poor,High,Operational,Critical,Condition Monitoring,High,Engineering,Karnataka: Bengaluru-Hubballi,61.0,0.71,180,42,342.0,1,1
Track,Poor,High,Operational,Critical,Condition Monitoring,High,Engineering,Karnataka: Bengaluru-Hubballi,61.0,0.71,180,42,342.0,2,1
Turnout,Critical,High,Under Observation,Critical,Corrective Maintenance,Low,Engineering,Karnataka: Bengaluru-Hubballi,78.0,0.72,148,74,369.0,0,1
Turnout,Critical,High,Under Observation,Critical,Corrective Maintenance,Low,Engineering,Karnataka: Bengaluru-Hubballi,78.0,0.72,148,74,369.0,1,1
Turnout,Critical,High,Under Observation,Critical,Corrective Maintenance,Low,Engineering,Karnataka: Bengaluru-Hubballi,78.0,0.72,148,74,369.0,2,1
Turnout,Critical,High,Under Observation,Medium,Inspection,Medium,Engineering,Karnataka: Bengaluru-Hubballi,95.0,0.73,148,74,396.0,0,0
Turnout,Critical,High,Under Observation,Medium,Inspection,Medium,Engineering,Karnataka: Bengaluru-Hubballi,95.0,0.73,148,74,396.0,1,1
Turnout,Critical,High,Under Observation,Medium,Inspection,Medium,Engineering,Karnataka: Bengaluru-Hubballi,95.0,0.73,148,74,396.0,2,0
OHE Mast,Good,Critical,Maintenance In Progress,Medium,Preventive Maintenance,High,Traction Distribution,Karnataka: Bengaluru-Hubballi,41.0,0.74,117,14,423.0,0,1
OHE Mast,Good,Critical,Maintenance In Progress,Medium,Preventive Maintenance,High,Traction Distribution,Karnataka: Bengaluru-Hubballi,41.0,0.74,117,14,423.0,1,1
OHE Mast,Good,Critical,Maintenance In Progress,Medium,Preventive Maintenance,High,Traction Distribution,Karnataka: Bengaluru-Hubballi,41.0,0.74,117,14,423.0,2,1
OHE Mast,Good,Critical,Maintenance In Progress,Critical,Condition Monitoring,Low,Traction Distribution,Karnataka: Bengaluru-Hubballi,58.0,0.75,117,14,450.0,0,0
OHE Mast,Good,Critical,Maintenance In Progress,Critical,Condition Monitoring,Low,Traction Distribution,Karnataka: Bengaluru-Hubballi,58.0,0.75,117,14,450.0,1,0
OHE Mast,Good,Critical,Maintenance In Progress,Critical,Condition Monitoring,Low,Traction Distribution,Karnataka: Bengaluru-Hubballi,58.0,0.75,117,14,450.0,2,1
Traction Substation,Fair,Medium,Operational,Critical,Corrective Maintenance,Medium,Traction Distribution,Karnataka: Bengaluru-Hubballi,75.0,0.76,85,45,477.0,0,0
Traction Substation,Fair,Medium,Operational,Critical,Corrective Maintenance,Medium,Traction Distribution,Karnataka: Bengaluru-Hubballi,75.0,0.76,85,45,477.0,1,1
Traction Substation,Fair,Medium,Operational,Critical,Corrective Maintenance,Medium,Traction Distribution,Karnataka: Bengaluru-Hubballi,75.0,0.76,85,45,477.0,2,1
Traction Substation,Fair,Medium,Operational,Medium,Inspection,High,Traction Distribution,Karnataka: Bengaluru-Hubballi,92.0,0.77,85,45,504.0,0,0
Traction Substation,Fair,Medium,Operational,Medium,Inspection,High,Traction Distribution,Karnataka: Bengaluru-Hubballi,92.0,0.77,85,45,504.0,1,0
Traction Substation,Fair,Medium,Operational,Medium,Inspection,High,Traction Distribution,Karnataka: Bengaluru-Hubballi,92.0,0.77,85,45,504.0,2,0
Signal,Poor,High,Operational,Medium,Preventive Maintenance,Low,Signal & Telecommunication,Karnataka: Bengaluru-Hubballi,38.0,0.78,54,77,531.0,0,0
Signal,Poor,High,Operational,Medium,Preventive Maintenance,Low,Signal & Telecommunication,Karnataka: Bengaluru-Hubballi,38.0,0.78,54,77,531.0,1,1
Signal,Poor,High,Operational,Medium,Preventive Maintenance,Low,Signal & Telecommunication,Karnataka: Bengaluru-Hubballi,38.0,0.78,54,77,531.0,2,1
Signal,Poor,High,Operational,Critical,Condition Monitoring,Medium,Signal & Telecommunication,Karnataka: Bengaluru-Hubballi,55.0,0.79,54,77,558.0,0,1
Signal,Poor,High,Operational,Critical,Condition Monitoring,Medium,Signal & Telecommunication,Karnataka: Bengaluru-Hubballi,55.0,0.79,54,77,558.0,1,1
Signal,Poor,High,Operational,Critical,Condition Monitoring,Medium,Signal & Telecommunication,Karnataka: Bengaluru-Hubballi,55.0,0.79,54,77,558.0,2,1
Axle Counter,Critical,High,Under Observation,Critical,Corrective Maintenance,High,Signal & Telecommunication,Karnataka: Bengaluru-Hubballi,72.0,0.8,175,17,585.0,0,1
Axle Counter,Critical,High,Under Observation,Critical,Corrective Maintenance,High,Signal & Telecommunication,Karnataka: Bengaluru-Hubballi,72.0,0.8,175,17,585.0,1,1
Axle Counter,Critical,High,Under Observation,Critical,Corrective Maintenance,High,Signal & Telecommunication,Karnataka: Bengaluru-Hubballi,72.0,0.8,175,17,585.0,2,1
Axle Counter,Critical,High,Under Observation,Medium,Inspection,Low,Signal & Telecommunication,Karnataka: Bengaluru-Hubballi,89.0,0.81,175,17,612.0,0,1
Axle Counter,Critical,High,Under Observation,Medium,Inspection,Low,Signal & Telecommunication,Karnataka: Bengaluru-Hubballi,89.0,0.81,175,17,612.0,1,1
Axle Counter,Critical,High,Under Observation,Medium,Inspection,Low,Signal & Telecommunication,Karnataka: Bengaluru-Hubballi,89.0,0.81,175,17,612.0,2,0
Track,Good,Critical,Maintenance In Progress,Medium,Preventive Maintenance,Medium,Engineering,Karnataka: Bengaluru-Hubballi,35.0,0.82,143,48,639.0,0,0
Track,Good,Critical,Maintenance In Progress,Medium,Preventive Maintenance,Medium,Engineering,Karnataka: Bengaluru-Hubballi,35.0,0.82,143,48,639.0,1,0
Track,Good,Critical,Maintenance In Progress,Medium,Preventive Maintenance,Medium,Engineering,Karnataka: Bengaluru-Hubballi,35.0,0.82,143,48,639.0,2,0
Track,Good,Critical,Maintenance In Progress,Critical,Condition Monitoring,High,Engineering,Karnataka: Bengaluru-Hubballi,52.0,0.83,143,48,666.0,0,0
Track,Good,Critical,Maintenance In Progress,Critical,Condition Monitoring,High,Engineering,Karnataka: Bengaluru-Hubballi,52.0,0.83,143,48,666.0,1,1
Track,Good,Critical,Maintenance In Progress,Critical,Condition Monitoring,High,Engineering,Karnataka: Bengaluru-Hubballi,52.0,0.83,143,48,666.0,2,1
Turnout,Fair,Medium,Operational,Critical,Corrective Maintenance,Low,Engineering,Karnataka: Bengaluru-Hubballi,69.0,0.84,112,80,693.0,0,0
Turnout,Fair,Medium,Operational,Critical,Corrective Maintenance,Low,Engineering,Karnataka: Bengaluru-Hubballi,69.0,0.84,112,80,693.0,1,1
Turnout,Fair,Medium,Operational,Critical,Corrective Maintenance,Low,Engineering,Karnataka: Bengaluru-Hubballi,69.0,0.84,112,80,693.0,2,1
Turnout,Fair,Medium,Operational,Medium,Inspection,Medium,Engineering,Karnataka: Bengaluru-Hubballi,86.0,0.85,112,80,384.0,0,0
Turnout,Fair,Medium,Operational,Medium,Inspection,Medium,Engineering,Karnataka: Bengaluru-Hubballi,86.0,0.85,112,80,384.0,1,0
Turnout,Fair,Medium,Operational,Medium,Inspection,Medium,Engineering,Karnataka: Bengaluru-Hubballi,86.0,0.85,112,80,384.0,2,0
OHE Mast,Poor,High,Operational,Medium,Preventive Maintenance,High,Traction Distribution,Karnataka: Bengaluru-Hubballi,103.0,0.86,80,20,411.0,0,0
OHE Mast,Poor,High,Operational,Medium,Preventive Maintenance,High,Traction Distribution,Karnataka: Bengaluru-Hubballi,103.0,0.86,80,20,411.0,1,1
OHE Mast,Poor,High,Operational,Medium,Preventive Maintenance,High,Traction Distribution,Karnataka: Bengaluru-Hubballi,103.0,0.86,80,20,411.0,2,1
OHE Mast,Poor,High,Operational,Critical,Condition Monitoring,Low,Traction Distribution,Karnataka: Bengaluru-Hubballi,49.0,0.87,80,20,438.0,0,1
OHE Mast,Poor,High,Operational,Critical,Condition Monitoring,Low,Traction Distribution,Karnataka: Bengaluru-Hubballi,49.0,0.87,80,20,438.0,1,1
OHE Mast,Poor,High,Operational,Critical,Condition Monitoring,Low,Traction Distribution,Karnataka: Bengaluru-Hubballi,49.0,0.87,80,20,438.0,2,1
Traction Substation,Critical,High,Under Observation,Critical,Corrective Maintenance,Medium,Traction Distribution,Karnataka: Bengaluru-Hubballi,66.0,0.88,49,51,465.0,0,1
Traction Substation,Critical,High,Under Observation,Critical,Corrective Maintenance,Medium,Traction Distribution,Karnataka: Bengaluru-Hubballi,66.0,0.88,49,51,465.0,1,1
Traction Substation,Critical,High,Under Observation,Critical,Corrective Maintenance,Medium,Traction Distribution,Karnataka: Bengaluru-Hubballi,66.0,0.88,49,51,465.0,2,1
Traction Substation,Critical,High,Under Observation,Medium,Inspection,High,Traction Distribution,Karnataka: Bengaluru-Hubballi,83.0,0.89,49,51,492.0,0,0
Traction Substation,Critical,High,Under Observation,Medium,Inspection,High,Traction Distribution,Karnataka: Bengaluru-Hubballi,83.0,0.89,49,51,492.0,1,1
Traction Substation,Critical,High,Under Observation,Medium,Inspection,High,Traction Distribution,Karnataka: Bengaluru-Hubballi,83.0,0.89,49,51,492.0,2,0
Signal,Good,Critical,Maintenance In Progress,Medium,Preventive Maintenance,Low,Signal & Telecommunication,Karnataka: Bengaluru-Hubballi,100.0,0.9,170,83,519.0,0,1
Signal,Good,Critical,Maintenance In Progress,Medium,Preventive Maintenance,Low,Signal & Telecommunication,Karnataka: Bengaluru-Hubballi,100.0,0.9,170,83,519.0,1,1
Signal,Good,Critical,Maintenance In Progress,Medium,Preventive Maintenance,Low,Signal & Telecommunication,Karnataka: Bengaluru-Hubballi,100.0,0.9,170,83,519.0,2,1
Signal,Good,Critical,Maintenance In Progress,Critical,Condition Monitoring,Medium,Signal & Telecommunication,Karnataka: Bengaluru-Hubballi,46.0,0.12,170,83,546.0,0,0
Signal,Good,Critical,Maintenance In Progress,Critical,Condition Monitoring,Medium,Signal & Telecommunication,Karnataka: Bengaluru-Hubballi,46.0,0.12,170,83,546.0,1,1
Signal,Good,Critical,Maintenance In Progress,Critical,Condition Monitoring,Medium,Signal & Telecommunication,Karnataka: Bengaluru-Hubballi,46.0,0.12,170,83,546.0,2,0
Axle Counter,Fair,Medium,Operational,Critical,Corrective Maintenance,High,Signal & Telecommunication,Karnataka: Bengaluru-Hubballi,63.0,0.13,138,23,573.0,0,1
Axle Counter,Fair,Medium,Operational,Critical,Corrective Maintenance,High,Signal & Telecommunication,Karnataka: Bengaluru-Hubballi,63.0,0.13,138,23,573.0,1,1
Axle Counter,Fair,Medium,Operational,Critical,Corrective Maintenance,High,Signal & Telecommunication,Karnataka: Bengaluru-Hubballi,63.0,0.13,138,23,573.0,2,0
Axle Counter,Fair,Medium,Operational,Medium,Inspection,Low,Signal & Telecommunication,Karnataka: Bengaluru-Hubballi,80.0,0.14,138,23,600.0,0,0
Axle Counter,Fair,Medium,Operational,Medium,Inspection,Low,Signal & Telecommunication,Karnataka: Bengaluru-Hubballi,80.0,0.14,138,23,600.0,1,0
Axle Counter,Fair,Medium,Operational,Medium,Inspection,Low,Signal & Telecommunication,Karnataka: Bengaluru-Hubballi,80.0,0.14,138,23,600.0,2,1
Track,Poor,High,Operational,Medium,Preventive Maintenance,Medium,Engineering,Kerala: Ernakulam-Thiruvananthapuram,97.0,0.15,107,54,627.0,0,0
Track,Poor,High,Operational,Medium,Preventive Maintenance,Medium,Engineering,Kerala: Ernakulam-Thiruvananthapuram,97.0,0.15,107,54,627.0,1,0
Track,Poor,High,Operational,Medium,Preventive Maintenance,Medium,Engineering,Kerala: Ernakulam-Thiruvananthapuram,97.0,0.15,107,54,627.0,2,1
Track,Poor,High,Operational,Critical,Condition Monitoring,High,Engineering,Kerala: Ernakulam-Thiruvananthapuram,43.0,0.16,107,54,654.0,0,1
Track,Poor,High,Operational,Critical,Condition Monitoring,High,Engineering,Kerala: Ernakulam-Thiruvananthapuram,43.0,0.16,107,54,654.0,1,0
Track,Poor,High,Operational,Critical,Condition Monitoring,High,Engineering,Kerala: Ernakulam-Thiruvananthapuram,43.0,0.16,107,54,654.0,2,1
Turnout,Critical,High,Under Observation,Critical,Corrective Maintenance,Low,Engineering,Kerala: Ernakulam-Thiruvananthapuram,60.0,0.17,75,86,681.0,0,0
Turnout,Critical,High,Under Observation,Critical,Corrective Maintenance,Low,Engineering,Kerala: Ernakulam-Thiruvananthapuram,60.0,0.17,75,86,681.0,1,0
Turnout,Critical,High,Under Observation,Critical,Corrective Maintenance,Low,Engineering,Kerala: Ernakulam-Thiruvananthapuram,60.0,0.17,75,86,681.0,2,1
Turnout,Critical,High,Under Observation,Medium,Inspection,Medium,Engineering,Kerala: Ernakulam-Thiruvananthapuram,77.0,0.18,75,86,708.0,0,1
Turnout,Critical,High,Under Observation,Medium,Inspection,Medium,Engineering,Kerala: Ernakulam-Thiruvananthapuram,77.0,0.18,75,86,708.0,1,0
Turnout,Critical,High,Under Observation,Medium,Inspection,Medium,Engineering,Kerala: Ernakulam-Thiruvananthapuram,77.0,0.18,75,86,708.0,2,1
OHE Mast,Good,Critical,Maintenance In Progress,Medium,Preventive Maintenance,High,Traction Distribution,Kerala: Ernakulam-Thiruvananthapuram,94.0,0.19,44,26,735.0,0,0
OHE Mast,Good,Critical,Maintenance In Progress,Medium,Preventive Maintenance,High,Traction Distribution,Kerala: Ernakulam-Thiruvananthapuram,94.0,0.19,44,26,735.0,1,1
OHE Mast,Good,Critical,Maintenance In Progress,Medium,Preventive Maintenance,High,Traction Distribution,Kerala: Ernakulam-Thiruvananthapuram,94.0,0.19,44,26,735.0,2,1
OHE Mast,Good,Critical,Maintenance In Progress,Critical,Condition Monitoring,Low,Traction Distribution,Kerala: Ernakulam-Thiruvananthapuram,40.0,0.2,44,26,426.0,0,0
OHE Mast,Good,Critical,Maintenance In Progress,Critical,Condition Monitoring,Low,Traction Distribution,Kerala: Ernakulam-Thiruvananthapuram,40.0,0.2,44,26,426.0,1,0
OHE Mast,Good,Critical,Maintenance In Progress,Critical,Condition Monitoring,Low,Traction Distribution,Kerala: Ernakulam-Thiruvananthapuram,40.0,0.2,44,26,426.0,2,1
Traction Substation,Fair,Medium,Operational,Critical,Corrective Maintenance,Medium,Traction Distribution,Kerala: Ernakulam-Thiruvananthapuram,57.0,0.21,165,32,453.0,0,0
Traction Substation,Fair,Medium,Operational,Critical,Corrective Maintenance,Medium,Traction Distribution,Kerala: Ernakulam-Thiruvananthapuram,57.0,0.21,165,32,453.0,1,0
Traction Substation,Fair,Medium,Operational,Critical,Corrective Maintenance,Medium,Traction Distribution,Kerala: Ernakulam-Thiruvananthapuram,57.0,0.21,165,32,453.0,2,0
Traction Substation,Fair,Medium,Operational,Medium,Inspection,High,Traction Distribution,Kerala: Ernakulam-Thiruvananthapuram,74.0,0.22,165,32,480.0,0,0
Traction Substation,Fair,Medium,Operational,Medium,Inspection,High,Traction Distribution,Kerala: Ernakulam-Thiruvananthapuram,74.0,0.22,165,32,480.0,1,1
Traction Substation,Fair,Medium,Operational,Medium,Inspection,High,Traction Distribution,Kerala: Ernakulam-Thiruvananthapuram,74.0,0.22,165,32,480.0,2,0
Signal,Poor,High,Operational,Medium,Preventive Maintenance,Low,Signal & Telecommunication,Kerala: Ernakulam-Thiruvananthapuram,91.0,0.23,133,64,507.0,0,1
Signal,Poor,High,Operational,Medium,Preventive Maintenance,Low,Signal & Telecommunication,Kerala: Ernakulam-Thiruvananthapuram,91.0,0.23,133,64,507.0,1,1
Signal,Poor,High,Operational,Medium,Preventive Maintenance,Low,Signal & Telecommunication,Kerala: Ernakulam-Thiruvananthapuram,91.0,0.23,133,64,507.0,2,0
Signal,Poor,High,Operational,Critical,Condition Monitoring,Medium,Signal & Telecommunication,Kerala: Ernakulam-Thiruvananthapuram,37.0,0.24,133,64,534.0,0,1
Signal,Poor,High,Operational,Critical,Condition Monitoring,Medium,Signal & Telecommunication,Kerala: Ernakulam-Thiruvananthapuram,37.0,0.24,133,64,534.0,1,1
Signal,Poor,High,Operational,Critical,Condition Monitoring,Medium,Signal & Telecommunication,Kerala: Ernakulam-Thiruvananthapuram,37.0,0.24,133,64,534.0,2,1
Axle Counter,Critical,High,Under Observation,Critical,Corrective Maintenance,High,Signal & Telecommunication,Kerala: Ernakulam-Thiruvananthapuram,54.0,0.25,102,4,561.0,0,1
Axle Counter,Critical,High,Under Observation,Critical,Corrective Maintenance,High,Signal & Telecommunication,Kerala: Ernakulam-Thiruvananthapuram,54.0,0.25,102,4,561.0,1,1
Axle Counter,Critical,High,Under Observation,Critical,Corrective Maintenance,High,Signal & Telecommunication,Kerala: Ernakulam-Thiruvananthapuram,54.0,0.25,102,4,561.0,2,1
Axle Counter,Critical,High,Under Observation,Medium,Inspection,Low,Signal & Telecommunication,Kerala: Ernakulam-Thiruvananthapuram,71.0,0.26,102,4,588.0,0,0
Axle Counter,Critical,High,Under Observation,Medium,Inspection,Low,Signal & Telecommunication,Kerala: Ernakulam-Thiruvananthapuram,71.0,0.26,102,4,588.0,1,1
Axle Counter,Critical,High,Under Observation,Medium,Inspection,Low,Signal & Telecommunication,Kerala: Ernakulam-Thiruvananthapuram,71.0,0.26,102,4,588.0,2,1
Track,Good,Critical,Maintenance In Progress,Medium,Preventive Maintenance,Medium,Engineering,Kerala: Ernakulam-Thiruvananthapuram,88.0,0.27,70,35,615.0,0,0
Track,Good,Critical,Maintenance In Progress,Medium,Preventive Maintenance,Medium,Engineering,Kerala: Ernakulam-Thiruvananthapuram,88.0,0.27,70,35,615.0,1,0
Track,Good,Critical,Maintenance In Progress,Medium,Preventive Maintenance,Medium,Engineering,Kerala: Ernakulam-Thiruvananthapuram,88.0,0.27,70,35,615.0,2,0
Track,Good,Critical,Maintenance In Progress,Critical,Condition Monitoring,High,Engineering,Kerala: Ernakulam-Thiruvananthapuram,105.0,0.28,70,35,642.0,0,0
Track,Good,Critical,Maintenance In Progress,Critical,Condition Monitoring,High,Engineering,Kerala: Ernakulam-Thiruvananthapuram,105.0,0.28,70,35,642.0,1,0
Track,Good,Critical,Maintenance In Progress,Critical,Condition Monitoring,High,Engineering,Kerala: Ernakulam-Thiruvananthapuram,105.0,0.28,70,35,642.0,2,1
Turnout,Fair,Medium,Operational,Critical,Corrective Maintenance,Low,Engineering,Kerala: Ernakulam-Thiruvananthapuram,51.0,0.29,39,67,669.0,0,1
Turnout,Fair,Medium,Operational,Critical,Corrective Maintenance,Low,Engineering,Kerala: Ernakulam-Thiruvananthapuram,51.0,0.29,39,67,669.0,1,1
Turnout,Fair,Medium,Operational,Critical,Corrective Maintenance,Low,Engineering,Kerala: Ernakulam-Thiruvananthapuram,51.0,0.29,39,67,669.0,2,0
Turnout,Fair,Medium,Operational,Medium,Inspection,Medium,Engineering,Kerala: Ernakulam-Thiruvananthapuram,68.0,0.3,39,67,696.0,0,0
Turnout,Fair,Medium,Operational,Medium,Inspection,Medium,Engineering,Kerala: Ernakulam-Thiruvananthapuram,68.0,0.3,39,67,696.0,1,1
Turnout,Fair,Medium,Operational,Medium,Inspection,Medium,Engineering,Kerala: Ernakulam-Thiruvananthapuram,68.0,0.3,39,67,696.0,2,0
OHE Mast,Poor,High,Operational,Medium,Preventive Maintenance,High,Traction Distribution,Kerala: Ernakulam-Thiruvananthapuram,85.0,0.31,160,7,723.0,0,1
OHE Mast,Poor,High,Operational,Medium,Preventive Maintenance,High,Traction Distribution,Kerala: Ernakulam-Thiruvananthapuram,85.0,0.31,160,7,723.0,1,1
OHE Mast,Poor,High,Operational,Medium,Preventive Maintenance,High,Traction Distribution,Kerala: Ernakulam-Thiruvananthapuram,85.0,0.31,160,7,723.0,2,1
OHE Mast,Poor,High,Operational,Critical,Condition Monitoring,Low,Traction Distribution,Kerala: Ernakulam-Thiruvananthapuram,102.0,0.32,160,7,750.0,0,0
OHE Mast,Poor,High,Operational,Critical,Condition Monitoring,Low,Traction Distribution,Kerala: Ernakulam-Thiruvananthapuram,102.0,0.32,160,7,750.0,1,1
OHE Mast,Poor,High,Operational,Critical,Condition Monitoring,Low,Traction Distribution,Kerala: Ernakulam-Thiruvananthapuram,102.0,0.32,160,7,750.0,2,0
Traction Substation,Critical,High,Under Observation,Critical,Corrective Maintenance,Medium,Traction Distribution,Kerala: Ernakulam-Thiruvananthapuram,48.0,0.33,128,38,777.0,0,1
Traction Substation,Critical,High,Under Observation,Critical,Corrective Maintenance,Medium,Traction Distribution,Kerala: Ernakulam-Thiruvananthapuram,48.0,0.33,128,38,777.0,1,0
Traction Substation,Critical,High,Under Observation,Critical,Corrective Maintenance,Medium,Traction Distribution,Kerala: Ernakulam-Thiruvananthapuram,48.0,0.33,128,38,777.0,2,1
Traction Substation,Critical,High,Under Observation,Medium,Inspection,High,Traction Distribution,Kerala: Ernakulam-Thiruvananthapuram,65.0,0.34,128,38,468.0,0,1
Traction Substation,Critical,High,Under Observation,Medium,Inspection,High,Traction Distribution,Kerala: Ernakulam-Thiruvananthapuram,65.0,0.34,128,38,468.0,1,1
Traction Substation,Critical,High,Under Observation,Medium,Inspection,High,Traction Distribution,Kerala: Ernakulam-Thiruvananthapuram,65.0,0.34,128,38,468.0,2,0
Signal,Good,Critical,Maintenance In Progress,Medium,Preventive Maintenance,Low,Signal & Telecommunication,Kerala: Ernakulam-Thiruvananthapuram,82.0,0.35,97,70,495.0,0,0
Signal,Good,Critical,Maintenance In Progress,Medium,Preventive Maintenance,Low,Signal & Telecommunication,Kerala: Ernakulam-Thiruvananthapuram,82.0,0.35,97,70,495.0,1,1
Signal,Good,Critical,Maintenance In Progress,Medium,Preventive Maintenance,Low,Signal & Telecommunication,Kerala: Ernakulam-Thiruvananthapuram,82.0,0.35,97,70,495.0,2,0
Signal,Good,Critical,Maintenance In Progress,Critical,Condition Monitoring,Medium,Signal & Telecommunication,Kerala: Ernakulam-Thiruvananthapuram,99.0,0.36,97,70,522.0,0,0
Signal,Good,Critical,Maintenance In Progress,Critical,Condition Monitoring,Medium,Signal & Telecommunication,Kerala: Ernakulam-Thiruvananthapuram,99.0,0.36,97,70,522.0,1,1
Signal,Good,Critical,Maintenance In Progress,Critical,Condition Monitoring,Medium,Signal & Telecommunication,Kerala: Ernakulam-Thiruvananthapuram,99.0,0.36,97,70,522.0,2,1
Axle Counter,Fair,Medium,Operational,Critical,Corrective Maintenance,High,Signal & Telecommunication,Kerala: Ernakulam-Thiruvananthapuram,45.0,0.37,89,10,549.0,0,1
Axle Counter,Fair,Medium,Operational,Critical,Corrective Maintenance,High,Signal & Telecommunication,Kerala: Ernakulam-Thiruvananthapuram,45.0,0.37,89,10,549.0,1,1
Axle Counter,Fair,Medium,Operational,Critical,Corrective Maintenance,High,Signal & Telecommunication,Kerala: Ernakulam-Thiruvananthapuram,45.0,0.37,89,10,549.0,2,1
Axle Counter,Fair,Medium,Operational,Medium,Inspection,Low,Signal & Telecommunication,Kerala: Ernakulam-Thiruvananthapuram,62.0,0.38,89,10,576.0,0,0
Axle Counter,Fair,Medium,Operational,Medium,Inspection,Low,Signal & Telecommunication,Kerala: Ernakulam-Thiruvananthapuram,62.0,0.38,89,10,576.0,1,0
Axle Counter,Fair,Medium,Operational,Medium,Inspection,Low,Signal & Telecommunication,Kerala: Ernakulam-Thiruvananthapuram,62.0,0.38,89,10,576.0,2,0
Track,Poor,High,Operational,Medium,Preventive Maintenance,Medium,Engineering,Kerala: Ernakulam-Thiruvananthapuram,79.0,0.39,58,41,603.0,0,0
Track,Poor,High,Operational,Medium,Preventive Maintenance,Medium,Engineering,Kerala: Ernakulam-Thiruvananthapuram,79.0,0.39,58,41,603.0,1,1
Track,Poor,High,Operational,Medium,Preventive Maintenance,Medium,Engineering,Kerala: Ernakulam-Thiruvananthapuram,79.0,0.39,58,41,603.0,2,1
Track,Poor,High,Operational,Critical,Condition Monitoring,High,Engineering,Kerala: Ernakulam-Thiruvananthapuram,96.0,0.4,58,41,630.0,0,1
Track,Poor,High,Operational,Critical,Condition Monitoring,High,Engineering,Kerala: Ernakulam-Thiruvananthapuram,96.0,0.4,58,41,630.0,1,0
Track,Poor,High,Operational,Critical,Condition Monitoring,High,Engineering,Kerala: Ernakulam-Thiruvananthapuram,96.0,0.4,58,41,630.0,2,1
Turnout,Critical,High,Under Observation,Critical,Corrective Maintenance,Low,Engineering,Kerala: Ernakulam-Thiruvananthapuram,42.0,0.41,179,73,657.0,0,1
Turnout,Critical,High,Under Observation,Critical,Corrective Maintenance,Low,Engineering,Kerala: Ernakulam-Thiruvananthapuram,42.0,0.41,179,73,657.0,1,1
Turnout,Critical,High,Under Observation,Critical,Corrective Maintenance,Low,Engineering,Kerala: Ernakulam-Thiruvananthapuram,42.0,0.41,179,73,657.0,2,1
Turnout,Critical,High,Under Observation,Medium,Inspection,Medium,Engineering,Kerala: Ernakulam-Thiruvananthapuram,59.0,0.42,179,73,684.0,0,1
Turnout,Critical,High,Under Observation,Medium,Inspection,Medium,Engineering,Kerala: Ernakulam-Thiruvananthapuram,59.0,0.42,179,73,684.0,1,0
Turnout,Critical,High,Under Observation,Medium,Inspection,Medium,Engineering,Kerala: Ernakulam-Thiruvananthapuram,59.0,0.42,179,73,684.0,2,1
OHE Mast,Good,Critical,Maintenance In Progress,Medium,Preventive Maintenance,High,Traction Distribution,Kerala: Ernakulam-Thiruvananthapuram,76.0,0.43,147,13,711.0,0,1
OHE Mast,Good,Critical,Maintenance In Progress,Medium,Preventive Maintenance,High,Traction Distribution,Kerala: Ernakulam-Thiruvananthapuram,76.0,0.43,147,13,711.0,1,1
OHE Mast,Good,Critical,Maintenance In Progress,Medium,Preventive Maintenance,High,Traction Distribution,Kerala: Ernakulam-Thiruvananthapuram,76.0,0.43,147,13,711.0,2,0
OHE Mast,Good,Critical,Maintenance In Progress,Critical,Condition Monitoring,Low,Traction Distribution,Kerala: Ernakulam-Thiruvananthapuram,93.0,0.44,147,13,738.0,0,0
OHE Mast,Good,Critical,Maintenance In Progress,Critical,Condition Monitoring,Low,Traction Distribution,Kerala: Ernakulam-Thiruvananthapuram,93.0,0.44,147,13,738.0,1,0
OHE Mast,Good,Critical,Maintenance In Progress,Critical,Condition Monitoring,Low,Traction Distribution,Kerala: Ernakulam-Thiruvananthapuram,93.0,0.44,147,13,738.0,2,1
Traction Substation,Fair,Medium,Operational,Critical,Corrective Maintenance,Medium,Traction Distribution,Kerala: Ernakulam-Thiruvananthapuram,39.0,0.45,116,44,765.0,0,0
Traction Substation,Fair,Medium,Operational,Critical,Corrective Maintenance,Medium,Traction Distribution,Kerala: Ernakulam-Thiruvananthapuram,39.0,0.45,116,44,765.0,1,0
Traction Substation,Fair,Medium,Operational,Critical,Corrective Maintenance,Medium,Traction Distribution,Kerala: Ernakulam-Thiruvananthapuram,39.0,0.45,116,44,765.0,2,0
Traction Substation,Fair,Medium,Operational,Medium,Inspection,High,Traction Distribution,Kerala: Ernakulam-Thiruvananthapuram,56.0,0.46,116,44,792.0,0,0
Traction Substation,Fair,Medium,Operational,Medium,Inspection,High,Traction Distribution,Kerala: Ernakulam-Thiruvananthapuram,56.0,0.46,116,44,792.0,1,0
Traction Substation,Fair,Medium,Operational,Medium,Inspection,High,Traction Distribution,Kerala: Ernakulam-Thiruvananthapuram,56.0,0.46,116,44,792.0,2,0
Signal,Poor,High,Operational,Medium,Preventive Maintenance,Low,Signal & Telecommunication,Kerala: Ernakulam-Thiruvananthapuram,73.0,0.47,84,76,819.0,0,0
Signal,Poor,High,Operational,Medium,Preventive Maintenance,Low,Signal & Telecommunication,Kerala: Ernakulam-Thiruvananthapuram,73.0,0.47,84,76,819.0,1,1
Signal,Poor,High,Operational,Medium,Preventive Maintenance,Low,Signal & Telecommunication,Kerala: Ernakulam-Thiruvananthapuram,73.0,0.47,84,76,819.0,2,1
Signal,Poor,High,Operational,Critical,Condition Monitoring,Medium,Signal & Telecommunication,Kerala: Ernakulam-Thiruvananthapuram,90.0,0.48,84,76,510.0,0,1
Signal,Poor,High,Operational,Critical,Condition Monitoring,Medium,Signal & Telecommunication,Kerala: Ernakulam-Thiruvananthapuram,90.0,0.48,84,76,510.0,1,0
Signal,Poor,High,Operational,Critical,Condition Monitoring,Medium,Signal & Telecommunication,Kerala: Ernakulam-Thiruvananthapuram,90.0,0.48,84,76,510.0,2,0
Axle Counter,Critical,High,Under Observation,Critical,Corrective Maintenance,High,Signal & Telecommunication,Kerala: Ernakulam-Thiruvananthapuram,36.0,0.49,53,16,537.0,0,0
Axle Counter,Critical,High,Under Observation,Critical,Corrective Maintenance,High,Signal & Telecommunication,Kerala: Ernakulam-Thiruvananthapuram,36.0,0.49,53,16,537.0,1,0
Axle Counter,Critical,High,Under Observation,Critical,Corrective Maintenance,High,Signal & Telecommunication,Kerala: Ernakulam-Thiruvananthapuram,36.0,0.49,53,16,537.0,2,1
Axle Counter,Critical,High,Under Observation,Medium,Inspection,Low,Signal & Telecommunication,Kerala: Ernakulam-Thiruvananthapuram,53.0,0.5,53,16,564.0,0,0
Axle Counter,Critical,High,Under Observation,Medium,Inspection,Low,Signal & Telecommunication,Kerala: Ernakulam-Thiruvananthapuram,53.0,0.5,53,16,564.0,1,0
Axle Counter,Critical,High,Under Observation,Medium,Inspection,Low,Signal & Telecommunication,Kerala: Ernakulam-Thiruvananthapuram,53.0,0.5,53,16,564.0,2,0
Track,Good,Critical,Maintenance In Progress,Medium,Preventive Maintenance,Medium,Engineering,Kerala: Ernakulam-Thiruvananthapuram,70.0,0.51,174,47,591.0,0,0
Track,Good,Critical,Maintenance In Progress,Medium,Preventive Maintenance,Medium,Engineering,Kerala: Ernakulam-Thiruvananthapuram,70.0,0.51,174,47,591.0,1,0
Track,Good,Critical,Maintenance In Progress,Medium,Preventive Maintenance,Medium,Engineering,Kerala: Ernakulam-Thiruvananthapuram,70.0,0.51,174,47,591.0,2,0
Track,Good,Critical,Maintenance In Progress,Critical,Condition Monitoring,High,Engineering,Kerala: Ernakulam-Thiruvananthapuram,87.0,0.52,174,47,618.0,0,1
Track,Good,Critical,Maintenance In Progress,Critical,Condition Monitoring,High,Engineering,Kerala: Ernakulam-Thiruvananthapuram,87.0,0.52,174,47,618.0,1,1
Track,Good,Critical,Maintenance In Progress,Critical,Condition Monitoring,High,Engineering,Kerala: Ernakulam-Thiruvananthapuram,87.0,0.52,174,47,618.0,2,1
Turnout,Fair,Medium,Operational,Critical,Corrective Maintenance,Low,Engineering,Kerala: Ernakulam-Thiruvananthapuram,104.0,0.53,142,79,645.0,0,0
Turnout,Fair,Medium,Operational,Critical,Corrective Maintenance,Low,Engineering,Kerala: Ernakulam-Thiruvananthapuram,104.0,0.53,142,79,645.0,1,0
Turnout,Fair,Medium,Operational,Critical,Corrective Maintenance,Low,Engineering,Kerala: Ernakulam-Thiruvananthapuram,104.0,0.53,142,79,645.0,2,0
Turnout,Fair,Medium,Operational,Medium,Inspection,Medium,Engineering,Kerala: Ernakulam-Thiruvananthapuram,50.0,0.54,142,79,672.0,0,1
Turnout,Fair,Medium,Operational,Medium,Inspection,Medium,Engineering,Kerala: Ernakulam-Thiruvananthapuram,50.0,0.54,142,79,672.0,1,0
Turnout,Fair,Medium,Operational,Medium,Inspection,Medium,Engineering,Kerala: Ernakulam-Thiruvananthapuram,50.0,0.54,142,79,672.0,2,0
OHE Mast,Poor,High,Operational,Medium,Preventive Maintenance,High,Traction Distribution,Kerala: Ernakulam-Thiruvananthapuram,67.0,0.55,111,19,699.0,0,0
OHE Mast,Poor,High,Operational,Medium,Preventive Maintenance,High,Traction Distribution,Kerala: Ernakulam-Thiruvananthapuram,67.0,0.55,111,19,699.0,1,1
OHE Mast,Poor,High,Operational,Medium,Preventive Maintenance,High,Traction Distribution,Kerala: Ernakulam-Thiruvananthapuram,67.0,0.55,111,19,699.0,2,1
OHE Mast,Poor,High,Operational,Critical,Condition Monitoring,Low,Traction Distribution,Kerala: Ernakulam-Thiruvananthapuram,84.0,0.56,111,19,726.0,0,0
OHE Mast,Poor,High,Operational,Critical,Condition Monitoring,Low,Traction Distribution,Kerala: Ernakulam-Thiruvananthapuram,84.0,0.56,111,19,726.0,1,1
OHE Mast,Poor,High,Operational,Critical,Condition Monitoring,Low,Traction Distribution,Kerala: Ernakulam-Thiruvananthapuram,84.0,0.56,111,19,726.0,2,1
Traction Substation,Critical,High,Under Observation,Critical,Corrective Maintenance,Medium,Traction Distribution,Kerala: Ernakulam-Thiruvananthapuram,101.0,0.57,79,50,753.0,0,1
Traction Substation,Critical,High,Under Observation,Critical,Corrective Maintenance,Medium,Traction Distribution,Kerala: Ernakulam-Thiruvananthapuram,101.0,0.57,79,50,753.0,1,1
Traction Substation,Critical,High,Under Observation,Critical,Corrective Maintenance,Medium,Traction Distribution,Kerala: Ernakulam-Thiruvananthapuram,101.0,0.57,79,50,753.0,2,0
Traction Substation,Critical,High,Under Observation,Medium,Inspection,High,Traction Distribution,Kerala: Ernakulam-Thiruvananthapuram,47.0,0.58,79,50,780.0,0,1
Traction Substation,Critical,High,Under Observation,Medium,Inspection,High,Traction Distribution,Kerala: Ernakulam-Thiruvananthapuram,47.0,0.58,79,50,780.0,1,1
Traction Substation,Critical,High,Under Observation,Medium,Inspection,High,Traction Distribution,Kerala: Ernakulam-Thiruvananthapuram,47.0,0.58,79,50,780.0,2,1
Signal,Good,Critical,Maintenance In Progress,Medium,Preventive Maintenance,Low,Signal & Telecommunication,Kerala: Ernakulam-Thiruvananthapuram,64.0,0.59,48,82,807.0,0,0
Signal,Good,Critical,Maintenance In Progress,Medium,Preventive Maintenance,Low,Signal & Telecommunication,Kerala: Ernakulam-Thiruvananthapuram,64.0,0.59,48,82,807.0,1,0
Signal,Good,Critical,Maintenance In Progress,Medium,Preventive Maintenance,Low,Signal & Telecommunication,Kerala: Ernakulam-Thiruvananthapuram,64.0,0.59,48,82,807.0,2,1
Signal,Good,Critical,Maintenance In Progress,Critical,Condition Monitoring,Medium,Signal & Telecommunication,Kerala: Ernakulam-Thiruvananthapuram,81.0,0.6,48,82,834.0,0,1
Signal,Good,Critical,Maintenance In Progress,Critical,Condition Monitoring,Medium,Signal & Telecommunication,Kerala: Ernakulam-Thiruvananthapuram,81.0,0.6,48,82,834.0,1,1
Signal,Good,Critical,Maintenance In Progress,Critical,Condition Monitoring,Medium,Signal & Telecommunication,Kerala: Ernakulam-Thiruvananthapuram,81.0,0.6,48,82,834.0,2,0
Axle Counter,Fair,Medium,Operational,Critical,Corrective Maintenance,High,Signal & Telecommunication,Kerala: Ernakulam-Thiruvananthapuram,98.0,0.61,169,22,861.0,0,0
Axle Counter,Fair,Medium,Operational,Critical,Corrective Maintenance,High,Signal & Telecommunication,Kerala: Ernakulam-Thiruvananthapuram,98.0,0.61,169,22,861.0,1,0
Axle Counter,Fair,Medium,Operational,Critical,Corrective Maintenance,High,Signal & Telecommunication,Kerala: Ernakulam-Thiruvananthapuram,98.0,0.61,169,22,861.0,2,1
Axle Counter,Fair,Medium,Operational,Medium,Inspection,Low,Signal & Telecommunication,Kerala: Ernakulam-Thiruvananthapuram,44.0,0.62,169,22,48.0,0,0
Axle Counter,Fair,Medium,Operational,Medium,Inspection,Low,Signal & Telecommunication,Kerala: Ernakulam-Thiruvananthapuram,44.0,0.62,169,22,48.0,1,0
Axle Counter,Fair,Medium,Operational,Medium,Inspection,Low,Signal & Telecommunication,Kerala: Ernakulam-Thiruvananthapuram,44.0,0.62,169,22,48.0,2,0
Track,Poor,High,Operational,Medium,Preventive Maintenance,Medium,Engineering,Kerala: Ernakulam-Thiruvananthapuram,61.0,0.63,137,53,75.0,0,1
Track,Poor,High,Operational,Medium,Preventive Maintenance,Medium,Engineering,Kerala: Ernakulam-Thiruvananthapuram,61.0,0.63,137,53,75.0,1,0
Track,Poor,High,Operational,Medium,Preventive Maintenance,Medium,Engineering,Kerala: Ernakulam-Thiruvananthapuram,61.0,0.63,137,53,75.0,2,1
Track,Poor,High,Operational,Critical,Condition Monitoring,High,Engineering,Kerala: Ernakulam-Thiruvananthapuram,78.0,0.64,137,53,102.0,0,1
Track,Poor,High,Operational,Critical,Condition Monitoring,High,Engineering,Kerala: Ernakulam-Thiruvananthapuram,78.0,0.64,137,53,102.0,1,0
Track,Poor,High,Operational,Critical,Condition Monitoring,High,Engineering,Kerala: Ernakulam-Thiruvananthapuram,78.0,0.64,137,53,102.0,2,1
Turnout,Critical,High,Under Observation,Critical,Corrective Maintenance,Low,Engineering,Kerala: Ernakulam-Thiruvananthapuram,95.0,0.65,106,85,129.0,0,1
Turnout,Critical,High,Under Observation,Critical,Corrective Maintenance,Low,Engineering,Kerala: Ernakulam-Thiruvananthapuram,95.0,0.65,106,85,129.0,1,1
Turnout,Critical,High,Under Observation,Critical,Corrective Maintenance,Low,Engineering,Kerala: Ernakulam-Thiruvananthapuram,95.0,0.65,106,85,129.0,2,0
Turnout,Critical,High,Under Observation,Medium,Inspection,Medium,Engineering,Kerala: Ernakulam-Thiruvananthapuram,41.0,0.66,106,85,156.0,0,0
Turnout,Critical,High,Under Observation,Medium,Inspection,Medium,Engineering,Kerala: Ernakulam-Thiruvananthapuram,41.0,0.66,106,85,156.0,1,1
Turnout,Critical,High,Under Observation,Medium,Inspection,Medium,Engineering,Kerala: Ernakulam-Thiruvananthapuram,41.0,0.66,106,85,156.0,2,1
OHE Mast,Good,Critical,Maintenance In Progress,Medium,Preventive Maintenance,High,Traction Distribution,Kerala: Ernakulam-Thiruvananthapuram,58.0,0.67,74,25,183.0,0,0
OHE Mast,Good,Critical,Maintenance In Progress,Medium,Preventive Maintenance,High,Traction Distribution,Kerala: Ernakulam-Thiruvananthapuram,58.0,0.67,74,25,183.0,1,0
OHE Mast,Good,Critical,Maintenance In Progress,Medium,Preventive Maintenance,High,Traction Distribution,Kerala: Ernakulam-Thiruvananthapuram,58.0,0.67,74,25,183.0,2,0
OHE Mast,Good,Critical,Maintenance In Progress,Critical,Condition Monitoring,Low,Traction Distribution,Kerala: Ernakulam-Thiruvananthapuram,75.0,0.68,74,25,210.0,0,1
OHE Mast,Good,Critical,Maintenance In Progress,Critical,Condition Monitoring,Low,Traction Distribution,Kerala: Ernakulam-Thiruvananthapuram,75.0,0.68,74,25,210.0,1,1
OHE Mast,Good,Critical,Maintenance In Progress,Critical,Condition Monitoring,Low,Traction Distribution,Kerala: Ernakulam-Thiruvananthapuram,75.0,0.68,74,25,210.0,2,1
Traction Substation,Fair,Medium,Operational,Critical,Corrective Maintenance,Medium,Traction Distribution,Kerala: Ernakulam-Thiruvananthapuram,92.0,0.69,43,56,237.0,0,0
Traction Substation,Fair,Medium,Operational,Critical,Corrective Maintenance,Medium,Traction Distribution,Kerala: Ernakulam-Thiruvananthapuram,92.0,0.69,43,56,237.0,1,0
Traction Substation,Fair,Medium,Operational,Critical,Corrective Maintenance,Medium,Traction Distribution,Kerala: Ernakulam-Thiruvananthapuram,92.0,0.69,43,56,237.0,2,0
Traction Substation,Fair,Medium,Operational,Medium,Inspection,High,Traction Distribution,Kerala: Ernakulam-Thiruvananthapuram,38.0,0.7,43,56,264.0,0,0
Traction Substation,Fair,Medium,Operational,Medium,Inspection,High,Traction Distribution,Kerala: Ernakulam-Thiruvananthapuram,38.0,0.7,43,56,264.0,1,1
Traction Substation,Fair,Medium,Operational,Medium,Inspection,High,Traction Distribution,Kerala: Ernakulam-Thiruvananthapuram,38.0,0.7,43,56,264.0,2,0
Signal,Poor,High,Operational,Medium,Preventive Maintenance,Low,Signal & Telecommunication,Kerala: Ernakulam-Thiruvananthapuram,55.0,0.71,164,63,291.0,0,0
Signal,Poor,High,Operational,Medium,Preventive Maintenance,Low,Signal & Telecommunication,Kerala: Ernakulam-Thiruvananthapuram,55.0,0.71,164,63,291.0,1,1
Signal,Poor,High,Operational,Medium,Preventive Maintenance,Low,Signal & Telecommunication,Kerala: Ernakulam-Thiruvananthapuram,55.0,0.71,164,63,291.0,2,1
Signal,Poor,High,Operational,Critical,Condition Monitoring,Medium,Signal & Telecommunication,Kerala: Ernakulam-Thiruvananthapuram,72.0,0.72,164,63,318.0,0,1
Signal,Poor,High,Operational,Critical,Condition Monitoring,Medium,Signal & Telecommunication,Kerala: Ernakulam-Thiruvananthapuram,72.0,0.72,164,63,318.0,1,0
Signal,Poor,High,Operational,Critical,Condition Monitoring,Medium,Signal & Telecommunication,Kerala: Ernakulam-Thiruvananthapuram,72.0,0.72,164,63,318.0,2,1
Axle Counter,Critical,High,Under Observation,Critical,Corrective Maintenance,High,Signal & Telecommunication,Kerala: Ernakulam-Thiruvananthapuram,89.0,0.73,132,3,345.0,0,1
Axle Counter,Critical,High,Under Observation,Critical,Corrective Maintenance,High,Signal & Telecommunication,Kerala: Ernakulam-Thiruvananthapuram,89.0,0.73,132,3,345.0,1,1
Axle Counter,Critical,High,Under Observation,Critical,Corrective Maintenance,High,Signal & Telecommunication,Kerala: Ernakulam-Thiruvananthapuram,89.0,0.73,132,3,345.0,2,1
Axle Counter,Critical,High,Under Observation,Medium,Inspection,Low,Signal & Telecommunication,Kerala: Ernakulam-Thiruvananthapuram,35.0,0.74,132,3,372.0,0,1
Axle Counter,Critical,High,Under Observation,Medium,Inspection,Low,Signal & Telecommunication,Kerala: Ernakulam-Thiruvananthapuram,35.0,0.74,132,3,372.0,1,1
Axle Counter,Critical,High,Under Observation,Medium,Inspection,Low,Signal & Telecommunication,Kerala: Ernakulam-Thiruvananthapuram,35.0,0.74,132,3,372.0,2,0
Track,Good,Critical,Maintenance In Progress,Medium,Preventive Maintenance,Medium,Engineering,Kerala: Ernakulam-Thiruvananthapuram,52.0,0.75,101,34,399.0,0,0
Track,Good,Critical,Maintenance In Progress,Medium,Preventive Maintenance,Medium,Engineering,Kerala: Ernakulam-Thiruvananthapuram,52.0,0.75,101,34,399.0,1,0
Track,Good,Critical,Maintenance In Progress,Medium,Preventive Maintenance,Medium,Engineering,Kerala: Ernakulam-Thiruvananthapuram,52.0,0.75,101,34,399.0,2,1
Track,Good,Critical,Maintenance In Progress,Critical,Condition Monitoring,High,Engineering,Kerala: Ernakulam-Thiruvananthapuram,69.0,0.76,101,34,90.0,0,1
Track,Good,Critical,Maintenance In Progress,Critical,Condition Monitoring,High,Engineering,Kerala: Ernakulam-Thiruvananthapuram,69.0,0.76,101,34,90.0,1,1
Track,Good,Critical,Maintenance In Progress,Critical,Condition Monitoring,High,Engineering,Kerala: Ernakulam-Thiruvananthapuram,69.0,0.76,101,34,90.0,2,1
Turnout,Fair,Medium,Operational,Critical,Corrective Maintenance,Low,Engineering,Kerala: Ernakulam-Thiruvananthapuram,86.0,0.77,69,66,117.0,0,0
Turnout,Fair,Medium,Operational,Critical,Corrective Maintenance,Low,Engineering,Kerala: Ernakulam-Thiruvananthapuram,86.0,0.77,69,66,117.0,1,1
Turnout,Fair,Medium,Operational,Critical,Corrective Maintenance,Low,Engineering,Kerala: Ernakulam-Thiruvananthapuram,86.0,0.77,69,66,117.0,2,0
Turnout,Fair,Medium,Operational,Medium,Inspection,Medium,Engineering,Kerala: Ernakulam-Thiruvananthapuram,103.0,0.78,69,66,144.0,0,0
Turnout,Fair,Medium,Operational,Medium,Inspection,Medium,Engineering,Kerala: Ernakulam-Thiruvananthapuram,103.0,0.78,69,66,144.0,1,0
Turnout,Fair,Medium,Operational,Medium,Inspection,Medium,Engineering,Kerala: Ernakulam-Thiruvananthapuram,103.0,0.78,69,66,144.0,2,0
OHE Mast,Poor,High,Operational,Medium,Preventive Maintenance,High,Traction Distribution,Kerala: Ernakulam-Thiruvananthapuram,49.0,0.79,38,6,171.0,0,1
OHE Mast,Poor,High,Operational,Medium,Preventive Maintenance,High,Traction Distribution,Kerala: Ernakulam-Thiruvananthapuram,49.0,0.79,38,6,171.0,1,1
OHE Mast,Poor,High,Operational,Medium,Preventive Maintenance,High,Traction Distribution,Kerala: Ernakulam-Thiruvananthapuram,49.0,0.79,38,6,171.0,2,1
OHE Mast,Poor,High,Operational,Critical,Condition Monitoring,Low,Traction Distribution,Kerala: Ernakulam-Thiruvananthapuram,66.0,0.8,38,6,198.0,0,1
OHE Mast,Poor,High,Operational,Critical,Condition Monitoring,Low,Traction Distribution,Kerala: Ernakulam-Thiruvananthapuram,66.0,0.8,38,6,198.0,1,1
OHE Mast,Poor,High,Operational,Critical,Condition Monitoring,Low,Traction Distribution,Kerala: Ernakulam-Thiruvananthapuram,66.0,0.8,38,6,198.0,2,0
Traction Substation,Critical,High,Under Observation,Critical,Corrective Maintenance,Medium,Traction Distribution,Kerala: Ernakulam-Thiruvananthapuram,83.0,0.81,159,37,225.0,0,1
Traction Substation,Critical,High,Under Observation,Critical,Corrective Maintenance,Medium,Traction Distribution,Kerala: Ernakulam-Thiruvananthapuram,83.0,0.81,159,37,225.0,1,1
Traction Substation,Critical,High,Under Observation,Critical,Corrective Maintenance,Medium,Traction Distribution,Kerala: Ernakulam-Thiruvananthapuram,83.0,0.81,159,37,225.0,2,1
Traction Substation,Critical,High,Under Observation,Medium,Inspection,High,Traction Distribution,Kerala: Ernakulam-Thiruvananthapuram,100.0,0.82,159,37,252.0,0,0
Traction Substation,Critical,High,Under Observation,Medium,Inspection,High,Traction Distribution,Kerala: Ernakulam-Thiruvananthapuram,100.0,0.82,159,37,252.0,1,1
Traction Substation,Critical,High,Under Observation,Medium,Inspection,High,Traction Distribution,Kerala: Ernakulam-Thiruvananthapuram,100.0,0.82,159,37,252.0,2,1
Signal,Good,Critical,Maintenance In Progress,Medium,Preventive Maintenance,Low,Signal & Telecommunication,Kerala: Ernakulam-Thiruvananthapuram,46.0,0.83,127,69,279.0,0,0
Signal,Good,Critical,Maintenance In Progress,Medium,Preventive Maintenance,Low,Signal & Telecommunication,Kerala: Ernakulam-Thiruvananthapuram,46.0,0.83,127,69,279.0,1,0
Signal,Good,Critical,Maintenance In Progress,Medium,Preventive Maintenance,Low,Signal & Telecommunication,Kerala: Ernakulam-Thiruvananthapuram,46.0,0.83,127,69,279.0,2,0
Signal,Good,Critical,Maintenance In Progress,Critical,Condition Monitoring,Medium,Signal & Telecommunication,Kerala: Ernakulam-Thiruvananthapuram,63.0,0.84,127,69,306.0,0,1
Signal,Good,Critical,Maintenance In Progress,Critical,Condition Monitoring,Medium,Signal & Telecommunication,Kerala: Ernakulam-Thiruvananthapuram,63.0,0.84,127,69,306.0,1,1
Signal,Good,Critical,Maintenance In Progress,Critical,Condition Monitoring,Medium,Signal & Telecommunication,Kerala: Ernakulam-Thiruvananthapuram,63.0,0.84,127,69,306.0,2,1
Axle Counter,Fair,Medium,Operational,Critical,Corrective Maintenance,High,Signal & Telecommunication,Kerala: Ernakulam-Thiruvananthapuram,80.0,0.85,120,9,333.0,0,0
Axle Counter,Fair,Medium,Operational,Critical,Corrective Maintenance,High,Signal & Telecommunication,Kerala: Ernakulam-Thiruvananthapuram,80.0,0.85,120,9,333.0,1,0
Axle Counter,Fair,Medium,Operational,Critical,Corrective Maintenance,High,Signal & Telecommunication,Kerala: Ernakulam-Thiruvananthapuram,80.0,0.85,120,9,333.0,2,1
Axle Counter,Fair,Medium,Operational,Medium,Inspection,Low,Signal & Telecommunication,Kerala: Ernakulam-Thiruvananthapuram,97.0,0.86,120,9,360.0,0,0
Axle Counter,Fair,Medium,Operational,Medium,Inspection,Low,Signal & Telecommunication,Kerala: Ernakulam-Thiruvananthapuram,97.0,0.86,120,9,360.0,1,1
Axle Counter,Fair,Medium,Operational,Medium,Inspection,Low,Signal & Telecommunication,Kerala: Ernakulam-Thiruvananthapuram,97.0,0.86,120,9,360.0,2,0
Track,Poor,High,Operational,Medium,Preventive Maintenance,Medium,Engineering,Madhya Pradesh: Bhopal-Jabalpur,43.0,0.87,88,40,387.0,0,1
Track,Poor,High,Operational,Medium,Preventive Maintenance,Medium,Engineering,Madhya Pradesh: Bhopal-Jabalpur,43.0,0.87,88,40,387.0,1,0
Track,Poor,High,Operational,Medium,Preventive Maintenance,Medium,Engineering,Madhya Pradesh: Bhopal-Jabalpur,43.0,0.87,88,40,387.0,2,1
Track,Poor,High,Operational,Critical,Condition Monitoring,High,Engineering,Madhya Pradesh: Bhopal-Jabalpur,60.0,0.88,88,40,414.0,0,1
Track,Poor,High,Operational,Critical,Condition Monitoring,High,Engineering,Madhya Pradesh: Bhopal-Jabalpur,60.0,0.88,88,40,414.0,1,1
Track,Poor,High,Operational,Critical,Condition Monitoring,High,Engineering,Madhya Pradesh: Bhopal-Jabalpur,60.0,0.88,88,40,414.0,2,1
Turnout,Critical,High,Under Observation,Critical,Corrective Maintenance,Low,Engineering,Madhya Pradesh: Bhopal-Jabalpur,77.0,0.89,57,72,441.0,0,1
Turnout,Critical,High,Under Observation,Critical,Corrective Maintenance,Low,Engineering,Madhya Pradesh: Bhopal-Jabalpur,77.0,0.89,57,72,441.0,1,0
Turnout,Critical,High,Under Observation,Critical,Corrective Maintenance,Low,Engineering,Madhya Pradesh: Bhopal-Jabalpur,77.0,0.89,57,72,441.0,2,0
Turnout,Critical,High,Under Observation,Medium,Inspection,Medium,Engineering,Madhya Pradesh: Bhopal-Jabalpur,94.0,0.9,57,72,132.0,0,0
Turnout,Critical,High,Under Observation,Medium,Inspection,Medium,Engineering,Madhya Pradesh: Bhopal-Jabalpur,94.0,0.9,57,72,132.0,1,1
Turnout,Critical,High,Under Observation,Medium,Inspection,Medium,Engineering,Madhya Pradesh: Bhopal-Jabalpur,94.0,0.9,57,72,132.0,2,1
OHE Mast,Good,Critical,Maintenance In Progress,Medium,Preventive Maintenance,High,Traction Distribution,Madhya Pradesh: Bhopal-Jabalpur,40.0,0.12,178,12,159.0,0,0
OHE Mast,Good,Critical,Maintenance In Progress,Medium,Preventive Maintenance,High,Traction Distribution,Madhya Pradesh: Bhopal-Jabalpur,40.0,0.12,178,12,159.0,1,0
OHE Mast,Good,Critical,Maintenance In Progress,Medium,Preventive Maintenance,High,Traction Distribution,Madhya Pradesh: Bhopal-Jabalpur,40.0,0.12,178,12,159.0,2,0
OHE Mast,Good,Critical,Maintenance In Progress,Critical,Condition Monitoring,Low,Traction Distribution,Madhya Pradesh: Bhopal-Jabalpur,57.0,0.13,178,12,186.0,0,1
OHE Mast,Good,Critical,Maintenance In Progress,Critical,Condition Monitoring,Low,Traction Distribution,Madhya Pradesh: Bhopal-Jabalpur,57.0,0.13,178,12,186.0,1,1
OHE Mast,Good,Critical,Maintenance In Progress,Critical,Condition Monitoring,Low,Traction Distribution,Madhya Pradesh: Bhopal-Jabalpur,57.0,0.13,178,12,186.0,2,0
Traction Substation,Fair,Medium,Operational,Critical,Corrective Maintenance,Medium,Traction Distribution,Madhya Pradesh: Bhopal-Jabalpur,74.0,0.14,146,43,213.0,0,0
Traction Substation,Fair,Medium,Operational,Critical,Corrective Maintenance,Medium,Traction Distribution,Madhya Pradesh: Bhopal-Jabalpur,74.0,0.14,146,43,213.0,1,0
Traction Substation,Fair,Medium,Operational,Critical,Corrective Maintenance,Medium,Traction Distribution,Madhya Pradesh: Bhopal-Jabalpur,74.0,0.14,146,43,213.0,2,0
Traction Substation,Fair,Medium,Operational,Medium,Inspection,High,Traction Distribution,Madhya Pradesh: Bhopal-Jabalpur,91.0,0.15,146,43,240.0,0,0
Traction Substation,Fair,Medium,Operational,Medium,Inspection,High,Traction Distribution,Madhya Pradesh: Bhopal-Jabalpur,91.0,0.15,146,43,240.0,1,1
Traction Substation,Fair,Medium,Operational,Medium,Inspection,High,Traction Distribution,Madhya Pradesh: Bhopal-Jabalpur,91.0,0.15,146,43,240.0,2,1
Signal,Poor,High,Operational,Medium,Preventive Maintenance,Low,Signal & Telecommunication,Madhya Pradesh: Bhopal-Jabalpur,37.0,0.16,115,75,267.0,0,1
Signal,Poor,High,Operational,Medium,Preventive Maintenance,Low,Signal & Telecommunication,Madhya Pradesh: Bhopal-Jabalpur,37.0,0.16,115,75,267.0,1,1
Signal,Poor,High,Operational,Medium,Preventive Maintenance,Low,Signal & Telecommunication,Madhya Pradesh: Bhopal-Jabalpur,37.0,0.16,115,75,267.0,2,1
Signal,Poor,High,Operational,Critical,Condition Monitoring,Medium,Signal & Telecommunication,Madhya Pradesh: Bhopal-Jabalpur,54.0,0.17,115,75,294.0,0,0
Signal,Poor,High,Operational,Critical,Condition Monitoring,Medium,Signal & Telecommunication,Madhya Pradesh: Bhopal-Jabalpur,54.0,0.17,115,75,294.0,1,0
Signal,Poor,High,Operational,Critical,Condition Monitoring,Medium,Signal & Telecommunication,Madhya Pradesh: Bhopal-Jabalpur,54.0,0.17,115,75,294.0,2,0
Axle Counter,Critical,High,Under Observation,Critical,Corrective Maintenance,High,Signal & Telecommunication,Madhya Pradesh: Bhopal-Jabalpur,71.0,0.18,83,15,321.0,0,1
Axle Counter,Critical,High,Under Observation,Critical,Corrective Maintenance,High,Signal & Telecommunication,Madhya Pradesh: Bhopal-Jabalpur,71.0,0.18,83,15,321.0,1,0
Axle Counter,Critical,High,Under Observation,Critical,Corrective Maintenance,High,Signal & Telecommunication,Madhya Pradesh: Bhopal-Jabalpur,71.0,0.18,83,15,321.0,2,1
Axle Counter,Critical,High,Under Observation,Medium,Inspection,Low,Signal & Telecommunication,Madhya Pradesh: Bhopal-Jabalpur,88.0,0.19,83,15,348.0,0,1
Axle Counter,Critical,High,Under Observation,Medium,Inspection,Low,Signal & Telecommunication,Madhya Pradesh: Bhopal-Jabalpur,88.0,0.19,83,15,348.0,1,1
Axle Counter,Critical,High,Under Observation,Medium,Inspection,Low,Signal & Telecommunication,Madhya Pradesh: Bhopal-Jabalpur,88.0,0.19,83,15,348.0,2,0
Track,Good,Critical,Maintenance In Progress,Medium,Preventive Maintenance,Medium,Engineering,Madhya Pradesh: Bhopal-Jabalpur,105.0,0.2,52,46,375.0,0,0
Track,Good,Critical,Maintenance In Progress,Medium,Preventive Maintenance,Medium,Engineering,Madhya Pradesh: Bhopal-Jabalpur,105.0,0.2,52,46,375.0,1,1
Track,Good,Critical,Maintenance In Progress,Medium,Preventive Maintenance,Medium,Engineering,Madhya Pradesh: Bhopal-Jabalpur,105.0,0.2,52,46,375.0,2,0
Track,Good,Critical,Maintenance In Progress,Critical,Condition Monitoring,High,Engineering,Madhya Pradesh: Bhopal-Jabalpur,51.0,0.21,52,46,402.0,0,1
Track,Good,Critical,Maintenance In Progress,Critical,Condition Monitoring,High,Engineering,Madhya Pradesh: Bhopal-Jabalpur,51.0,0.21,52,46,402.0,1,1
Track,Good,Critical,Maintenance In Progress,Critical,Condition Monitoring,High,Engineering,Madhya Pradesh: Bhopal-Jabalpur,51.0,0.21,52,46,402.0,2,0
Turnout,Fair,Medium,Operational,Critical,Corrective Maintenance,Low,Engineering,Madhya Pradesh: Bhopal-Jabalpur,68.0,0.22,173,78,429.0,0,0
Turnout,Fair,Medium,Operational,Critical,Corrective Maintenance,Low,Engineering,Madhya Pradesh: Bhopal-Jabalpur,68.0,0.22,173,78,429.0,1,0
Turnout,Fair,Medium,Operational,Critical,Corrective Maintenance,Low,Engineering,Madhya Pradesh: Bhopal-Jabalpur,68.0,0.22,173,78,429.0,2,0
Turnout,Fair,Medium,Operational,Medium,Inspection,Medium,Engineering,Madhya Pradesh: Bhopal-Jabalpur,85.0,0.23,173,78,456.0,0,0
Turnout,Fair,Medium,Operational,Medium,Inspection,Medium,Engineering,Madhya Pradesh: Bhopal-Jabalpur,85.0,0.23,173,78,456.0,1,1
Turnout,Fair,Medium,Operational,Medium,Inspection,Medium,Engineering,Madhya Pradesh: Bhopal-Jabalpur,85.0,0.23,173,78,456.0,2,0
OHE Mast,Poor,High,Operational,Medium,Preventive Maintenance,High,Traction Distribution,Madhya Pradesh: Bhopal-Jabalpur,102.0,0.24,141,18,483.0,0,0
OHE Mast,Poor,High,Operational,Medium,Preventive Maintenance,High,Traction Distribution,Madhya Pradesh: Bhopal-Jabalpur,102.0,0.24,141,18,483.0,1,0
OHE Mast,Poor,High,Operational,Medium,Preventive Maintenance,High,Traction Distribution,Madhya Pradesh: Bhopal-Jabalpur,102.0,0.24,141,18,483.0,2,1
OHE Mast,Poor,High,Operational,Critical,Condition Monitoring,Low,Traction Distribution,Madhya Pradesh: Bhopal-Jabalpur,48.0,0.25,141,18,174.0,0,1
OHE Mast,Poor,High,Operational,Critical,Condition Monitoring,Low,Traction Distribution,Madhya Pradesh: Bhopal-Jabalpur,48.0,0.25,141,18,174.0,1,1
OHE Mast,Poor,High,Operational,Critical,Condition Monitoring,Low,Traction Distribution,Madhya Pradesh: Bhopal-Jabalpur,48.0,0.25,141,18,174.0,2,1
Traction Substation,Critical,High,Under Observation,Critical,Corrective Maintenance,Medium,Traction Distribution,Madhya Pradesh: Bhopal-Jabalpur,65.0,0.26,110,49,201.0,0,1
Traction Substation,Critical,High,Under Observation,Critical,Corrective Maintenance,Medium,Traction Distribution,Madhya Pradesh: Bhopal-Jabalpur,65.0,0.26,110,49,201.0,1,1
Traction Substation,Critical,High,Under Observation,Critical,Corrective Maintenance,Medium,Traction Distribution,Madhya Pradesh: Bhopal-Jabalpur,65.0,0.26,110,49,201.0,2,0
Traction Substation,Critical,High,Under Observation,Medium,Inspection,High,Traction Distribution,Madhya Pradesh: Bhopal-Jabalpur,82.0,0.27,110,49,228.0,0,1
Traction Substation,Critical,High,Under Observation,Medium,Inspection,High,Traction Distribution,Madhya Pradesh: Bhopal-Jabalpur,82.0,0.27,110,49,228.0,1,1
Traction Substation,Critical,High,Under Observation,Medium,Inspection,High,Traction Distribution,Madhya Pradesh: Bhopal-Jabalpur,82.0,0.27,110,49,228.0,2,0
Signal,Good,Critical,Maintenance In Progress,Medium,Preventive Maintenance,Low,Signal & Telecommunication,Madhya Pradesh: Bhopal-Jabalpur,99.0,0.28,78,81,255.0,0,0
Signal,Good,Critical,Maintenance In Progress,Medium,Preventive Maintenance,Low,Signal & Telecommunication,Madhya Pradesh: Bhopal-Jabalpur,99.0,0.28,78,81,255.0,1,0
Signal,Good,Critical,Maintenance In Progress,Medium,Preventive Maintenance,Low,Signal & Telecommunication,Madhya Pradesh: Bhopal-Jabalpur,99.0,0.28,78,81,255.0,2,1
Signal,Good,Critical,Maintenance In Progress,Critical,Condition Monitoring,Medium,Signal & Telecommunication,Madhya Pradesh: Bhopal-Jabalpur,45.0,0.29,78,81,282.0,0,0
Signal,Good,Critical,Maintenance In Progress,Critical,Condition Monitoring,Medium,Signal & Telecommunication,Madhya Pradesh: Bhopal-Jabalpur,45.0,0.29,78,81,282.0,1,0
Signal,Good,Critical,Maintenance In Progress,Critical,Condition Monitoring,Medium,Signal & Telecommunication,Madhya Pradesh: Bhopal-Jabalpur,45.0,0.29,78,81,282.0,2,1
Axle Counter,Fair,Medium,Operational,Critical,Corrective Maintenance,High,Signal & Telecommunication,Madhya Pradesh: Bhopal-Jabalpur,62.0,0.3,47,21,309.0,0,1
Axle Counter,Fair,Medium,Operational,Critical,Corrective Maintenance,High,Signal & Telecommunication,Madhya Pradesh: Bhopal-Jabalpur,62.0,0.3,47,21,309.0,1,0
Axle Counter,Fair,Medium,Operational,Critical,Corrective Maintenance,High,Signal & Telecommunication,Madhya Pradesh: Bhopal-Jabalpur,62.0,0.3,47,21,309.0,2,1
Axle Counter,Fair,Medium,Operational,Medium,Inspection,Low,Signal & Telecommunication,Madhya Pradesh: Bhopal-Jabalpur,79.0,0.31,47,21,336.0,0,0
Axle Counter,Fair,Medium,Operational,Medium,Inspection,Low,Signal & Telecommunication,Madhya Pradesh: Bhopal-Jabalpur,79.0,0.31,47,21,336.0,1,0
Axle Counter,Fair,Medium,Operational,Medium,Inspection,Low,Signal & Telecommunication,Madhya Pradesh: Bhopal-Jabalpur,79.0,0.31,47,21,336.0,2,0
Track,Poor,High,Operational,Medium,Preventive Maintenance,Medium,Engineering,Madhya Pradesh: Bhopal-Jabalpur,96.0,0.32,168,52,363.0,0,0
Track,Poor,High,Operational,Medium,Preventive Maintenance,Medium,Engineering,Madhya Pradesh: Bhopal-Jabalpur,96.0,0.32,168,52,363.0,1,0
Track,Poor,High,Operational,Medium,Preventive Maintenance,Medium,Engineering,Madhya Pradesh: Bhopal-Jabalpur,96.0,0.32,168,52,363.0,2,0
Track,Poor,High,Operational,Critical,Condition Monitoring,High,Engineering,Madhya Pradesh: Bhopal-Jabalpur,42.0,0.33,168,52,390.0,0,1
Track,Poor,High,Operational,Critical,Condition Monitoring,High,Engineering,Madhya Pradesh: Bhopal-Jabalpur,42.0,0.33,168,52,390.0,1,0
Track,Poor,High,Operational,Critical,Condition Monitoring,High,Engineering,Madhya Pradesh: Bhopal-Jabalpur,42.0,0.33,168,52,390.0,2,1
Turnout,Critical,High,Under Observation,Critical,Corrective Maintenance,Low,Engineering,Madhya Pradesh: Bhopal-Jabalpur,59.0,0.34,136,84,417.0,0,1
Turnout,Critical,High,Under Observation,Critical,Corrective Maintenance,Low,Engineering,Madhya Pradesh: Bhopal-Jabalpur,59.0,0.34,136,84,417.0,1,1
Turnout,Critical,High,Under Observation,Critical,Corrective Maintenance,Low,Engineering,Madhya Pradesh: Bhopal-Jabalpur,59.0,0.34,136,84,417.0,2,0
Turnout,Critical,High,Under Observation,Medium,Inspection,Medium,Engineering,Madhya Pradesh: Bhopal-Jabalpur,76.0,0.35,136,84,444.0,0,0
Turnout,Critical,High,Under Observation,Medium,Inspection,Medium,Engineering,Madhya Pradesh: Bhopal-Jabalpur,76.0,0.35,136,84,444.0,1,1
Turnout,Critical,High,Under Observation,Medium,Inspection,Medium,Engineering,Madhya Pradesh: Bhopal-Jabalpur,76.0,0.35,136,84,444.0,2,0
OHE Mast,Good,Critical,Maintenance In Progress,Medium,Preventive Maintenance,High,Traction Distribution,Madhya Pradesh: Bhopal-Jabalpur,93.0,0.36,105,24,471.0,0,1
OHE Mast,Good,Critical,Maintenance In Progress,Medium,Preventive Maintenance,High,Traction Distribution,Madhya Pradesh: Bhopal-Jabalpur,93.0,0.36,105,24,471.0,1,0
OHE Mast,Good,Critical,Maintenance In Progress,Medium,Preventive Maintenance,High,Traction Distribution,Madhya Pradesh: Bhopal-Jabalpur,93.0,0.36,105,24,471.0,2,1
OHE Mast,Good,Critical,Maintenance In Progress,Critical,Condition Monitoring,Low,Traction Distribution,Madhya Pradesh: Bhopal-Jabalpur,39.0,0.37,105,24,498.0,0,0
OHE Mast,Good,Critical,Maintenance In Progress,Critical,Condition Monitoring,Low,Traction Distribution,Madhya Pradesh: Bhopal-Jabalpur,39.0,0.37,105,24,498.0,1,1
OHE Mast,Good,Critical,Maintenance In Progress,Critical,Condition Monitoring,Low,Traction Distribution,Madhya Pradesh: Bhopal-Jabalpur,39.0,0.37,105,24,498.0,2,1
Traction Substation,Fair,Medium,Operational,Critical,Corrective Maintenance,Medium,Traction Distribution,Madhya Pradesh: Bhopal-Jabalpur,56.0,0.38,73,55,525.0,0,0
Traction Substation,Fair,Medium,Operational,Critical,Corrective Maintenance,Medium,Traction Distribution,Madhya Pradesh: Bhopal-Jabalpur,56.0,0.38,73,55,525.0,1,0
Traction Substation,Fair,Medium,Operational,Critical,Corrective Maintenance,Medium,Traction Distribution,Madhya Pradesh: Bhopal-Jabalpur,56.0,0.38,73,55,525.0,2,1
Traction Substation,Fair,Medium,Operational,Medium,Inspection,High,Traction Distribution,Madhya Pradesh: Bhopal-Jabalpur,73.0,0.39,73,55,216.0,0,0
Traction Substation,Fair,Medium,Operational,Medium,Inspection,High,Traction Distribution,Madhya Pradesh: Bhopal-Jabalpur,73.0,0.39,73,55,216.0,1,0
Traction Substation,Fair,Medium,Operational,Medium,Inspection,High,Traction Distribution,Madhya Pradesh: Bhopal-Jabalpur,73.0,0.39,73,55,216.0,2,0
Signal,Poor,High,Operational,Medium,Preventive Maintenance,Low,Signal & Telecommunication,Madhya Pradesh: Bhopal-Jabalpur,90.0,0.4,42,87,243.0,0,1
Signal,Poor,High,Operational,Medium,Preventive Maintenance,Low,Signal & Telecommunication,Madhya Pradesh: Bhopal-Jabalpur,90.0,0.4,42,87,243.0,1,1
Signal,Poor,High,Operational,Medium,Preventive Maintenance,Low,Signal & Telecommunication,Madhya Pradesh: Bhopal-Jabalpur,90.0,0.4,42,87,243.0,2,1
Signal,Poor,High,Operational,Critical,Condition Monitoring,Medium,Signal & Telecommunication,Madhya Pradesh: Bhopal-Jabalpur,36.0,0.41,42,87,270.0,0,0
Signal,Poor,High,Operational,Critical,Condition Monitoring,Medium,Signal & Telecommunication,Madhya Pradesh: Bhopal-Jabalpur,36.0,0.41,42,87,270.0,1,1
Signal,Poor,High,Operational,Critical,Condition Monitoring,Medium,Signal & Telecommunication,Madhya Pradesh: Bhopal-Jabalpur,36.0,0.41,42,87,270.0,2,1
Axle Counter,Critical,High,Under Observation,Critical,Corrective Maintenance,High,Signal & Telecommunication,Madhya Pradesh: Bhopal-Jabalpur,53.0,0.42,163,2,297.0,0,1
Axle Counter,Critical,High,Under Observation,Critical,Corrective Maintenance,High,Signal & Telecommunication,Madhya Pradesh: Bhopal-Jabalpur,53.0,0.42,163,2,297.0,1,1
Axle Counter,Critical,High,Under Observation,Critical,Corrective Maintenance,High,Signal & Telecommunication,Madhya Pradesh: Bhopal-Jabalpur,53.0,0.42,163,2,297.0,2,1
Axle Counter,Critical,High,Under Observation,Medium,Inspection,Low,Signal & Telecommunication,Madhya Pradesh: Bhopal-Jabalpur,70.0,0.43,163,2,324.0,0,0
Axle Counter,Critical,High,Under Observation,Medium,Inspection,Low,Signal & Telecommunication,Madhya Pradesh: Bhopal-Jabalpur,70.0,0.43,163,2,324.0,1,0
Axle Counter,Critical,High,Under Observation,Medium,Inspection,Low,Signal & Telecommunication,Madhya Pradesh: Bhopal-Jabalpur,70.0,0.43,163,2,324.0,2,0
Track,Good,Critical,Maintenance In Progress,Medium,Preventive Maintenance,Medium,Engineering,Madhya Pradesh: Bhopal-Jabalpur,87.0,0.44,131,33,351.0,0,0
Track,Good,Critical,Maintenance In Progress,Medium,Preventive Maintenance,Medium,Engineering,Madhya Pradesh: Bhopal-Jabalpur,87.0,0.44,131,33,351.0,1,0
Track,Good,Critical,Maintenance In Progress,Medium,Preventive Maintenance,Medium,Engineering,Madhya Pradesh: Bhopal-Jabalpur,87.0,0.44,131,33,351.0,2,0
Track,Good,Critical,Maintenance In Progress,Critical,Condition Monitoring,High,Engineering,Madhya Pradesh: Bhopal-Jabalpur,104.0,0.45,131,33,378.0,0,0
Track,Good,Critical,Maintenance In Progress,Critical,Condition Monitoring,High,Engineering,Madhya Pradesh: Bhopal-Jabalpur,104.0,0.45,131,33,378.0,1,1
Track,Good,Critical,Maintenance In Progress,Critical,Condition Monitoring,High,Engineering,Madhya Pradesh: Bhopal-Jabalpur,104.0,0.45,131,33,378.0,2,1
Turnout,Fair,Medium,Operational,Critical,Corrective Maintenance,Low,Engineering,Madhya Pradesh: Bhopal-Jabalpur,50.0,0.46,100,65,405.0,0,0
Turnout,Fair,Medium,Operational,Critical,Corrective Maintenance,Low,Engineering,Madhya Pradesh: Bhopal-Jabalpur,50.0,0.46,100,65,405.0,1,0
Turnout,Fair,Medium,Operational,Critical,Corrective Maintenance,Low,Engineering,Madhya Pradesh: Bhopal-Jabalpur,50.0,0.46,100,65,405.0,2,0
Turnout,Fair,Medium,Operational,Medium,Inspection,Medium,Engineering,Madhya Pradesh: Bhopal-Jabalpur,67.0,0.47,100,65,432.0,0,0
Turnout,Fair,Medium,Operational,Medium,Inspection,Medium,Engineering,Madhya Pradesh: Bhopal-Jabalpur,67.0,0.47,100,65,432.0,1,0
Turnout,Fair,Medium,Operational,Medium,Inspection,Medium,Engineering,Madhya Pradesh: Bhopal-Jabalpur,67.0,0.47,100,65,432.0,2,0
OHE Mast,Poor,High,Operational,Medium,Preventive Maintenance,High,Traction Distribution,Madhya Pradesh: Bhopal-Jabalpur,84.0,0.48,68,5,459.0,0,1
OHE Mast,Poor,High,Operational,Medium,Preventive Maintenance,High,Traction Distribution,Madhya Pradesh: Bhopal-Jabalpur,84.0,0.48,68,5,459.0,1,1
OHE Mast,Poor,High,Operational,Medium,Preventive Maintenance,High,Traction Distribution,Madhya Pradesh: Bhopal-Jabalpur,84.0,0.48,68,5,459.0,2,1
OHE Mast,Poor,High,Operational,Critical,Condition Monitoring,Low,Traction Distribution,Madhya Pradesh: Bhopal-Jabalpur,101.0,0.49,68,5,486.0,0,1
OHE Mast,Poor,High,Operational,Critical,Condition Monitoring,Low,Traction Distribution,Madhya Pradesh: Bhopal-Jabalpur,101.0,0.49,68,5,486.0,1,1
OHE Mast,Poor,High,Operational,Critical,Condition Monitoring,Low,Traction Distribution,Madhya Pradesh: Bhopal-Jabalpur,101.0,0.49,68,5,486.0,2,1
Traction Substation,Critical,High,Under Observation,Critical,Corrective Maintenance,Medium,Traction Distribution,Madhya Pradesh: Bhopal-Jabalpur,47.0,0.5,37,36,513.0,0,0
Traction Substation,Critical,High,Under Observation,Critical,Corrective Maintenance,Medium,Traction Distribution,Madhya Pradesh: Bhopal-Jabalpur,47.0,0.5,37,36,513.0,1,0
Traction Substation,Critical,High,Under Observation,Critical,Corrective Maintenance,Medium,Traction Distribution,Madhya Pradesh: Bhopal-Jabalpur,47.0,0.5,37,36,513.0,2,0
Traction Substation,Critical,High,Under Observation,Medium,Inspection,High,Traction Distribution,Madhya Pradesh: Bhopal-Jabalpur,64.0,0.51,37,36,540.0,0,1
Traction Substation,Critical,High,Under Observation,Medium,Inspection,High,Traction Distribution,Madhya Pradesh: Bhopal-Jabalpur,64.0,0.51,37,36,540.0,1,1
Traction Substation,Critical,High,Under Observation,Medium,Inspection,High,Traction Distribution,Madhya Pradesh: Bhopal-Jabalpur,64.0,0.51,37,36,540.0,2,0
Signal,Good,Critical,Maintenance In Progress,Medium,Preventive Maintenance,Low,Signal & Telecommunication,Madhya Pradesh: Bhopal-Jabalpur,81.0,0.52,158,68,567.0,0,1
Signal,Good,Critical,Maintenance In Progress,Medium,Preventive Maintenance,Low,Signal & Telecommunication,Madhya Pradesh: Bhopal-Jabalpur,81.0,0.52,158,68,567.0,1,0
Signal,Good,Critical,Maintenance In Progress,Medium,Preventive Maintenance,Low,Signal & Telecommunication,Madhya Pradesh: Bhopal-Jabalpur,81.0,0.52,158,68,567.0,2,0
Signal,Good,Critical,Maintenance In Progress,Critical,Condition Monitoring,Medium,Signal & Telecommunication,Madhya Pradesh: Bhopal-Jabalpur,98.0,0.53,158,68,258.0,0,1
Signal,Good,Critical,Maintenance In Progress,Critical,Condition Monitoring,Medium,Signal & Telecommunication,Madhya Pradesh: Bhopal-Jabalpur,98.0,0.53,158,68,258.0,1,0
Signal,Good,Critical,Maintenance In Progress,Critical,Condition Monitoring,Medium,Signal & Telecommunication,Madhya Pradesh: Bhopal-Jabalpur,98.0,0.53,158,68,258.0,2,1
Axle Counter,Fair,Medium,Operational,Critical,Corrective Maintenance,High,Signal & Telecommunication,Madhya Pradesh: Bhopal-Jabalpur,44.0,0.54,150,8,285.0,0,0
Axle Counter,Fair,Medium,Operational,Critical,Corrective Maintenance,High,Signal & Telecommunication,Madhya Pradesh: Bhopal-Jabalpur,44.0,0.54,150,8,285.0,1,0
Axle Counter,Fair,Medium,Operational,Critical,Corrective Maintenance,High,Signal & Telecommunication,Madhya Pradesh: Bhopal-Jabalpur,44.0,0.54,150,8,285.0,2,0
Axle Counter,Fair,Medium,Operational,Medium,Inspection,Low,Signal & Telecommunication,Madhya Pradesh: Bhopal-Jabalpur,61.0,0.55,150,8,312.0,0,0
Axle Counter,Fair,Medium,Operational,Medium,Inspection,Low,Signal & Telecommunication,Madhya Pradesh: Bhopal-Jabalpur,61.0,0.55,150,8,312.0,1,0
Axle Counter,Fair,Medium,Operational,Medium,Inspection,Low,Signal & Telecommunication,Madhya Pradesh: Bhopal-Jabalpur,61.0,0.55,150,8,312.0,2,0
Track,Poor,High,Operational,Medium,Preventive Maintenance,Medium,Engineering,Madhya Pradesh: Bhopal-Jabalpur,78.0,0.56,119,39,339.0,0,1
Track,Poor,High,Operational,Medium,Preventive Maintenance,Medium,Engineering,Madhya Pradesh: Bhopal-Jabalpur,78.0,0.56,119,39,339.0,1,1
Track,Poor,High,Operational,Medium,Preventive Maintenance,Medium,Engineering,Madhya Pradesh: Bhopal-Jabalpur,78.0,0.56,119,39,339.0,2,0
Track,Poor,High,Operational,Critical,Condition Monitoring,High,Engineering,Madhya Pradesh: Bhopal-Jabalpur,95.0,0.57,119,39,366.0,0,1
Track,Poor,High,Operational,Critical,Condition Monitoring,High,Engineering,Madhya Pradesh: Bhopal-Jabalpur,95.0,0.57,119,39,366.0,1,1
Track,Poor,High,Operational,Critical,Condition Monitoring,High,Engineering,Madhya Pradesh: Bhopal-Jabalpur,95.0,0.57,119,39,366.0,2,1
Turnout,Critical,High,Under Observation,Critical,Corrective Maintenance,Low,Engineering,Madhya Pradesh: Bhopal-Jabalpur,41.0,0.58,87,71,393.0,0,1
Turnout,Critical,High,Under Observation,Critical,Corrective Maintenance,Low,Engineering,Madhya Pradesh: Bhopal-Jabalpur,41.0,0.58,87,71,393.0,1,0
Turnout,Critical,High,Under Observation,Critical,Corrective Maintenance,Low,Engineering,Madhya Pradesh: Bhopal-Jabalpur,41.0,0.58,87,71,393.0,2,1
Turnout,Critical,High,Under Observation,Medium,Inspection,Medium,Engineering,Madhya Pradesh: Bhopal-Jabalpur,58.0,0.59,87,71,420.0,0,0
Turnout,Critical,High,Under Observation,Medium,Inspection,Medium,Engineering,Madhya Pradesh: Bhopal-Jabalpur,58.0,0.59,87,71,420.0,1,1
Turnout,Critical,High,Under Observation,Medium,Inspection,Medium,Engineering,Madhya Pradesh: Bhopal-Jabalpur,58.0,0.59,87,71,420.0,2,1
OHE Mast,Good,Critical,Maintenance In Progress,Medium,Preventive Maintenance,High,Traction Distribution,Madhya Pradesh: Bhopal-Jabalpur,75.0,0.6,56,11,447.0,0,0
OHE Mast,Good,Critical,Maintenance In Progress,Medium,Preventive Maintenance,High,Traction Distribution,Madhya Pradesh: Bhopal-Jabalpur,75.0,0.6,56,11,447.0,1,0
OHE Mast,Good,Critical,Maintenance In Progress,Medium,Preventive Maintenance,High,Traction Distribution,Madhya Pradesh: Bhopal-Jabalpur,75.0,0.6,56,11,447.0,2,1
OHE Mast,Good,Critical,Maintenance In Progress,Critical,Condition Monitoring,Low,Traction Distribution,Madhya Pradesh: Bhopal-Jabalpur,92.0,0.61,56,11,474.0,0,0
OHE Mast,Good,Critical,Maintenance In Progress,Critical,Condition Monitoring,Low,Traction Distribution,Madhya Pradesh: Bhopal-Jabalpur,92.0,0.61,56,11,474.0,1,1
OHE Mast,Good,Critical,Maintenance In Progress,Critical,Condition Monitoring,Low,Traction Distribution,Madhya Pradesh: Bhopal-Jabalpur,92.0,0.61,56,11,474.0,2,1
Traction Substation,Fair,Medium,Operational,Critical,Corrective Maintenance,Medium,Traction Distribution,Madhya Pradesh: Bhopal-Jabalpur,38.0,0.62,177,42,501.0,0,0
Traction Substation,Fair,Medium,Operational,Critical,Corrective Maintenance,Medium,Traction Distribution,Madhya Pradesh: Bhopal-Jabalpur,38.0,0.62,177,42,501.0,1,0
Traction Substation,Fair,Medium,Operational,Critical,Corrective Maintenance,Medium,Traction Distribution,Madhya Pradesh: Bhopal-Jabalpur,38.0,0.62,177,42,501.0,2,0
Traction Substation,Fair,Medium,Operational,Medium,Inspection,High,Traction Distribution,Madhya Pradesh: Bhopal-Jabalpur,55.0,0.63,177,42,528.0,0,1
Traction Substation,Fair,Medium,Operational,Medium,Inspection,High,Traction Distribution,Madhya Pradesh: Bhopal-Jabalpur,55.0,0.63,177,42,528.0,1,0
Traction Substation,Fair,Medium,Operational,Medium,Inspection,High,Traction Distribution,Madhya Pradesh: Bhopal-Jabalpur,55.0,0.63,177,42,528.0,2,0
Signal,Poor,High,Operational,Medium,Preventive Maintenance,Low,Signal & Telecommunication,Madhya Pradesh: Bhopal-Jabalpur,72.0,0.64,145,74,555.0,0,1
Signal,Poor,High,Operational,Medium,Preventive Maintenance,Low,Signal & Telecommunication,Madhya Pradesh: Bhopal-Jabalpur,72.0,0.64,145,74,555.0,1,0
Signal,Poor,High,Operational,Medium,Preventive Maintenance,Low,Signal & Telecommunication,Madhya Pradesh: Bhopal-Jabalpur,72.0,0.64,145,74,555.0,2,0
Signal,Poor,High,Operational,Critical,Condition Monitoring,Medium,Signal & Telecommunication,Madhya Pradesh: Bhopal-Jabalpur,89.0,0.65,145,74,582.0,0,1
Signal,Poor,High,Operational,Critical,Condition Monitoring,Medium,Signal & Telecommunication,Madhya Pradesh: Bhopal-Jabalpur,89.0,0.65,145,74,582.0,1,0
Signal,Poor,High,Operational,Critical,Condition Monitoring,Medium,Signal & Telecommunication,Madhya Pradesh: Bhopal-Jabalpur,89.0,0.65,145,74,582.0,2,1
Axle Counter,Critical,High,Under Observation,Critical,Corrective Maintenance,High,Signal & Telecommunication,Madhya Pradesh: Bhopal-Jabalpur,35.0,0.66,114,14,609.0,0,1
Axle Counter,Critical,High,Under Observation,Critical,Corrective Maintenance,High,Signal & Telecommunication,Madhya Pradesh: Bhopal-Jabalpur,35.0,0.66,114,14,609.0,1,1
Axle Counter,Critical,High,Under Observation,Critical,Corrective Maintenance,High,Signal & Telecommunication,Madhya Pradesh: Bhopal-Jabalpur,35.0,0.66,114,14,609.0,2,1
Axle Counter,Critical,High,Under Observation,Medium,Inspection,Low,Signal & Telecommunication,Madhya Pradesh: Bhopal-Jabalpur,52.0,0.67,114,14,300.0,0,0
Axle Counter,Critical,High,Under Observation,Medium,Inspection,Low,Signal & Telecommunication,Madhya Pradesh: Bhopal-Jabalpur,52.0,0.67,114,14,300.0,1,0
Axle Counter,Critical,High,Under Observation,Medium,Inspection,Low,Signal & Telecommunication,Madhya Pradesh: Bhopal-Jabalpur,52.0,0.67,114,14,300.0,2,1
Track,Good,Critical,Maintenance In Progress,Medium,Preventive Maintenance,Medium,Engineering,Madhya Pradesh: Bhopal-Jabalpur,69.0,0.68,82,45,327.0,0,1
Track,Good,Critical,Maintenance In Progress,Medium,Preventive Maintenance,Medium,Engineering,Madhya Pradesh: Bhopal-Jabalpur,69.0,0.68,82,45,327.0,1,0
Track,Good,Critical,Maintenance In Progress,Medium,Preventive Maintenance,Medium,Engineering,Madhya Pradesh: Bhopal-Jabalpur,69.0,0.68,82,45,327.0,2,0
Track,Good,Critical,Maintenance In Progress,Critical,Condition Monitoring,High,Engineering,Madhya Pradesh: Bhopal-Jabalpur,86.0,0.69,82,45,354.0,0,0
Track,Good,Critical,Maintenance In Progress,Critical,Condition Monitoring,High,Engineering,Madhya Pradesh: Bhopal-Jabalpur,86.0,0.69,82,45,354.0,1,1
Track,Good,Critical,Maintenance In Progress,Critical,Condition Monitoring,High,Engineering,Madhya Pradesh: Bhopal-Jabalpur,86.0,0.69,82,45,354.0,2,1
Turnout,Fair,Medium,Operational,Critical,Corrective Maintenance,Low,Engineering,Madhya Pradesh: Bhopal-Jabalpur,103.0,0.7,51,77,381.0,0,0
Turnout,Fair,Medium,Operational,Critical,Corrective Maintenance,Low,Engineering,Madhya Pradesh: Bhopal-Jabalpur,103.0,0.7,51,77,381.0,1,0
Turnout,Fair,Medium,Operational,Critical,Corrective Maintenance,Low,Engineering,Madhya Pradesh: Bhopal-Jabalpur,103.0,0.7,51,77,381.0,2,0
Turnout,Fair,Medium,Operational,Medium,Inspection,Medium,Engineering,Madhya Pradesh: Bhopal-Jabalpur,49.0,0.71,51,77,408.0,0,0
Turnout,Fair,Medium,Operational,Medium,Inspection,Medium,Engineering,Madhya Pradesh: Bhopal-Jabalpur,49.0,0.71,51,77,408.0,1,0
Turnout,Fair,Medium,Operational,Medium,Inspection,Medium,Engineering,Madhya Pradesh: Bhopal-Jabalpur,49.0,0.71,51,77,408.0,2,0
OHE Mast,Poor,High,Operational,Medium,Preventive Maintenance,High,Traction Distribution,Madhya Pradesh: Bhopal-Jabalpur,66.0,0.72,172,17,435.0,0,1
OHE Mast,Poor,High,Operational,Medium,Preventive Maintenance,High,Traction Distribution,Madhya Pradesh: Bhopal-Jabalpur,66.0,0.72,172,17,435.0,1,1
OHE Mast,Poor,High,Operational,Medium,Preventive Maintenance,High,Traction Distribution,Madhya Pradesh: Bhopal-Jabalpur,66.0,0.72,172,17,435.0,2,0
OHE Mast,Poor,High,Operational,Critical,Condition Monitoring,Low,Traction Distribution,Madhya Pradesh: Bhopal-Jabalpur,83.0,0.73,172,17,462.0,0,0
OHE Mast,Poor,High,Operational,Critical,Condition Monitoring,Low,Traction Distribution,Madhya Pradesh: Bhopal-Jabalpur,83.0,0.73,172,17,462.0,1,1
OHE Mast,Poor,High,Operational,Critical,Condition Monitoring,Low,Traction Distribution,Madhya Pradesh: Bhopal-Jabalpur,83.0,0.73,172,17,462.0,2,1
Traction Substation,Critical,High,Under Observation,Critical,Corrective Maintenance,Medium,Traction Distribution,Madhya Pradesh: Bhopal-Jabalpur,100.0,0.74,140,48,489.0,0,0
Traction Substation,Critical,High,Under Observation,Critical,Corrective Maintenance,Medium,Traction Distribution,Madhya Pradesh: Bhopal-Jabalpur,100.0,0.74,140,48,489.0,1,1
Traction Substation,Critical,High,Under Observation,Critical,Corrective Maintenance,Medium,Traction Distribution,Madhya Pradesh: Bhopal-Jabalpur,100.0,0.74,140,48,489.0,2,1
Traction Substation,Critical,High,Under Observation,Medium,Inspection,High,Traction Distribution,Madhya Pradesh: Bhopal-Jabalpur,46.0,0.75,140,48,516.0,0,1
Traction Substation,Critical,High,Under Observation,Medium,Inspection,High,Traction Distribution,Madhya Pradesh: Bhopal-Jabalpur,46.0,0.75,140,48,516.0,1,1
Traction Substation,Critical,High,Under Observation,Medium,Inspection,High,Traction Distribution,Madhya Pradesh: Bhopal-Jabalpur,46.0,0.75,140,48,516.0,2,1
Signal,Good,Critical,Maintenance In Progress,Medium,Preventive Maintenance,Low,Signal & Telecommunication,Madhya Pradesh: Bhopal-Jabalpur,63.0,0.76,109,80,543.0,0,0
Signal,Good,Critical,Maintenance In Progress,Medium,Preventive Maintenance,Low,Signal & Telecommunication,Madhya Pradesh: Bhopal-Jabalpur,63.0,0.76,109,80,543.0,1,0
Signal,Good,Critical,Maintenance In Progress,Medium,Preventive Maintenance,Low,Signal & Telecommunication,Madhya Pradesh: Bhopal-Jabalpur,63.0,0.76,109,80,543.0,2,1
Signal,Good,Critical,Maintenance In Progress,Critical,Condition Monitoring,Medium,Signal & Telecommunication,Madhya Pradesh: Bhopal-Jabalpur,80.0,0.77,109,80,570.0,0,0
Signal,Good,Critical,Maintenance In Progress,Critical,Condition Monitoring,Medium,Signal & Telecommunication,Madhya Pradesh: Bhopal-Jabalpur,80.0,0.77,109,80,570.0,1,1
Signal,Good,Critical,Maintenance In Progress,Critical,Condition Monitoring,Medium,Signal & Telecommunication,Madhya Pradesh: Bhopal-Jabalpur,80.0,0.77,109,80,570.0,2,1
Axle Counter,Fair,Medium,Operational,Critical,Corrective Maintenance,High,Signal & Telecommunication,Madhya Pradesh: Bhopal-Jabalpur,97.0,0.78,77,20,597.0,0,1
Axle Counter,Fair,Medium,Operational,Critical,Corrective Maintenance,High,Signal & Telecommunication,Madhya Pradesh: Bhopal-Jabalpur,97.0,0.78,77,20,597.0,1,0
Axle Counter,Fair,Medium,Operational,Critical,Corrective Maintenance,High,Signal & Telecommunication,Madhya Pradesh: Bhopal-Jabalpur,97.0,0.78,77,20,597.0,2,0
Axle Counter,Fair,Medium,Operational,Medium,Inspection,Low,Signal & Telecommunication,Madhya Pradesh: Bhopal-Jabalpur,43.0,0.79,77,20,624.0,0,0
Axle Counter,Fair,Medium,Operational,Medium,Inspection,Low,Signal & Telecommunication,Madhya Pradesh: Bhopal-Jabalpur,43.0,0.79,77,20,624.0,1,0
Axle Counter,Fair,Medium,Operational,Medium,Inspection,Low,Signal & Telecommunication,Madhya Pradesh: Bhopal-Jabalpur,43.0,0.79,77,20,624.0,2,0
Track,Poor,High,Operational,Medium,Preventive Maintenance,Medium,Engineering,Maharashtra: Mumbai-Nagpur,60.0,0.8,46,51,651.0,0,0
Track,Poor,High,Operational,Medium,Preventive Maintenance,Medium,Engineering,Maharashtra: Mumbai-Nagpur,60.0,0.8,46,51,651.0,1,1
Track,Poor,High,Operational,Medium,Preventive Maintenance,Medium,Engineering,Maharashtra: Mumbai-Nagpur,60.0,0.8,46,51,651.0,2,0
Track,Poor,High,Operational,Critical,Condition Monitoring,High,Engineering,Maharashtra: Mumbai-Nagpur,77.0,0.81,46,51,342.0,0,1
Track,Poor,High,Operational,Critical,Condition Monitoring,High,Engineering,Maharashtra: Mumbai-Nagpur,77.0,0.81,46,51,342.0,1,1
Track,Poor,High,Operational,Critical,Condition Monitoring,High,Engineering,Maharashtra: Mumbai-Nagpur,77.0,0.81,46,51,342.0,2,1
Turnout,Critical,High,Under Observation,Critical,Corrective Maintenance,Low,Engineering,Maharashtra: Mumbai-Nagpur,94.0,0.82,167,83,369.0,0,1
Turnout,Critical,High,Under Observation,Critical,Corrective Maintenance,Low,Engineering,Maharashtra: Mumbai-Nagpur,94.0,0.82,167,83,369.0,1,1
Turnout,Critical,High,Under Observation,Critical,Corrective Maintenance,Low,Engineering,Maharashtra: Mumbai-Nagpur,94.0,0.82,167,83,369.0,2,1
Turnout,Critical,High,Under Observation,Medium,Inspection,Medium,Engineering,Maharashtra: Mumbai-Nagpur,40.0,0.83,167,83,396.0,0,0
Turnout,Critical,High,Under Observation,Medium,Inspection,Medium,Engineering,Maharashtra: Mumbai-Nagpur,40.0,0.83,167,83,396.0,1,1
Turnout,Critical,High,Under Observation,Medium,Inspection,Medium,Engineering,Maharashtra: Mumbai-Nagpur,40.0,0.83,167,83,396.0,2,1
OHE Mast,Good,Critical,Maintenance In Progress,Medium,Preventive Maintenance,High,Traction Distribution,Maharashtra: Mumbai-Nagpur,57.0,0.84,135,23,423.0,0,0
OHE Mast,Good,Critical,Maintenance In Progress,Medium,Preventive Maintenance,High,Traction Distribution,Maharashtra: Mumbai-Nagpur,57.0,0.84,135,23,423.0,1,0
OHE Mast,Good,Critical,Maintenance In Progress,Medium,Preventive Maintenance,High,Traction Distribution,Maharashtra: Mumbai-Nagpur,57.0,0.84,135,23,423.0,2,0
OHE Mast,Good,Critical,Maintenance In Progress,Critical,Condition Monitoring,Low,Traction Distribution,Maharashtra: Mumbai-Nagpur,74.0,0.85,135,23,450.0,0,1
OHE Mast,Good,Critical,Maintenance In Progress,Critical,Condition Monitoring,Low,Traction Distribution,Maharashtra: Mumbai-Nagpur,74.0,0.85,135,23,450.0,1,0
OHE Mast,Good,Critical,Maintenance In Progress,Critical,Condition Monitoring,Low,Traction Distribution,Maharashtra: Mumbai-Nagpur,74.0,0.85,135,23,450.0,2,1
Traction Substation,Fair,Medium,Operational,Critical,Corrective Maintenance,Medium,Traction Distribution,Maharashtra: Mumbai-Nagpur,91.0,0.86,104,54,477.0,0,0
Traction Substation,Fair,Medium,Operational,Critical,Corrective Maintenance,Medium,Traction Distribution,Maharashtra: Mumbai-Nagpur,91.0,0.86,104,54,477.0,1,0
Traction Substation,Fair,Medium,Operational,Critical,Corrective Maintenance,Medium,Traction Distribution,Maharashtra: Mumbai-Nagpur,91.0,0.86,104,54,477.0,2,1
Traction Substation,Fair,Medium,Operational,Medium,Inspection,High,Traction Distribution,Maharashtra: Mumbai-Nagpur,37.0,0.87,104,54,504.0,0,0
Traction Substation,Fair,Medium,Operational,Medium,Inspection,High,Traction Distribution,Maharashtra: Mumbai-Nagpur,37.0,0.87,104,54,504.0,1,0
Traction Substation,Fair,Medium,Operational,Medium,Inspection,High,Traction Distribution,Maharashtra: Mumbai-Nagpur,37.0,0.87,104,54,504.0,2,0
Signal,Poor,High,Operational,Medium,Preventive Maintenance,Low,Signal & Telecommunication,Maharashtra: Mumbai-Nagpur,54.0,0.88,72,86,531.0,0,0
Signal,Poor,High,Operational,Medium,Preventive Maintenance,Low,Signal & Telecommunication,Maharashtra: Mumbai-Nagpur,54.0,0.88,72,86,531.0,1,1
Signal,Poor,High,Operational,Medium,Preventive Maintenance,Low,Signal & Telecommunication,Maharashtra: Mumbai-Nagpur,54.0,0.88,72,86,531.0,2,0
Signal,Poor,High,Operational,Critical,Condition Monitoring,Medium,Signal & Telecommunication,Maharashtra: Mumbai-Nagpur,71.0,0.89,72,86,558.0,0,1
Signal,Poor,High,Operational,Critical,Condition Monitoring,Medium,Signal & Telecommunication,Maharashtra: Mumbai-Nagpur,71.0,0.89,72,86,558.0,1,1
Signal,Poor,High,Operational,Critical,Condition Monitoring,Medium,Signal & Telecommunication,Maharashtra: Mumbai-Nagpur,71.0,0.89,72,86,558.0,2,1
Axle Counter,Critical,High,Under Observation,Critical,Corrective Maintenance,High,Signal & Telecommunication,Maharashtra: Mumbai-Nagpur,88.0,0.9,41,26,585.0,0,1
Axle Counter,Critical,High,Under Observation,Critical,Corrective Maintenance,High,Signal & Telecommunication,Maharashtra: Mumbai-Nagpur,88.0,0.9,41,26,585.0,1,1
Axle Counter,Critical,High,Under Observation,Critical,Corrective Maintenance,High,Signal & Telecommunication,Maharashtra: Mumbai-Nagpur,88.0,0.9,41,26,585.0,2,1
Axle Counter,Critical,High,Under Observation,Medium,Inspection,Low,Signal & Telecommunication,Maharashtra: Mumbai-Nagpur,105.0,0.12,41,26,612.0,0,1
Axle Counter,Critical,High,Under Observation,Medium,Inspection,Low,Signal & Telecommunication,Maharashtra: Mumbai-Nagpur,105.0,0.12,41,26,612.0,1,0
Axle Counter,Critical,High,Under Observation,Medium,Inspection,Low,Signal & Telecommunication,Maharashtra: Mumbai-Nagpur,105.0,0.12,41,26,612.0,2,1
Track,Good,Critical,Maintenance In Progress,Medium,Preventive Maintenance,Medium,Engineering,Maharashtra: Mumbai-Nagpur,51.0,0.13,162,32,639.0,0,0
Track,Good,Critical,Maintenance In Progress,Medium,Preventive Maintenance,Medium,Engineering,Maharashtra: Mumbai-Nagpur,51.0,0.13,162,32,639.0,1,1
Track,Good,Critical,Maintenance In Progress,Medium,Preventive Maintenance,Medium,Engineering,Maharashtra: Mumbai-Nagpur,51.0,0.13,162,32,639.0,2,0
Track,Good,Critical,Maintenance In Progress,Critical,Condition Monitoring,High,Engineering,Maharashtra: Mumbai-Nagpur,68.0,0.14,162,32,666.0,0,0
Track,Good,Critical,Maintenance In Progress,Critical,Condition Monitoring,High,Engineering,Maharashtra: Mumbai-Nagpur,68.0,0.14,162,32,666.0,1,1
Track,Good,Critical,Maintenance In Progress,Critical,Condition Monitoring,High,Engineering,Maharashtra: Mumbai-Nagpur,68.0,0.14,162,32,666.0,2,0
Turnout,Fair,Medium,Operational,Critical,Corrective Maintenance,Low,Engineering,Maharashtra: Mumbai-Nagpur,85.0,0.15,130,64,693.0,0,0
Turnout,Fair,Medium,Operational,Critical,Corrective Maintenance,Low,Engineering,Maharashtra: Mumbai-Nagpur,85.0,0.15,130,64,693.0,1,0
Turnout,Fair,Medium,Operational,Critical,Corrective Maintenance,Low,Engineering,Maharashtra: Mumbai-Nagpur,85.0,0.15,130,64,693.0,2,0
Turnout,Fair,Medium,Operational,Medium,Inspection,Medium,Engineering,Maharashtra: Mumbai-Nagpur,102.0,0.16,130,64,384.0,0,0
Turnout,Fair,Medium,Operational,Medium,Inspection,Medium,Engineering,Maharashtra: Mumbai-Nagpur,102.0,0.16,130,64,384.0,1,0
Turnout,Fair,Medium,Operational,Medium,Inspection,Medium,Engineering,Maharashtra: Mumbai-Nagpur,102.0,0.16,130,64,384.0,2,0
OHE Mast,Poor,High,Operational,Medium,Preventive Maintenance,High,Traction Distribution,Maharashtra: Mumbai-Nagpur,48.0,0.17,99,4,411.0,0,0
OHE Mast,Poor,High,Operational,Medium,Preventive Maintenance,High,Traction Distribution,Maharashtra: Mumbai-Nagpur,48.0,0.17,99,4,411.0,1,0
OHE Mast,Poor,High,Operational,Medium,Preventive Maintenance,High,Traction Distribution,Maharashtra: Mumbai-Nagpur,48.0,0.17,99,4,411.0,2,0
OHE Mast,Poor,High,Operational,Critical,Condition Monitoring,Low,Traction Distribution,Maharashtra: Mumbai-Nagpur,65.0,0.18,99,4,438.0,0,1
OHE Mast,Poor,High,Operational,Critical,Condition Monitoring,Low,Traction Distribution,Maharashtra: Mumbai-Nagpur,65.0,0.18,99,4,438.0,1,1
OHE Mast,Poor,High,Operational,Critical,Condition Monitoring,Low,Traction Distribution,Maharashtra: Mumbai-Nagpur,65.0,0.18,99,4,438.0,2,1
Traction Substation,Critical,High,Under Observation,Critical,Corrective Maintenance,Medium,Traction Distribution,Maharashtra: Mumbai-Nagpur,82.0,0.19,67,35,465.0,0,0
Traction Substation,Critical,High,Under Observation,Critical,Corrective Maintenance,Medium,Traction Distribution,Maharashtra: Mumbai-Nagpur,82.0,0.19,67,35,465.0,1,1
Traction Substation,Critical,High,Under Observation,Critical,Corrective Maintenance,Medium,Traction Distribution,Maharashtra: Mumbai-Nagpur,82.0,0.19,67,35,465.0,2,1
Traction Substation,Critical,High,Under Observation,Medium,Inspection,High,Traction Distribution,Maharashtra: Mumbai-Nagpur,99.0,0.2,67,35,492.0,0,0
Traction Substation,Critical,High,Under Observation,Medium,Inspection,High,Traction Distribution,Maharashtra: Mumbai-Nagpur,99.0,0.2,67,35,492.0,1,1
Traction Substation,Critical,High,Under Observation,Medium,Inspection,High,Traction Distribution,Maharashtra: Mumbai-Nagpur,99.0,0.2,67,35,492.0,2,1
Signal,Good,Critical,Maintenance In Progress,Medium,Preventive Maintenance,Low,Signal & Telecommunication,Maharashtra: Mumbai-Nagpur,45.0,0.21,36,67,519.0,0,0
Signal,Good,Critical,Maintenance In Progress,Medium,Preventive Maintenance,Low,Signal & Telecommunication,Maharashtra: Mumbai-Nagpur,45.0,0.21,36,67,519.0,1,0
Signal,Good,Critical,Maintenance In Progress,Medium,Preventive Maintenance,Low,Signal & Telecommunication,Maharashtra: Mumbai-Nagpur,45.0,0.21,36,67,519.0,2,1
Signal,Good,Critical,Maintenance In Progress,Critical,Condition Monitoring,Medium,Signal & Telecommunication,Maharashtra: Mumbai-Nagpur,62.0,0.22,36,67,546.0,0,0
Signal,Good,Critical,Maintenance In Progress,Critical,Condition Monitoring,Medium,Signal & Telecommunication,Maharashtra: Mumbai-Nagpur,62.0,0.22,36,67,546.0,1,1
Signal,Good,Critical,Maintenance In Progress,Critical,Condition Monitoring,Medium,Signal & Telecommunication,Maharashtra: Mumbai-Nagpur,62.0,0.22,36,67,546.0,2,1
Axle Counter,Fair,Medium,Operational,Critical,Corrective Maintenance,High,Signal & Telecommunication,Maharashtra: Mumbai-Nagpur,79.0,0.23,181,7,573.0,0,0
Axle Counter,Fair,Medium,Operational,Critical,Corrective Maintenance,High,Signal & Telecommunication,Maharashtra: Mumbai-Nagpur,79.0,0.23,181,7,573.0,1,1
Axle Counter,Fair,Medium,Operational,Critical,Corrective Maintenance,High,Signal & Telecommunication,Maharashtra: Mumbai-Nagpur,79.0,0.23,181,7,573.0,2,0
Axle Counter,Fair,Medium,Operational,Medium,Inspection,Low,Signal & Telecommunication,Maharashtra: Mumbai-Nagpur,96.0,0.24,181,7,600.0,0,0
Axle Counter,Fair,Medium,Operational,Medium,Inspection,Low,Signal & Telecommunication,Maharashtra: Mumbai-Nagpur,96.0,0.24,181,7,600.0,1,0
Axle Counter,Fair,Medium,Operational,Medium,Inspection,Low,Signal & Telecommunication,Maharashtra: Mumbai-Nagpur,96.0,0.24,181,7,600.0,2,0
Track,Poor,High,Operational,Medium,Preventive Maintenance,Medium,Engineering,Maharashtra: Mumbai-Nagpur,42.0,0.25,149,38,627.0,0,1
Track,Poor,High,Operational,Medium,Preventive Maintenance,Medium,Engineering,Maharashtra: Mumbai-Nagpur,42.0,0.25,149,38,627.0,1,0
Track,Poor,High,Operational,Medium,Preventive Maintenance,Medium,Engineering,Maharashtra: Mumbai-Nagpur,42.0,0.25,149,38,627.0,2,0
Track,Poor,High,Operational,Critical,Condition Monitoring,High,Engineering,Maharashtra: Mumbai-Nagpur,59.0,0.26,149,38,654.0,0,0
Track,Poor,High,Operational,Critical,Condition Monitoring,High,Engineering,Maharashtra: Mumbai-Nagpur,59.0,0.26,149,38,654.0,1,1
Track,Poor,High,Operational,Critical,Condition Monitoring,High,Engineering,Maharashtra: Mumbai-Nagpur,59.0,0.26,149,38,654.0,2,1
Turnout,Critical,High,Under Observation,Critical,Corrective Maintenance,Low,Engineering,Maharashtra: Mumbai-Nagpur,76.0,0.27,118,70,681.0,0,0
Turnout,Critical,High,Under Observation,Critical,Corrective Maintenance,Low,Engineering,Maharashtra: Mumbai-Nagpur,76.0,0.27,118,70,681.0,1,0
Turnout,Critical,High,Under Observation,Critical,Corrective Maintenance,Low,Engineering,Maharashtra: Mumbai-Nagpur,76.0,0.27,118,70,681.0,2,0
Turnout,Critical,High,Under Observation,Medium,Inspection,Medium,Engineering,Maharashtra: Mumbai-Nagpur,93.0,0.28,118,70,708.0,0,1
Turnout,Critical,High,Under Observation,Medium,Inspection,Medium,Engineering,Maharashtra: Mumbai-Nagpur,93.0,0.28,118,70,708.0,1,0
Turnout,Critical,High,Under Observation,Medium,Inspection,Medium,Engineering,Maharashtra: Mumbai-Nagpur,93.0,0.28,118,70,708.0,2,0
OHE Mast,Good,Critical,Maintenance In Progress,Medium,Preventive Maintenance,High,Traction Distribution,Maharashtra: Mumbai-Nagpur,39.0,0.29,86,10,735.0,0,0
OHE Mast,Good,Critical,Maintenance In Progress,Medium,Preventive Maintenance,High,Traction Distribution,Maharashtra: Mumbai-Nagpur,39.0,0.29,86,10,735.0,1,0
OHE Mast,Good,Critical,Maintenance In Progress,Medium,Preventive Maintenance,High,Traction Distribution,Maharashtra: Mumbai-Nagpur,39.0,0.29,86,10,735.0,2,0
OHE Mast,Good,Critical,Maintenance In Progress,Critical,Condition Monitoring,Low,Traction Distribution,Maharashtra: Mumbai-Nagpur,56.0,0.3,86,10,426.0,0,1
OHE Mast,Good,Critical,Maintenance In Progress,Critical,Condition Monitoring,Low,Traction Distribution,Maharashtra: Mumbai-Nagpur,56.0,0.3,86,10,426.0,1,0
OHE Mast,Good,Critical,Maintenance In Progress,Critical,Condition Monitoring,Low,Traction Distribution,Maharashtra: Mumbai-Nagpur,56.0,0.3,86,10,426.0,2,1
Traction Substation,Fair,Medium,Operational,Critical,Corrective Maintenance,Medium,Traction Distribution,Maharashtra: Mumbai-Nagpur,73.0,0.31,55,41,453.0,0,0
Traction Substation,Fair,Medium,Operational,Critical,Corrective Maintenance,Medium,Traction Distribution,Maharashtra: Mumbai-Nagpur,73.0,0.31,55,41,453.0,1,1
Traction Substation,Fair,Medium,Operational,Critical,Corrective Maintenance,Medium,Traction Distribution,Maharashtra: Mumbai-Nagpur,73.0,0.31,55,41,453.0,2,0
Traction Substation,Fair,Medium,Operational,Medium,Inspection,High,Traction Distribution,Maharashtra: Mumbai-Nagpur,90.0,0.32,55,41,480.0,0,0
Traction Substation,Fair,Medium,Operational,Medium,Inspection,High,Traction Distribution,Maharashtra: Mumbai-Nagpur,90.0,0.32,55,41,480.0,1,1
Traction Substation,Fair,Medium,Operational,Medium,Inspection,High,Traction Distribution,Maharashtra: Mumbai-Nagpur,90.0,0.32,55,41,480.0,2,0
Signal,Poor,High,Operational,Medium,Preventive Maintenance,Low,Signal & Telecommunication,Maharashtra: Mumbai-Nagpur,36.0,0.33,176,73,507.0,0,0
Signal,Poor,High,Operational,Medium,Preventive Maintenance,Low,Signal & Telecommunication,Maharashtra: Mumbai-Nagpur,36.0,0.33,176,73,507.0,1,0
Signal,Poor,High,Operational,Medium,Preventive Maintenance,Low,Signal & Telecommunication,Maharashtra: Mumbai-Nagpur,36.0,0.33,176,73,507.0,2,1
Signal,Poor,High,Operational,Critical,Condition Monitoring,Medium,Signal & Telecommunication,Maharashtra: Mumbai-Nagpur,53.0,0.34,176,73,534.0,0,1
Signal,Poor,High,Operational,Critical,Condition Monitoring,Medium,Signal & Telecommunication,Maharashtra: Mumbai-Nagpur,53.0,0.34,176,73,534.0,1,1
Signal,Poor,High,Operational,Critical,Condition Monitoring,Medium,Signal & Telecommunication,Maharashtra: Mumbai-Nagpur,53.0,0.34,176,73,534.0,2,1
Axle Counter,Critical,High,Under Observation,Critical,Corrective Maintenance,High,Signal & Telecommunication,Maharashtra: Mumbai-Nagpur,70.0,0.35,144,13,561.0,0,1
Axle Counter,Critical,High,Under Observation,Critical,Corrective Maintenance,High,Signal & Telecommunication,Maharashtra: Mumbai-Nagpur,70.0,0.35,144,13,561.0,1,1
Axle Counter,Critical,High,Under Observation,Critical,Corrective Maintenance,High,Signal & Telecommunication,Maharashtra: Mumbai-Nagpur,70.0,0.35,144,13,561.0,2,1
Axle Counter,Critical,High,Under Observation,Medium,Inspection,Low,Signal & Telecommunication,Maharashtra: Mumbai-Nagpur,87.0,0.36,144,13,588.0,0,1
Axle Counter,Critical,High,Under Observation,Medium,Inspection,Low,Signal & Telecommunication,Maharashtra: Mumbai-Nagpur,87.0,0.36,144,13,588.0,1,1
Axle Counter,Critical,High,Under Observation,Medium,Inspection,Low,Signal & Telecommunication,Maharashtra: Mumbai-Nagpur,87.0,0.36,144,13,588.0,2,0
Track,Good,Critical,Maintenance In Progress,Medium,Preventive Maintenance,Medium,Engineering,Maharashtra: Mumbai-Nagpur,104.0,0.37,113,44,615.0,0,0
Track,Good,Critical,Maintenance In Progress,Medium,Preventive Maintenance,Medium,Engineering,Maharashtra: Mumbai-Nagpur,104.0,0.37,113,44,615.0,1,0
Track,Good,Critical,Maintenance In Progress,Medium,Preventive Maintenance,Medium,Engineering,Maharashtra: Mumbai-Nagpur,104.0,0.37,113,44,615.0,2,0
Track,Good,Critical,Maintenance In Progress,Critical,Condition Monitoring,High,Engineering,Maharashtra: Mumbai-Nagpur,50.0,0.38,113,44,642.0,0,1
Track,Good,Critical,Maintenance In Progress,Critical,Condition Monitoring,High,Engineering,Maharashtra: Mumbai-Nagpur,50.0,0.38,113,44,642.0,1,1
Track,Good,Critical,Maintenance In Progress,Critical,Condition Monitoring,High,Engineering,Maharashtra: Mumbai-Nagpur,50.0,0.38,113,44,642.0,2,1
Turnout,Fair,Medium,Operational,Critical,Corrective Maintenance,Low,Engineering,Maharashtra: Mumbai-Nagpur,67.0,0.39,81,76,669.0,0,0
Turnout,Fair,Medium,Operational,Critical,Corrective Maintenance,Low,Engineering,Maharashtra: Mumbai-Nagpur,67.0,0.39,81,76,669.0,1,0
Turnout,Fair,Medium,Operational,Critical,Corrective Maintenance,Low,Engineering,Maharashtra: Mumbai-Nagpur,67.0,0.39,81,76,669.0,2,0
Turnout,Fair,Medium,Operational,Medium,Inspection,Medium,Engineering,Maharashtra: Mumbai-Nagpur,84.0,0.4,81,76,696.0,0,1
Turnout,Fair,Medium,Operational,Medium,Inspection,Medium,Engineering,Maharashtra: Mumbai-Nagpur,84.0,0.4,81,76,696.0,1,0
Turnout,Fair,Medium,Operational,Medium,Inspection,Medium,Engineering,Maharashtra: Mumbai-Nagpur,84.0,0.4,81,76,696.0,2,0
OHE Mast,Poor,High,Operational,Medium,Preventive Maintenance,High,Traction Distribution,Maharashtra: Mumbai-Nagpur,101.0,0.41,50,16,723.0,0,1
OHE Mast,Poor,High,Operational,Medium,Preventive Maintenance,High,Traction Distribution,Maharashtra: Mumbai-Nagpur,101.0,0.41,50,16,723.0,1,1
OHE Mast,Poor,High,Operational,Medium,Preventive Maintenance,High,Traction Distribution,Maharashtra: Mumbai-Nagpur,101.0,0.41,50,16,723.0,2,1
OHE Mast,Poor,High,Operational,Critical,Condition Monitoring,Low,Traction Distribution,Maharashtra: Mumbai-Nagpur,47.0,0.42,50,16,750.0,0,1
OHE Mast,Poor,High,Operational,Critical,Condition Monitoring,Low,Traction Distribution,Maharashtra: Mumbai-Nagpur,47.0,0.42,50,16,750.0,1,1
OHE Mast,Poor,High,Operational,Critical,Condition Monitoring,Low,Traction Distribution,Maharashtra: Mumbai-Nagpur,47.0,0.42,50,16,750.0,2,1
Traction Substation,Critical,High,Under Observation,Critical,Corrective Maintenance,Medium,Traction Distribution,Maharashtra: Mumbai-Nagpur,64.0,0.43,171,47,777.0,0,1
Traction Substation,Critical,High,Under Observation,Critical,Corrective Maintenance,Medium,Traction Distribution,Maharashtra: Mumbai-Nagpur,64.0,0.43,171,47,777.0,1,1
Traction Substation,Critical,High,Under Observation,Critical,Corrective Maintenance,Medium,Traction Distribution,Maharashtra: Mumbai-Nagpur,64.0,0.43,171,47,777.0,2,1
Traction Substation,Critical,High,Under Observation,Medium,Inspection,High,Traction Distribution,Maharashtra: Mumbai-Nagpur,81.0,0.44,171,47,468.0,0,1
Traction Substation,Critical,High,Under Observation,Medium,Inspection,High,Traction Distribution,Maharashtra: Mumbai-Nagpur,81.0,0.44,171,47,468.0,1,1
Traction Substation,Critical,High,Under Observation,Medium,Inspection,High,Traction Distribution,Maharashtra: Mumbai-Nagpur,81.0,0.44,171,47,468.0,2,1
Signal,Good,Critical,Maintenance In Progress,Medium,Preventive Maintenance,Low,Signal & Telecommunication,Maharashtra: Mumbai-Nagpur,98.0,0.45,139,79,495.0,0,0
Signal,Good,Critical,Maintenance In Progress,Medium,Preventive Maintenance,Low,Signal & Telecommunication,Maharashtra: Mumbai-Nagpur,98.0,0.45,139,79,495.0,1,1
Signal,Good,Critical,Maintenance In Progress,Medium,Preventive Maintenance,Low,Signal & Telecommunication,Maharashtra: Mumbai-Nagpur,98.0,0.45,139,79,495.0,2,0
Signal,Good,Critical,Maintenance In Progress,Critical,Condition Monitoring,Medium,Signal & Telecommunication,Maharashtra: Mumbai-Nagpur,44.0,0.46,139,79,522.0,0,0
Signal,Good,Critical,Maintenance In Progress,Critical,Condition Monitoring,Medium,Signal & Telecommunication,Maharashtra: Mumbai-Nagpur,44.0,0.46,139,79,522.0,1,0
Signal,Good,Critical,Maintenance In Progress,Critical,Condition Monitoring,Medium,Signal & Telecommunication,Maharashtra: Mumbai-Nagpur,44.0,0.46,139,79,522.0,2,1
Axle Counter,Fair,Medium,Operational,Critical,Corrective Maintenance,High,Signal & Telecommunication,Maharashtra: Mumbai-Nagpur,61.0,0.47,108,19,549.0,0,1
Axle Counter,Fair,Medium,Operational,Critical,Corrective Maintenance,High,Signal & Telecommunication,Maharashtra: Mumbai-Nagpur,61.0,0.47,108,19,549.0,1,0
Axle Counter,Fair,Medium,Operational,Critical,Corrective Maintenance,High,Signal & Telecommunication,Maharashtra: Mumbai-Nagpur,61.0,0.47,108,19,549.0,2,1
Axle Counter,Fair,Medium,Operational,Medium,Inspection,Low,Signal & Telecommunication,Maharashtra: Mumbai-Nagpur,78.0,0.48,108,19,576.0,0,0
Axle Counter,Fair,Medium,Operational,Medium,Inspection,Low,Signal & Telecommunication,Maharashtra: Mumbai-Nagpur,78.0,0.48,108,19,576.0,1,0
Axle Counter,Fair,Medium,Operational,Medium,Inspection,Low,Signal & Telecommunication,Maharashtra: Mumbai-Nagpur,78.0,0.48,108,19,576.0,2,0
Track,Poor,High,Operational,Medium,Preventive Maintenance,Medium,Engineering,Maharashtra: Mumbai-Nagpur,95.0,0.49,76,50,603.0,0,0
Track,Poor,High,Operational,Medium,Preventive Maintenance,Medium,Engineering,Maharashtra: Mumbai-Nagpur,95.0,0.49,76,50,603.0,1,1
Track,Poor,High,Operational,Medium,Preventive Maintenance,Medium,Engineering,Maharashtra: Mumbai-Nagpur,95.0,0.49,76,50,603.0,2,1
Track,Poor,High,Operational,Critical,Condition Monitoring,High,Engineering,Maharashtra: Mumbai-Nagpur,41.0,0.5,76,50,630.0,0,1
Track,Poor,High,Operational,Critical,Condition Monitoring,High,Engineering,Maharashtra: Mumbai-Nagpur,41.0,0.5,76,50,630.0,1,1
Track,Poor,High,Operational,Critical,Condition Monitoring,High,Engineering,Maharashtra: Mumbai-Nagpur,41.0,0.5,76,50,630.0,2,1
Turnout,Critical,High,Under Observation,Critical,Corrective Maintenance,Low,Engineering,Maharashtra: Mumbai-Nagpur,58.0,0.51,45,82,657.0,0,1
Turnout,Critical,High,Under Observation,Critical,Corrective Maintenance,Low,Engineering,Maharashtra: Mumbai-Nagpur,58.0,0.51,45,82,657.0,1,0
Turnout,Critical,High,Under Observation,Critical,Corrective Maintenance,Low,Engineering,Maharashtra: Mumbai-Nagpur,58.0,0.51,45,82,657.0,2,1
Turnout,Critical,High,Under Observation,Medium,Inspection,Medium,Engineering,Maharashtra: Mumbai-Nagpur,75.0,0.52,45,82,684.0,0,0
Turnout,Critical,High,Under Observation,Medium,Inspection,Medium,Engineering,Maharashtra: Mumbai-Nagpur,75.0,0.52,45,82,684.0,1,1
Turnout,Critical,High,Under Observation,Medium,Inspection,Medium,Engineering,Maharashtra: Mumbai-Nagpur,75.0,0.52,45,82,684.0,2,1
OHE Mast,Good,Critical,Maintenance In Progress,Medium,Preventive Maintenance,High,Traction Distribution,Maharashtra: Mumbai-Nagpur,92.0,0.53,166,22,711.0,0,0
OHE Mast,Good,Critical,Maintenance In Progress,Medium,Preventive Maintenance,High,Traction Distribution,Maharashtra: Mumbai-Nagpur,92.0,0.53,166,22,711.0,1,0
OHE Mast,Good,Critical,Maintenance In Progress,Medium,Preventive Maintenance,High,Traction Distribution,Maharashtra: Mumbai-Nagpur,92.0,0.53,166,22,711.0,2,0
OHE Mast,Good,Critical,Maintenance In Progress,Critical,Condition Monitoring,Low,Traction Distribution,Maharashtra: Mumbai-Nagpur,38.0,0.54,166,22,738.0,0,1
OHE Mast,Good,Critical,Maintenance In Progress,Critical,Condition Monitoring,Low,Traction Distribution,Maharashtra: Mumbai-Nagpur,38.0,0.54,166,22,738.0,1,0
OHE Mast,Good,Critical,Maintenance In Progress,Critical,Condition Monitoring,Low,Traction Distribution,Maharashtra: Mumbai-Nagpur,38.0,0.54,166,22,738.0,2,0
Traction Substation,Fair,Medium,Operational,Critical,Corrective Maintenance,Medium,Traction Distribution,Maharashtra: Mumbai-Nagpur,55.0,0.55,134,53,765.0,0,0
Traction Substation,Fair,Medium,Operational,Critical,Corrective Maintenance,Medium,Traction Distribution,Maharashtra: Mumbai-Nagpur,55.0,0.55,134,53,765.0,1,1
Traction Substation,Fair,Medium,Operational,Critical,Corrective Maintenance,Medium,Traction Distribution,Maharashtra: Mumbai-Nagpur,55.0,0.55,134,53,765.0,2,0
Traction Substation,Fair,Medium,Operational,Medium,Inspection,High,Traction Distribution,Maharashtra: Mumbai-Nagpur,72.0,0.56,134,53,792.0,0,1
Traction Substation,Fair,Medium,Operational,Medium,Inspection,High,Traction Distribution,Maharashtra: Mumbai-Nagpur,72.0,0.56,134,53,792.0,1,0
Traction Substation,Fair,Medium,Operational,Medium,Inspection,High,Traction Distribution,Maharashtra: Mumbai-Nagpur,72.0,0.56,134,53,792.0,2,1
Signal,Poor,High,Operational,Medium,Preventive Maintenance,Low,Signal & Telecommunication,Maharashtra: Mumbai-Nagpur,89.0,0.57,103,85,819.0,0,1
Signal,Poor,High,Operational,Medium,Preventive Maintenance,Low,Signal & Telecommunication,Maharashtra: Mumbai-Nagpur,89.0,0.57,103,85,819.0,1,0
Signal,Poor,High,Operational,Medium,Preventive Maintenance,Low,Signal & Telecommunication,Maharashtra: Mumbai-Nagpur,89.0,0.57,103,85,819.0,2,1
Signal,Poor,High,Operational,Critical,Condition Monitoring,Medium,Signal & Telecommunication,Maharashtra: Mumbai-Nagpur,35.0,0.58,103,85,510.0,0,1
Signal,Poor,High,Operational,Critical,Condition Monitoring,Medium,Signal & Telecommunication,Maharashtra: Mumbai-Nagpur,35.0,0.58,103,85,510.0,1,1
Signal,Poor,High,Operational,Critical,Condition Monitoring,Medium,Signal & Telecommunication,Maharashtra: Mumbai-Nagpur,35.0,0.58,103,85,510.0,2,0
Axle Counter,Critical,High,Under Observation,Critical,Corrective Maintenance,High,Signal & Telecommunication,Maharashtra: Mumbai-Nagpur,52.0,0.59,71,25,537.0,0,1
Axle Counter,Critical,High,Under Observation,Critical,Corrective Maintenance,High,Signal & Telecommunication,Maharashtra: Mumbai-Nagpur,52.0,0.59,71,25,537.0,1,1
Axle Counter,Critical,High,Under Observation,Critical,Corrective Maintenance,High,Signal & Telecommunication,Maharashtra: Mumbai-Nagpur,52.0,0.59,71,25,537.0,2,1
Axle Counter,Critical,High,Under Observation,Medium,Inspection,Low,Signal & Telecommunication,Maharashtra: Mumbai-Nagpur,69.0,0.6,71,25,564.0,0,0
Axle Counter,Critical,High,Under Observation,Medium,Inspection,Low,Signal & Telecommunication,Maharashtra: Mumbai-Nagpur,69.0,0.6,71,25,564.0,1,1
Axle Counter,Critical,High,Under Observation,Medium,Inspection,Low,Signal & Telecommunication,Maharashtra: Mumbai-Nagpur,69.0,0.6,71,25,564.0,2,1
Track,Good,Critical,Maintenance In Progress,Medium,Preventive Maintenance,Medium,Engineering,Maharashtra: Mumbai-Nagpur,86.0,0.61,40,56,591.0,0,0
Track,Good,Critical,Maintenance In Progress,Medium,Preventive Maintenance,Medium,Engineering,Maharashtra: Mumbai-Nagpur,86.0,0.61,40,56,591.0,1,1
Track,Good,Critical,Maintenance In Progress,Medium,Preventive Maintenance,Medium,Engineering,Maharashtra: Mumbai-Nagpur,86.0,0.61,40,56,591.0,2,0
Track,Good,Critical,Maintenance In Progress,Critical,Condition Monitoring,High,Engineering,Maharashtra: Mumbai-Nagpur,103.0,0.62,40,56,618.0,0,0
Track,Good,Critical,Maintenance In Progress,Critical,Condition Monitoring,High,Engineering,Maharashtra: Mumbai-Nagpur,103.0,0.62,40,56,618.0,1,1
Track,Good,Critical,Maintenance In Progress,Critical,Condition Monitoring,High,Engineering,Maharashtra: Mumbai-Nagpur,103.0,0.62,40,56,618.0,2,0
Turnout,Fair,Medium,Operational,Critical,Corrective Maintenance,Low,Engineering,Maharashtra: Mumbai-Nagpur,49.0,0.63,161,63,645.0,0,0
Turnout,Fair,Medium,Operational,Critical,Corrective Maintenance,Low,Engineering,Maharashtra: Mumbai-Nagpur,49.0,0.63,161,63,645.0,1,0
Turnout,Fair,Medium,Operational,Critical,Corrective Maintenance,Low,Engineering,Maharashtra: Mumbai-Nagpur,49.0,0.63,161,63,645.0,2,0
Turnout,Fair,Medium,Operational,Medium,Inspection,Medium,Engineering,Maharashtra: Mumbai-Nagpur,66.0,0.64,161,63,672.0,0,1
Turnout,Fair,Medium,Operational,Medium,Inspection,Medium,Engineering,Maharashtra: Mumbai-Nagpur,66.0,0.64,161,63,672.0,1,0
Turnout,Fair,Medium,Operational,Medium,Inspection,Medium,Engineering,Maharashtra: Mumbai-Nagpur,66.0,0.64,161,63,672.0,2,0
OHE Mast,Poor,High,Operational,Medium,Preventive Maintenance,High,Traction Distribution,Maharashtra: Mumbai-Nagpur,83.0,0.65,129,3,699.0,0,1
OHE Mast,Poor,High,Operational,Medium,Preventive Maintenance,High,Traction Distribution,Maharashtra: Mumbai-Nagpur,83.0,0.65,129,3,699.0,1,1
OHE Mast,Poor,High,Operational,Medium,Preventive Maintenance,High,Traction Distribution,Maharashtra: Mumbai-Nagpur,83.0,0.65,129,3,699.0,2,1
OHE Mast,Poor,High,Operational,Critical,Condition Monitoring,Low,Traction Distribution,Maharashtra: Mumbai-Nagpur,100.0,0.66,129,3,726.0,0,1
OHE Mast,Poor,High,Operational,Critical,Condition Monitoring,Low,Traction Distribution,Maharashtra: Mumbai-Nagpur,100.0,0.66,129,3,726.0,1,1
OHE Mast,Poor,High,Operational,Critical,Condition Monitoring,Low,Traction Distribution,Maharashtra: Mumbai-Nagpur,100.0,0.66,129,3,726.0,2,0
Traction Substation,Critical,High,Under Observation,Critical,Corrective Maintenance,Medium,Traction Distribution,Maharashtra: Mumbai-Nagpur,46.0,0.67,98,34,753.0,0,0
Traction Substation,Critical,High,Under Observation,Critical,Corrective Maintenance,Medium,Traction Distribution,Maharashtra: Mumbai-Nagpur,46.0,0.67,98,34,753.0,1,0
Traction Substation,Critical,High,Under Observation,Critical,Corrective Maintenance,Medium,Traction Distribution,Maharashtra: Mumbai-Nagpur,46.0,0.67,98,34,753.0,2,1
Traction Substation,Critical,High,Under Observation,Medium,Inspection,High,Traction Distribution,Maharashtra: Mumbai-Nagpur,63.0,0.68,98,34,780.0,0,1
Traction Substation,Critical,High,Under Observation,Medium,Inspection,High,Traction Distribution,Maharashtra: Mumbai-Nagpur,63.0,0.68,98,34,780.0,1,0
Traction Substation,Critical,High,Under Observation,Medium,Inspection,High,Traction Distribution,Maharashtra: Mumbai-Nagpur,63.0,0.68,98,34,780.0,2,1
Signal,Good,Critical,Maintenance In Progress,Medium,Preventive Maintenance,Low,Signal & Telecommunication,Maharashtra: Mumbai-Nagpur,80.0,0.69,66,66,807.0,0,0
Signal,Good,Critical,Maintenance In Progress,Medium,Preventive Maintenance,Low,Signal & Telecommunication,Maharashtra: Mumbai-Nagpur,80.0,0.69,66,66,807.0,1,0
Signal,Good,Critical,Maintenance In Progress,Medium,Preventive Maintenance,Low,Signal & Telecommunication,Maharashtra: Mumbai-Nagpur,80.0,0.69,66,66,807.0,2,1
Signal,Good,Critical,Maintenance In Progress,Critical,Condition Monitoring,Medium,Signal & Telecommunication,Maharashtra: Mumbai-Nagpur,97.0,0.7,66,66,834.0,0,1
Signal,Good,Critical,Maintenance In Progress,Critical,Condition Monitoring,Medium,Signal & Telecommunication,Maharashtra: Mumbai-Nagpur,97.0,0.7,66,66,834.0,1,0
Signal,Good,Critical,Maintenance In Progress,Critical,Condition Monitoring,Medium,Signal & Telecommunication,Maharashtra: Mumbai-Nagpur,97.0,0.7,66,66,834.0,2,0
Axle Counter,Fair,Medium,Operational,Critical,Corrective Maintenance,High,Signal & Telecommunication,Maharashtra: Mumbai-Nagpur,43.0,0.71,59,6,861.0,0,0
Axle Counter,Fair,Medium,Operational,Critical,Corrective Maintenance,High,Signal & Telecommunication,Maharashtra: Mumbai-Nagpur,43.0,0.71,59,6,861.0,1,1
Axle Counter,Fair,Medium,Operational,Critical,Corrective Maintenance,High,Signal & Telecommunication,Maharashtra: Mumbai-Nagpur,43.0,0.71,59,6,861.0,2,1
Axle Counter,Fair,Medium,Operational,Medium,Inspection,Low,Signal & Telecommunication,Maharashtra: Mumbai-Nagpur,60.0,0.72,59,6,48.0,0,0
Axle Counter,Fair,Medium,Operational,Medium,Inspection,Low,Signal & Telecommunication,Maharashtra: Mumbai-Nagpur,60.0,0.72,59,6,48.0,1,0
Axle Counter,Fair,Medium,Operational,Medium,Inspection,Low,Signal & Telecommunication,Maharashtra: Mumbai-Nagpur,60.0,0.72,59,6,48.0,2,0
Track,Poor,High,Operational,Medium,Preventive Maintenance,Medium,Engineering,Manipur: Imphal-Jiribam,77.0,0.73,180,37,75.0,0,1
Track,Poor,High,Operational,Medium,Preventive Maintenance,Medium,Engineering,Manipur: Imphal-Jiribam,77.0,0.73,180,37,75.0,1,1
Track,Poor,High,Operational,Medium,Preventive Maintenance,Medium,Engineering,Manipur: Imphal-Jiribam,77.0,0.73,180,37,75.0,2,1
Track,Poor,High,Operational,Critical,Condition Monitoring,High,Engineering,Manipur: Imphal-Jiribam,94.0,0.74,180,37,102.0,0,1
Track,Poor,High,Operational,Critical,Condition Monitoring,High,Engineering,Manipur: Imphal-Jiribam,94.0,0.74,180,37,102.0,1,1
Track,Poor,High,Operational,Critical,Condition Monitoring,High,Engineering,Manipur: Imphal-Jiribam,94.0,0.74,180,37,102.0,2,1
Turnout,Critical,High,Under Observation,Critical,Corrective Maintenance,Low,Engineering,Manipur: Imphal-Jiribam,40.0,0.75,148,69,129.0,0,1
Turnout,Critical,High,Under Observation,Critical,Corrective Maintenance,Low,Engineering,Manipur: Imphal-Jiribam,40.0,0.75,148,69,129.0,1,0
Turnout,Critical,High,Under Observation,Critical,Corrective Maintenance,Low,Engineering,Manipur: Imphal-Jiribam,40.0,0.75,148,69,129.0,2,1
Turnout,Critical,High,Under Observation,Medium,Inspection,Medium,Engineering,Manipur: Imphal-Jiribam,57.0,0.76,148,69,156.0,0,1
Turnout,Critical,High,Under Observation,Medium,Inspection,Medium,Engineering,Manipur: Imphal-Jiribam,57.0,0.76,148,69,156.0,1,0
Turnout,Critical,High,Under Observation,Medium,Inspection,Medium,Engineering,Manipur: Imphal-Jiribam,57.0,0.76,148,69,156.0,2,1
OHE Mast,Good,Critical,Maintenance In Progress,Medium,Preventive Maintenance,High,Traction Distribution,Manipur: Imphal-Jiribam,74.0,0.77,117,9,183.0,0,1
OHE Mast,Good,Critical,Maintenance In Progress,Medium,Preventive Maintenance,High,Traction Distribution,Manipur: Imphal-Jiribam,74.0,0.77,117,9,183.0,1,0
OHE Mast,Good,Critical,Maintenance In Progress,Medium,Preventive Maintenance,High,Traction Distribution,Manipur: Imphal-Jiribam,74.0,0.77,117,9,183.0,2,0
OHE Mast,Good,Critical,Maintenance In Progress,Critical,Condition Monitoring,Low,Traction Distribution,Manipur: Imphal-Jiribam,91.0,0.78,117,9,210.0,0,1
OHE Mast,Good,Critical,Maintenance In Progress,Critical,Condition Monitoring,Low,Traction Distribution,Manipur: Imphal-Jiribam,91.0,0.78,117,9,210.0,1,1
OHE Mast,Good,Critical,Maintenance In Progress,Critical,Condition Monitoring,Low,Traction Distribution,Manipur: Imphal-Jiribam,91.0,0.78,117,9,210.0,2,1
Traction Substation,Fair,Medium,Operational,Critical,Corrective Maintenance,Medium,Traction Distribution,Manipur: Imphal-Jiribam,37.0,0.79,85,40,237.0,0,0
Traction Substation,Fair,Medium,Operational,Critical,Corrective Maintenance,Medium,Traction Distribution,Manipur: Imphal-Jiribam,37.0,0.79,85,40,237.0,1,0
Traction Substation,Fair,Medium,Operational,Critical,Corrective Maintenance,Medium,Traction Distribution,Manipur: Imphal-Jiribam,37.0,0.79,85,40,237.0,2,0
Traction Substation,Fair,Medium,Operational,Medium,Inspection,High,Traction Distribution,Manipur: Imphal-Jiribam,54.0,0.8,85,40,264.0,0,1
Traction Substation,Fair,Medium,Operational,Medium,Inspection,High,Traction Distribution,Manipur: Imphal-Jiribam,54.0,0.8,85,40,264.0,1,1
Traction Substation,Fair,Medium,Operational,Medium,Inspection,High,Traction Distribution,Manipur: Imphal-Jiribam,54.0,0.8,85,40,264.0,2,1
Signal,Poor,High,Operational,Medium,Preventive Maintenance,Low,Signal & Telecommunication,Manipur: Imphal-Jiribam,71.0,0.81,54,72,291.0,0,1
Signal,Poor,High,Operational,Medium,Preventive Maintenance,Low,Signal & Telecommunication,Manipur: Imphal-Jiribam,71.0,0.81,54,72,291.0,1,0
Signal,Poor,High,Operational,Medium,Preventive Maintenance,Low,Signal & Telecommunication,Manipur: Imphal-Jiribam,71.0,0.81,54,72,291.0,2,0
Signal,Poor,High,Operational,Critical,Condition Monitoring,Medium,Signal & Telecommunication,Manipur: Imphal-Jiribam,88.0,0.82,54,72,318.0,0,1
Signal,Poor,High,Operational,Critical,Condition Monitoring,Medium,Signal & Telecommunication,Manipur: Imphal-Jiribam,88.0,0.82,54,72,318.0,1,1
Signal,Poor,High,Operational,Critical,Condition Monitoring,Medium,Signal & Telecommunication,Manipur: Imphal-Jiribam,88.0,0.82,54,72,318.0,2,1
Axle Counter,Critical,High,Under Observation,Critical,Corrective Maintenance,High,Signal & Telecommunication,Manipur: Imphal-Jiribam,105.0,0.83,175,12,345.0,0,0
Axle Counter,Critical,High,Under Observation,Critical,Corrective Maintenance,High,Signal & Telecommunication,Manipur: Imphal-Jiribam,105.0,0.83,175,12,345.0,1,1
Axle Counter,Critical,High,Under Observation,Critical,Corrective Maintenance,High,Signal & Telecommunication,Manipur: Imphal-Jiribam,105.0,0.83,175,12,345.0,2,1
Axle Counter,Critical,High,Under Observation,Medium,Inspection,Low,Signal & Telecommunication,Manipur: Imphal-Jiribam,51.0,0.84,175,12,372.0,0,1
Axle Counter,Critical,High,Under Observation,Medium,Inspection,Low,Signal & Telecommunication,Manipur: Imphal-Jiribam,51.0,0.84,175,12,372.0,1,1
Axle Counter,Critical,High,Under Observation,Medium,Inspection,Low,Signal & Telecommunication,Manipur: Imphal-Jiribam,51.0,0.84,175,12,372.0,2,1
Track,Good,Critical,Maintenance In Progress,Medium,Preventive Maintenance,Medium,Engineering,Manipur: Imphal-Jiribam,68.0,0.85,143,43,399.0,0,0
Track,Good,Critical,Maintenance In Progress,Medium,Preventive Maintenance,Medium,Engineering,Manipur: Imphal-Jiribam,68.0,0.85,143,43,399.0,1,1
Track,Good,Critical,Maintenance In Progress,Medium,Preventive Maintenance,Medium,Engineering,Manipur: Imphal-Jiribam,68.0,0.85,143,43,399.0,2,1
Track,Good,Critical,Maintenance In Progress,Critical,Condition Monitoring,High,Engineering,Manipur: Imphal-Jiribam,85.0,0.86,143,43,90.0,0,0
Track,Good,Critical,Maintenance In Progress,Critical,Condition Monitoring,High,Engineering,Manipur: Imphal-Jiribam,85.0,0.86,143,43,90.0,1,0
Track,Good,Critical,Maintenance In Progress,Critical,Condition Monitoring,High,Engineering,Manipur: Imphal-Jiribam,85.0,0.86,143,43,90.0,2,1
Turnout,Fair,Medium,Operational,Critical,Corrective Maintenance,Low,Engineering,Manipur: Imphal-Jiribam,102.0,0.87,112,75,117.0,0,0
Turnout,Fair,Medium,Operational,Critical,Corrective Maintenance,Low,Engineering,Manipur: Imphal-Jiribam,102.0,0.87,112,75,117.0,1,1
Turnout,Fair,Medium,Operational,Critical,Corrective Maintenance,Low,Engineering,Manipur: Imphal-Jiribam,102.0,0.87,112,75,117.0,2,0
Turnout,Fair,Medium,Operational,Medium,Inspection,Medium,Engineering,Manipur: Imphal-Jiribam,48.0,0.88,112,75,144.0,0,1
Turnout,Fair,Medium,Operational,Medium,Inspection,Medium,Engineering,Manipur: Imphal-Jiribam,48.0,0.88,112,75,144.0,1,0
Turnout,Fair,Medium,Operational,Medium,Inspection,Medium,Engineering,Manipur: Imphal-Jiribam,48.0,0.88,112,75,144.0,2,0
OHE Mast,Poor,High,Operational,Medium,Preventive Maintenance,High,Traction Distribution,Manipur: Imphal-Jiribam,65.0,0.89,80,15,171.0,0,1
OHE Mast,Poor,High,Operational,Medium,Preventive Maintenance,High,Traction Distribution,Manipur: Imphal-Jiribam,65.0,0.89,80,15,171.0,1,1
OHE Mast,Poor,High,Operational,Medium,Preventive Maintenance,High,Traction Distribution,Manipur: Imphal-Jiribam,65.0,0.89,80,15,171.0,2,1
OHE Mast,Poor,High,Operational,Critical,Condition Monitoring,Low,Traction Distribution,Manipur: Imphal-Jiribam,82.0,0.9,80,15,198.0,0,0
OHE Mast,Poor,High,Operational,Critical,Condition Monitoring,Low,Traction Distribution,Manipur: Imphal-Jiribam,82.0,0.9,80,15,198.0,1,0
OHE Mast,Poor,High,Operational,Critical,Condition Monitoring,Low,Traction Distribution,Manipur: Imphal-Jiribam,82.0,0.9,80,15,198.0,2,1
Traction Substation,Critical,High,Under Observation,Critical,Corrective Maintenance,Medium,Traction Distribution,Manipur: Imphal-Jiribam,99.0,0.12,49,46,225.0,0,1
Traction Substation,Critical,High,Under Observation,Critical,Corrective Maintenance,Medium,Traction Distribution,Manipur: Imphal-Jiribam,99.0,0.12,49,46,225.0,1,0
Traction Substation,Critical,High,Under Observation,Critical,Corrective Maintenance,Medium,Traction Distribution,Manipur: Imphal-Jiribam,99.0,0.12,49,46,225.0,2,0
Traction Substation,Critical,High,Under Observation,Medium,Inspection,High,Traction Distribution,Manipur: Imphal-Jiribam,45.0,0.13,49,46,252.0,0,1
Traction Substation,Critical,High,Under Observation,Medium,Inspection,High,Traction Distribution,Manipur: Imphal-Jiribam,45.0,0.13,49,46,252.0,1,0
Traction Substation,Critical,High,Under Observation,Medium,Inspection,High,Traction Distribution,Manipur: Imphal-Jiribam,45.0,0.13,49,46,252.0,2,1
Signal,Good,Critical,Maintenance In Progress,Medium,Preventive Maintenance,Low,Signal & Telecommunication,Manipur: Imphal-Jiribam,62.0,0.14,170,78,279.0,0,0
Signal,Good,Critical,Maintenance In Progress,Medium,Preventive Maintenance,Low,Signal & Telecommunication,Manipur: Imphal-Jiribam,62.0,0.14,170,78,279.0,1,1
Signal,Good,Critical,Maintenance In Progress,Medium,Preventive Maintenance,Low,Signal & Telecommunication,Manipur: Imphal-Jiribam,62.0,0.14,170,78,279.0,2,1
Signal,Good,Critical,Maintenance In Progress,Critical,Condition Monitoring,Medium,Signal & Telecommunication,Manipur: Imphal-Jiribam,79.0,0.15,170,78,306.0,0,0
Signal,Good,Critical,Maintenance In Progress,Critical,Condition Monitoring,Medium,Signal & Telecommunication,Manipur: Imphal-Jiribam,79.0,0.15,170,78,306.0,1,1
Signal,Good,Critical,Maintenance In Progress,Critical,Condition Monitoring,Medium,Signal & Telecommunication,Manipur: Imphal-Jiribam,79.0,0.15,170,78,306.0,2,1
Axle Counter,Fair,Medium,Operational,Critical,Corrective Maintenance,High,Signal & Telecommunication,Manipur: Imphal-Jiribam,96.0,0.16,138,18,333.0,0,0
Axle Counter,Fair,Medium,Operational,Critical,Corrective Maintenance,High,Signal & Telecommunication,Manipur: Imphal-Jiribam,96.0,0.16,138,18,333.0,1,1
Axle Counter,Fair,Medium,Operational,Critical,Corrective Maintenance,High,Signal & Telecommunication,Manipur: Imphal-Jiribam,96.0,0.16,138,18,333.0,2,1
Axle Counter,Fair,Medium,Operational,Medium,Inspection,Low,Signal & Telecommunication,Manipur: Imphal-Jiribam,42.0,0.17,138,18,360.0,0,0
Axle Counter,Fair,Medium,Operational,Medium,Inspection,Low,Signal & Telecommunication,Manipur: Imphal-Jiribam,42.0,0.17,138,18,360.0,1,0
Axle Counter,Fair,Medium,Operational,Medium,Inspection,Low,Signal & Telecommunication,Manipur: Imphal-Jiribam,42.0,0.17,138,18,360.0,2,0
Track,Poor,High,Operational,Medium,Preventive Maintenance,Medium,Engineering,Manipur: Imphal-Jiribam,59.0,0.18,107,49,387.0,0,0
Track,Poor,High,Operational,Medium,Preventive Maintenance,Medium,Engineering,Manipur: Imphal-Jiribam,59.0,0.18,107,49,387.0,1,1
Track,Poor,High,Operational,Medium,Preventive Maintenance,Medium,Engineering,Manipur: Imphal-Jiribam,59.0,0.18,107,49,387.0,2,0
Track,Poor,High,Operational,Critical,Condition Monitoring,High,Engineering,Manipur: Imphal-Jiribam,76.0,0.19,107,49,414.0,0,0
Track,Poor,High,Operational,Critical,Condition Monitoring,High,Engineering,Manipur: Imphal-Jiribam,76.0,0.19,107,49,414.0,1,1
Track,Poor,High,Operational,Critical,Condition Monitoring,High,Engineering,Manipur: Imphal-Jiribam,76.0,0.19,107,49,414.0,2,1
Turnout,Critical,High,Under Observation,Critical,Corrective Maintenance,Low,Engineering,Manipur: Imphal-Jiribam,93.0,0.2,75,81,441.0,0,1
Turnout,Critical,High,Under Observation,Critical,Corrective Maintenance,Low,Engineering,Manipur: Imphal-Jiribam,93.0,0.2,75,81,441.0,1,1
Turnout,Critical,High,Under Observation,Critical,Corrective Maintenance,Low,Engineering,Manipur: Imphal-Jiribam,93.0,0.2,75,81,441.0,2,0
Turnout,Critical,High,Under Observation,Medium,Inspection,Medium,Engineering,Manipur: Imphal-Jiribam,39.0,0.21,75,81,132.0,0,0
Turnout,Critical,High,Under Observation,Medium,Inspection,Medium,Engineering,Manipur: Imphal-Jiribam,39.0,0.21,75,81,132.0,1,1
Turnout,Critical,High,Under Observation,Medium,Inspection,Medium,Engineering,Manipur: Imphal-Jiribam,39.0,0.21,75,81,132.0,2,0
OHE Mast,Good,Critical,Maintenance In Progress,Medium,Preventive Maintenance,High,Traction Distribution,Manipur: Imphal-Jiribam,56.0,0.22,44,21,159.0,0,0
OHE Mast,Good,Critical,Maintenance In Progress,Medium,Preventive Maintenance,High,Traction Distribution,Manipur: Imphal-Jiribam,56.0,0.22,44,21,159.0,1,0
OHE Mast,Good,Critical,Maintenance In Progress,Medium,Preventive Maintenance,High,Traction Distribution,Manipur: Imphal-Jiribam,56.0,0.22,44,21,159.0,2,1
OHE Mast,Good,Critical,Maintenance In Progress,Critical,Condition Monitoring,Low,Traction Distribution,Manipur: Imphal-Jiribam,73.0,0.23,44,21,186.0,0,0
OHE Mast,Good,Critical,Maintenance In Progress,Critical,Condition Monitoring,Low,Traction Distribution,Manipur: Imphal-Jiribam,73.0,0.23,44,21,186.0,1,1
OHE Mast,Good,Critical,Maintenance In Progress,Critical,Condition Monitoring,Low,Traction Distribution,Manipur: Imphal-Jiribam,73.0,0.23,44,21,186.0,2,0
Traction Substation,Fair,Medium,Operational,Critical,Corrective Maintenance,Medium,Traction Distribution,Manipur: Imphal-Jiribam,90.0,0.24,165,52,213.0,0,0
Traction Substation,Fair,Medium,Operational,Critical,Corrective Maintenance,Medium,Traction Distribution,Manipur: Imphal-Jiribam,90.0,0.24,165,52,213.0,1,1
Traction Substation,Fair,Medium,Operational,Critical,Corrective Maintenance,Medium,Traction Distribution,Manipur: Imphal-Jiribam,90.0,0.24,165,52,213.0,2,0
Traction Substation,Fair,Medium,Operational,Medium,Inspection,High,Traction Distribution,Manipur: Imphal-Jiribam,36.0,0.25,165,52,240.0,0,0
Traction Substation,Fair,Medium,Operational,Medium,Inspection,High,Traction Distribution,Manipur: Imphal-Jiribam,36.0,0.25,165,52,240.0,1,0
Traction Substation,Fair,Medium,Operational,Medium,Inspection,High,Traction Distribution,Manipur: Imphal-Jiribam,36.0,0.25,165,52,240.0,2,1
Signal,Poor,High,Operational,Medium,Preventive Maintenance,Low,Signal & Telecommunication,Manipur: Imphal-Jiribam,53.0,0.26,133,84,267.0,0,1
Signal,Poor,High,Operational,Medium,Preventive Maintenance,Low,Signal & Telecommunication,Manipur: Imphal-Jiribam,53.0,0.26,133,84,267.0,1,0
Signal,Poor,High,Operational,Medium,Preventive Maintenance,Low,Signal & Telecommunication,Manipur: Imphal-Jiribam,53.0,0.26,133,84,267.0,2,0
Signal,Poor,High,Operational,Critical,Condition Monitoring,Medium,Signal & Telecommunication,Manipur: Imphal-Jiribam,70.0,0.27,133,84,294.0,0,0
Signal,Poor,High,Operational,Critical,Condition Monitoring,Medium,Signal & Telecommunication,Manipur: Imphal-Jiribam,70.0,0.27,133,84,294.0,1,1
Signal,Poor,High,Operational,Critical,Condition Monitoring,Medium,Signal & Telecommunication,Manipur: Imphal-Jiribam,70.0,0.27,133,84,294.0,2,1
Axle Counter,Critical,High,Under Observation,Critical,Corrective Maintenance,High,Signal & Telecommunication,Manipur: Imphal-Jiribam,87.0,0.28,102,24,321.0,0,1
Axle Counter,Critical,High,Under Observation,Critical,Corrective Maintenance,High,Signal & Telecommunication,Manipur: Imphal-Jiribam,87.0,0.28,102,24,321.0,1,1
Axle Counter,Critical,High,Under Observation,Critical,Corrective Maintenance,High,Signal & Telecommunication,Manipur: Imphal-Jiribam,87.0,0.28,102,24,321.0,2,1
Axle Counter,Critical,High,Under Observation,Medium,Inspection,Low,Signal & Telecommunication,Manipur: Imphal-Jiribam,104.0,0.29,102,24,348.0,0,1
Axle Counter,Critical,High,Under Observation,Medium,Inspection,Low,Signal & Telecommunication,Manipur: Imphal-Jiribam,104.0,0.29,102,24,348.0,1,1
Axle Counter,Critical,High,Under Observation,Medium,Inspection,Low,Signal & Telecommunication,Manipur: Imphal-Jiribam,104.0,0.29,102,24,348.0,2,1
Track,Good,Critical,Maintenance In Progress,Medium,Preventive Maintenance,Medium,Engineering,Manipur: Imphal-Jiribam,50.0,0.3,70,55,375.0,0,1
Track,Good,Critical,Maintenance In Progress,Medium,Preventive Maintenance,Medium,Engineering,Manipur: Imphal-Jiribam,50.0,0.3,70,55,375.0,1,0
Track,Good,Critical,Maintenance In Progress,Medium,Preventive Maintenance,Medium,Engineering,Manipur: Imphal-Jiribam,50.0,0.3,70,55,375.0,2,0
Track,Good,Critical,Maintenance In Progress,Critical,Condition Monitoring,High,Engineering,Manipur: Imphal-Jiribam,67.0,0.31,70,55,402.0,0,0
Track,Good,Critical,Maintenance In Progress,Critical,Condition Monitoring,High,Engineering,Manipur: Imphal-Jiribam,67.0,0.31,70,55,402.0,1,1
Track,Good,Critical,Maintenance In Progress,Critical,Condition Monitoring,High,Engineering,Manipur: Imphal-Jiribam,67.0,0.31,70,55,402.0,2,0
Turnout,Fair,Medium,Operational,Critical,Corrective Maintenance,Low,Engineering,Manipur: Imphal-Jiribam,84.0,0.32,39,87,429.0,0,0
Turnout,Fair,Medium,Operational,Critical,Corrective Maintenance,Low,Engineering,Manipur: Imphal-Jiribam,84.0,0.32,39,87,429.0,1,0
Turnout,Fair,Medium,Operational,Critical,Corrective Maintenance,Low,Engineering,Manipur: Imphal-Jiribam,84.0,0.32,39,87,429.0,2,0
Turnout,Fair,Medium,Operational,Medium,Inspection,Medium,Engineering,Manipur: Imphal-Jiribam,101.0,0.33,39,87,456.0,0,0
Turnout,Fair,Medium,Operational,Medium,Inspection,Medium,Engineering,Manipur: Imphal-Jiribam,101.0,0.33,39,87,456.0,1,1
Turnout,Fair,Medium,Operational,Medium,Inspection,Medium,Engineering,Manipur: Imphal-Jiribam,101.0,0.33,39,87,456.0,2,0
OHE Mast,Poor,High,Operational,Medium,Preventive Maintenance,High,Traction Distribution,Manipur: Imphal-Jiribam,47.0,0.34,160,2,483.0,0,1
OHE Mast,Poor,High,Operational,Medium,Preventive Maintenance,High,Traction Distribution,Manipur: Imphal-Jiribam,47.0,0.34,160,2,483.0,1,1
OHE Mast,Poor,High,Operational,Medium,Preventive Maintenance,High,Traction Distribution,Manipur: Imphal-Jiribam,47.0,0.34,160,2,483.0,2,0
OHE Mast,Poor,High,Operational,Critical,Condition Monitoring,Low,Traction Distribution,Manipur: Imphal-Jiribam,64.0,0.35,160,2,174.0,0,1
OHE Mast,Poor,High,Operational,Critical,Condition Monitoring,Low,Traction Distribution,Manipur: Imphal-Jiribam,64.0,0.35,160,2,174.0,1,1
OHE Mast,Poor,High,Operational,Critical,Condition Monitoring,Low,Traction Distribution,Manipur: Imphal-Jiribam,64.0,0.35,160,2,174.0,2,1
Traction Substation,Critical,High,Under Observation,Critical,Corrective Maintenance,Medium,Traction Distribution,Manipur: Imphal-Jiribam,81.0,0.36,128,33,201.0,0,1
Traction Substation,Critical,High,Under Observation,Critical,Corrective Maintenance,Medium,Traction Distribution,Manipur: Imphal-Jiribam,81.0,0.36,128,33,201.0,1,0
Traction Substation,Critical,High,Under Observation,Critical,Corrective Maintenance,Medium,Traction Distribution,Manipur: Imphal-Jiribam,81.0,0.36,128,33,201.0,2,1
Traction Substation,Critical,High,Under Observation,Medium,Inspection,High,Traction Distribution,Manipur: Imphal-Jiribam,98.0,0.37,128,33,228.0,0,0
Traction Substation,Critical,High,Under Observation,Medium,Inspection,High,Traction Distribution,Manipur: Imphal-Jiribam,98.0,0.37,128,33,228.0,1,1
Traction Substation,Critical,High,Under Observation,Medium,Inspection,High,Traction Distribution,Manipur: Imphal-Jiribam,98.0,0.37,128,33,228.0,2,0
Signal,Good,Critical,Maintenance In Progress,Medium,Preventive Maintenance,Low,Signal & Telecommunication,Manipur: Imphal-Jiribam,44.0,0.38,97,65,255.0,0,0
Signal,Good,Critical,Maintenance In Progress,Medium,Preventive Maintenance,Low,Signal & Telecommunication,Manipur: Imphal-Jiribam,44.0,0.38,97,65,255.0,1,0
Signal,Good,Critical,Maintenance In Progress,Medium,Preventive Maintenance,Low,Signal & Telecommunication,Manipur: Imphal-Jiribam,44.0,0.38,97,65,255.0,2,0
Signal,Good,Critical,Maintenance In Progress,Critical,Condition Monitoring,Medium,Signal & Telecommunication,Manipur: Imphal-Jiribam,61.0,0.39,97,65,282.0,0,0
Signal,Good,Critical,Maintenance In Progress,Critical,Condition Monitoring,Medium,Signal & Telecommunication,Manipur: Imphal-Jiribam,61.0,0.39,97,65,282.0,1,0
Signal,Good,Critical,Maintenance In Progress,Critical,Condition Monitoring,Medium,Signal & Telecommunication,Manipur: Imphal-Jiribam,61.0,0.39,97,65,282.0,2,1
Axle Counter,Fair,Medium,Operational,Critical,Corrective Maintenance,High,Signal & Telecommunication,Manipur: Imphal-Jiribam,78.0,0.4,89,5,309.0,0,1
Axle Counter,Fair,Medium,Operational,Critical,Corrective Maintenance,High,Signal & Telecommunication,Manipur: Imphal-Jiribam,78.0,0.4,89,5,309.0,1,1
Axle Counter,Fair,Medium,Operational,Critical,Corrective Maintenance,High,Signal & Telecommunication,Manipur: Imphal-Jiribam,78.0,0.4,89,5,309.0,2,1
Axle Counter,Fair,Medium,Operational,Medium,Inspection,Low,Signal & Telecommunication,Manipur: Imphal-Jiribam,95.0,0.41,89,5,336.0,0,0
Axle Counter,Fair,Medium,Operational,Medium,Inspection,Low,Signal & Telecommunication,Manipur: Imphal-Jiribam,95.0,0.41,89,5,336.0,1,0
Axle Counter,Fair,Medium,Operational,Medium,Inspection,Low,Signal & Telecommunication,Manipur: Imphal-Jiribam,95.0,0.41,89,5,336.0,2,0
Track,Poor,High,Operational,Medium,Preventive Maintenance,Medium,Engineering,Manipur: Imphal-Jiribam,41.0,0.42,58,36,363.0,0,1
Track,Poor,High,Operational,Medium,Preventive Maintenance,Medium,Engineering,Manipur: Imphal-Jiribam,41.0,0.42,58,36,363.0,1,1
Track,Poor,High,Operational,Medium,Preventive Maintenance,Medium,Engineering,Manipur: Imphal-Jiribam,41.0,0.42,58,36,363.0,2,1
Track,Poor,High,Operational,Critical,Condition Monitoring,High,Engineering,Manipur: Imphal-Jiribam,58.0,0.43,58,36,390.0,0,1
Track,Poor,High,Operational,Critical,Condition Monitoring,High,Engineering,Manipur: Imphal-Jiribam,58.0,0.43,58,36,390.0,1,1
Track,Poor,High,Operational,Critical,Condition Monitoring,High,Engineering,Manipur: Imphal-Jiribam,58.0,0.43,58,36,390.0,2,1
Turnout,Critical,High,Under Observation,Critical,Corrective Maintenance,Low,Engineering,Manipur: Imphal-Jiribam,75.0,0.44,179,68,417.0,0,0
Turnout,Critical,High,Under Observation,Critical,Corrective Maintenance,Low,Engineering,Manipur: Imphal-Jiribam,75.0,0.44,179,68,417.0,1,1
Turnout,Critical,High,Under Observation,Critical,Corrective Maintenance,Low,Engineering,Manipur: Imphal-Jiribam,75.0,0.44,179,68,417.0,2,0
Turnout,Critical,High,Under Observation,Medium,Inspection,Medium,Engineering,Manipur: Imphal-Jiribam,92.0,0.45,179,68,444.0,0,1
Turnout,Critical,High,Under Observation,Medium,Inspection,Medium,Engineering,Manipur: Imphal-Jiribam,92.0,0.45,179,68,444.0,1,1
Turnout,Critical,High,Under Observation,Medium,Inspection,Medium,Engineering,Manipur: Imphal-Jiribam,92.0,0.45,179,68,444.0,2,0
OHE Mast,Good,Critical,Maintenance In Progress,Medium,Preventive Maintenance,High,Traction Distribution,Manipur: Imphal-Jiribam,38.0,0.46,147,8,471.0,0,0
OHE Mast,Good,Critical,Maintenance In Progress,Medium,Preventive Maintenance,High,Traction Distribution,Manipur: Imphal-Jiribam,38.0,0.46,147,8,471.0,1,0
OHE Mast,Good,Critical,Maintenance In Progress,Medium,Preventive Maintenance,High,Traction Distribution,Manipur: Imphal-Jiribam,38.0,0.46,147,8,471.0,2,0
OHE Mast,Good,Critical,Maintenance In Progress,Critical,Condition Monitoring,Low,Traction Distribution,Manipur: Imphal-Jiribam,55.0,0.47,147,8,498.0,0,1
OHE Mast,Good,Critical,Maintenance In Progress,Critical,Condition Monitoring,Low,Traction Distribution,Manipur: Imphal-Jiribam,55.0,0.47,147,8,498.0,1,0
OHE Mast,Good,Critical,Maintenance In Progress,Critical,Condition Monitoring,Low,Traction Distribution,Manipur: Imphal-Jiribam,55.0,0.47,147,8,498.0,2,1
Traction Substation,Fair,Medium,Operational,Critical,Corrective Maintenance,Medium,Traction Distribution,Manipur: Imphal-Jiribam,72.0,0.48,116,39,525.0,0,0
Traction Substation,Fair,Medium,Operational,Critical,Corrective Maintenance,Medium,Traction Distribution,Manipur: Imphal-Jiribam,72.0,0.48,116,39,525.0,1,1
Traction Substation,Fair,Medium,Operational,Critical,Corrective Maintenance,Medium,Traction Distribution,Manipur: Imphal-Jiribam,72.0,0.48,116,39,525.0,2,0
Traction Substation,Fair,Medium,Operational,Medium,Inspection,High,Traction Distribution,Manipur: Imphal-Jiribam,89.0,0.49,116,39,216.0,0,0
Traction Substation,Fair,Medium,Operational,Medium,Inspection,High,Traction Distribution,Manipur: Imphal-Jiribam,89.0,0.49,116,39,216.0,1,0
Traction Substation,Fair,Medium,Operational,Medium,Inspection,High,Traction Distribution,Manipur: Imphal-Jiribam,89.0,0.49,116,39,216.0,2,0
Signal,Poor,High,Operational,Medium,Preventive Maintenance,Low,Signal & Telecommunication,Manipur: Imphal-Jiribam,35.0,0.5,84,71,243.0,0,1
Signal,Poor,High,Operational,Medium,Preventive Maintenance,Low,Signal & Telecommunication,Manipur: Imphal-Jiribam,35.0,0.5,84,71,243.0,1,1
Signal,Poor,High,Operational,Medium,Preventive Maintenance,Low,Signal & Telecommunication,Manipur: Imphal-Jiribam,35.0,0.5,84,71,243.0,2,1
Signal,Poor,High,Operational,Critical,Condition Monitoring,Medium,Signal & Telecommunication,Manipur: Imphal-Jiribam,52.0,0.51,84,71,270.0,0,1
Signal,Poor,High,Operational,Critical,Condition Monitoring,Medium,Signal & Telecommunication,Manipur: Imphal-Jiribam,52.0,0.51,84,71,270.0,1,1
Signal,Poor,High,Operational,Critical,Condition Monitoring,Medium,Signal & Telecommunication,Manipur: Imphal-Jiribam,52.0,0.51,84,71,270.0,2,1
Axle Counter,Critical,High,Under Observation,Critical,Corrective Maintenance,High,Signal & Telecommunication,Manipur: Imphal-Jiribam,69.0,0.52,53,11,297.0,0,1
Axle Counter,Critical,High,Under Observation,Critical,Corrective Maintenance,High,Signal & Telecommunication,Manipur: Imphal-Jiribam,69.0,0.52,53,11,297.0,1,1
Axle Counter,Critical,High,Under Observation,Critical,Corrective Maintenance,High,Signal & Telecommunication,Manipur: Imphal-Jiribam,69.0,0.52,53,11,297.0,2,1
Axle Counter,Critical,High,Under Observation,Medium,Inspection,Low,Signal & Telecommunication,Manipur: Imphal-Jiribam,86.0,0.53,53,11,324.0,0,0
Axle Counter,Critical,High,Under Observation,Medium,Inspection,Low,Signal & Telecommunication,Manipur: Imphal-Jiribam,86.0,0.53,53,11,324.0,1,0
Axle Counter,Critical,High,Under Observation,Medium,Inspection,Low,Signal & Telecommunication,Manipur: Imphal-Jiribam,86.0,0.53,53,11,324.0,2,0
Track,Good,Critical,Maintenance In Progress,Medium,Preventive Maintenance,Medium,Engineering,Manipur: Imphal-Jiribam,103.0,0.54,174,42,351.0,0,0
Track,Good,Critical,Maintenance In Progress,Medium,Preventive Maintenance,Medium,Engineering,Manipur: Imphal-Jiribam,103.0,0.54,174,42,351.0,1,0
Track,Good,Critical,Maintenance In Progress,Medium,Preventive Maintenance,Medium,Engineering,Manipur: Imphal-Jiribam,103.0,0.54,174,42,351.0,2,0
Track,Good,Critical,Maintenance In Progress,Critical,Condition Monitoring,High,Engineering,Manipur: Imphal-Jiribam,49.0,0.55,174,42,378.0,0,0
Track,Good,Critical,Maintenance In Progress,Critical,Condition Monitoring,High,Engineering,Manipur: Imphal-Jiribam,49.0,0.55,174,42,378.0,1,0
Track,Good,Critical,Maintenance In Progress,Critical,Condition Monitoring,High,Engineering,Manipur: Imphal-Jiribam,49.0,0.55,174,42,378.0,2,0
Turnout,Fair,Medium,Operational,Critical,Corrective Maintenance,Low,Engineering,Manipur: Imphal-Jiribam,66.0,0.56,142,74,405.0,0,1
Turnout,Fair,Medium,Operational,Critical,Corrective Maintenance,Low,Engineering,Manipur: Imphal-Jiribam,66.0,0.56,142,74,405.0,1,1
Turnout,Fair,Medium,Operational,Critical,Corrective Maintenance,Low,Engineering,Manipur: Imphal-Jiribam,66.0,0.56,142,74,405.0,2,0
Turnout,Fair,Medium,Operational,Medium,Inspection,Medium,Engineering,Manipur: Imphal-Jiribam,83.0,0.57,142,74,432.0,0,0
Turnout,Fair,Medium,Operational,Medium,Inspection,Medium,Engineering,Manipur: Imphal-Jiribam,83.0,0.57,142,74,432.0,1,1
Turnout,Fair,Medium,Operational,Medium,Inspection,Medium,Engineering,Manipur: Imphal-Jiribam,83.0,0.57,142,74,432.0,2,0
OHE Mast,Poor,High,Operational,Medium,Preventive Maintenance,High,Traction Distribution,Manipur: Imphal-Jiribam,100.0,0.58,111,14,459.0,0,0
OHE Mast,Poor,High,Operational,Medium,Preventive Maintenance,High,Traction Distribution,Manipur: Imphal-Jiribam,100.0,0.58,111,14,459.0,1,1
OHE Mast,Poor,High,Operational,Medium,Preventive Maintenance,High,Traction Distribution,Manipur: Imphal-Jiribam,100.0,0.58,111,14,459.0,2,0
OHE Mast,Poor,High,Operational,Critical,Condition Monitoring,Low,Traction Distribution,Manipur: Imphal-Jiribam,46.0,0.59,111,14,486.0,0,0
OHE Mast,Poor,High,Operational,Critical,Condition Monitoring,Low,Traction Distribution,Manipur: Imphal-Jiribam,46.0,0.59,111,14,486.0,1,1
OHE Mast,Poor,High,Operational,Critical,Condition Monitoring,Low,Traction Distribution,Manipur: Imphal-Jiribam,46.0,0.59,111,14,486.0,2,1
Traction Substation,Critical,High,Under Observation,Critical,Corrective Maintenance,Medium,Traction Distribution,Manipur: Imphal-Jiribam,63.0,0.6,79,45,513.0,0,1
Traction Substation,Critical,High,Under Observation,Critical,Corrective Maintenance,Medium,Traction Distribution,Manipur: Imphal-Jiribam,63.0,0.6,79,45,513.0,1,1
Traction Substation,Critical,High,Under Observation,Critical,Corrective Maintenance,Medium,Traction Distribution,Manipur: Imphal-Jiribam,63.0,0.6,79,45,513.0,2,1
Traction Substation,Critical,High,Under Observation,Medium,Inspection,High,Traction Distribution,Manipur: Imphal-Jiribam,80.0,0.61,79,45,540.0,0,0
Traction Substation,Critical,High,Under Observation,Medium,Inspection,High,Traction Distribution,Manipur: Imphal-Jiribam,80.0,0.61,79,45,540.0,1,1
Traction Substation,Critical,High,Under Observation,Medium,Inspection,High,Traction Distribution,Manipur: Imphal-Jiribam,80.0,0.61,79,45,540.0,2,1
Signal,Good,Critical,Maintenance In Progress,Medium,Preventive Maintenance,Low,Signal & Telecommunication,Manipur: Imphal-Jiribam,97.0,0.62,48,77,567.0,0,0
Signal,Good,Critical,Maintenance In Progress,Medium,Preventive Maintenance,Low,Signal & Telecommunication,Manipur: Imphal-Jiribam,97.0,0.62,48,77,567.0,1,1
Signal,Good,Critical,Maintenance In Progress,Medium,Preventive Maintenance,Low,Signal & Telecommunication,Manipur: Imphal-Jiribam,97.0,0.62,48,77,567.0,2,0
Signal,Good,Critical,Maintenance In Progress,Critical,Condition Monitoring,Medium,Signal & Telecommunication,Manipur: Imphal-Jiribam,43.0,0.63,48,77,258.0,0,1
Signal,Good,Critical,Maintenance In Progress,Critical,Condition Monitoring,Medium,Signal & Telecommunication,Manipur: Imphal-Jiribam,43.0,0.63,48,77,258.0,1,1
Signal,Good,Critical,Maintenance In Progress,Critical,Condition Monitoring,Medium,Signal & Telecommunication,Manipur: Imphal-Jiribam,43.0,0.63,48,77,258.0,2,0
Axle Counter,Fair,Medium,Operational,Critical,Corrective Maintenance,High,Signal & Telecommunication,Manipur: Imphal-Jiribam,60.0,0.64,169,17,285.0,0,0
Axle Counter,Fair,Medium,Operational,Critical,Corrective Maintenance,High,Signal & Telecommunication,Manipur: Imphal-Jiribam,60.0,0.64,169,17,285.0,1,0
Axle Counter,Fair,Medium,Operational,Critical,Corrective Maintenance,High,Signal & Telecommunication,Manipur: Imphal-Jiribam,60.0,0.64,169,17,285.0,2,1
Axle Counter,Fair,Medium,Operational,Medium,Inspection,Low,Signal & Telecommunication,Manipur: Imphal-Jiribam,77.0,0.65,169,17,312.0,0,0
Axle Counter,Fair,Medium,Operational,Medium,Inspection,Low,Signal & Telecommunication,Manipur: Imphal-Jiribam,77.0,0.65,169,17,312.0,1,0
Axle Counter,Fair,Medium,Operational,Medium,Inspection,Low,Signal & Telecommunication,Manipur: Imphal-Jiribam,77.0,0.65,169,17,312.0,2,0
Track,Poor,High,Operational,Medium,Preventive Maintenance,Medium,Engineering,Meghalaya: Shillong-Guwahati,94.0,0.66,137,48,339.0,0,1
Track,Poor,High,Operational,Medium,Preventive Maintenance,Medium,Engineering,Meghalaya: Shillong-Guwahati,94.0,0.66,137,48,339.0,1,0
Track,Poor,High,Operational,Medium,Preventive Maintenance,Medium,Engineering,Meghalaya: Shillong-Guwahati,94.0,0.66,137,48,339.0,2,1
Track,Poor,High,Operational,Critical,Condition Monitoring,High,Engineering,Meghalaya: Shillong-Guwahati,40.0,0.67,137,48,366.0,0,0
Track,Poor,High,Operational,Critical,Condition Monitoring,High,Engineering,Meghalaya: Shillong-Guwahati,40.0,0.67,137,48,366.0,1,1
Track,Poor,High,Operational,Critical,Condition Monitoring,High,Engineering,Meghalaya: Shillong-Guwahati,40.0,0.67,137,48,366.0,2,0
Turnout,Critical,High,Under Observation,Critical,Corrective Maintenance,Low,Engineering,Meghalaya: Shillong-Guwahati,57.0,0.68,106,80,393.0,0,0
Turnout,Critical,High,Under Observation,Critical,Corrective Maintenance,Low,Engineering,Meghalaya: Shillong-Guwahati,57.0,0.68,106,80,393.0,1,1
Turnout,Critical,High,Under Observation,Critical,Corrective Maintenance,Low,Engineering,Meghalaya: Shillong-Guwahati,57.0,0.68,106,80,393.0,2,1
Turnout,Critical,High,Under Observation,Medium,Inspection,Medium,Engineering,Meghalaya: Shillong-Guwahati,74.0,0.69,106,80,420.0,0,1
Turnout,Critical,High,Under Observation,Medium,Inspection,Medium,Engineering,Meghalaya: Shillong-Guwahati,74.0,0.69,106,80,420.0,1,1
Turnout,Critical,High,Under Observation,Medium,Inspection,Medium,Engineering,Meghalaya: Shillong-Guwahati,74.0,0.69,106,80,420.0,2,1
OHE Mast,Good,Critical,Maintenance In Progress,Medium,Preventive Maintenance,High,Traction Distribution,Meghalaya: Shillong-Guwahati,91.0,0.7,74,20,447.0,0,1
OHE Mast,Good,Critical,Maintenance In Progress,Medium,Preventive Maintenance,High,Traction Distribution,Meghalaya: Shillong-Guwahati,91.0,0.7,74,20,447.0,1,1
OHE Mast,Good,Critical,Maintenance In Progress,Medium,Preventive Maintenance,High,Traction Distribution,Meghalaya: Shillong-Guwahati,91.0,0.7,74,20,447.0,2,1
OHE Mast,Good,Critical,Maintenance In Progress,Critical,Condition Monitoring,Low,Traction Distribution,Meghalaya: Shillong-Guwahati,37.0,0.71,74,20,474.0,0,0
OHE Mast,Good,Critical,Maintenance In Progress,Critical,Condition Monitoring,Low,Traction Distribution,Meghalaya: Shillong-Guwahati,37.0,0.71,74,20,474.0,1,0
OHE Mast,Good,Critical,Maintenance In Progress,Critical,Condition Monitoring,Low,Traction Distribution,Meghalaya: Shillong-Guwahati,37.0,0.71,74,20,474.0,2,0
Traction Substation,Fair,Medium,Operational,Critical,Corrective Maintenance,Medium,Traction Distribution,Meghalaya: Shillong-Guwahati,54.0,0.72,43,51,501.0,0,0
Traction Substation,Fair,Medium,Operational,Critical,Corrective Maintenance,Medium,Traction Distribution,Meghalaya: Shillong-Guwahati,54.0,0.72,43,51,501.0,1,0
Traction Substation,Fair,Medium,Operational,Critical,Corrective Maintenance,Medium,Traction Distribution,Meghalaya: Shillong-Guwahati,54.0,0.72,43,51,501.0,2,0
Traction Substation,Fair,Medium,Operational,Medium,Inspection,High,Traction Distribution,Meghalaya: Shillong-Guwahati,71.0,0.73,43,51,528.0,0,0
Traction Substation,Fair,Medium,Operational,Medium,Inspection,High,Traction Distribution,Meghalaya: Shillong-Guwahati,71.0,0.73,43,51,528.0,1,0
Traction Substation,Fair,Medium,Operational,Medium,Inspection,High,Traction Distribution,Meghalaya: Shillong-Guwahati,71.0,0.73,43,51,528.0,2,1
Signal,Poor,High,Operational,Medium,Preventive Maintenance,Low,Signal & Telecommunication,Meghalaya: Shillong-Guwahati,88.0,0.74,164,83,555.0,0,0
Signal,Poor,High,Operational,Medium,Preventive Maintenance,Low,Signal & Telecommunication,Meghalaya: Shillong-Guwahati,88.0,0.74,164,83,555.0,1,1
Signal,Poor,High,Operational,Medium,Preventive Maintenance,Low,Signal & Telecommunication,Meghalaya: Shillong-Guwahati,88.0,0.74,164,83,555.0,2,0
Signal,Poor,High,Operational,Critical,Condition Monitoring,Medium,Signal & Telecommunication,Meghalaya: Shillong-Guwahati,105.0,0.75,164,83,582.0,0,1
Signal,Poor,High,Operational,Critical,Condition Monitoring,Medium,Signal & Telecommunication,Meghalaya: Shillong-Guwahati,105.0,0.75,164,83,582.0,1,0
Signal,Poor,High,Operational,Critical,Condition Monitoring,Medium,Signal & Telecommunication,Meghalaya: Shillong-Guwahati,105.0,0.75,164,83,582.0,2,1
Axle Counter,Critical,High,Under Observation,Critical,Corrective Maintenance,High,Signal & Telecommunication,Meghalaya: Shillong-Guwahati,51.0,0.76,132,23,609.0,0,1
Axle Counter,Critical,High,Under Observation,Critical,Corrective Maintenance,High,Signal & Telecommunication,Meghalaya: Shillong-Guwahati,51.0,0.76,132,23,609.0,1,1
Axle Counter,Critical,High,Under Observation,Critical,Corrective Maintenance,High,Signal & Telecommunication,Meghalaya: Shillong-Guwahati,51.0,0.76,132,23,609.0,2,0
Axle Counter,Critical,High,Under Observation,Medium,Inspection,Low,Signal & Telecommunication,Meghalaya: Shillong-Guwahati,68.0,0.77,132,23,300.0,0,1
Axle Counter,Critical,High,Under Observation,Medium,Inspection,Low,Signal & Telecommunication,Meghalaya: Shillong-Guwahati,68.0,0.77,132,23,300.0,1,1
Axle Counter,Critical,High,Under Observation,Medium,Inspection,Low,Signal & Telecommunication,Meghalaya: Shillong-Guwahati,68.0,0.77,132,23,300.0,2,0
Track,Good,Critical,Maintenance In Progress,Medium,Preventive Maintenance,Medium,Engineering,Meghalaya: Shillong-Guwahati,85.0,0.78,101,54,327.0,0,0
Track,Good,Critical,Maintenance In Progress,Medium,Preventive Maintenance,Medium,Engineering,Meghalaya: Shillong-Guwahati,85.0,0.78,101,54,327.0,1,0
Track,Good,Critical,Maintenance In Progress,Medium,Preventive Maintenance,Medium,Engineering,Meghalaya: Shillong-Guwahati,85.0,0.78,101,54,327.0,2,0
Track,Good,Critical,Maintenance In Progress,Critical,Condition Monitoring,High,Engineering,Meghalaya: Shillong-Guwahati,102.0,0.79,101,54,354.0,0,1
Track,Good,Critical,Maintenance In Progress,Critical,Condition Monitoring,High,Engineering,Meghalaya: Shillong-Guwahati,102.0,0.79,101,54,354.0,1,0
Track,Good,Critical,Maintenance In Progress,Critical,Condition Monitoring,High,Engineering,Meghalaya: Shillong-Guwahati,102.0,0.79,101,54,354.0,2,1
Turnout,Fair,Medium,Operational,Critical,Corrective Maintenance,Low,Engineering,Meghalaya: Shillong-Guwahati,48.0,0.8,69,86,381.0,0,1
Turnout,Fair,Medium,Operational,Critical,Corrective Maintenance,Low,Engineering,Meghalaya: Shillong-Guwahati,48.0,0.8,69,86,381.0,1,1
Turnout,Fair,Medium,Operational,Critical,Corrective Maintenance,Low,Engineering,Meghalaya: Shillong-Guwahati,48.0,0.8,69,86,381.0,2,0
Turnout,Fair,Medium,Operational,Medium,Inspection,Medium,Engineering,Meghalaya: Shillong-Guwahati,65.0,0.81,69,86,408.0,0,0
Turnout,Fair,Medium,Operational,Medium,Inspection,Medium,Engineering,Meghalaya: Shillong-Guwahati,65.0,0.81,69,86,408.0,1,1
Turnout,Fair,Medium,Operational,Medium,Inspection,Medium,Engineering,Meghalaya: Shillong-Guwahati,65.0,0.81,69,86,408.0,2,0
OHE Mast,Poor,High,Operational,Medium,Preventive Maintenance,High,Traction Distribution,Meghalaya: Shillong-Guwahati,82.0,0.82,38,26,435.0,0,1
OHE Mast,Poor,High,Operational,Medium,Preventive Maintenance,High,Traction Distribution,Meghalaya: Shillong-Guwahati,82.0,0.82,38,26,435.0,1,0
OHE Mast,Poor,High,Operational,Medium,Preventive Maintenance,High,Traction Distribution,Meghalaya: Shillong-Guwahati,82.0,0.82,38,26,435.0,2,0
OHE Mast,Poor,High,Operational,Critical,Condition Monitoring,Low,Traction Distribution,Meghalaya: Shillong-Guwahati,99.0,0.83,38,26,462.0,0,1
OHE Mast,Poor,High,Operational,Critical,Condition Monitoring,Low,Traction Distribution,Meghalaya: Shillong-Guwahati,99.0,0.83,38,26,462.0,1,1
OHE Mast,Poor,High,Operational,Critical,Condition Monitoring,Low,Traction Distribution,Meghalaya: Shillong-Guwahati,99.0,0.83,38,26,462.0,2,1
Traction Substation,Critical,High,Under Observation,Critical,Corrective Maintenance,Medium,Traction Distribution,Meghalaya: Shillong-Guwahati,45.0,0.84,159,32,489.0,0,1
Traction Substation,Critical,High,Under Observation,Critical,Corrective Maintenance,Medium,Traction Distribution,Meghalaya: Shillong-Guwahati,45.0,0.84,159,32,489.0,1,1
Traction Substation,Critical,High,Under Observation,Critical,Corrective Maintenance,Medium,Traction Distribution,Meghalaya: Shillong-Guwahati,45.0,0.84,159,32,489.0,2,1
Traction Substation,Critical,High,Under Observation,Medium,Inspection,High,Traction Distribution,Meghalaya: Shillong-Guwahati,62.0,0.85,159,32,516.0,0,0
Traction Substation,Critical,High,Under Observation,Medium,Inspection,High,Traction Distribution,Meghalaya: Shillong-Guwahati,62.0,0.85,159,32,516.0,1,1
Traction Substation,Critical,High,Under Observation,Medium,Inspection,High,Traction Distribution,Meghalaya: Shillong-Guwahati,62.0,0.85,159,32,516.0,2,1
Signal,Good,Critical,Maintenance In Progress,Medium,Preventive Maintenance,Low,Signal & Telecommunication,Meghalaya: Shillong-Guwahati,79.0,0.86,127,64,543.0,0,0
Signal,Good,Critical,Maintenance In Progress,Medium,Preventive Maintenance,Low,Signal & Telecommunication,Meghalaya: Shillong-Guwahati,79.0,0.86,127,64,543.0,1,1
Signal,Good,Critical,Maintenance In Progress,Medium,Preventive Maintenance,Low,Signal & Telecommunication,Meghalaya: Shillong-Guwahati,79.0,0.86,127,64,543.0,2,0
Signal,Good,Critical,Maintenance In Progress,Critical,Condition Monitoring,Medium,Signal & Telecommunication,Meghalaya: Shillong-Guwahati,96.0,0.87,127,64,570.0,0,1
Signal,Good,Critical,Maintenance In Progress,Critical,Condition Monitoring,Medium,Signal & Telecommunication,Meghalaya: Shillong-Guwahati,96.0,0.87,127,64,570.0,1,1
Signal,Good,Critical,Maintenance In Progress,Critical,Condition Monitoring,Medium,Signal & Telecommunication,Meghalaya: Shillong-Guwahati,96.0,0.87,127,64,570.0,2,0
Axle Counter,Fair,Medium,Operational,Critical,Corrective Maintenance,High,Signal & Telecommunication,Meghalaya: Shillong-Guwahati,42.0,0.88,120,4,597.0,0,0
Axle Counter,Fair,Medium,Operational,Critical,Corrective Maintenance,High,Signal & Telecommunication,Meghalaya: Shillong-Guwahati,42.0,0.88,120,4,597.0,1,0
Axle Counter,Fair,Medium,Operational,Critical,Corrective Maintenance,High,Signal & Telecommunication,Meghalaya: Shillong-Guwahati,42.0,0.88,120,4,597.0,2,1
Axle Counter,Fair,Medium,Operational,Medium,Inspection,Low,Signal & Telecommunication,Meghalaya: Shillong-Guwahati,59.0,0.89,120,4,624.0,0,0
Axle Counter,Fair,Medium,Operational,Medium,Inspection,Low,Signal & Telecommunication,Meghalaya: Shillong-Guwahati,59.0,0.89,120,4,624.0,1,1
Axle Counter,Fair,Medium,Operational,Medium,Inspection,Low,Signal & Telecommunication,Meghalaya: Shillong-Guwahati,59.0,0.89,120,4,624.0,2,0
Track,Poor,High,Operational,Medium,Preventive Maintenance,Medium,Engineering,Meghalaya: Shillong-Guwahati,76.0,0.9,88,35,651.0,0,1
Track,Poor,High,Operational,Medium,Preventive Maintenance,Medium,Engineering,Meghalaya: Shillong-Guwahati,76.0,0.9,88,35,651.0,1,0
Track,Poor,High,Operational,Medium,Preventive Maintenance,Medium,Engineering,Meghalaya: Shillong-Guwahati,76.0,0.9,88,35,651.0,2,1
Track,Poor,High,Operational,Critical,Condition Monitoring,High,Engineering,Meghalaya: Shillong-Guwahati,93.0,0.12,88,35,342.0,0,1
Track,Poor,High,Operational,Critical,Condition Monitoring,High,Engineering,Meghalaya: Shillong-Guwahati,93.0,0.12,88,35,342.0,1,0
Track,Poor,High,Operational,Critical,Condition Monitoring,High,Engineering,Meghalaya: Shillong-Guwahati,93.0,0.12,88,35,342.0,2,1
Turnout,Critical,High,Under Observation,Critical,Corrective Maintenance,Low,Engineering,Meghalaya: Shillong-Guwahati,39.0,0.13,57,67,369.0,0,1
Turnout,Critical,High,Under Observation,Critical,Corrective Maintenance,Low,Engineering,Meghalaya: Shillong-Guwahati,39.0,0.13,57,67,369.0,1,1
Turnout,Critical,High,Under Observation,Critical,Corrective Maintenance,Low,Engineering,Meghalaya: Shillong-Guwahati,39.0,0.13,57,67,369.0,2,1
Turnout,Critical,High,Under Observation,Medium,Inspection,Medium,Engineering,Meghalaya: Shillong-Guwahati,56.0,0.14,57,67,396.0,0,0
Turnout,Critical,High,Under Observation,Medium,Inspection,Medium,Engineering,Meghalaya: Shillong-Guwahati,56.0,0.14,57,67,396.0,1,1
Turnout,Critical,High,Under Observation,Medium,Inspection,Medium,Engineering,Meghalaya: Shillong-Guwahati,56.0,0.14,57,67,396.0,2,1
OHE Mast,Good,Critical,Maintenance In Progress,Medium,Preventive Maintenance,High,Traction Distribution,Meghalaya: Shillong-Guwahati,73.0,0.15,178,7,423.0,0,1
OHE Mast,Good,Critical,Maintenance In Progress,Medium,Preventive Maintenance,High,Traction Distribution,Meghalaya: Shillong-Guwahati,73.0,0.15,178,7,423.0,1,0
OHE Mast,Good,Critical,Maintenance In Progress,Medium,Preventive Maintenance,High,Traction Distribution,Meghalaya: Shillong-Guwahati,73.0,0.15,178,7,423.0,2,1
OHE Mast,Good,Critical,Maintenance In Progress,Critical,Condition Monitoring,Low,Traction Distribution,Meghalaya: Shillong-Guwahati,90.0,0.16,178,7,450.0,0,0
OHE Mast,Good,Critical,Maintenance In Progress,Critical,Condition Monitoring,Low,Traction Distribution,Meghalaya: Shillong-Guwahati,90.0,0.16,178,7,450.0,1,0
OHE Mast,Good,Critical,Maintenance In Progress,Critical,Condition Monitoring,Low,Traction Distribution,Meghalaya: Shillong-Guwahati,90.0,0.16,178,7,450.0,2,0
Traction Substation,Fair,Medium,Operational,Critical,Corrective Maintenance,Medium,Traction Distribution,Meghalaya: Shillong-Guwahati,36.0,0.17,146,38,477.0,0,0
Traction Substation,Fair,Medium,Operational,Critical,Corrective Maintenance,Medium,Traction Distribution,Meghalaya: Shillong-Guwahati,36.0,0.17,146,38,477.0,1,1
Traction Substation,Fair,Medium,Operational,Critical,Corrective Maintenance,Medium,Traction Distribution,Meghalaya: Shillong-Guwahati,36.0,0.17,146,38,477.0,2,0
Traction Substation,Fair,Medium,Operational,Medium,Inspection,High,Traction Distribution,Meghalaya: Shillong-Guwahati,53.0,0.18,146,38,504.0,0,0
Traction Substation,Fair,Medium,Operational,Medium,Inspection,High,Traction Distribution,Meghalaya: Shillong-Guwahati,53.0,0.18,146,38,504.0,1,1
Traction Substation,Fair,Medium,Operational,Medium,Inspection,High,Traction Distribution,Meghalaya: Shillong-Guwahati,53.0,0.18,146,38,504.0,2,0
Signal,Poor,High,Operational,Medium,Preventive Maintenance,Low,Signal & Telecommunication,Meghalaya: Shillong-Guwahati,70.0,0.19,115,70,531.0,0,1
Signal,Poor,High,Operational,Medium,Preventive Maintenance,Low,Signal & Telecommunication,Meghalaya: Shillong-Guwahati,70.0,0.19,115,70,531.0,1,1
Signal,Poor,High,Operational,Medium,Preventive Maintenance,Low,Signal & Telecommunication,Meghalaya: Shillong-Guwahati,70.0,0.19,115,70,531.0,2,1
Signal,Poor,High,Operational,Critical,Condition Monitoring,Medium,Signal & Telecommunication,Meghalaya: Shillong-Guwahati,87.0,0.2,115,70,558.0,0,0
Signal,Poor,High,Operational,Critical,Condition Monitoring,Medium,Signal & Telecommunication,Meghalaya: Shillong-Guwahati,87.0,0.2,115,70,558.0,1,1
Signal,Poor,High,Operational,Critical,Condition Monitoring,Medium,Signal & Telecommunication,Meghalaya: Shillong-Guwahati,87.0,0.2,115,70,558.0,2,1
Axle Counter,Critical,High,Under Observation,Critical,Corrective Maintenance,High,Signal & Telecommunication,Meghalaya: Shillong-Guwahati,104.0,0.21,83,10,585.0,0,1
Axle Counter,Critical,High,Under Observation,Critical,Corrective Maintenance,High,Signal & Telecommunication,Meghalaya: Shillong-Guwahati,104.0,0.21,83,10,585.0,1,0
Axle Counter,Critical,High,Under Observation,Critical,Corrective Maintenance,High,Signal & Telecommunication,Meghalaya: Shillong-Guwahati,104.0,0.21,83,10,585.0,2,1
Axle Counter,Critical,High,Under Observation,Medium,Inspection,Low,Signal & Telecommunication,Meghalaya: Shillong-Guwahati,50.0,0.22,83,10,612.0,0,0
Axle Counter,Critical,High,Under Observation,Medium,Inspection,Low,Signal & Telecommunication,Meghalaya: Shillong-Guwahati,50.0,0.22,83,10,612.0,1,1
Axle Counter,Critical,High,Under Observation,Medium,Inspection,Low,Signal & Telecommunication,Meghalaya: Shillong-Guwahati,50.0,0.22,83,10,612.0,2,0
Track,Good,Critical,Maintenance In Progress,Medium,Preventive Maintenance,Medium,Engineering,Meghalaya: Shillong-Guwahati,67.0,0.23,52,41,639.0,0,1
Track,Good,Critical,Maintenance In Progress,Medium,Preventive Maintenance,Medium,Engineering,Meghalaya: Shillong-Guwahati,67.0,0.23,52,41,639.0,1,0
Track,Good,Critical,Maintenance In Progress,Medium,Preventive Maintenance,Medium,Engineering,Meghalaya: Shillong-Guwahati,67.0,0.23,52,41,639.0,2,0
Track,Good,Critical,Maintenance In Progress,Critical,Condition Monitoring,High,Engineering,Meghalaya: Shillong-Guwahati,84.0,0.24,52,41,666.0,0,1
Track,Good,Critical,Maintenance In Progress,Critical,Condition Monitoring,High,Engineering,Meghalaya: Shillong-Guwahati,84.0,0.24,52,41,666.0,1,1
Track,Good,Critical,Maintenance In Progress,Critical,Condition Monitoring,High,Engineering,Meghalaya: Shillong-Guwahati,84.0,0.24,52,41,666.0,2,1
Turnout,Fair,Medium,Operational,Critical,Corrective Maintenance,Low,Engineering,Meghalaya: Shillong-Guwahati,101.0,0.25,173,73,693.0,0,0
Turnout,Fair,Medium,Operational,Critical,Corrective Maintenance,Low,Engineering,Meghalaya: Shillong-Guwahati,101.0,0.25,173,73,693.0,1,0
Turnout,Fair,Medium,Operational,Critical,Corrective Maintenance,Low,Engineering,Meghalaya: Shillong-Guwahati,101.0,0.25,173,73,693.0,2,0
Turnout,Fair,Medium,Operational,Medium,Inspection,Medium,Engineering,Meghalaya: Shillong-Guwahati,47.0,0.26,173,73,384.0,0,0
Turnout,Fair,Medium,Operational,Medium,Inspection,Medium,Engineering,Meghalaya: Shillong-Guwahati,47.0,0.26,173,73,384.0,1,0
Turnout,Fair,Medium,Operational,Medium,Inspection,Medium,Engineering,Meghalaya: Shillong-Guwahati,47.0,0.26,173,73,384.0,2,1
OHE Mast,Poor,High,Operational,Medium,Preventive Maintenance,High,Traction Distribution,Meghalaya: Shillong-Guwahati,64.0,0.27,141,13,411.0,0,1
OHE Mast,Poor,High,Operational,Medium,Preventive Maintenance,High,Traction Distribution,Meghalaya: Shillong-Guwahati,64.0,0.27,141,13,411.0,1,1
OHE Mast,Poor,High,Operational,Medium,Preventive Maintenance,High,Traction Distribution,Meghalaya: Shillong-Guwahati,64.0,0.27,141,13,411.0,2,0
OHE Mast,Poor,High,Operational,Critical,Condition Monitoring,Low,Traction Distribution,Meghalaya: Shillong-Guwahati,81.0,0.28,141,13,438.0,0,0
OHE Mast,Poor,High,Operational,Critical,Condition Monitoring,Low,Traction Distribution,Meghalaya: Shillong-Guwahati,81.0,0.28,141,13,438.0,1,1
OHE Mast,Poor,High,Operational,Critical,Condition Monitoring,Low,Traction Distribution,Meghalaya: Shillong-Guwahati,81.0,0.28,141,13,438.0,2,0
Traction Substation,Critical,High,Under Observation,Critical,Corrective Maintenance,Medium,Traction Distribution,Meghalaya: Shillong-Guwahati,98.0,0.29,110,44,465.0,0,0
Traction Substation,Critical,High,Under Observation,Critical,Corrective Maintenance,Medium,Traction Distribution,Meghalaya: Shillong-Guwahati,98.0,0.29,110,44,465.0,1,0
Traction Substation,Critical,High,Under Observation,Critical,Corrective Maintenance,Medium,Traction Distribution,Meghalaya: Shillong-Guwahati,98.0,0.29,110,44,465.0,2,1
Traction Substation,Critical,High,Under Observation,Medium,Inspection,High,Traction Distribution,Meghalaya: Shillong-Guwahati,44.0,0.3,110,44,492.0,0,1
Traction Substation,Critical,High,Under Observation,Medium,Inspection,High,Traction Distribution,Meghalaya: Shillong-Guwahati,44.0,0.3,110,44,492.0,1,0
Traction Substation,Critical,High,Under Observation,Medium,Inspection,High,Traction Distribution,Meghalaya: Shillong-Guwahati,44.0,0.3,110,44,492.0,2,1
Signal,Good,Critical,Maintenance In Progress,Medium,Preventive Maintenance,Low,Signal & Telecommunication,Meghalaya: Shillong-Guwahati,61.0,0.31,78,76,519.0,0,0
Signal,Good,Critical,Maintenance In Progress,Medium,Preventive Maintenance,Low,Signal & Telecommunication,Meghalaya: Shillong-Guwahati,61.0,0.31,78,76,519.0,1,0
Signal,Good,Critical,Maintenance In Progress,Medium,Preventive Maintenance,Low,Signal & Telecommunication,Meghalaya: Shillong-Guwahati,61.0,0.31,78,76,519.0,2,0
Signal,Good,Critical,Maintenance In Progress,Critical,Condition Monitoring,Medium,Signal & Telecommunication,Meghalaya: Shillong-Guwahati,78.0,0.32,78,76,546.0,0,0
Signal,Good,Critical,Maintenance In Progress,Critical,Condition Monitoring,Medium,Signal & Telecommunication,Meghalaya: Shillong-Guwahati,78.0,0.32,78,76,546.0,1,1
Signal,Good,Critical,Maintenance In Progress,Critical,Condition Monitoring,Medium,Signal & Telecommunication,Meghalaya: Shillong-Guwahati,78.0,0.32,78,76,546.0,2,1
Axle Counter,Fair,Medium,Operational,Critical,Corrective Maintenance,High,Signal & Telecommunication,Meghalaya: Shillong-Guwahati,95.0,0.33,47,16,573.0,0,0
Axle Counter,Fair,Medium,Operational,Critical,Corrective Maintenance,High,Signal & Telecommunication,Meghalaya: Shillong-Guwahati,95.0,0.33,47,16,573.0,1,0
Axle Counter,Fair,Medium,Operational,Critical,Corrective Maintenance,High,Signal & Telecommunication,Meghalaya: Shillong-Guwahati,95.0,0.33,47,16,573.0,2,1
Axle Counter,Fair,Medium,Operational,Medium,Inspection,Low,Signal & Telecommunication,Meghalaya: Shillong-Guwahati,41.0,0.34,47,16,600.0,0,0
Axle Counter,Fair,Medium,Operational,Medium,Inspection,Low,Signal & Telecommunication,Meghalaya: Shillong-Guwahati,41.0,0.34,47,16,600.0,1,0
Axle Counter,Fair,Medium,Operational,Medium,Inspection,Low,Signal & Telecommunication,Meghalaya: Shillong-Guwahati,41.0,0.34,47,16,600.0,2,0
Track,Poor,High,Operational,Medium,Preventive Maintenance,Medium,Engineering,Meghalaya: Shillong-Guwahati,58.0,0.35,168,47,627.0,0,1
Track,Poor,High,Operational,Medium,Preventive Maintenance,Medium,Engineering,Meghalaya: Shillong-Guwahati,58.0,0.35,168,47,627.0,1,0
Track,Poor,High,Operational,Medium,Preventive Maintenance,Medium,Engineering,Meghalaya: Shillong-Guwahati,58.0,0.35,168,47,627.0,2,1
Track,Poor,High,Operational,Critical,Condition Monitoring,High,Engineering,Meghalaya: Shillong-Guwahati,75.0,0.36,168,47,654.0,0,1
Track,Poor,High,Operational,Critical,Condition Monitoring,High,Engineering,Meghalaya: Shillong-Guwahati,75.0,0.36,168,47,654.0,1,1
Track,Poor,High,Operational,Critical,Condition Monitoring,High,Engineering,Meghalaya: Shillong-Guwahati,75.0,0.36,168,47,654.0,2,1
Turnout,Critical,High,Under Observation,Critical,Corrective Maintenance,Low,Engineering,Meghalaya: Shillong-Guwahati,92.0,0.37,136,79,681.0,0,1
Turnout,Critical,High,Under Observation,Critical,Corrective Maintenance,Low,Engineering,Meghalaya: Shillong-Guwahati,92.0,0.37,136,79,681.0,1,0
Turnout,Critical,High,Under Observation,Critical,Corrective Maintenance,Low,Engineering,Meghalaya: Shillong-Guwahati,92.0,0.37,136,79,681.0,2,0
Turnout,Critical,High,Under Observation,Medium,Inspection,Medium,Engineering,Meghalaya: Shillong-Guwahati,38.0,0.38,136,79,708.0,0,0
Turnout,Critical,High,Under Observation,Medium,Inspection,Medium,Engineering,Meghalaya: Shillong-Guwahati,38.0,0.38,136,79,708.0,1,1
Turnout,Critical,High,Under Observation,Medium,Inspection,Medium,Engineering,Meghalaya: Shillong-Guwahati,38.0,0.38,136,79,708.0,2,0
OHE Mast,Good,Critical,Maintenance In Progress,Medium,Preventive Maintenance,High,Traction Distribution,Meghalaya: Shillong-Guwahati,55.0,0.39,105,19,735.0,0,0
OHE Mast,Good,Critical,Maintenance In Progress,Medium,Preventive Maintenance,High,Traction Distribution,Meghalaya: Shillong-Guwahati,55.0,0.39,105,19,735.0,1,0
OHE Mast,Good,Critical,Maintenance In Progress,Medium,Preventive Maintenance,High,Traction Distribution,Meghalaya: Shillong-Guwahati,55.0,0.39,105,19,735.0,2,0
OHE Mast,Good,Critical,Maintenance In Progress,Critical,Condition Monitoring,Low,Traction Distribution,Meghalaya: Shillong-Guwahati,72.0,0.4,105,19,426.0,0,0
OHE Mast,Good,Critical,Maintenance In Progress,Critical,Condition Monitoring,Low,Traction Distribution,Meghalaya: Shillong-Guwahati,72.0,0.4,105,19,426.0,1,0
OHE Mast,Good,Critical,Maintenance In Progress,Critical,Condition Monitoring,Low,Traction Distribution,Meghalaya: Shillong-Guwahati,72.0,0.4,105,19,426.0,2,0
Traction Substation,Fair,Medium,Operational,Critical,Corrective Maintenance,Medium,Traction Distribution,Meghalaya: Shillong-Guwahati,89.0,0.41,73,50,453.0,0,0
Traction Substation,Fair,Medium,Operational,Critical,Corrective Maintenance,Medium,Traction Distribution,Meghalaya: Shillong-Guwahati,89.0,0.41,73,50,453.0,1,0
Traction Substation,Fair,Medium,Operational,Critical,Corrective Maintenance,Medium,Traction Distribution,Meghalaya: Shillong-Guwahati,89.0,0.41,73,50,453.0,2,0
Traction Substation,Fair,Medium,Operational,Medium,Inspection,High,Traction Distribution,Meghalaya: Shillong-Guwahati,35.0,0.42,73,50,480.0,0,0
Traction Substation,Fair,Medium,Operational,Medium,Inspection,High,Traction Distribution,Meghalaya: Shillong-Guwahati,35.0,0.42,73,50,480.0,1,1
Traction Substation,Fair,Medium,Operational,Medium,Inspection,High,Traction Distribution,Meghalaya: Shillong-Guwahati,35.0,0.42,73,50,480.0,2,0
Signal,Poor,High,Operational,Medium,Preventive Maintenance,Low,Signal & Telecommunication,Meghalaya: Shillong-Guwahati,52.0,0.43,42,82,507.0,0,0
Signal,Poor,High,Operational,Medium,Preventive Maintenance,Low,Signal & Telecommunication,Meghalaya: Shillong-Guwahati,52.0,0.43,42,82,507.0,1,1
Signal,Poor,High,Operational,Medium,Preventive Maintenance,Low,Signal & Telecommunication,Meghalaya: Shillong-Guwahati,52.0,0.43,42,82,507.0,2,0
Signal,Poor,High,Operational,Critical,Condition Monitoring,Medium,Signal & Telecommunication,Meghalaya: Shillong-Guwahati,69.0,0.44,42,82,534.0,0,0
Signal,Poor,High,Operational,Critical,Condition Monitoring,Medium,Signal & Telecommunication,Meghalaya: Shillong-Guwahati,69.0,0.44,42,82,534.0,1,1
Signal,Poor,High,Operational,Critical,Condition Monitoring,Medium,Signal & Telecommunication,Meghalaya: Shillong-Guwahati,69.0,0.44,42,82,534.0,2,0
Axle Counter,Critical,High,Under Observation,Critical,Corrective Maintenance,High,Signal & Telecommunication,Meghalaya: Shillong-Guwahati,86.0,0.45,163,22,561.0,0,1
Axle Counter,Critical,High,Under Observation,Critical,Corrective Maintenance,High,Signal & Telecommunication,Meghalaya: Shillong-Guwahati,86.0,0.45,163,22,561.0,1,1
Axle Counter,Critical,High,Under Observation,Critical,Corrective Maintenance,High,Signal & Telecommunication,Meghalaya: Shillong-Guwahati,86.0,0.45,163,22,561.0,2,1
Axle Counter,Critical,High,Under Observation,Medium,Inspection,Low,Signal & Telecommunication,Meghalaya: Shillong-Guwahati,103.0,0.46,163,22,588.0,0,0
Axle Counter,Critical,High,Under Observation,Medium,Inspection,Low,Signal & Telecommunication,Meghalaya: Shillong-Guwahati,103.0,0.46,163,22,588.0,1,1
Axle Counter,Critical,High,Under Observation,Medium,Inspection,Low,Signal & Telecommunication,Meghalaya: Shillong-Guwahati,103.0,0.46,163,22,588.0,2,1
Track,Good,Critical,Maintenance In Progress,Medium,Preventive Maintenance,Medium,Engineering,Meghalaya: Shillong-Guwahati,49.0,0.47,131,53,615.0,0,1
Track,Good,Critical,Maintenance In Progress,Medium,Preventive Maintenance,Medium,Engineering,Meghalaya: Shillong-Guwahati,49.0,0.47,131,53,615.0,1,0
Track,Good,Critical,Maintenance In Progress,Medium,Preventive Maintenance,Medium,Engineering,Meghalaya: Shillong-Guwahati,49.0,0.47,131,53,615.0,2,1
Track,Good,Critical,Maintenance In Progress,Critical,Condition Monitoring,High,Engineering,Meghalaya: Shillong-Guwahati,66.0,0.48,131,53,642.0,0,0
Track,Good,Critical,Maintenance In Progress,Critical,Condition Monitoring,High,Engineering,Meghalaya: Shillong-Guwahati,66.0,0.48,131,53,642.0,1,1
Track,Good,Critical,Maintenance In Progress,Critical,Condition Monitoring,High,Engineering,Meghalaya: Shillong-Guwahati,66.0,0.48,131,53,642.0,2,0
Turnout,Fair,Medium,Operational,Critical,Corrective Maintenance,Low,Engineering,Meghalaya: Shillong-Guwahati,83.0,0.49,100,85,669.0,0,0
Turnout,Fair,Medium,Operational,Critical,Corrective Maintenance,Low,Engineering,Meghalaya: Shillong-Guwahati,83.0,0.49,100,85,669.0,1,0
Turnout,Fair,Medium,Operational,Critical,Corrective Maintenance,Low,Engineering,Meghalaya: Shillong-Guwahati,83.0,0.49,100,85,669.0,2,1
Turnout,Fair,Medium,Operational,Medium,Inspection,Medium,Engineering,Meghalaya: Shillong-Guwahati,100.0,0.5,100,85,696.0,0,0
Turnout,Fair,Medium,Operational,Medium,Inspection,Medium,Engineering,Meghalaya: Shillong-Guwahati,100.0,0.5,100,85,696.0,1,0
Turnout,Fair,Medium,Operational,Medium,Inspection,Medium,Engineering,Meghalaya: Shillong-Guwahati,100.0,0.5,100,85,696.0,2,0
OHE Mast,Poor,High,Operational,Medium,Preventive Maintenance,High,Traction Distribution,Meghalaya: Shillong-Guwahati,46.0,0.51,68,25,723.0,0,0
OHE Mast,Poor,High,Operational,Medium,Preventive Maintenance,High,Traction Distribution,Meghalaya: Shillong-Guwahati,46.0,0.51,68,25,723.0,1,1
OHE Mast,Poor,High,Operational,Medium,Preventive Maintenance,High,Traction Distribution,Meghalaya: Shillong-Guwahati,46.0,0.51,68,25,723.0,2,1
OHE Mast,Poor,High,Operational,Critical,Condition Monitoring,Low,Traction Distribution,Meghalaya: Shillong-Guwahati,63.0,0.52,68,25,750.0,0,1
OHE Mast,Poor,High,Operational,Critical,Condition Monitoring,Low,Traction Distribution,Meghalaya: Shillong-Guwahati,63.0,0.52,68,25,750.0,1,0
OHE Mast,Poor,High,Operational,Critical,Condition Monitoring,Low,Traction Distribution,Meghalaya: Shillong-Guwahati,63.0,0.52,68,25,750.0,2,1
Traction Substation,Critical,High,Under Observation,Critical,Corrective Maintenance,Medium,Traction Distribution,Meghalaya: Shillong-Guwahati,80.0,0.53,37,56,777.0,0,1
Traction Substation,Critical,High,Under Observation,Critical,Corrective Maintenance,Medium,Traction Distribution,Meghalaya: Shillong-Guwahati,80.0,0.53,37,56,777.0,1,0
Traction Substation,Critical,High,Under Observation,Critical,Corrective Maintenance,Medium,Traction Distribution,Meghalaya: Shillong-Guwahati,80.0,0.53,37,56,777.0,2,1
Traction Substation,Critical,High,Under Observation,Medium,Inspection,High,Traction Distribution,Meghalaya: Shillong-Guwahati,97.0,0.54,37,56,468.0,0,1
Traction Substation,Critical,High,Under Observation,Medium,Inspection,High,Traction Distribution,Meghalaya: Shillong-Guwahati,97.0,0.54,37,56,468.0,1,1
Traction Substation,Critical,High,Under Observation,Medium,Inspection,High,Traction Distribution,Meghalaya: Shillong-Guwahati,97.0,0.54,37,56,468.0,2,1
Signal,Good,Critical,Maintenance In Progress,Medium,Preventive Maintenance,Low,Signal & Telecommunication,Meghalaya: Shillong-Guwahati,43.0,0.55,158,63,495.0,0,0
Signal,Good,Critical,Maintenance In Progress,Medium,Preventive Maintenance,Low,Signal & Telecommunication,Meghalaya: Shillong-Guwahati,43.0,0.55,158,63,495.0,1,0
Signal,Good,Critical,Maintenance In Progress,Medium,Preventive Maintenance,Low,Signal & Telecommunication,Meghalaya: Shillong-Guwahati,43.0,0.55,158,63,495.0,2,1
Signal,Good,Critical,Maintenance In Progress,Critical,Condition Monitoring,Medium,Signal & Telecommunication,Meghalaya: Shillong-Guwahati,60.0,0.56,158,63,522.0,0,1
Signal,Good,Critical,Maintenance In Progress,Critical,Condition Monitoring,Medium,Signal & Telecommunication,Meghalaya: Shillong-Guwahati,60.0,0.56,158,63,522.0,1,1
Signal,Good,Critical,Maintenance In Progress,Critical,Condition Monitoring,Medium,Signal & Telecommunication,Meghalaya: Shillong-Guwahati,60.0,0.56,158,63,522.0,2,0
Axle Counter,Fair,Medium,Operational,Critical,Corrective Maintenance,High,Signal & Telecommunication,Meghalaya: Shillong-Guwahati,77.0,0.57,150,3,549.0,0,0
Axle Counter,Fair,Medium,Operational,Critical,Corrective Maintenance,High,Signal & Telecommunication,Meghalaya: Shillong-Guwahati,77.0,0.57,150,3,549.0,1,0
Axle Counter,Fair,Medium,Operational,Critical,Corrective Maintenance,High,Signal & Telecommunication,Meghalaya: Shillong-Guwahati,77.0,0.57,150,3,549.0,2,1
Axle Counter,Fair,Medium,Operational,Medium,Inspection,Low,Signal & Telecommunication,Meghalaya: Shillong-Guwahati,94.0,0.58,150,3,576.0,0,0
Axle Counter,Fair,Medium,Operational,Medium,Inspection,Low,Signal & Telecommunication,Meghalaya: Shillong-Guwahati,94.0,0.58,150,3,576.0,1,0
Axle Counter,Fair,Medium,Operational,Medium,Inspection,Low,Signal & Telecommunication,Meghalaya: Shillong-Guwahati,94.0,0.58,150,3,576.0,2,0
Track,Poor,High,Operational,Medium,Preventive Maintenance,Medium,Engineering,Mizoram: Aizawl-Kolasib,40.0,0.59,119,34,603.0,0,1
Track,Poor,High,Operational,Medium,Preventive Maintenance,Medium,Engineering,Mizoram: Aizawl-Kolasib,40.0,0.59,119,34,603.0,1,1
Track,Poor,High,Operational,Medium,Preventive Maintenance,Medium,Engineering,Mizoram: Aizawl-Kolasib,40.0,0.59,119,34,603.0,2,0
Track,Poor,High,Operational,Critical,Condition Monitoring,High,Engineering,Mizoram: Aizawl-Kolasib,57.0,0.6,119,34,630.0,0,1
Track,Poor,High,Operational,Critical,Condition Monitoring,High,Engineering,Mizoram: Aizawl-Kolasib,57.0,0.6,119,34,630.0,1,1
Track,Poor,High,Operational,Critical,Condition Monitoring,High,Engineering,Mizoram: Aizawl-Kolasib,57.0,0.6,119,34,630.0,2,1
Turnout,Critical,High,Under Observation,Critical,Corrective Maintenance,Low,Engineering,Mizoram: Aizawl-Kolasib,74.0,0.61,87,66,657.0,0,1
Turnout,Critical,High,Under Observation,Critical,Corrective Maintenance,Low,Engineering,Mizoram: Aizawl-Kolasib,74.0,0.61,87,66,657.0,1,1
Turnout,Critical,High,Under Observation,Critical,Corrective Maintenance,Low,Engineering,Mizoram: Aizawl-Kolasib,74.0,0.61,87,66,657.0,2,1
Turnout,Critical,High,Under Observation,Medium,Inspection,Medium,Engineering,Mizoram: Aizawl-Kolasib,91.0,0.62,87,66,684.0,0,0
Turnout,Critical,High,Under Observation,Medium,Inspection,Medium,Engineering,Mizoram: Aizawl-Kolasib,91.0,0.62,87,66,684.0,1,1
Turnout,Critical,High,Under Observation,Medium,Inspection,Medium,Engineering,Mizoram: Aizawl-Kolasib,91.0,0.62,87,66,684.0,2,0
OHE Mast,Good,Critical,Maintenance In Progress,Medium,Preventive Maintenance,High,Traction Distribution,Mizoram: Aizawl-Kolasib,37.0,0.63,56,6,711.0,0,0
OHE Mast,Good,Critical,Maintenance In Progress,Medium,Preventive Maintenance,High,Traction Distribution,Mizoram: Aizawl-Kolasib,37.0,0.63,56,6,711.0,1,1
OHE Mast,Good,Critical,Maintenance In Progress,Medium,Preventive Maintenance,High,Traction Distribution,Mizoram: Aizawl-Kolasib,37.0,0.63,56,6,711.0,2,1
OHE Mast,Good,Critical,Maintenance In Progress,Critical,Condition Monitoring,Low,Traction Distribution,Mizoram: Aizawl-Kolasib,54.0,0.64,56,6,738.0,0,0
OHE Mast,Good,Critical,Maintenance In Progress,Critical,Condition Monitoring,Low,Traction Distribution,Mizoram: Aizawl-Kolasib,54.0,0.64,56,6,738.0,1,1
OHE Mast,Good,Critical,Maintenance In Progress,Critical,Condition Monitoring,Low,Traction Distribution,Mizoram: Aizawl-Kolasib,54.0,0.64,56,6,738.0,2,0
Traction Substation,Fair,Medium,Operational,Critical,Corrective Maintenance,Medium,Traction Distribution,Mizoram: Aizawl-Kolasib,71.0,0.65,177,37,765.0,0,0
Traction Substation,Fair,Medium,Operational,Critical,Corrective Maintenance,Medium,Traction Distribution,Mizoram: Aizawl-Kolasib,71.0,0.65,177,37,765.0,1,0
Traction Substation,Fair,Medium,Operational,Critical,Corrective Maintenance,Medium,Traction Distribution,Mizoram: Aizawl-Kolasib,71.0,0.65,177,37,765.0,2,1
Traction Substation,Fair,Medium,Operational,Medium,Inspection,High,Traction Distribution,Mizoram: Aizawl-Kolasib,88.0,0.66,177,37,792.0,0,1
Traction Substation,Fair,Medium,Operational,Medium,Inspection,High,Traction Distribution,Mizoram: Aizawl-Kolasib,88.0,0.66,177,37,792.0,1,0
Traction Substation,Fair,Medium,Operational,Medium,Inspection,High,Traction Distribution,Mizoram: Aizawl-Kolasib,88.0,0.66,177,37,792.0,2,1
Signal,Poor,High,Operational,Medium,Preventive Maintenance,Low,Signal & Telecommunication,Mizoram: Aizawl-Kolasib,105.0,0.67,145,69,819.0,0,1
Signal,Poor,High,Operational,Medium,Preventive Maintenance,Low,Signal & Telecommunication,Mizoram: Aizawl-Kolasib,105.0,0.67,145,69,819.0,1,1
Signal,Poor,High,Operational,Medium,Preventive Maintenance,Low,Signal & Telecommunication,Mizoram: Aizawl-Kolasib,105.0,0.67,145,69,819.0,2,0
Signal,Poor,High,Operational,Critical,Condition Monitoring,Medium,Signal & Telecommunication,Mizoram: Aizawl-Kolasib,51.0,0.68,145,69,510.0,0,1
Signal,Poor,High,Operational,Critical,Condition Monitoring,Medium,Signal & Telecommunication,Mizoram: Aizawl-Kolasib,51.0,0.68,145,69,510.0,1,1
Signal,Poor,High,Operational,Critical,Condition Monitoring,Medium,Signal & Telecommunication,Mizoram: Aizawl-Kolasib,51.0,0.68,145,69,510.0,2,1
Axle Counter,Critical,High,Under Observation,Critical,Corrective Maintenance,High,Signal & Telecommunication,Mizoram: Aizawl-Kolasib,68.0,0.69,114,9,537.0,0,0
Axle Counter,Critical,High,Under Observation,Critical,Corrective Maintenance,High,Signal & Telecommunication,Mizoram: Aizawl-Kolasib,68.0,0.69,114,9,537.0,1,1
Axle Counter,Critical,High,Under Observation,Critical,Corrective Maintenance,High,Signal & Telecommunication,Mizoram: Aizawl-Kolasib,68.0,0.69,114,9,537.0,2,1
Axle Counter,Critical,High,Under Observation,Medium,Inspection,Low,Signal & Telecommunication,Mizoram: Aizawl-Kolasib,85.0,0.7,114,9,564.0,0,1
Axle Counter,Critical,High,Under Observation,Medium,Inspection,Low,Signal & Telecommunication,Mizoram: Aizawl-Kolasib,85.0,0.7,114,9,564.0,1,1
Axle Counter,Critical,High,Under Observation,Medium,Inspection,Low,Signal & Telecommunication,Mizoram: Aizawl-Kolasib,85.0,0.7,114,9,564.0,2,0
Track,Good,Critical,Maintenance In Progress,Medium,Preventive Maintenance,Medium,Engineering,Mizoram: Aizawl-Kolasib,102.0,0.71,82,40,591.0,0,0
Track,Good,Critical,Maintenance In Progress,Medium,Preventive Maintenance,Medium,Engineering,Mizoram: Aizawl-Kolasib,102.0,0.71,82,40,591.0,1,0
Track,Good,Critical,Maintenance In Progress,Medium,Preventive Maintenance,Medium,Engineering,Mizoram: Aizawl-Kolasib,102.0,0.71,82,40,591.0,2,0
Track,Good,Critical,Maintenance In Progress,Critical,Condition Monitoring,High,Engineering,Mizoram: Aizawl-Kolasib,48.0,0.72,82,40,618.0,0,1
Track,Good,Critical,Maintenance In Progress,Critical,Condition Monitoring,High,Engineering,Mizoram: Aizawl-Kolasib,48.0,0.72,82,40,618.0,1,1
Track,Good,Critical,Maintenance In Progress,Critical,Condition Monitoring,High,Engineering,Mizoram: Aizawl-Kolasib,48.0,0.72,82,40,618.0,2,0
Turnout,Fair,Medium,Operational,Critical,Corrective Maintenance,Low,Engineering,Mizoram: Aizawl-Kolasib,65.0,0.73,51,72,645.0,0,0
Turnout,Fair,Medium,Operational,Critical,Corrective Maintenance,Low,Engineering,Mizoram: Aizawl-Kolasib,65.0,0.73,51,72,645.0,1,0
Turnout,Fair,Medium,Operational,Critical,Corrective Maintenance,Low,Engineering,Mizoram: Aizawl-Kolasib,65.0,0.73,51,72,645.0,2,1
Turnout,Fair,Medium,Operational,Medium,Inspection,Medium,Engineering,Mizoram: Aizawl-Kolasib,82.0,0.74,51,72,672.0,0,0
Turnout,Fair,Medium,Operational,Medium,Inspection,Medium,Engineering,Mizoram: Aizawl-Kolasib,82.0,0.74,51,72,672.0,1,1
Turnout,Fair,Medium,Operational,Medium,Inspection,Medium,Engineering,Mizoram: Aizawl-Kolasib,82.0,0.74,51,72,672.0,2,0
OHE Mast,Poor,High,Operational,Medium,Preventive Maintenance,High,Traction Distribution,Mizoram: Aizawl-Kolasib,99.0,0.75,172,12,699.0,0,1
OHE Mast,Poor,High,Operational,Medium,Preventive Maintenance,High,Traction Distribution,Mizoram: Aizawl-Kolasib,99.0,0.75,172,12,699.0,1,1
OHE Mast,Poor,High,Operational,Medium,Preventive Maintenance,High,Traction Distribution,Mizoram: Aizawl-Kolasib,99.0,0.75,172,12,699.0,2,1
OHE Mast,Poor,High,Operational,Critical,Condition Monitoring,Low,Traction Distribution,Mizoram: Aizawl-Kolasib,45.0,0.76,172,12,726.0,0,1
OHE Mast,Poor,High,Operational,Critical,Condition Monitoring,Low,Traction Distribution,Mizoram: Aizawl-Kolasib,45.0,0.76,172,12,726.0,1,1
OHE Mast,Poor,High,Operational,Critical,Condition Monitoring,Low,Traction Distribution,Mizoram: Aizawl-Kolasib,45.0,0.76,172,12,726.0,2,1
Traction Substation,Critical,High,Under Observation,Critical,Corrective Maintenance,Medium,Traction Distribution,Mizoram: Aizawl-Kolasib,62.0,0.77,140,43,753.0,0,1
Traction Substation,Critical,High,Under Observation,Critical,Corrective Maintenance,Medium,Traction Distribution,Mizoram: Aizawl-Kolasib,62.0,0.77,140,43,753.0,1,1
Traction Substation,Critical,High,Under Observation,Critical,Corrective Maintenance,Medium,Traction Distribution,Mizoram: Aizawl-Kolasib,62.0,0.77,140,43,753.0,2,0
Traction Substation,Critical,High,Under Observation,Medium,Inspection,High,Traction Distribution,Mizoram: Aizawl-Kolasib,79.0,0.78,140,43,780.0,0,1
Traction Substation,Critical,High,Under Observation,Medium,Inspection,High,Traction Distribution,Mizoram: Aizawl-Kolasib,79.0,0.78,140,43,780.0,1,1
Traction Substation,Critical,High,Under Observation,Medium,Inspection,High,Traction Distribution,Mizoram: Aizawl-Kolasib,79.0,0.78,140,43,780.0,2,0
Signal,Good,Critical,Maintenance In Progress,Medium,Preventive Maintenance,Low,Signal & Telecommunication,Mizoram: Aizawl-Kolasib,96.0,0.79,109,75,807.0,0,1
Signal,Good,Critical,Maintenance In Progress,Medium,Preventive Maintenance,Low,Signal & Telecommunication,Mizoram: Aizawl-Kolasib,96.0,0.79,109,75,807.0,1,0
Signal,Good,Critical,Maintenance In Progress,Medium,Preventive Maintenance,Low,Signal & Telecommunication,Mizoram: Aizawl-Kolasib,96.0,0.79,109,75,807.0,2,1
Signal,Good,Critical,Maintenance In Progress,Critical,Condition Monitoring,Medium,Signal & Telecommunication,Mizoram: Aizawl-Kolasib,42.0,0.8,109,75,834.0,0,0
Signal,Good,Critical,Maintenance In Progress,Critical,Condition Monitoring,Medium,Signal & Telecommunication,Mizoram: Aizawl-Kolasib,42.0,0.8,109,75,834.0,1,1
Signal,Good,Critical,Maintenance In Progress,Critical,Condition Monitoring,Medium,Signal & Telecommunication,Mizoram: Aizawl-Kolasib,42.0,0.8,109,75,834.0,2,1
Axle Counter,Fair,Medium,Operational,Critical,Corrective Maintenance,High,Signal & Telecommunication,Mizoram: Aizawl-Kolasib,59.0,0.81,77,15,861.0,0,1
Axle Counter,Fair,Medium,Operational,Critical,Corrective Maintenance,High,Signal & Telecommunication,Mizoram: Aizawl-Kolasib,59.0,0.81,77,15,861.0,1,1
Axle Counter,Fair,Medium,Operational,Critical,Corrective Maintenance,High,Signal & Telecommunication,Mizoram: Aizawl-Kolasib,59.0,0.81,77,15,861.0,2,0
Axle Counter,Fair,Medium,Operational,Medium,Inspection,Low,Signal & Telecommunication,Mizoram: Aizawl-Kolasib,76.0,0.82,77,15,48.0,0,0
Axle Counter,Fair,Medium,Operational,Medium,Inspection,Low,Signal & Telecommunication,Mizoram: Aizawl-Kolasib,76.0,0.82,77,15,48.0,1,0
Axle Counter,Fair,Medium,Operational,Medium,Inspection,Low,Signal & Telecommunication,Mizoram: Aizawl-Kolasib,76.0,0.82,77,15,48.0,2,1
Track,Poor,High,Operational,Medium,Preventive Maintenance,Medium,Engineering,Mizoram: Aizawl-Kolasib,93.0,0.83,46,46,75.0,0,0
Track,Poor,High,Operational,Medium,Preventive Maintenance,Medium,Engineering,Mizoram: Aizawl-Kolasib,93.0,0.83,46,46,75.0,1,1
Track,Poor,High,Operational,Medium,Preventive Maintenance,Medium,Engineering,Mizoram: Aizawl-Kolasib,93.0,0.83,46,46,75.0,2,1
Track,Poor,High,Operational,Critical,Condition Monitoring,High,Engineering,Mizoram: Aizawl-Kolasib,39.0,0.84,46,46,102.0,0,1
Track,Poor,High,Operational,Critical,Condition Monitoring,High,Engineering,Mizoram: Aizawl-Kolasib,39.0,0.84,46,46,102.0,1,1
Track,Poor,High,Operational,Critical,Condition Monitoring,High,Engineering,Mizoram: Aizawl-Kolasib,39.0,0.84,46,46,102.0,2,1
Turnout,Critical,High,Under Observation,Critical,Corrective Maintenance,Low,Engineering,Mizoram: Aizawl-Kolasib,56.0,0.85,167,78,129.0,0,1
Turnout,Critical,High,Under Observation,Critical,Corrective Maintenance,Low,Engineering,Mizoram: Aizawl-Kolasib,56.0,0.85,167,78,129.0,1,1
Turnout,Critical,High,Under Observation,Critical,Corrective Maintenance,Low,Engineering,Mizoram: Aizawl-Kolasib,56.0,0.85,167,78,129.0,2,1
Turnout,Critical,High,Under Observation,Medium,Inspection,Medium,Engineering,Mizoram: Aizawl-Kolasib,73.0,0.86,167,78,156.0,0,1
Turnout,Critical,High,Under Observation,Medium,Inspection,Medium,Engineering,Mizoram: Aizawl-Kolasib,73.0,0.86,167,78,156.0,1,0
Turnout,Critical,High,Under Observation,Medium,Inspection,Medium,Engineering,Mizoram: Aizawl-Kolasib,73.0,0.86,167,78,156.0,2,1
OHE Mast,Good,Critical,Maintenance In Progress,Medium,Preventive Maintenance,High,Traction Distribution,Mizoram: Aizawl-Kolasib,90.0,0.87,135,18,183.0,0,1
OHE Mast,Good,Critical,Maintenance In Progress,Medium,Preventive Maintenance,High,Traction Distribution,Mizoram: Aizawl-Kolasib,90.0,0.87,135,18,183.0,1,0
OHE Mast,Good,Critical,Maintenance In Progress,Medium,Preventive Maintenance,High,Traction Distribution,Mizoram: Aizawl-Kolasib,90.0,0.87,135,18,183.0,2,0
OHE Mast,Good,Critical,Maintenance In Progress,Critical,Condition Monitoring,Low,Traction Distribution,Mizoram: Aizawl-Kolasib,36.0,0.88,135,18,210.0,0,0
OHE Mast,Good,Critical,Maintenance In Progress,Critical,Condition Monitoring,Low,Traction Distribution,Mizoram: Aizawl-Kolasib,36.0,0.88,135,18,210.0,1,0
OHE Mast,Good,Critical,Maintenance In Progress,Critical,Condition Monitoring,Low,Traction Distribution,Mizoram: Aizawl-Kolasib,36.0,0.88,135,18,210.0,2,0
Traction Substation,Fair,Medium,Operational,Critical,Corrective Maintenance,Medium,Traction Distribution,Mizoram: Aizawl-Kolasib,53.0,0.89,104,49,237.0,0,0
Traction Substation,Fair,Medium,Operational,Critical,Corrective Maintenance,Medium,Traction Distribution,Mizoram: Aizawl-Kolasib,53.0,0.89,104,49,237.0,1,0
Traction Substation,Fair,Medium,Operational,Critical,Corrective Maintenance,Medium,Traction Distribution,Mizoram: Aizawl-Kolasib,53.0,0.89,104,49,237.0,2,1
Traction Substation,Fair,Medium,Operational,Medium,Inspection,High,Traction Distribution,Mizoram: Aizawl-Kolasib,70.0,0.9,104,49,264.0,0,1
Traction Substation,Fair,Medium,Operational,Medium,Inspection,High,Traction Distribution,Mizoram: Aizawl-Kolasib,70.0,0.9,104,49,264.0,1,0
Traction Substation,Fair,Medium,Operational,Medium,Inspection,High,Traction Distribution,Mizoram: Aizawl-Kolasib,70.0,0.9,104,49,264.0,2,0
Signal,Poor,High,Operational,Medium,Preventive Maintenance,Low,Signal & Telecommunication,Mizoram: Aizawl-Kolasib,87.0,0.12,72,81,291.0,0,1
Signal,Poor,High,Operational,Medium,Preventive Maintenance,Low,Signal & Telecommunication,Mizoram: Aizawl-Kolasib,87.0,0.12,72,81,291.0,1,1
Signal,Poor,High,Operational,Medium,Preventive Maintenance,Low,Signal & Telecommunication,Mizoram: Aizawl-Kolasib,87.0,0.12,72,81,291.0,2,0
Signal,Poor,High,Operational,Critical,Condition Monitoring,Medium,Signal & Telecommunication,Mizoram: Aizawl-Kolasib,104.0,0.13,72,81,318.0,0,0
Signal,Poor,High,Operational,Critical,Condition Monitoring,Medium,Signal & Telecommunication,Mizoram: Aizawl-Kolasib,104.0,0.13,72,81,318.0,1,1
Signal,Poor,High,Operational,Critical,Condition Monitoring,Medium,Signal & Telecommunication,Mizoram: Aizawl-Kolasib,104.0,0.13,72,81,318.0,2,0
Axle Counter,Critical,High,Under Observation,Critical,Corrective Maintenance,High,Signal & Telecommunication,Mizoram: Aizawl-Kolasib,50.0,0.14,41,21,345.0,0,1
Axle Counter,Critical,High,Under Observation,Critical,Corrective Maintenance,High,Signal & Telecommunication,Mizoram: Aizawl-Kolasib,50.0,0.14,41,21,345.0,1,0
Axle Counter,Critical,High,Under Observation,Critical,Corrective Maintenance,High,Signal & Telecommunication,Mizoram: Aizawl-Kolasib,50.0,0.14,41,21,345.0,2,1
Axle Counter,Critical,High,Under Observation,Medium,Inspection,Low,Signal & Telecommunication,Mizoram: Aizawl-Kolasib,67.0,0.15,41,21,372.0,0,1
Axle Counter,Critical,High,Under Observation,Medium,Inspection,Low,Signal & Telecommunication,Mizoram: Aizawl-Kolasib,67.0,0.15,41,21,372.0,1,1
Axle Counter,Critical,High,Under Observation,Medium,Inspection,Low,Signal & Telecommunication,Mizoram: Aizawl-Kolasib,67.0,0.15,41,21,372.0,2,1
Track,Good,Critical,Maintenance In Progress,Medium,Preventive Maintenance,Medium,Engineering,Mizoram: Aizawl-Kolasib,84.0,0.16,162,52,399.0,0,0
Track,Good,Critical,Maintenance In Progress,Medium,Preventive Maintenance,Medium,Engineering,Mizoram: Aizawl-Kolasib,84.0,0.16,162,52,399.0,1,0
Track,Good,Critical,Maintenance In Progress,Medium,Preventive Maintenance,Medium,Engineering,Mizoram: Aizawl-Kolasib,84.0,0.16,162,52,399.0,2,1
Track,Good,Critical,Maintenance In Progress,Critical,Condition Monitoring,High,Engineering,Mizoram: Aizawl-Kolasib,101.0,0.17,162,52,90.0,0,1
Track,Good,Critical,Maintenance In Progress,Critical,Condition Monitoring,High,Engineering,Mizoram: Aizawl-Kolasib,101.0,0.17,162,52,90.0,1,1
Track,Good,Critical,Maintenance In Progress,Critical,Condition Monitoring,High,Engineering,Mizoram: Aizawl-Kolasib,101.0,0.17,162,52,90.0,2,1
Turnout,Fair,Medium,Operational,Critical,Corrective Maintenance,Low,Engineering,Mizoram: Aizawl-Kolasib,47.0,0.18,130,84,117.0,0,1
Turnout,Fair,Medium,Operational,Critical,Corrective Maintenance,Low,Engineering,Mizoram: Aizawl-Kolasib,47.0,0.18,130,84,117.0,1,0
Turnout,Fair,Medium,Operational,Critical,Corrective Maintenance,Low,Engineering,Mizoram: Aizawl-Kolasib,47.0,0.18,130,84,117.0,2,0
Turnout,Fair,Medium,Operational,Medium,Inspection,Medium,Engineering,Mizoram: Aizawl-Kolasib,64.0,0.19,130,84,144.0,0,0
Turnout,Fair,Medium,Operational,Medium,Inspection,Medium,Engineering,Mizoram: Aizawl-Kolasib,64.0,0.19,130,84,144.0,1,1
Turnout,Fair,Medium,Operational,Medium,Inspection,Medium,Engineering,Mizoram: Aizawl-Kolasib,64.0,0.19,130,84,144.0,2,0
OHE Mast,Poor,High,Operational,Medium,Preventive Maintenance,High,Traction Distribution,Mizoram: Aizawl-Kolasib,81.0,0.2,99,24,171.0,0,1
OHE Mast,Poor,High,Operational,Medium,Preventive Maintenance,High,Traction Distribution,Mizoram: Aizawl-Kolasib,81.0,0.2,99,24,171.0,1,0
OHE Mast,Poor,High,Operational,Medium,Preventive Maintenance,High,Traction Distribution,Mizoram: Aizawl-Kolasib,81.0,0.2,99,24,171.0,2,0
OHE Mast,Poor,High,Operational,Critical,Condition Monitoring,Low,Traction Distribution,Mizoram: Aizawl-Kolasib,98.0,0.21,99,24,198.0,0,1
OHE Mast,Poor,High,Operational,Critical,Condition Monitoring,Low,Traction Distribution,Mizoram: Aizawl-Kolasib,98.0,0.21,99,24,198.0,1,0
OHE Mast,Poor,High,Operational,Critical,Condition Monitoring,Low,Traction Distribution,Mizoram: Aizawl-Kolasib,98.0,0.21,99,24,198.0,2,1
Traction Substation,Critical,High,Under Observation,Critical,Corrective Maintenance,Medium,Traction Distribution,Mizoram: Aizawl-Kolasib,44.0,0.22,67,55,225.0,0,0
Traction Substation,Critical,High,Under Observation,Critical,Corrective Maintenance,Medium,Traction Distribution,Mizoram: Aizawl-Kolasib,44.0,0.22,67,55,225.0,1,0
Traction Substation,Critical,High,Under Observation,Critical,Corrective Maintenance,Medium,Traction Distribution,Mizoram: Aizawl-Kolasib,44.0,0.22,67,55,225.0,2,0
Traction Substation,Critical,High,Under Observation,Medium,Inspection,High,Traction Distribution,Mizoram: Aizawl-Kolasib,61.0,0.23,67,55,252.0,0,1
Traction Substation,Critical,High,Under Observation,Medium,Inspection,High,Traction Distribution,Mizoram: Aizawl-Kolasib,61.0,0.23,67,55,252.0,1,0
Traction Substation,Critical,High,Under Observation,Medium,Inspection,High,Traction Distribution,Mizoram: Aizawl-Kolasib,61.0,0.23,67,55,252.0,2,1
Signal,Good,Critical,Maintenance In Progress,Medium,Preventive Maintenance,Low,Signal & Telecommunication,Mizoram: Aizawl-Kolasib,78.0,0.24,36,87,279.0,0,0
Signal,Good,Critical,Maintenance In Progress,Medium,Preventive Maintenance,Low,Signal & Telecommunication,Mizoram: Aizawl-Kolasib,78.0,0.24,36,87,279.0,1,0
Signal,Good,Critical,Maintenance In Progress,Medium,Preventive Maintenance,Low,Signal & Telecommunication,Mizoram: Aizawl-Kolasib,78.0,0.24,36,87,279.0,2,0
Signal,Good,Critical,Maintenance In Progress,Critical,Condition Monitoring,Medium,Signal & Telecommunication,Mizoram: Aizawl-Kolasib,95.0,0.25,36,87,306.0,0,0
Signal,Good,Critical,Maintenance In Progress,Critical,Condition Monitoring,Medium,Signal & Telecommunication,Mizoram: Aizawl-Kolasib,95.0,0.25,36,87,306.0,1,0
Signal,Good,Critical,Maintenance In Progress,Critical,Condition Monitoring,Medium,Signal & Telecommunication,Mizoram: Aizawl-Kolasib,95.0,0.25,36,87,306.0,2,0
Axle Counter,Fair,Medium,Operational,Critical,Corrective Maintenance,High,Signal & Telecommunication,Mizoram: Aizawl-Kolasib,41.0,0.26,181,2,333.0,0,0
Axle Counter,Fair,Medium,Operational,Critical,Corrective Maintenance,High,Signal & Telecommunication,Mizoram: Aizawl-Kolasib,41.0,0.26,181,2,333.0,1,0
Axle Counter,Fair,Medium,Operational,Critical,Corrective Maintenance,High,Signal & Telecommunication,Mizoram: Aizawl-Kolasib,41.0,0.26,181,2,333.0,2,1
Axle Counter,Fair,Medium,Operational,Medium,Inspection,Low,Signal & Telecommunication,Mizoram: Aizawl-Kolasib,58.0,0.27,181,2,360.0,0,0
Axle Counter,Fair,Medium,Operational,Medium,Inspection,Low,Signal & Telecommunication,Mizoram: Aizawl-Kolasib,58.0,0.27,181,2,360.0,1,0
Axle Counter,Fair,Medium,Operational,Medium,Inspection,Low,Signal & Telecommunication,Mizoram: Aizawl-Kolasib,58.0,0.27,181,2,360.0,2,0
Track,Poor,High,Operational,Medium,Preventive Maintenance,Medium,Engineering,Mizoram: Aizawl-Kolasib,75.0,0.28,149,33,387.0,0,0
Track,Poor,High,Operational,Medium,Preventive Maintenance,Medium,Engineering,Mizoram: Aizawl-Kolasib,75.0,0.28,149,33,387.0,1,0
Track,Poor,High,Operational,Medium,Preventive Maintenance,Medium,Engineering,Mizoram: Aizawl-Kolasib,75.0,0.28,149,33,387.0,2,1
Track,Poor,High,Operational,Critical,Condition Monitoring,High,Engineering,Mizoram: Aizawl-Kolasib,92.0,0.29,149,33,414.0,0,1
Track,Poor,High,Operational,Critical,Condition Monitoring,High,Engineering,Mizoram: Aizawl-Kolasib,92.0,0.29,149,33,414.0,1,0
Track,Poor,High,Operational,Critical,Condition Monitoring,High,Engineering,Mizoram: Aizawl-Kolasib,92.0,0.29,149,33,414.0,2,1
Turnout,Critical,High,Under Observation,Critical,Corrective Maintenance,Low,Engineering,Mizoram: Aizawl-Kolasib,38.0,0.3,118,65,441.0,0,1
Turnout,Critical,High,Under Observation,Critical,Corrective Maintenance,Low,Engineering,Mizoram: Aizawl-Kolasib,38.0,0.3,118,65,441.0,1,0
Turnout,Critical,High,Under Observation,Critical,Corrective Maintenance,Low,Engineering,Mizoram: Aizawl-Kolasib,38.0,0.3,118,65,441.0,2,1
Turnout,Critical,High,Under Observation,Medium,Inspection,Medium,Engineering,Mizoram: Aizawl-Kolasib,55.0,0.31,118,65,132.0,0,0
Turnout,Critical,High,Under Observation,Medium,Inspection,Medium,Engineering,Mizoram: Aizawl-Kolasib,55.0,0.31,118,65,132.0,1,0
Turnout,Critical,High,Under Observation,Medium,Inspection,Medium,Engineering,Mizoram: Aizawl-Kolasib,55.0,0.31,118,65,132.0,2,0
OHE Mast,Good,Critical,Maintenance In Progress,Medium,Preventive Maintenance,High,Traction Distribution,Mizoram: Aizawl-Kolasib,72.0,0.32,86,5,159.0,0,0
OHE Mast,Good,Critical,Maintenance In Progress,Medium,Preventive Maintenance,High,Traction Distribution,Mizoram: Aizawl-Kolasib,72.0,0.32,86,5,159.0,1,1
OHE Mast,Good,Critical,Maintenance In Progress,Medium,Preventive Maintenance,High,Traction Distribution,Mizoram: Aizawl-Kolasib,72.0,0.32,86,5,159.0,2,0
OHE Mast,Good,Critical,Maintenance In Progress,Critical,Condition Monitoring,Low,Traction Distribution,Mizoram: Aizawl-Kolasib,89.0,0.33,86,5,186.0,0,0
OHE Mast,Good,Critical,Maintenance In Progress,Critical,Condition Monitoring,Low,Traction Distribution,Mizoram: Aizawl-Kolasib,89.0,0.33,86,5,186.0,1,0
OHE Mast,Good,Critical,Maintenance In Progress,Critical,Condition Monitoring,Low,Traction Distribution,Mizoram: Aizawl-Kolasib,89.0,0.33,86,5,186.0,2,0
Traction Substation,Fair,Medium,Operational,Critical,Corrective Maintenance,Medium,Traction Distribution,Mizoram: Aizawl-Kolasib,35.0,0.34,55,36,213.0,0,0
Traction Substation,Fair,Medium,Operational,Critical,Corrective Maintenance,Medium,Traction Distribution,Mizoram: Aizawl-Kolasib,35.0,0.34,55,36,213.0,1,1
Traction Substation,Fair,Medium,Operational,Critical,Corrective Maintenance,Medium,Traction Distribution,Mizoram: Aizawl-Kolasib,35.0,0.34,55,36,213.0,2,0
Traction Substation,Fair,Medium,Operational,Medium,Inspection,High,Traction Distribution,Mizoram: Aizawl-Kolasib,52.0,0.35,55,36,240.0,0,0
Traction Substation,Fair,Medium,Operational,Medium,Inspection,High,Traction Distribution,Mizoram: Aizawl-Kolasib,52.0,0.35,55,36,240.0,1,1
Traction Substation,Fair,Medium,Operational,Medium,Inspection,High,Traction Distribution,Mizoram: Aizawl-Kolasib,52.0,0.35,55,36,240.0,2,0
Signal,Poor,High,Operational,Medium,Preventive Maintenance,Low,Signal & Telecommunication,Mizoram: Aizawl-Kolasib,69.0,0.36,176,68,267.0,0,0
Signal,Poor,High,Operational,Medium,Preventive Maintenance,Low,Signal & Telecommunication,Mizoram: Aizawl-Kolasib,69.0,0.36,176,68,267.0,1,0
Signal,Poor,High,Operational,Medium,Preventive Maintenance,Low,Signal & Telecommunication,Mizoram: Aizawl-Kolasib,69.0,0.36,176,68,267.0,2,0
Signal,Poor,High,Operational,Critical,Condition Monitoring,Medium,Signal & Telecommunication,Mizoram: Aizawl-Kolasib,86.0,0.37,176,68,294.0,0,1
Signal,Poor,High,Operational,Critical,Condition Monitoring,Medium,Signal & Telecommunication,Mizoram: Aizawl-Kolasib,86.0,0.37,176,68,294.0,1,0
Signal,Poor,High,Operational,Critical,Condition Monitoring,Medium,Signal & Telecommunication,Mizoram: Aizawl-Kolasib,86.0,0.37,176,68,294.0,2,1
Axle Counter,Critical,High,Under Observation,Critical,Corrective Maintenance,High,Signal & Telecommunication,Mizoram: Aizawl-Kolasib,103.0,0.38,144,8,321.0,0,1
Axle Counter,Critical,High,Under Observation,Critical,Corrective Maintenance,High,Signal & Telecommunication,Mizoram: Aizawl-Kolasib,103.0,0.38,144,8,321.0,1,1
Axle Counter,Critical,High,Under Observation,Critical,Corrective Maintenance,High,Signal & Telecommunication,Mizoram: Aizawl-Kolasib,103.0,0.38,144,8,321.0,2,1
Axle Counter,Critical,High,Under Observation,Medium,Inspection,Low,Signal & Telecommunication,Mizoram: Aizawl-Kolasib,49.0,0.39,144,8,348.0,0,1
Axle Counter,Critical,High,Under Observation,Medium,Inspection,Low,Signal & Telecommunication,Mizoram: Aizawl-Kolasib,49.0,0.39,144,8,348.0,1,0
Axle Counter,Critical,High,Under Observation,Medium,Inspection,Low,Signal & Telecommunication,Mizoram: Aizawl-Kolasib,49.0,0.39,144,8,348.0,2,1
Track,Good,Critical,Maintenance In Progress,Medium,Preventive Maintenance,Medium,Engineering,Mizoram: Aizawl-Kolasib,66.0,0.4,113,39,375.0,0,1
Track,Good,Critical,Maintenance In Progress,Medium,Preventive Maintenance,Medium,Engineering,Mizoram: Aizawl-Kolasib,66.0,0.4,113,39,375.0,1,1
Track,Good,Critical,Maintenance In Progress,Medium,Preventive Maintenance,Medium,Engineering,Mizoram: Aizawl-Kolasib,66.0,0.4,113,39,375.0,2,0
Track,Good,Critical,Maintenance In Progress,Critical,Condition Monitoring,High,Engineering,Mizoram: Aizawl-Kolasib,83.0,0.41,113,39,402.0,0,1
Track,Good,Critical,Maintenance In Progress,Critical,Condition Monitoring,High,Engineering,Mizoram: Aizawl-Kolasib,83.0,0.41,113,39,402.0,1,0
Track,Good,Critical,Maintenance In Progress,Critical,Condition Monitoring,High,Engineering,Mizoram: Aizawl-Kolasib,83.0,0.41,113,39,402.0,2,1
Turnout,Fair,Medium,Operational,Critical,Corrective Maintenance,Low,Engineering,Mizoram: Aizawl-Kolasib,100.0,0.42,81,71,429.0,0,0
Turnout,Fair,Medium,Operational,Critical,Corrective Maintenance,Low,Engineering,Mizoram: Aizawl-Kolasib,100.0,0.42,81,71,429.0,1,0
Turnout,Fair,Medium,Operational,Critical,Corrective Maintenance,Low,Engineering,Mizoram: Aizawl-Kolasib,100.0,0.42,81,71,429.0,2,1
Turnout,Fair,Medium,Operational,Medium,Inspection,Medium,Engineering,Mizoram: Aizawl-Kolasib,46.0,0.43,81,71,456.0,0,0
Turnout,Fair,Medium,Operational,Medium,Inspection,Medium,Engineering,Mizoram: Aizawl-Kolasib,46.0,0.43,81,71,456.0,1,0
Turnout,Fair,Medium,Operational,Medium,Inspection,Medium,Engineering,Mizoram: Aizawl-Kolasib,46.0,0.43,81,71,456.0,2,0
OHE Mast,Poor,High,Operational,Medium,Preventive Maintenance,High,Traction Distribution,Mizoram: Aizawl-Kolasib,63.0,0.44,50,11,483.0,0,1
OHE Mast,Poor,High,Operational,Medium,Preventive Maintenance,High,Traction Distribution,Mizoram: Aizawl-Kolasib,63.0,0.44,50,11,483.0,1,1
OHE Mast,Poor,High,Operational,Medium,Preventive Maintenance,High,Traction Distribution,Mizoram: Aizawl-Kolasib,63.0,0.44,50,11,483.0,2,1
OHE Mast,Poor,High,Operational,Critical,Condition Monitoring,Low,Traction Distribution,Mizoram: Aizawl-Kolasib,80.0,0.45,50,11,174.0,0,1
OHE Mast,Poor,High,Operational,Critical,Condition Monitoring,Low,Traction Distribution,Mizoram: Aizawl-Kolasib,80.0,0.45,50,11,174.0,1,1
OHE Mast,Poor,High,Operational,Critical,Condition Monitoring,Low,Traction Distribution,Mizoram: Aizawl-Kolasib,80.0,0.45,50,11,174.0,2,1
Traction Substation,Critical,High,Under Observation,Critical,Corrective Maintenance,Medium,Traction Distribution,Mizoram: Aizawl-Kolasib,97.0,0.46,171,42,201.0,0,0
Traction Substation,Critical,High,Under Observation,Critical,Corrective Maintenance,Medium,Traction Distribution,Mizoram: Aizawl-Kolasib,97.0,0.46,171,42,201.0,1,1
Traction Substation,Critical,High,Under Observation,Critical,Corrective Maintenance,Medium,Traction Distribution,Mizoram: Aizawl-Kolasib,97.0,0.46,171,42,201.0,2,1
Traction Substation,Critical,High,Under Observation,Medium,Inspection,High,Traction Distribution,Mizoram: Aizawl-Kolasib,43.0,0.47,171,42,228.0,0,0
Traction Substation,Critical,High,Under Observation,Medium,Inspection,High,Traction Distribution,Mizoram: Aizawl-Kolasib,43.0,0.47,171,42,228.0,1,1
Traction Substation,Critical,High,Under Observation,Medium,Inspection,High,Traction Distribution,Mizoram: Aizawl-Kolasib,43.0,0.47,171,42,228.0,2,1
Signal,Good,Critical,Maintenance In Progress,Medium,Preventive Maintenance,Low,Signal & Telecommunication,Mizoram: Aizawl-Kolasib,60.0,0.48,139,74,255.0,0,0
Signal,Good,Critical,Maintenance In Progress,Medium,Preventive Maintenance,Low,Signal & Telecommunication,Mizoram: Aizawl-Kolasib,60.0,0.48,139,74,255.0,1,1
Signal,Good,Critical,Maintenance In Progress,Medium,Preventive Maintenance,Low,Signal & Telecommunication,Mizoram: Aizawl-Kolasib,60.0,0.48,139,74,255.0,2,0
Signal,Good,Critical,Maintenance In Progress,Critical,Condition Monitoring,Medium,Signal & Telecommunication,Mizoram: Aizawl-Kolasib,77.0,0.49,139,74,282.0,0,1
Signal,Good,Critical,Maintenance In Progress,Critical,Condition Monitoring,Medium,Signal & Telecommunication,Mizoram: Aizawl-Kolasib,77.0,0.49,139,74,282.0,1,0
Signal,Good,Critical,Maintenance In Progress,Critical,Condition Monitoring,Medium,Signal & Telecommunication,Mizoram: Aizawl-Kolasib,77.0,0.49,139,74,282.0,2,0
Axle Counter,Fair,Medium,Operational,Critical,Corrective Maintenance,High,Signal & Telecommunication,Mizoram: Aizawl-Kolasib,94.0,0.5,108,14,309.0,0,0
Axle Counter,Fair,Medium,Operational,Critical,Corrective Maintenance,High,Signal & Telecommunication,Mizoram: Aizawl-Kolasib,94.0,0.5,108,14,309.0,1,1
Axle Counter,Fair,Medium,Operational,Critical,Corrective Maintenance,High,Signal & Telecommunication,Mizoram: Aizawl-Kolasib,94.0,0.5,108,14,309.0,2,1
Axle Counter,Fair,Medium,Operational,Medium,Inspection,Low,Signal & Telecommunication,Mizoram: Aizawl-Kolasib,40.0,0.51,108,14,336.0,0,0
Axle Counter,Fair,Medium,Operational,Medium,Inspection,Low,Signal & Telecommunication,Mizoram: Aizawl-Kolasib,40.0,0.51,108,14,336.0,1,1
Axle Counter,Fair,Medium,Operational,Medium,Inspection,Low,Signal & Telecommunication,Mizoram: Aizawl-Kolasib,40.0,0.51,108,14,336.0,2,0
Track,Poor,High,Operational,Medium,Preventive Maintenance,Medium,Engineering,Nagaland: Dimapur-Kohima,57.0,0.52,76,45,363.0,0,0
Track,Poor,High,Operational,Medium,Preventive Maintenance,Medium,Engineering,Nagaland: Dimapur-Kohima,57.0,0.52,76,45,363.0,1,0
Track,Poor,High,Operational,Medium,Preventive Maintenance,Medium,Engineering,Nagaland: Dimapur-Kohima,57.0,0.52,76,45,363.0,2,1
Track,Poor,High,Operational,Critical,Condition Monitoring,High,Engineering,Nagaland: Dimapur-Kohima,74.0,0.53,76,45,390.0,0,1
Track,Poor,High,Operational,Critical,Condition Monitoring,High,Engineering,Nagaland: Dimapur-Kohima,74.0,0.53,76,45,390.0,1,1
Track,Poor,High,Operational,Critical,Condition Monitoring,High,Engineering,Nagaland: Dimapur-Kohima,74.0,0.53,76,45,390.0,2,1
Turnout,Critical,High,Under Observation,Critical,Corrective Maintenance,Low,Engineering,Nagaland: Dimapur-Kohima,91.0,0.54,45,77,417.0,0,1
Turnout,Critical,High,Under Observation,Critical,Corrective Maintenance,Low,Engineering,Nagaland: Dimapur-Kohima,91.0,0.54,45,77,417.0,1,0
Turnout,Critical,High,Under Observation,Critical,Corrective Maintenance,Low,Engineering,Nagaland: Dimapur-Kohima,91.0,0.54,45,77,417.0,2,1
Turnout,Critical,High,Under Observation,Medium,Inspection,Medium,Engineering,Nagaland: Dimapur-Kohima,37.0,0.55,45,77,444.0,0,0
Turnout,Critical,High,Under Observation,Medium,Inspection,Medium,Engineering,Nagaland: Dimapur-Kohima,37.0,0.55,45,77,444.0,1,1
Turnout,Critical,High,Under Observation,Medium,Inspection,Medium,Engineering,Nagaland: Dimapur-Kohima,37.0,0.55,45,77,444.0,2,1
OHE Mast,Good,Critical,Maintenance In Progress,Medium,Preventive Maintenance,High,Traction Distribution,Nagaland: Dimapur-Kohima,54.0,0.56,166,17,471.0,0,1
OHE Mast,Good,Critical,Maintenance In Progress,Medium,Preventive Maintenance,High,Traction Distribution,Nagaland: Dimapur-Kohima,54.0,0.56,166,17,471.0,1,1
OHE Mast,Good,Critical,Maintenance In Progress,Medium,Preventive Maintenance,High,Traction Distribution,Nagaland: Dimapur-Kohima,54.0,0.56,166,17,471.0,2,0
OHE Mast,Good,Critical,Maintenance In Progress,Critical,Condition Monitoring,Low,Traction Distribution,Nagaland: Dimapur-Kohima,71.0,0.57,166,17,498.0,0,1
OHE Mast,Good,Critical,Maintenance In Progress,Critical,Condition Monitoring,Low,Traction Distribution,Nagaland: Dimapur-Kohima,71.0,0.57,166,17,498.0,1,0
OHE Mast,Good,Critical,Maintenance In Progress,Critical,Condition Monitoring,Low,Traction Distribution,Nagaland: Dimapur-Kohima,71.0,0.57,166,17,498.0,2,0
Traction Substation,Fair,Medium,Operational,Critical,Corrective Maintenance,Medium,Traction Distribution,Nagaland: Dimapur-Kohima,88.0,0.58,134,48,525.0,0,0
Traction Substation,Fair,Medium,Operational,Critical,Corrective Maintenance,Medium,Traction Distribution,Nagaland: Dimapur-Kohima,88.0,0.58,134,48,525.0,1,0
Traction Substation,Fair,Medium,Operational,Critical,Corrective Maintenance,Medium,Traction Distribution,Nagaland: Dimapur-Kohima,88.0,0.58,134,48,525.0,2,1
Traction Substation,Fair,Medium,Operational,Medium,Inspection,High,Traction Distribution,Nagaland: Dimapur-Kohima,105.0,0.59,134,48,216.0,0,0
Traction Substation,Fair,Medium,Operational,Medium,Inspection,High,Traction Distribution,Nagaland: Dimapur-Kohima,105.0,0.59,134,48,216.0,1,0
Traction Substation,Fair,Medium,Operational,Medium,Inspection,High,Traction Distribution,Nagaland: Dimapur-Kohima,105.0,0.59,134,48,216.0,2,0
Signal,Poor,High,Operational,Medium,Preventive Maintenance,Low,Signal & Telecommunication,Nagaland: Dimapur-Kohima,51.0,0.6,103,80,243.0,0,1
Signal,Poor,High,Operational,Medium,Preventive Maintenance,Low,Signal & Telecommunication,Nagaland: Dimapur-Kohima,51.0,0.6,103,80,243.0,1,1
Signal,Poor,High,Operational,Medium,Preventive Maintenance,Low,Signal & Telecommunication,Nagaland: Dimapur-Kohima,51.0,0.6,103,80,243.0,2,0
Signal,Poor,High,Operational,Critical,Condition Monitoring,Medium,Signal & Telecommunication,Nagaland: Dimapur-Kohima,68.0,0.61,103,80,270.0,0,1
Signal,Poor,High,Operational,Critical,Condition Monitoring,Medium,Signal & Telecommunication,Nagaland: Dimapur-Kohima,68.0,0.61,103,80,270.0,1,1
Signal,Poor,High,Operational,Critical,Condition Monitoring,Medium,Signal & Telecommunication,Nagaland: Dimapur-Kohima,68.0,0.61,103,80,270.0,2,0
Axle Counter,Critical,High,Under Observation,Critical,Corrective Maintenance,High,Signal & Telecommunication,Nagaland: Dimapur-Kohima,85.0,0.62,71,20,297.0,0,1
Axle Counter,Critical,High,Under Observation,Critical,Corrective Maintenance,High,Signal & Telecommunication,Nagaland: Dimapur-Kohima,85.0,0.62,71,20,297.0,1,0
Axle Counter,Critical,High,Under Observation,Critical,Corrective Maintenance,High,Signal & Telecommunication,Nagaland: Dimapur-Kohima,85.0,0.62,71,20,297.0,2,1
Axle Counter,Critical,High,Under Observation,Medium,Inspection,Low,Signal & Telecommunication,Nagaland: Dimapur-Kohima,102.0,0.63,71,20,324.0,0,0
Axle Counter,Critical,High,Under Observation,Medium,Inspection,Low,Signal & Telecommunication,Nagaland: Dimapur-Kohima,102.0,0.63,71,20,324.0,1,1
Axle Counter,Critical,High,Under Observation,Medium,Inspection,Low,Signal & Telecommunication,Nagaland: Dimapur-Kohima,102.0,0.63,71,20,324.0,2,1
Track,Good,Critical,Maintenance In Progress,Medium,Preventive Maintenance,Medium,Engineering,Nagaland: Dimapur-Kohima,48.0,0.64,40,51,351.0,0,1
Track,Good,Critical,Maintenance In Progress,Medium,Preventive Maintenance,Medium,Engineering,Nagaland: Dimapur-Kohima,48.0,0.64,40,51,351.0,1,1
Track,Good,Critical,Maintenance In Progress,Medium,Preventive Maintenance,Medium,Engineering,Nagaland: Dimapur-Kohima,48.0,0.64,40,51,351.0,2,1
Track,Good,Critical,Maintenance In Progress,Critical,Condition Monitoring,High,Engineering,Nagaland: Dimapur-Kohima,65.0,0.65,40,51,378.0,0,1
Track,Good,Critical,Maintenance In Progress,Critical,Condition Monitoring,High,Engineering,Nagaland: Dimapur-Kohima,65.0,0.65,40,51,378.0,1,0
Track,Good,Critical,Maintenance In Progress,Critical,Condition Monitoring,High,Engineering,Nagaland: Dimapur-Kohima,65.0,0.65,40,51,378.0,2,0
Turnout,Fair,Medium,Operational,Critical,Corrective Maintenance,Low,Engineering,Nagaland: Dimapur-Kohima,82.0,0.66,161,83,405.0,0,1
Turnout,Fair,Medium,Operational,Critical,Corrective Maintenance,Low,Engineering,Nagaland: Dimapur-Kohima,82.0,0.66,161,83,405.0,1,0
Turnout,Fair,Medium,Operational,Critical,Corrective Maintenance,Low,Engineering,Nagaland: Dimapur-Kohima,82.0,0.66,161,83,405.0,2,1
Turnout,Fair,Medium,Operational,Medium,Inspection,Medium,Engineering,Nagaland: Dimapur-Kohima,99.0,0.67,161,83,432.0,0,0
Turnout,Fair,Medium,Operational,Medium,Inspection,Medium,Engineering,Nagaland: Dimapur-Kohima,99.0,0.67,161,83,432.0,1,0
Turnout,Fair,Medium,Operational,Medium,Inspection,Medium,Engineering,Nagaland: Dimapur-Kohima,99.0,0.67,161,83,432.0,2,0
OHE Mast,Poor,High,Operational,Medium,Preventive Maintenance,High,Traction Distribution,Nagaland: Dimapur-Kohima,45.0,0.68,129,23,459.0,0,1
OHE Mast,Poor,High,Operational,Medium,Preventive Maintenance,High,Traction Distribution,Nagaland: Dimapur-Kohima,45.0,0.68,129,23,459.0,1,0
OHE Mast,Poor,High,Operational,Medium,Preventive Maintenance,High,Traction Distribution,Nagaland: Dimapur-Kohima,45.0,0.68,129,23,459.0,2,1
OHE Mast,Poor,High,Operational,Critical,Condition Monitoring,Low,Traction Distribution,Nagaland: Dimapur-Kohima,62.0,0.69,129,23,486.0,0,1
OHE Mast,Poor,High,Operational,Critical,Condition Monitoring,Low,Traction Distribution,Nagaland: Dimapur-Kohima,62.0,0.69,129,23,486.0,1,1
OHE Mast,Poor,High,Operational,Critical,Condition Monitoring,Low,Traction Distribution,Nagaland: Dimapur-Kohima,62.0,0.69,129,23,486.0,2,1
Traction Substation,Critical,High,Under Observation,Critical,Corrective Maintenance,Medium,Traction Distribution,Nagaland: Dimapur-Kohima,79.0,0.7,98,54,513.0,0,1
Traction Substation,Critical,High,Under Observation,Critical,Corrective Maintenance,Medium,Traction Distribution,Nagaland: Dimapur-Kohima,79.0,0.7,98,54,513.0,1,1
Traction Substation,Critical,High,Under Observation,Critical,Corrective Maintenance,Medium,Traction Distribution,Nagaland: Dimapur-Kohima,79.0,0.7,98,54,513.0,2,1
Traction Substation,Critical,High,Under Observation,Medium,Inspection,High,Traction Distribution,Nagaland: Dimapur-Kohima,96.0,0.71,98,54,540.0,0,0
Traction Substation,Critical,High,Under Observation,Medium,Inspection,High,Traction Distribution,Nagaland: Dimapur-Kohima,96.0,0.71,98,54,540.0,1,0
Traction Substation,Critical,High,Under Observation,Medium,Inspection,High,Traction Distribution,Nagaland: Dimapur-Kohima,96.0,0.71,98,54,540.0,2,0
Signal,Good,Critical,Maintenance In Progress,Medium,Preventive Maintenance,Low,Signal & Telecommunication,Nagaland: Dimapur-Kohima,42.0,0.72,66,86,567.0,0,0
Signal,Good,Critical,Maintenance In Progress,Medium,Preventive Maintenance,Low,Signal & Telecommunication,Nagaland: Dimapur-Kohima,42.0,0.72,66,86,567.0,1,1
Signal,Good,Critical,Maintenance In Progress,Medium,Preventive Maintenance,Low,Signal & Telecommunication,Nagaland: Dimapur-Kohima,42.0,0.72,66,86,567.0,2,0
Signal,Good,Critical,Maintenance In Progress,Critical,Condition Monitoring,Medium,Signal & Telecommunication,Nagaland: Dimapur-Kohima,59.0,0.73,66,86,258.0,0,1
Signal,Good,Critical,Maintenance In Progress,Critical,Condition Monitoring,Medium,Signal & Telecommunication,Nagaland: Dimapur-Kohima,59.0,0.73,66,86,258.0,1,1
Signal,Good,Critical,Maintenance In Progress,Critical,Condition Monitoring,Medium,Signal & Telecommunication,Nagaland: Dimapur-Kohima,59.0,0.73,66,86,258.0,2,1
Axle Counter,Fair,Medium,Operational,Critical,Corrective Maintenance,High,Signal & Telecommunication,Nagaland: Dimapur-Kohima,76.0,0.74,59,26,285.0,0,0
Axle Counter,Fair,Medium,Operational,Critical,Corrective Maintenance,High,Signal & Telecommunication,Nagaland: Dimapur-Kohima,76.0,0.74,59,26,285.0,1,1
Axle Counter,Fair,Medium,Operational,Critical,Corrective Maintenance,High,Signal & Telecommunication,Nagaland: Dimapur-Kohima,76.0,0.74,59,26,285.0,2,1
Axle Counter,Fair,Medium,Operational,Medium,Inspection,Low,Signal & Telecommunication,Nagaland: Dimapur-Kohima,93.0,0.75,59,26,312.0,0,0
Axle Counter,Fair,Medium,Operational,Medium,Inspection,Low,Signal & Telecommunication,Nagaland: Dimapur-Kohima,93.0,0.75,59,26,312.0,1,0
Axle Counter,Fair,Medium,Operational,Medium,Inspection,Low,Signal & Telecommunication,Nagaland: Dimapur-Kohima,93.0,0.75,59,26,312.0,2,0
Track,Poor,High,Operational,Medium,Preventive Maintenance,Medium,Engineering,Nagaland: Dimapur-Kohima,39.0,0.76,180,32,339.0,0,1
Track,Poor,High,Operational,Medium,Preventive Maintenance,Medium,Engineering,Nagaland: Dimapur-Kohima,39.0,0.76,180,32,339.0,1,0
Track,Poor,High,Operational,Medium,Preventive Maintenance,Medium,Engineering,Nagaland: Dimapur-Kohima,39.0,0.76,180,32,339.0,2,1
Track,Poor,High,Operational,Critical,Condition Monitoring,High,Engineering,Nagaland: Dimapur-Kohima,56.0,0.77,180,32,366.0,0,1
Track,Poor,High,Operational,Critical,Condition Monitoring,High,Engineering,Nagaland: Dimapur-Kohima,56.0,0.77,180,32,366.0,1,1
Track,Poor,High,Operational,Critical,Condition Monitoring,High,Engineering,Nagaland: Dimapur-Kohima,56.0,0.77,180,32,366.0,2,1
Turnout,Critical,High,Under Observation,Critical,Corrective Maintenance,Low,Engineering,Nagaland: Dimapur-Kohima,73.0,0.78,148,64,393.0,0,1
Turnout,Critical,High,Under Observation,Critical,Corrective Maintenance,Low,Engineering,Nagaland: Dimapur-Kohima,73.0,0.78,148,64,393.0,1,1
Turnout,Critical,High,Under Observation,Critical,Corrective Maintenance,Low,Engineering,Nagaland: Dimapur-Kohima,73.0,0.78,148,64,393.0,2,1
Turnout,Critical,High,Under Observation,Medium,Inspection,Medium,Engineering,Nagaland: Dimapur-Kohima,90.0,0.79,148,64,420.0,0,0
Turnout,Critical,High,Under Observation,Medium,Inspection,Medium,Engineering,Nagaland: Dimapur-Kohima,90.0,0.79,148,64,420.0,1,1
Turnout,Critical,High,Under Observation,Medium,Inspection,Medium,Engineering,Nagaland: Dimapur-Kohima,90.0,0.79,148,64,420.0,2,0
OHE Mast,Good,Critical,Maintenance In Progress,Medium,Preventive Maintenance,High,Traction Distribution,Nagaland: Dimapur-Kohima,36.0,0.8,117,4,447.0,0,1
OHE Mast,Good,Critical,Maintenance In Progress,Medium,Preventive Maintenance,High,Traction Distribution,Nagaland: Dimapur-Kohima,36.0,0.8,117,4,447.0,1,1
OHE Mast,Good,Critical,Maintenance In Progress,Medium,Preventive Maintenance,High,Traction Distribution,Nagaland: Dimapur-Kohima,36.0,0.8,117,4,447.0,2,1
OHE Mast,Good,Critical,Maintenance In Progress,Critical,Condition Monitoring,Low,Traction Distribution,Nagaland: Dimapur-Kohima,53.0,0.81,117,4,474.0,0,1
OHE Mast,Good,Critical,Maintenance In Progress,Critical,Condition Monitoring,Low,Traction Distribution,Nagaland: Dimapur-Kohima,53.0,0.81,117,4,474.0,1,1
OHE Mast,Good,Critical,Maintenance In Progress,Critical,Condition Monitoring,Low,Traction Distribution,Nagaland: Dimapur-Kohima,53.0,0.81,117,4,474.0,2,0
Traction Substation,Fair,Medium,Operational,Critical,Corrective Maintenance,Medium,Traction Distribution,Nagaland: Dimapur-Kohima,70.0,0.82,85,35,501.0,0,0
Traction Substation,Fair,Medium,Operational,Critical,Corrective Maintenance,Medium,Traction Distribution,Nagaland: Dimapur-Kohima,70.0,0.82,85,35,501.0,1,0
Traction Substation,Fair,Medium,Operational,Critical,Corrective Maintenance,Medium,Traction Distribution,Nagaland: Dimapur-Kohima,70.0,0.82,85,35,501.0,2,0
Traction Substation,Fair,Medium,Operational,Medium,Inspection,High,Traction Distribution,Nagaland: Dimapur-Kohima,87.0,0.83,85,35,528.0,0,0
Traction Substation,Fair,Medium,Operational,Medium,Inspection,High,Traction Distribution,Nagaland: Dimapur-Kohima,87.0,0.83,85,35,528.0,1,1
Traction Substation,Fair,Medium,Operational,Medium,Inspection,High,Traction Distribution,Nagaland: Dimapur-Kohima,87.0,0.83,85,35,528.0,2,0
Signal,Poor,High,Operational,Medium,Preventive Maintenance,Low,Signal & Telecommunication,Nagaland: Dimapur-Kohima,104.0,0.84,54,67,555.0,0,0
Signal,Poor,High,Operational,Medium,Preventive Maintenance,Low,Signal & Telecommunication,Nagaland: Dimapur-Kohima,104.0,0.84,54,67,555.0,1,1
Signal,Poor,High,Operational,Medium,Preventive Maintenance,Low,Signal & Telecommunication,Nagaland: Dimapur-Kohima,104.0,0.84,54,67,555.0,2,0
Signal,Poor,High,Operational,Critical,Condition Monitoring,Medium,Signal & Telecommunication,Nagaland: Dimapur-Kohima,50.0,0.85,54,67,582.0,0,1
Signal,Poor,High,Operational,Critical,Condition Monitoring,Medium,Signal & Telecommunication,Nagaland: Dimapur-Kohima,50.0,0.85,54,67,582.0,1,1
Signal,Poor,High,Operational,Critical,Condition Monitoring,Medium,Signal & Telecommunication,Nagaland: Dimapur-Kohima,50.0,0.85,54,67,582.0,2,1
Axle Counter,Critical,High,Under Observation,Critical,Corrective Maintenance,High,Signal & Telecommunication,Nagaland: Dimapur-Kohima,67.0,0.86,175,7,609.0,0,1
Axle Counter,Critical,High,Under Observation,Critical,Corrective Maintenance,High,Signal & Telecommunication,Nagaland: Dimapur-Kohima,67.0,0.86,175,7,609.0,1,1
Axle Counter,Critical,High,Under Observation,Critical,Corrective Maintenance,High,Signal & Telecommunication,Nagaland: Dimapur-Kohima,67.0,0.86,175,7,609.0,2,0
Axle Counter,Critical,High,Under Observation,Medium,Inspection,Low,Signal & Telecommunication,Nagaland: Dimapur-Kohima,84.0,0.87,175,7,300.0,0,0
Axle Counter,Critical,High,Under Observation,Medium,Inspection,Low,Signal & Telecommunication,Nagaland: Dimapur-Kohima,84.0,0.87,175,7,300.0,1,0
Axle Counter,Critical,High,Under Observation,Medium,Inspection,Low,Signal & Telecommunication,Nagaland: Dimapur-Kohima,84.0,0.87,175,7,300.0,2,1
Track,Good,Critical,Maintenance In Progress,Medium,Preventive Maintenance,Medium,Engineering,Nagaland: Dimapur-Kohima,101.0,0.88,143,38,327.0,0,0
Track,Good,Critical,Maintenance In Progress,Medium,Preventive Maintenance,Medium,Engineering,Nagaland: Dimapur-Kohima,101.0,0.88,143,38,327.0,1,0
Track,Good,Critical,Maintenance In Progress,Medium,Preventive Maintenance,Medium,Engineering,Nagaland: Dimapur-Kohima,101.0,0.88,143,38,327.0,2,0
Track,Good,Critical,Maintenance In Progress,Critical,Condition Monitoring,High,Engineering,Nagaland: Dimapur-Kohima,47.0,0.89,143,38,354.0,0,1
Track,Good,Critical,Maintenance In Progress,Critical,Condition Monitoring,High,Engineering,Nagaland: Dimapur-Kohima,47.0,0.89,143,38,354.0,1,1
Track,Good,Critical,Maintenance In Progress,Critical,Condition Monitoring,High,Engineering,Nagaland: Dimapur-Kohima,47.0,0.89,143,38,354.0,2,1
Turnout,Fair,Medium,Operational,Critical,Corrective Maintenance,Low,Engineering,Nagaland: Dimapur-Kohima,64.0,0.9,112,70,381.0,0,0
Turnout,Fair,Medium,Operational,Critical,Corrective Maintenance,Low,Engineering,Nagaland: Dimapur-Kohima,64.0,0.9,112,70,381.0,1,0
Turnout,Fair,Medium,Operational,Critical,Corrective Maintenance,Low,Engineering,Nagaland: Dimapur-Kohima,64.0,0.9,112,70,381.0,2,0
Turnout,Fair,Medium,Operational,Medium,Inspection,Medium,Engineering,Nagaland: Dimapur-Kohima,81.0,0.12,112,70,408.0,0,0
Turnout,Fair,Medium,Operational,Medium,Inspection,Medium,Engineering,Nagaland: Dimapur-Kohima,81.0,0.12,112,70,408.0,1,0
Turnout,Fair,Medium,Operational,Medium,Inspection,Medium,Engineering,Nagaland: Dimapur-Kohima,81.0,0.12,112,70,408.0,2,0
OHE Mast,Poor,High,Operational,Medium,Preventive Maintenance,High,Traction Distribution,Nagaland: Dimapur-Kohima,98.0,0.13,80,10,435.0,0,1
OHE Mast,Poor,High,Operational,Medium,Preventive Maintenance,High,Traction Distribution,Nagaland: Dimapur-Kohima,98.0,0.13,80,10,435.0,1,1
OHE Mast,Poor,High,Operational,Medium,Preventive Maintenance,High,Traction Distribution,Nagaland: Dimapur-Kohima,98.0,0.13,80,10,435.0,2,1
OHE Mast,Poor,High,Operational,Critical,Condition Monitoring,Low,Traction Distribution,Nagaland: Dimapur-Kohima,44.0,0.14,80,10,462.0,0,1
OHE Mast,Poor,High,Operational,Critical,Condition Monitoring,Low,Traction Distribution,Nagaland: Dimapur-Kohima,44.0,0.14,80,10,462.0,1,0
OHE Mast,Poor,High,Operational,Critical,Condition Monitoring,Low,Traction Distribution,Nagaland: Dimapur-Kohima,44.0,0.14,80,10,462.0,2,1
Traction Substation,Critical,High,Under Observation,Critical,Corrective Maintenance,Medium,Traction Distribution,Nagaland: Dimapur-Kohima,61.0,0.15,49,41,489.0,0,1
Traction Substation,Critical,High,Under Observation,Critical,Corrective Maintenance,Medium,Traction Distribution,Nagaland: Dimapur-Kohima,61.0,0.15,49,41,489.0,1,1
Traction Substation,Critical,High,Under Observation,Critical,Corrective Maintenance,Medium,Traction Distribution,Nagaland: Dimapur-Kohima,61.0,0.15,49,41,489.0,2,1
Traction Substation,Critical,High,Under Observation,Medium,Inspection,High,Traction Distribution,Nagaland: Dimapur-Kohima,78.0,0.16,49,41,516.0,0,0
Traction Substation,Critical,High,Under Observation,Medium,Inspection,High,Traction Distribution,Nagaland: Dimapur-Kohima,78.0,0.16,49,41,516.0,1,0
Traction Substation,Critical,High,Under Observation,Medium,Inspection,High,Traction Distribution,Nagaland: Dimapur-Kohima,78.0,0.16,49,41,516.0,2,1
Signal,Good,Critical,Maintenance In Progress,Medium,Preventive Maintenance,Low,Signal & Telecommunication,Nagaland: Dimapur-Kohima,95.0,0.17,170,73,543.0,0,0
Signal,Good,Critical,Maintenance In Progress,Medium,Preventive Maintenance,Low,Signal & Telecommunication,Nagaland: Dimapur-Kohima,95.0,0.17,170,73,543.0,1,0
Signal,Good,Critical,Maintenance In Progress,Medium,Preventive Maintenance,Low,Signal & Telecommunication,Nagaland: Dimapur-Kohima,95.0,0.17,170,73,543.0,2,0
Signal,Good,Critical,Maintenance In Progress,Critical,Condition Monitoring,Medium,Signal & Telecommunication,Nagaland: Dimapur-Kohima,41.0,0.18,170,73,570.0,0,1
Signal,Good,Critical,Maintenance In Progress,Critical,Condition Monitoring,Medium,Signal & Telecommunication,Nagaland: Dimapur-Kohima,41.0,0.18,170,73,570.0,1,0
Signal,Good,Critical,Maintenance In Progress,Critical,Condition Monitoring,Medium,Signal & Telecommunication,Nagaland: Dimapur-Kohima,41.0,0.18,170,73,570.0,2,0
Axle Counter,Fair,Medium,Operational,Critical,Corrective Maintenance,High,Signal & Telecommunication,Nagaland: Dimapur-Kohima,58.0,0.19,138,13,597.0,0,1
Axle Counter,Fair,Medium,Operational,Critical,Corrective Maintenance,High,Signal & Telecommunication,Nagaland: Dimapur-Kohima,58.0,0.19,138,13,597.0,1,1
Axle Counter,Fair,Medium,Operational,Critical,Corrective Maintenance,High,Signal & Telecommunication,Nagaland: Dimapur-Kohima,58.0,0.19,138,13,597.0,2,0
Axle Counter,Fair,Medium,Operational,Medium,Inspection,Low,Signal & Telecommunication,Nagaland: Dimapur-Kohima,75.0,0.2,138,13,624.0,0,1
Axle Counter,Fair,Medium,Operational,Medium,Inspection,Low,Signal & Telecommunication,Nagaland: Dimapur-Kohima,75.0,0.2,138,13,624.0,1,0
Axle Counter,Fair,Medium,Operational,Medium,Inspection,Low,Signal & Telecommunication,Nagaland: Dimapur-Kohima,75.0,0.2,138,13,624.0,2,0
Track,Poor,High,Operational,Medium,Preventive Maintenance,Medium,Engineering,Nagaland: Dimapur-Kohima,92.0,0.21,107,44,651.0,0,1
Track,Poor,High,Operational,Medium,Preventive Maintenance,Medium,Engineering,Nagaland: Dimapur-Kohima,92.0,0.21,107,44,651.0,1,1
Track,Poor,High,Operational,Medium,Preventive Maintenance,Medium,Engineering,Nagaland: Dimapur-Kohima,92.0,0.21,107,44,651.0,2,0
Track,Poor,High,Operational,Critical,Condition Monitoring,High,Engineering,Nagaland: Dimapur-Kohima,38.0,0.22,107,44,342.0,0,1
Track,Poor,High,Operational,Critical,Condition Monitoring,High,Engineering,Nagaland: Dimapur-Kohima,38.0,0.22,107,44,342.0,1,1
Track,Poor,High,Operational,Critical,Condition Monitoring,High,Engineering,Nagaland: Dimapur-Kohima,38.0,0.22,107,44,342.0,2,0
Turnout,Critical,High,Under Observation,Critical,Corrective Maintenance,Low,Engineering,Nagaland: Dimapur-Kohima,55.0,0.23,75,76,369.0,0,1
Turnout,Critical,High,Under Observation,Critical,Corrective Maintenance,Low,Engineering,Nagaland: Dimapur-Kohima,55.0,0.23,75,76,369.0,1,1
Turnout,Critical,High,Under Observation,Critical,Corrective Maintenance,Low,Engineering,Nagaland: Dimapur-Kohima,55.0,0.23,75,76,369.0,2,1
Turnout,Critical,High,Under Observation,Medium,Inspection,Medium,Engineering,Nagaland: Dimapur-Kohima,72.0,0.24,75,76,396.0,0,0
Turnout,Critical,High,Under Observation,Medium,Inspection,Medium,Engineering,Nagaland: Dimapur-Kohima,72.0,0.24,75,76,396.0,1,1
Turnout,Critical,High,Under Observation,Medium,Inspection,Medium,Engineering,Nagaland: Dimapur-Kohima,72.0,0.24,75,76,396.0,2,1
OHE Mast,Good,Critical,Maintenance In Progress,Medium,Preventive Maintenance,High,Traction Distribution,Nagaland: Dimapur-Kohima,89.0,0.25,44,16,423.0,0,1
OHE Mast,Good,Critical,Maintenance In Progress,Medium,Preventive Maintenance,High,Traction Distribution,Nagaland: Dimapur-Kohima,89.0,0.25,44,16,423.0,1,1
OHE Mast,Good,Critical,Maintenance In Progress,Medium,Preventive Maintenance,High,Traction Distribution,Nagaland: Dimapur-Kohima,89.0,0.25,44,16,423.0,2,0
OHE Mast,Good,Critical,Maintenance In Progress,Critical,Condition Monitoring,Low,Traction Distribution,Nagaland: Dimapur-Kohima,35.0,0.26,44,16,450.0,0,0
OHE Mast,Good,Critical,Maintenance In Progress,Critical,Condition Monitoring,Low,Traction Distribution,Nagaland: Dimapur-Kohima,35.0,0.26,44,16,450.0,1,0
OHE Mast,Good,Critical,Maintenance In Progress,Critical,Condition Monitoring,Low,Traction Distribution,Nagaland: Dimapur-Kohima,35.0,0.26,44,16,450.0,2,1
Traction Substation,Fair,Medium,Operational,Critical,Corrective Maintenance,Medium,Traction Distribution,Nagaland: Dimapur-Kohima,52.0,0.27,165,47,477.0,0,0
Traction Substation,Fair,Medium,Operational,Critical,Corrective Maintenance,Medium,Traction Distribution,Nagaland: Dimapur-Kohima,52.0,0.27,165,47,477.0,1,0
Traction Substation,Fair,Medium,Operational,Critical,Corrective Maintenance,Medium,Traction Distribution,Nagaland: Dimapur-Kohima,52.0,0.27,165,47,477.0,2,0
Traction Substation,Fair,Medium,Operational,Medium,Inspection,High,Traction Distribution,Nagaland: Dimapur-Kohima,69.0,0.28,165,47,504.0,0,0
Traction Substation,Fair,Medium,Operational,Medium,Inspection,High,Traction Distribution,Nagaland: Dimapur-Kohima,69.0,0.28,165,47,504.0,1,0
Traction Substation,Fair,Medium,Operational,Medium,Inspection,High,Traction Distribution,Nagaland: Dimapur-Kohima,69.0,0.28,165,47,504.0,2,0
Signal,Poor,High,Operational,Medium,Preventive Maintenance,Low,Signal & Telecommunication,Nagaland: Dimapur-Kohima,86.0,0.29,133,79,531.0,0,1
Signal,Poor,High,Operational,Medium,Preventive Maintenance,Low,Signal & Telecommunication,Nagaland: Dimapur-Kohima,86.0,0.29,133,79,531.0,1,1
Signal,Poor,High,Operational,Medium,Preventive Maintenance,Low,Signal & Telecommunication,Nagaland: Dimapur-Kohima,86.0,0.29,133,79,531.0,2,1
Signal,Poor,High,Operational,Critical,Condition Monitoring,Medium,Signal & Telecommunication,Nagaland: Dimapur-Kohima,103.0,0.3,133,79,558.0,0,1
Signal,Poor,High,Operational,Critical,Condition Monitoring,Medium,Signal & Telecommunication,Nagaland: Dimapur-Kohima,103.0,0.3,133,79,558.0,1,1
Signal,Poor,High,Operational,Critical,Condition Monitoring,Medium,Signal & Telecommunication,Nagaland: Dimapur-Kohima,103.0,0.3,133,79,558.0,2,1
Axle Counter,Critical,High,Under Observation,Critical,Corrective Maintenance,High,Signal & Telecommunication,Nagaland: Dimapur-Kohima,49.0,0.31,102,19,585.0,0,1
Axle Counter,Critical,High,Under Observation,Critical,Corrective Maintenance,High,Signal & Telecommunication,Nagaland: Dimapur-Kohima,49.0,0.31,102,19,585.0,1,0
Axle Counter,Critical,High,Under Observation,Critical,Corrective Maintenance,High,Signal & Telecommunication,Nagaland: Dimapur-Kohima,49.0,0.31,102,19,585.0,2,0
Axle Counter,Critical,High,Under Observation,Medium,Inspection,Low,Signal & Telecommunication,Nagaland: Dimapur-Kohima,66.0,0.32,102,19,612.0,0,1
Axle Counter,Critical,High,Under Observation,Medium,Inspection,Low,Signal & Telecommunication,Nagaland: Dimapur-Kohima,66.0,0.32,102,19,612.0,1,1
Axle Counter,Critical,High,Under Observation,Medium,Inspection,Low,Signal & Telecommunication,Nagaland: Dimapur-Kohima,66.0,0.32,102,19,612.0,2,1
Track,Good,Critical,Maintenance In Progress,Medium,Preventive Maintenance,Medium,Engineering,Nagaland: Dimapur-Kohima,83.0,0.33,70,50,639.0,0,0
Track,Good,Critical,Maintenance In Progress,Medium,Preventive Maintenance,Medium,Engineering,Nagaland: Dimapur-Kohima,83.0,0.33,70,50,639.0,1,0
Track,Good,Critical,Maintenance In Progress,Medium,Preventive Maintenance,Medium,Engineering,Nagaland: Dimapur-Kohima,83.0,0.33,70,50,639.0,2,0
Track,Good,Critical,Maintenance In Progress,Critical,Condition Monitoring,High,Engineering,Nagaland: Dimapur-Kohima,100.0,0.34,70,50,666.0,0,0
Track,Good,Critical,Maintenance In Progress,Critical,Condition Monitoring,High,Engineering,Nagaland: Dimapur-Kohima,100.0,0.34,70,50,666.0,1,1
Track,Good,Critical,Maintenance In Progress,Critical,Condition Monitoring,High,Engineering,Nagaland: Dimapur-Kohima,100.0,0.34,70,50,666.0,2,0
Turnout,Fair,Medium,Operational,Critical,Corrective Maintenance,Low,Engineering,Nagaland: Dimapur-Kohima,46.0,0.35,39,82,693.0,0,0
Turnout,Fair,Medium,Operational,Critical,Corrective Maintenance,Low,Engineering,Nagaland: Dimapur-Kohima,46.0,0.35,39,82,693.0,1,1
Turnout,Fair,Medium,Operational,Critical,Corrective Maintenance,Low,Engineering,Nagaland: Dimapur-Kohima,46.0,0.35,39,82,693.0,2,1
Turnout,Fair,Medium,Operational,Medium,Inspection,Medium,Engineering,Nagaland: Dimapur-Kohima,63.0,0.36,39,82,384.0,0,1
Turnout,Fair,Medium,Operational,Medium,Inspection,Medium,Engineering,Nagaland: Dimapur-Kohima,63.0,0.36,39,82,384.0,1,0
Turnout,Fair,Medium,Operational,Medium,Inspection,Medium,Engineering,Nagaland: Dimapur-Kohima,63.0,0.36,39,82,384.0,2,1
OHE Mast,Poor,High,Operational,Medium,Preventive Maintenance,High,Traction Distribution,Nagaland: Dimapur-Kohima,80.0,0.37,160,22,411.0,0,1
OHE Mast,Poor,High,Operational,Medium,Preventive Maintenance,High,Traction Distribution,Nagaland: Dimapur-Kohima,80.0,0.37,160,22,411.0,1,1
OHE Mast,Poor,High,Operational,Medium,Preventive Maintenance,High,Traction Distribution,Nagaland: Dimapur-Kohima,80.0,0.37,160,22,411.0,2,0
OHE Mast,Poor,High,Operational,Critical,Condition Monitoring,Low,Traction Distribution,Nagaland: Dimapur-Kohima,97.0,0.38,160,22,438.0,0,1
OHE Mast,Poor,High,Operational,Critical,Condition Monitoring,Low,Traction Distribution,Nagaland: Dimapur-Kohima,97.0,0.38,160,22,438.0,1,1
OHE Mast,Poor,High,Operational,Critical,Condition Monitoring,Low,Traction Distribution,Nagaland: Dimapur-Kohima,97.0,0.38,160,22,438.0,2,0
Traction Substation,Critical,High,Under Observation,Critical,Corrective Maintenance,Medium,Traction Distribution,Nagaland: Dimapur-Kohima,43.0,0.39,128,53,465.0,0,1
Traction Substation,Critical,High,Under Observation,Critical,Corrective Maintenance,Medium,Traction Distribution,Nagaland: Dimapur-Kohima,43.0,0.39,128,53,465.0,1,0
Traction Substation,Critical,High,Under Observation,Critical,Corrective Maintenance,Medium,Traction Distribution,Nagaland: Dimapur-Kohima,43.0,0.39,128,53,465.0,2,1
Traction Substation,Critical,High,Under Observation,Medium,Inspection,High,Traction Distribution,Nagaland: Dimapur-Kohima,60.0,0.4,128,53,492.0,0,1
Traction Substation,Critical,High,Under Observation,Medium,Inspection,High,Traction Distribution,Nagaland: Dimapur-Kohima,60.0,0.4,128,53,492.0,1,1
Traction Substation,Critical,High,Under Observation,Medium,Inspection,High,Traction Distribution,Nagaland: Dimapur-Kohima,60.0,0.4,128,53,492.0,2,0
Signal,Good,Critical,Maintenance In Progress,Medium,Preventive Maintenance,Low,Signal & Telecommunication,Nagaland: Dimapur-Kohima,77.0,0.41,97,85,519.0,0,0
Signal,Good,Critical,Maintenance In Progress,Medium,Preventive Maintenance,Low,Signal & Telecommunication,Nagaland: Dimapur-Kohima,77.0,0.41,97,85,519.0,1,0
Signal,Good,Critical,Maintenance In Progress,Medium,Preventive Maintenance,Low,Signal & Telecommunication,Nagaland: Dimapur-Kohima,77.0,0.41,97,85,519.0,2,1
Signal,Good,Critical,Maintenance In Progress,Critical,Condition Monitoring,Medium,Signal & Telecommunication,Nagaland: Dimapur-Kohima,94.0,0.42,97,85,546.0,0,0
Signal,Good,Critical,Maintenance In Progress,Critical,Condition Monitoring,Medium,Signal & Telecommunication,Nagaland: Dimapur-Kohima,94.0,0.42,97,85,546.0,1,0
Signal,Good,Critical,Maintenance In Progress,Critical,Condition Monitoring,Medium,Signal & Telecommunication,Nagaland: Dimapur-Kohima,94.0,0.42,97,85,546.0,2,0
Axle Counter,Fair,Medium,Operational,Critical,Corrective Maintenance,High,Signal & Telecommunication,Nagaland: Dimapur-Kohima,40.0,0.43,89,25,573.0,0,0
Axle Counter,Fair,Medium,Operational,Critical,Corrective Maintenance,High,Signal & Telecommunication,Nagaland: Dimapur-Kohima,40.0,0.43,89,25,573.0,1,1
Axle Counter,Fair,Medium,Operational,Critical,Corrective Maintenance,High,Signal & Telecommunication,Nagaland: Dimapur-Kohima,40.0,0.43,89,25,573.0,2,1
Axle Counter,Fair,Medium,Operational,Medium,Inspection,Low,Signal & Telecommunication,Nagaland: Dimapur-Kohima,57.0,0.44,89,25,600.0,0,0
Axle Counter,Fair,Medium,Operational,Medium,Inspection,Low,Signal & Telecommunication,Nagaland: Dimapur-Kohima,57.0,0.44,89,25,600.0,1,0
Axle Counter,Fair,Medium,Operational,Medium,Inspection,Low,Signal & Telecommunication,Nagaland: Dimapur-Kohima,57.0,0.44,89,25,600.0,2,0
Track,Poor,High,Operational,Medium,Preventive Maintenance,Medium,Engineering,Odisha: Bhubaneswar-Cuttack,74.0,0.45,58,56,627.0,0,1
Track,Poor,High,Operational,Medium,Preventive Maintenance,Medium,Engineering,Odisha: Bhubaneswar-Cuttack,74.0,0.45,58,56,627.0,1,1
Track,Poor,High,Operational,Medium,Preventive Maintenance,Medium,Engineering,Odisha: Bhubaneswar-Cuttack,74.0,0.45,58,56,627.0,2,1
Track,Poor,High,Operational,Critical,Condition Monitoring,High,Engineering,Odisha: Bhubaneswar-Cuttack,91.0,0.46,58,56,654.0,0,1
Track,Poor,High,Operational,Critical,Condition Monitoring,High,Engineering,Odisha: Bhubaneswar-Cuttack,91.0,0.46,58,56,654.0,1,1
Track,Poor,High,Operational,Critical,Condition Monitoring,High,Engineering,Odisha: Bhubaneswar-Cuttack,91.0,0.46,58,56,654.0,2,1
Turnout,Critical,High,Under Observation,Critical,Corrective Maintenance,Low,Engineering,Odisha: Bhubaneswar-Cuttack,37.0,0.47,179,63,681.0,0,1
Turnout,Critical,High,Under Observation,Critical,Corrective Maintenance,Low,Engineering,Odisha: Bhubaneswar-Cuttack,37.0,0.47,179,63,681.0,1,1
Turnout,Critical,High,Under Observation,Critical,Corrective Maintenance,Low,Engineering,Odisha: Bhubaneswar-Cuttack,37.0,0.47,179,63,681.0,2,1
Turnout,Critical,High,Under Observation,Medium,Inspection,Medium,Engineering,Odisha: Bhubaneswar-Cuttack,54.0,0.48,179,63,708.0,0,0
Turnout,Critical,High,Under Observation,Medium,Inspection,Medium,Engineering,Odisha: Bhubaneswar-Cuttack,54.0,0.48,179,63,708.0,1,1
Turnout,Critical,High,Under Observation,Medium,Inspection,Medium,Engineering,Odisha: Bhubaneswar-Cuttack,54.0,0.48,179,63,708.0,2,1
OHE Mast,Good,Critical,Maintenance In Progress,Medium,Preventive Maintenance,High,Traction Distribution,Odisha: Bhubaneswar-Cuttack,71.0,0.49,147,3,735.0,0,0
OHE Mast,Good,Critical,Maintenance In Progress,Medium,Preventive Maintenance,High,Traction Distribution,Odisha: Bhubaneswar-Cuttack,71.0,0.49,147,3,735.0,1,0
OHE Mast,Good,Critical,Maintenance In Progress,Medium,Preventive Maintenance,High,Traction Distribution,Odisha: Bhubaneswar-Cuttack,71.0,0.49,147,3,735.0,2,1
OHE Mast,Good,Critical,Maintenance In Progress,Critical,Condition Monitoring,Low,Traction Distribution,Odisha: Bhubaneswar-Cuttack,88.0,0.5,147,3,426.0,0,0
OHE Mast,Good,Critical,Maintenance In Progress,Critical,Condition Monitoring,Low,Traction Distribution,Odisha: Bhubaneswar-Cuttack,88.0,0.5,147,3,426.0,1,0
OHE Mast,Good,Critical,Maintenance In Progress,Critical,Condition Monitoring,Low,Traction Distribution,Odisha: Bhubaneswar-Cuttack,88.0,0.5,147,3,426.0,2,1
Traction Substation,Fair,Medium,Operational,Critical,Corrective Maintenance,Medium,Traction Distribution,Odisha: Bhubaneswar-Cuttack,105.0,0.51,116,34,453.0,0,0
Traction Substation,Fair,Medium,Operational,Critical,Corrective Maintenance,Medium,Traction Distribution,Odisha: Bhubaneswar-Cuttack,105.0,0.51,116,34,453.0,1,0
Traction Substation,Fair,Medium,Operational,Critical,Corrective Maintenance,Medium,Traction Distribution,Odisha: Bhubaneswar-Cuttack,105.0,0.51,116,34,453.0,2,0
Traction Substation,Fair,Medium,Operational,Medium,Inspection,High,Traction Distribution,Odisha: Bhubaneswar-Cuttack,51.0,0.52,116,34,480.0,0,1
Traction Substation,Fair,Medium,Operational,Medium,Inspection,High,Traction Distribution,Odisha: Bhubaneswar-Cuttack,51.0,0.52,116,34,480.0,1,0
Traction Substation,Fair,Medium,Operational,Medium,Inspection,High,Traction Distribution,Odisha: Bhubaneswar-Cuttack,51.0,0.52,116,34,480.0,2,0
Signal,Poor,High,Operational,Medium,Preventive Maintenance,Low,Signal & Telecommunication,Odisha: Bhubaneswar-Cuttack,68.0,0.53,84,66,507.0,0,0
Signal,Poor,High,Operational,Medium,Preventive Maintenance,Low,Signal & Telecommunication,Odisha: Bhubaneswar-Cuttack,68.0,0.53,84,66,507.0,1,1
Signal,Poor,High,Operational,Medium,Preventive Maintenance,Low,Signal & Telecommunication,Odisha: Bhubaneswar-Cuttack,68.0,0.53,84,66,507.0,2,1
Signal,Poor,High,Operational,Critical,Condition Monitoring,Medium,Signal & Telecommunication,Odisha: Bhubaneswar-Cuttack,85.0,0.54,84,66,534.0,0,1
Signal,Poor,High,Operational,Critical,Condition Monitoring,Medium,Signal & Telecommunication,Odisha: Bhubaneswar-Cuttack,85.0,0.54,84,66,534.0,1,1
Signal,Poor,High,Operational,Critical,Condition Monitoring,Medium,Signal & Telecommunication,Odisha: Bhubaneswar-Cuttack,85.0,0.54,84,66,534.0,2,0
Axle Counter,Critical,High,Under Observation,Critical,Corrective Maintenance,High,Signal & Telecommunication,Odisha: Bhubaneswar-Cuttack,102.0,0.55,53,6,561.0,0,1
Axle Counter,Critical,High,Under Observation,Critical,Corrective Maintenance,High,Signal & Telecommunication,Odisha: Bhubaneswar-Cuttack,102.0,0.55,53,6,561.0,1,1
Axle Counter,Critical,High,Under Observation,Critical,Corrective Maintenance,High,Signal & Telecommunication,Odisha: Bhubaneswar-Cuttack,102.0,0.55,53,6,561.0,2,0
Axle Counter,Critical,High,Under Observation,Medium,Inspection,Low,Signal & Telecommunication,Odisha: Bhubaneswar-Cuttack,48.0,0.56,53,6,588.0,0,1
Axle Counter,Critical,High,Under Observation,Medium,Inspection,Low,Signal & Telecommunication,Odisha: Bhubaneswar-Cuttack,48.0,0.56,53,6,588.0,1,0
Axle Counter,Critical,High,Under Observation,Medium,Inspection,Low,Signal & Telecommunication,Odisha: Bhubaneswar-Cuttack,48.0,0.56,53,6,588.0,2,1
Track,Good,Critical,Maintenance In Progress,Medium,Preventive Maintenance,Medium,Engineering,Odisha: Bhubaneswar-Cuttack,65.0,0.57,174,37,615.0,0,0
Track,Good,Critical,Maintenance In Progress,Medium,Preventive Maintenance,Medium,Engineering,Odisha: Bhubaneswar-Cuttack,65.0,0.57,174,37,615.0,1,1
Track,Good,Critical,Maintenance In Progress,Medium,Preventive Maintenance,Medium,Engineering,Odisha: Bhubaneswar-Cuttack,65.0,0.57,174,37,615.0,2,0
Track,Good,Critical,Maintenance In Progress,Critical,Condition Monitoring,High,Engineering,Odisha: Bhubaneswar-Cuttack,82.0,0.58,174,37,642.0,0,1
Track,Good,Critical,Maintenance In Progress,Critical,Condition Monitoring,High,Engineering,Odisha: Bhubaneswar-Cuttack,82.0,0.58,174,37,642.0,1,1
Track,Good,Critical,Maintenance In Progress,Critical,Condition Monitoring,High,Engineering,Odisha: Bhubaneswar-Cuttack,82.0,0.58,174,37,642.0,2,0
Turnout,Fair,Medium,Operational,Critical,Corrective Maintenance,Low,Engineering,Odisha: Bhubaneswar-Cuttack,99.0,0.59,142,69,669.0,0,1
Turnout,Fair,Medium,Operational,Critical,Corrective Maintenance,Low,Engineering,Odisha: Bhubaneswar-Cuttack,99.0,0.59,142,69,669.0,1,1
Turnout,Fair,Medium,Operational,Critical,Corrective Maintenance,Low,Engineering,Odisha: Bhubaneswar-Cuttack,99.0,0.59,142,69,669.0,2,1
Turnout,Fair,Medium,Operational,Medium,Inspection,Medium,Engineering,Odisha: Bhubaneswar-Cuttack,45.0,0.6,142,69,696.0,0,0
Turnout,Fair,Medium,Operational,Medium,Inspection,Medium,Engineering,Odisha: Bhubaneswar-Cuttack,45.0,0.6,142,69,696.0,1,0
Turnout,Fair,Medium,Operational,Medium,Inspection,Medium,Engineering,Odisha: Bhubaneswar-Cuttack,45.0,0.6,142,69,696.0,2,0
OHE Mast,Poor,High,Operational,Medium,Preventive Maintenance,High,Traction Distribution,Odisha: Bhubaneswar-Cuttack,62.0,0.61,111,9,723.0,0,0
OHE Mast,Poor,High,Operational,Medium,Preventive Maintenance,High,Traction Distribution,Odisha: Bhubaneswar-Cuttack,62.0,0.61,111,9,723.0,1,1
OHE Mast,Poor,High,Operational,Medium,Preventive Maintenance,High,Traction Distribution,Odisha: Bhubaneswar-Cuttack,62.0,0.61,111,9,723.0,2,1
OHE Mast,Poor,High,Operational,Critical,Condition Monitoring,Low,Traction Distribution,Odisha: Bhubaneswar-Cuttack,79.0,0.62,111,9,750.0,0,1
OHE Mast,Poor,High,Operational,Critical,Condition Monitoring,Low,Traction Distribution,Odisha: Bhubaneswar-Cuttack,79.0,0.62,111,9,750.0,1,0
OHE Mast,Poor,High,Operational,Critical,Condition Monitoring,Low,Traction Distribution,Odisha: Bhubaneswar-Cuttack,79.0,0.62,111,9,750.0,2,0
Traction Substation,Critical,High,Under Observation,Critical,Corrective Maintenance,Medium,Traction Distribution,Odisha: Bhubaneswar-Cuttack,96.0,0.63,79,40,777.0,0,1
Traction Substation,Critical,High,Under Observation,Critical,Corrective Maintenance,Medium,Traction Distribution,Odisha: Bhubaneswar-Cuttack,96.0,0.63,79,40,777.0,1,1
Traction Substation,Critical,High,Under Observation,Critical,Corrective Maintenance,Medium,Traction Distribution,Odisha: Bhubaneswar-Cuttack,96.0,0.63,79,40,777.0,2,1
Traction Substation,Critical,High,Under Observation,Medium,Inspection,High,Traction Distribution,Odisha: Bhubaneswar-Cuttack,42.0,0.64,79,40,468.0,0,0
Traction Substation,Critical,High,Under Observation,Medium,Inspection,High,Traction Distribution,Odisha: Bhubaneswar-Cuttack,42.0,0.64,79,40,468.0,1,1
Traction Substation,Critical,High,Under Observation,Medium,Inspection,High,Traction Distribution,Odisha: Bhubaneswar-Cuttack,42.0,0.64,79,40,468.0,2,1
Signal,Good,Critical,Maintenance In Progress,Medium,Preventive Maintenance,Low,Signal & Telecommunication,Odisha: Bhubaneswar-Cuttack,59.0,0.65,48,72,495.0,0,0
Signal,Good,Critical,Maintenance In Progress,Medium,Preventive Maintenance,Low,Signal & Telecommunication,Odisha: Bhubaneswar-Cuttack,59.0,0.65,48,72,495.0,1,0
Signal,Good,Critical,Maintenance In Progress,Medium,Preventive Maintenance,Low,Signal & Telecommunication,Odisha: Bhubaneswar-Cuttack,59.0,0.65,48,72,495.0,2,0
Signal,Good,Critical,Maintenance In Progress,Critical,Condition Monitoring,Medium,Signal & Telecommunication,Odisha: Bhubaneswar-Cuttack,76.0,0.66,48,72,522.0,0,1
Signal,Good,Critical,Maintenance In Progress,Critical,Condition Monitoring,Medium,Signal & Telecommunication,Odisha: Bhubaneswar-Cuttack,76.0,0.66,48,72,522.0,1,1
Signal,Good,Critical,Maintenance In Progress,Critical,Condition Monitoring,Medium,Signal & Telecommunication,Odisha: Bhubaneswar-Cuttack,76.0,0.66,48,72,522.0,2,0
Axle Counter,Fair,Medium,Operational,Critical,Corrective Maintenance,High,Signal & Telecommunication,Odisha: Bhubaneswar-Cuttack,93.0,0.67,169,12,549.0,0,1
Axle Counter,Fair,Medium,Operational,Critical,Corrective Maintenance,High,Signal & Telecommunication,Odisha: Bhubaneswar-Cuttack,93.0,0.67,169,12,549.0,1,1
Axle Counter,Fair,Medium,Operational,Critical,Corrective Maintenance,High,Signal & Telecommunication,Odisha: Bhubaneswar-Cuttack,93.0,0.67,169,12,549.0,2,1
Axle Counter,Fair,Medium,Operational,Medium,Inspection,Low,Signal & Telecommunication,Odisha: Bhubaneswar-Cuttack,39.0,0.68,169,12,576.0,0,0
Axle Counter,Fair,Medium,Operational,Medium,Inspection,Low,Signal & Telecommunication,Odisha: Bhubaneswar-Cuttack,39.0,0.68,169,12,576.0,1,0
Axle Counter,Fair,Medium,Operational,Medium,Inspection,Low,Signal & Telecommunication,Odisha: Bhubaneswar-Cuttack,39.0,0.68,169,12,576.0,2,0
Track,Poor,High,Operational,Medium,Preventive Maintenance,Medium,Engineering,Odisha: Bhubaneswar-Cuttack,56.0,0.69,137,43,603.0,0,1
Track,Poor,High,Operational,Medium,Preventive Maintenance,Medium,Engineering,Odisha: Bhubaneswar-Cuttack,56.0,0.69,137,43,603.0,1,0
Track,Poor,High,Operational,Medium,Preventive Maintenance,Medium,Engineering,Odisha: Bhubaneswar-Cuttack,56.0,0.69,137,43,603.0,2,0
Track,Poor,High,Operational,Critical,Condition Monitoring,High,Engineering,Odisha: Bhubaneswar-Cuttack,73.0,0.7,137,43,630.0,0,1
Track,Poor,High,Operational,Critical,Condition Monitoring,High,Engineering,Odisha: Bhubaneswar-Cuttack,73.0,0.7,137,43,630.0,1,1
Track,Poor,High,Operational,Critical,Condition Monitoring,High,Engineering,Odisha: Bhubaneswar-Cuttack,73.0,0.7,137,43,630.0,2,1
Turnout,Critical,High,Under Observation,Critical,Corrective Maintenance,Low,Engineering,Odisha: Bhubaneswar-Cuttack,90.0,0.71,106,75,657.0,0,1
Turnout,Critical,High,Under Observation,Critical,Corrective Maintenance,Low,Engineering,Odisha: Bhubaneswar-Cuttack,90.0,0.71,106,75,657.0,1,1
Turnout,Critical,High,Under Observation,Critical,Corrective Maintenance,Low,Engineering,Odisha: Bhubaneswar-Cuttack,90.0,0.71,106,75,657.0,2,0
Turnout,Critical,High,Under Observation,Medium,Inspection,Medium,Engineering,Odisha: Bhubaneswar-Cuttack,36.0,0.72,106,75,684.0,0,1
Turnout,Critical,High,Under Observation,Medium,Inspection,Medium,Engineering,Odisha: Bhubaneswar-Cuttack,36.0,0.72,106,75,684.0,1,1
Turnout,Critical,High,Under Observation,Medium,Inspection,Medium,Engineering,Odisha: Bhubaneswar-Cuttack,36.0,0.72,106,75,684.0,2,0
OHE Mast,Good,Critical,Maintenance In Progress,Medium,Preventive Maintenance,High,Traction Distribution,Odisha: Bhubaneswar-Cuttack,53.0,0.73,74,15,711.0,0,1
OHE Mast,Good,Critical,Maintenance In Progress,Medium,Preventive Maintenance,High,Traction Distribution,Odisha: Bhubaneswar-Cuttack,53.0,0.73,74,15,711.0,1,0
OHE Mast,Good,Critical,Maintenance In Progress,Medium,Preventive Maintenance,High,Traction Distribution,Odisha: Bhubaneswar-Cuttack,53.0,0.73,74,15,711.0,2,1
OHE Mast,Good,Critical,Maintenance In Progress,Critical,Condition Monitoring,Low,Traction Distribution,Odisha: Bhubaneswar-Cuttack,70.0,0.74,74,15,738.0,0,0
OHE Mast,Good,Critical,Maintenance In Progress,Critical,Condition Monitoring,Low,Traction Distribution,Odisha: Bhubaneswar-Cuttack,70.0,0.74,74,15,738.0,1,0
OHE Mast,Good,Critical,Maintenance In Progress,Critical,Condition Monitoring,Low,Traction Distribution,Odisha: Bhubaneswar-Cuttack,70.0,0.74,74,15,738.0,2,0
Traction Substation,Fair,Medium,Operational,Critical,Corrective Maintenance,Medium,Traction Distribution,Odisha: Bhubaneswar-Cuttack,87.0,0.75,43,46,765.0,0,0
Traction Substation,Fair,Medium,Operational,Critical,Corrective Maintenance,Medium,Traction Distribution,Odisha: Bhubaneswar-Cuttack,87.0,0.75,43,46,765.0,1,0
Traction Substation,Fair,Medium,Operational,Critical,Corrective Maintenance,Medium,Traction Distribution,Odisha: Bhubaneswar-Cuttack,87.0,0.75,43,46,765.0,2,1
Traction Substation,Fair,Medium,Operational,Medium,Inspection,High,Traction Distribution,Odisha: Bhubaneswar-Cuttack,104.0,0.76,43,46,792.0,0,1
Traction Substation,Fair,Medium,Operational,Medium,Inspection,High,Traction Distribution,Odisha: Bhubaneswar-Cuttack,104.0,0.76,43,46,792.0,1,0
Traction Substation,Fair,Medium,Operational,Medium,Inspection,High,Traction Distribution,Odisha: Bhubaneswar-Cuttack,104.0,0.76,43,46,792.0,2,0
Signal,Poor,High,Operational,Medium,Preventive Maintenance,Low,Signal & Telecommunication,Odisha: Bhubaneswar-Cuttack,50.0,0.77,164,78,819.0,0,1
Signal,Poor,High,Operational,Medium,Preventive Maintenance,Low,Signal & Telecommunication,Odisha: Bhubaneswar-Cuttack,50.0,0.77,164,78,819.0,1,0
Signal,Poor,High,Operational,Medium,Preventive Maintenance,Low,Signal & Telecommunication,Odisha: Bhubaneswar-Cuttack,50.0,0.77,164,78,819.0,2,1
Signal,Poor,High,Operational,Critical,Condition Monitoring,Medium,Signal & Telecommunication,Odisha: Bhubaneswar-Cuttack,67.0,0.78,164,78,510.0,0,1
Signal,Poor,High,Operational,Critical,Condition Monitoring,Medium,Signal & Telecommunication,Odisha: Bhubaneswar-Cuttack,67.0,0.78,164,78,510.0,1,1
Signal,Poor,High,Operational,Critical,Condition Monitoring,Medium,Signal & Telecommunication,Odisha: Bhubaneswar-Cuttack,67.0,0.78,164,78,510.0,2,1
Axle Counter,Critical,High,Under Observation,Critical,Corrective Maintenance,High,Signal & Telecommunication,Odisha: Bhubaneswar-Cuttack,84.0,0.79,132,18,537.0,0,0
Axle Counter,Critical,High,Under Observation,Critical,Corrective Maintenance,High,Signal & Telecommunication,Odisha: Bhubaneswar-Cuttack,84.0,0.79,132,18,537.0,1,1
Axle Counter,Critical,High,Under Observation,Critical,Corrective Maintenance,High,Signal & Telecommunication,Odisha: Bhubaneswar-Cuttack,84.0,0.79,132,18,537.0,2,1
Axle Counter,Critical,High,Under Observation,Medium,Inspection,Low,Signal & Telecommunication,Odisha: Bhubaneswar-Cuttack,101.0,0.8,132,18,564.0,0,1
Axle Counter,Critical,High,Under Observation,Medium,Inspection,Low,Signal & Telecommunication,Odisha: Bhubaneswar-Cuttack,101.0,0.8,132,18,564.0,1,1
Axle Counter,Critical,High,Under Observation,Medium,Inspection,Low,Signal & Telecommunication,Odisha: Bhubaneswar-Cuttack,101.0,0.8,132,18,564.0,2,0
Track,Good,Critical,Maintenance In Progress,Medium,Preventive Maintenance,Medium,Engineering,Odisha: Bhubaneswar-Cuttack,47.0,0.81,101,49,591.0,0,1
Track,Good,Critical,Maintenance In Progress,Medium,Preventive Maintenance,Medium,Engineering,Odisha: Bhubaneswar-Cuttack,47.0,0.81,101,49,591.0,1,0
Track,Good,Critical,Maintenance In Progress,Medium,Preventive Maintenance,Medium,Engineering,Odisha: Bhubaneswar-Cuttack,47.0,0.81,101,49,591.0,2,1
Track,Good,Critical,Maintenance In Progress,Critical,Condition Monitoring,High,Engineering,Odisha: Bhubaneswar-Cuttack,64.0,0.82,101,49,618.0,0,1
Track,Good,Critical,Maintenance In Progress,Critical,Condition Monitoring,High,Engineering,Odisha: Bhubaneswar-Cuttack,64.0,0.82,101,49,618.0,1,1
Track,Good,Critical,Maintenance In Progress,Critical,Condition Monitoring,High,Engineering,Odisha: Bhubaneswar-Cuttack,64.0,0.82,101,49,618.0,2,1
Turnout,Fair,Medium,Operational,Critical,Corrective Maintenance,Low,Engineering,Odisha: Bhubaneswar-Cuttack,81.0,0.83,69,81,645.0,0,0
Turnout,Fair,Medium,Operational,Critical,Corrective Maintenance,Low,Engineering,Odisha: Bhubaneswar-Cuttack,81.0,0.83,69,81,645.0,1,1
Turnout,Fair,Medium,Operational,Critical,Corrective Maintenance,Low,Engineering,Odisha: Bhubaneswar-Cuttack,81.0,0.83,69,81,645.0,2,0
Turnout,Fair,Medium,Operational,Medium,Inspection,Medium,Engineering,Odisha: Bhubaneswar-Cuttack,98.0,0.84,69,81,672.0,0,0
Turnout,Fair,Medium,Operational,Medium,Inspection,Medium,Engineering,Odisha: Bhubaneswar-Cuttack,98.0,0.84,69,81,672.0,1,0
Turnout,Fair,Medium,Operational,Medium,Inspection,Medium,Engineering,Odisha: Bhubaneswar-Cuttack,98.0,0.84,69,81,672.0,2,0
OHE Mast,Poor,High,Operational,Medium,Preventive Maintenance,High,Traction Distribution,Odisha: Bhubaneswar-Cuttack,44.0,0.85,38,21,699.0,0,0
OHE Mast,Poor,High,Operational,Medium,Preventive Maintenance,High,Traction Distribution,Odisha: Bhubaneswar-Cuttack,44.0,0.85,38,21,699.0,1,1
OHE Mast,Poor,High,Operational,Medium,Preventive Maintenance,High,Traction Distribution,Odisha: Bhubaneswar-Cuttack,44.0,0.85,38,21,699.0,2,1
OHE Mast,Poor,High,Operational,Critical,Condition Monitoring,Low,Traction Distribution,Odisha: Bhubaneswar-Cuttack,61.0,0.86,38,21,726.0,0,1
OHE Mast,Poor,High,Operational,Critical,Condition Monitoring,Low,Traction Distribution,Odisha: Bhubaneswar-Cuttack,61.0,0.86,38,21,726.0,1,0
OHE Mast,Poor,High,Operational,Critical,Condition Monitoring,Low,Traction Distribution,Odisha: Bhubaneswar-Cuttack,61.0,0.86,38,21,726.0,2,0
Traction Substation,Critical,High,Under Observation,Critical,Corrective Maintenance,Medium,Traction Distribution,Odisha: Bhubaneswar-Cuttack,78.0,0.87,159,52,753.0,0,1
Traction Substation,Critical,High,Under Observation,Critical,Corrective Maintenance,Medium,Traction Distribution,Odisha: Bhubaneswar-Cuttack,78.0,0.87,159,52,753.0,1,1
Traction Substation,Critical,High,Under Observation,Critical,Corrective Maintenance,Medium,Traction Distribution,Odisha: Bhubaneswar-Cuttack,78.0,0.87,159,52,753.0,2,0
Traction Substation,Critical,High,Under Observation,Medium,Inspection,High,Traction Distribution,Odisha: Bhubaneswar-Cuttack,95.0,0.88,159,52,780.0,0,0
Traction Substation,Critical,High,Under Observation,Medium,Inspection,High,Traction Distribution,Odisha: Bhubaneswar-Cuttack,95.0,0.88,159,52,780.0,1,1
Traction Substation,Critical,High,Under Observation,Medium,Inspection,High,Traction Distribution,Odisha: Bhubaneswar-Cuttack,95.0,0.88,159,52,780.0,2,1
Signal,Good,Critical,Maintenance In Progress,Medium,Preventive Maintenance,Low,Signal & Telecommunication,Odisha: Bhubaneswar-Cuttack,41.0,0.89,127,84,807.0,0,1
Signal,Good,Critical,Maintenance In Progress,Medium,Preventive Maintenance,Low,Signal & Telecommunication,Odisha: Bhubaneswar-Cuttack,41.0,0.89,127,84,807.0,1,0
Signal,Good,Critical,Maintenance In Progress,Medium,Preventive Maintenance,Low,Signal & Telecommunication,Odisha: Bhubaneswar-Cuttack,41.0,0.89,127,84,807.0,2,0
Signal,Good,Critical,Maintenance In Progress,Critical,Condition Monitoring,Medium,Signal & Telecommunication,Odisha: Bhubaneswar-Cuttack,58.0,0.9,127,84,834.0,0,1
Signal,Good,Critical,Maintenance In Progress,Critical,Condition Monitoring,Medium,Signal & Telecommunication,Odisha: Bhubaneswar-Cuttack,58.0,0.9,127,84,834.0,1,1
Signal,Good,Critical,Maintenance In Progress,Critical,Condition Monitoring,Medium,Signal & Telecommunication,Odisha: Bhubaneswar-Cuttack,58.0,0.9,127,84,834.0,2,0
Axle Counter,Fair,Medium,Operational,Critical,Corrective Maintenance,High,Signal & Telecommunication,Odisha: Bhubaneswar-Cuttack,75.0,0.12,120,24,861.0,0,0
Axle Counter,Fair,Medium,Operational,Critical,Corrective Maintenance,High,Signal & Telecommunication,Odisha: Bhubaneswar-Cuttack,75.0,0.12,120,24,861.0,1,0
Axle Counter,Fair,Medium,Operational,Critical,Corrective Maintenance,High,Signal & Telecommunication,Odisha: Bhubaneswar-Cuttack,75.0,0.12,120,24,861.0,2,1
Axle Counter,Fair,Medium,Operational,Medium,Inspection,Low,Signal & Telecommunication,Odisha: Bhubaneswar-Cuttack,92.0,0.13,120,24,48.0,0,0
Axle Counter,Fair,Medium,Operational,Medium,Inspection,Low,Signal & Telecommunication,Odisha: Bhubaneswar-Cuttack,92.0,0.13,120,24,48.0,1,1
Axle Counter,Fair,Medium,Operational,Medium,Inspection,Low,Signal & Telecommunication,Odisha: Bhubaneswar-Cuttack,92.0,0.13,120,24,48.0,2,1
Track,Poor,High,Operational,Medium,Preventive Maintenance,Medium,Engineering,Odisha: Bhubaneswar-Cuttack,38.0,0.14,88,55,75.0,0,1
Track,Poor,High,Operational,Medium,Preventive Maintenance,Medium,Engineering,Odisha: Bhubaneswar-Cuttack,38.0,0.14,88,55,75.0,1,0
Track,Poor,High,Operational,Medium,Preventive Maintenance,Medium,Engineering,Odisha: Bhubaneswar-Cuttack,38.0,0.14,88,55,75.0,2,0
Track,Poor,High,Operational,Critical,Condition Monitoring,High,Engineering,Odisha: Bhubaneswar-Cuttack,55.0,0.15,88,55,102.0,0,1
Track,Poor,High,Operational,Critical,Condition Monitoring,High,Engineering,Odisha: Bhubaneswar-Cuttack,55.0,0.15,88,55,102.0,1,0
Track,Poor,High,Operational,Critical,Condition Monitoring,High,Engineering,Odisha: Bhubaneswar-Cuttack,55.0,0.15,88,55,102.0,2,1
Turnout,Critical,High,Under Observation,Critical,Corrective Maintenance,Low,Engineering,Odisha: Bhubaneswar-Cuttack,72.0,0.16,57,87,129.0,0,0
Turnout,Critical,High,Under Observation,Critical,Corrective Maintenance,Low,Engineering,Odisha: Bhubaneswar-Cuttack,72.0,0.16,57,87,129.0,1,1
Turnout,Critical,High,Under Observation,Critical,Corrective Maintenance,Low,Engineering,Odisha: Bhubaneswar-Cuttack,72.0,0.16,57,87,129.0,2,1
Turnout,Critical,High,Under Observation,Medium,Inspection,Medium,Engineering,Odisha: Bhubaneswar-Cuttack,89.0,0.17,57,87,156.0,0,0
Turnout,Critical,High,Under Observation,Medium,Inspection,Medium,Engineering,Odisha: Bhubaneswar-Cuttack,89.0,0.17,57,87,156.0,1,1
Turnout,Critical,High,Under Observation,Medium,Inspection,Medium,Engineering,Odisha: Bhubaneswar-Cuttack,89.0,0.17,57,87,156.0,2,1
OHE Mast,Good,Critical,Maintenance In Progress,Medium,Preventive Maintenance,High,Traction Distribution,Odisha: Bhubaneswar-Cuttack,35.0,0.18,178,2,183.0,0,0
OHE Mast,Good,Critical,Maintenance In Progress,Medium,Preventive Maintenance,High,Traction Distribution,Odisha: Bhubaneswar-Cuttack,35.0,0.18,178,2,183.0,1,1
OHE Mast,Good,Critical,Maintenance In Progress,Medium,Preventive Maintenance,High,Traction Distribution,Odisha: Bhubaneswar-Cuttack,35.0,0.18,178,2,183.0,2,1
OHE Mast,Good,Critical,Maintenance In Progress,Critical,Condition Monitoring,Low,Traction Distribution,Odisha: Bhubaneswar-Cuttack,52.0,0.19,178,2,210.0,0,1
OHE Mast,Good,Critical,Maintenance In Progress,Critical,Condition Monitoring,Low,Traction Distribution,Odisha: Bhubaneswar-Cuttack,52.0,0.19,178,2,210.0,1,0
OHE Mast,Good,Critical,Maintenance In Progress,Critical,Condition Monitoring,Low,Traction Distribution,Odisha: Bhubaneswar-Cuttack,52.0,0.19,178,2,210.0,2,1
Traction Substation,Fair,Medium,Operational,Critical,Corrective Maintenance,Medium,Traction Distribution,Odisha: Bhubaneswar-Cuttack,69.0,0.2,146,33,237.0,0,0
Traction Substation,Fair,Medium,Operational,Critical,Corrective Maintenance,Medium,Traction Distribution,Odisha: Bhubaneswar-Cuttack,69.0,0.2,146,33,237.0,1,0
Traction Substation,Fair,Medium,Operational,Critical,Corrective Maintenance,Medium,Traction Distribution,Odisha: Bhubaneswar-Cuttack,69.0,0.2,146,33,237.0,2,0
Traction Substation,Fair,Medium,Operational,Medium,Inspection,High,Traction Distribution,Odisha: Bhubaneswar-Cuttack,86.0,0.21,146,33,264.0,0,0
Traction Substation,Fair,Medium,Operational,Medium,Inspection,High,Traction Distribution,Odisha: Bhubaneswar-Cuttack,86.0,0.21,146,33,264.0,1,0
Traction Substation,Fair,Medium,Operational,Medium,Inspection,High,Traction Distribution,Odisha: Bhubaneswar-Cuttack,86.0,0.21,146,33,264.0,2,1
Signal,Poor,High,Operational,Medium,Preventive Maintenance,Low,Signal & Telecommunication,Odisha: Bhubaneswar-Cuttack,103.0,0.22,115,65,291.0,0,0
Signal,Poor,High,Operational,Medium,Preventive Maintenance,Low,Signal & Telecommunication,Odisha: Bhubaneswar-Cuttack,103.0,0.22,115,65,291.0,1,0
Signal,Poor,High,Operational,Medium,Preventive Maintenance,Low,Signal & Telecommunication,Odisha: Bhubaneswar-Cuttack,103.0,0.22,115,65,291.0,2,0
Signal,Poor,High,Operational,Critical,Condition Monitoring,Medium,Signal & Telecommunication,Odisha: Bhubaneswar-Cuttack,49.0,0.23,115,65,318.0,0,1
Signal,Poor,High,Operational,Critical,Condition Monitoring,Medium,Signal & Telecommunication,Odisha: Bhubaneswar-Cuttack,49.0,0.23,115,65,318.0,1,1
Signal,Poor,High,Operational,Critical,Condition Monitoring,Medium,Signal & Telecommunication,Odisha: Bhubaneswar-Cuttack,49.0,0.23,115,65,318.0,2,0
Axle Counter,Critical,High,Under Observation,Critical,Corrective Maintenance,High,Signal & Telecommunication,Odisha: Bhubaneswar-Cuttack,66.0,0.24,83,5,345.0,0,1
Axle Counter,Critical,High,Under Observation,Critical,Corrective Maintenance,High,Signal & Telecommunication,Odisha: Bhubaneswar-Cuttack,66.0,0.24,83,5,345.0,1,1
Axle Counter,Critical,High,Under Observation,Critical,Corrective Maintenance,High,Signal & Telecommunication,Odisha: Bhubaneswar-Cuttack,66.0,0.24,83,5,345.0,2,1
Axle Counter,Critical,High,Under Observation,Medium,Inspection,Low,Signal & Telecommunication,Odisha: Bhubaneswar-Cuttack,83.0,0.25,83,5,372.0,0,1
Axle Counter,Critical,High,Under Observation,Medium,Inspection,Low,Signal & Telecommunication,Odisha: Bhubaneswar-Cuttack,83.0,0.25,83,5,372.0,1,0
Axle Counter,Critical,High,Under Observation,Medium,Inspection,Low,Signal & Telecommunication,Odisha: Bhubaneswar-Cuttack,83.0,0.25,83,5,372.0,2,0
Track,Good,Critical,Maintenance In Progress,Medium,Preventive Maintenance,Medium,Engineering,Odisha: Bhubaneswar-Cuttack,100.0,0.26,52,36,399.0,0,0
Track,Good,Critical,Maintenance In Progress,Medium,Preventive Maintenance,Medium,Engineering,Odisha: Bhubaneswar-Cuttack,100.0,0.26,52,36,399.0,1,0
Track,Good,Critical,Maintenance In Progress,Medium,Preventive Maintenance,Medium,Engineering,Odisha: Bhubaneswar-Cuttack,100.0,0.26,52,36,399.0,2,1
Track,Good,Critical,Maintenance In Progress,Critical,Condition Monitoring,High,Engineering,Odisha: Bhubaneswar-Cuttack,46.0,0.27,52,36,90.0,0,1
Track,Good,Critical,Maintenance In Progress,Critical,Condition Monitoring,High,Engineering,Odisha: Bhubaneswar-Cuttack,46.0,0.27,52,36,90.0,1,0
Track,Good,Critical,Maintenance In Progress,Critical,Condition Monitoring,High,Engineering,Odisha: Bhubaneswar-Cuttack,46.0,0.27,52,36,90.0,2,1
Turnout,Fair,Medium,Operational,Critical,Corrective Maintenance,Low,Engineering,Odisha: Bhubaneswar-Cuttack,63.0,0.28,173,68,117.0,0,0
Turnout,Fair,Medium,Operational,Critical,Corrective Maintenance,Low,Engineering,Odisha: Bhubaneswar-Cuttack,63.0,0.28,173,68,117.0,1,0
Turnout,Fair,Medium,Operational,Critical,Corrective Maintenance,Low,Engineering,Odisha: Bhubaneswar-Cuttack,63.0,0.28,173,68,117.0,2,0
Turnout,Fair,Medium,Operational,Medium,Inspection,Medium,Engineering,Odisha: Bhubaneswar-Cuttack,80.0,0.29,173,68,144.0,0,0
Turnout,Fair,Medium,Operational,Medium,Inspection,Medium,Engineering,Odisha: Bhubaneswar-Cuttack,80.0,0.29,173,68,144.0,1,0
Turnout,Fair,Medium,Operational,Medium,Inspection,Medium,Engineering,Odisha: Bhubaneswar-Cuttack,80.0,0.29,173,68,144.0,2,0
OHE Mast,Poor,High,Operational,Medium,Preventive Maintenance,High,Traction Distribution,Odisha: Bhubaneswar-Cuttack,97.0,0.3,141,8,171.0,0,0
OHE Mast,Poor,High,Operational,Medium,Preventive Maintenance,High,Traction Distribution,Odisha: Bhubaneswar-Cuttack,97.0,0.3,141,8,171.0,1,1
OHE Mast,Poor,High,Operational,Medium,Preventive Maintenance,High,Traction Distribution,Odisha: Bhubaneswar-Cuttack,97.0,0.3,141,8,171.0,2,0
OHE Mast,Poor,High,Operational,Critical,Condition Monitoring,Low,Traction Distribution,Odisha: Bhubaneswar-Cuttack,43.0,0.31,141,8,198.0,0,1
OHE Mast,Poor,High,Operational,Critical,Condition Monitoring,Low,Traction Distribution,Odisha: Bhubaneswar-Cuttack,43.0,0.31,141,8,198.0,1,1
OHE Mast,Poor,High,Operational,Critical,Condition Monitoring,Low,Traction Distribution,Odisha: Bhubaneswar-Cuttack,43.0,0.31,141,8,198.0,2,0
Traction Substation,Critical,High,Under Observation,Critical,Corrective Maintenance,Medium,Traction Distribution,Odisha: Bhubaneswar-Cuttack,60.0,0.32,110,39,225.0,0,0
Traction Substation,Critical,High,Under Observation,Critical,Corrective Maintenance,Medium,Traction Distribution,Odisha: Bhubaneswar-Cuttack,60.0,0.32,110,39,225.0,1,0
Traction Substation,Critical,High,Under Observation,Critical,Corrective Maintenance,Medium,Traction Distribution,Odisha: Bhubaneswar-Cuttack,60.0,0.32,110,39,225.0,2,0
Traction Substation,Critical,High,Under Observation,Medium,Inspection,High,Traction Distribution,Odisha: Bhubaneswar-Cuttack,77.0,0.33,110,39,252.0,0,0
Traction Substation,Critical,High,Under Observation,Medium,Inspection,High,Traction Distribution,Odisha: Bhubaneswar-Cuttack,77.0,0.33,110,39,252.0,1,1
Traction Substation,Critical,High,Under Observation,Medium,Inspection,High,Traction Distribution,Odisha: Bhubaneswar-Cuttack,77.0,0.33,110,39,252.0,2,0
Signal,Good,Critical,Maintenance In Progress,Medium,Preventive Maintenance,Low,Signal & Telecommunication,Odisha: Bhubaneswar-Cuttack,94.0,0.34,78,71,279.0,0,0
Signal,Good,Critical,Maintenance In Progress,Medium,Preventive Maintenance,Low,Signal & Telecommunication,Odisha: Bhubaneswar-Cuttack,94.0,0.34,78,71,279.0,1,0
Signal,Good,Critical,Maintenance In Progress,Medium,Preventive Maintenance,Low,Signal & Telecommunication,Odisha: Bhubaneswar-Cuttack,94.0,0.34,78,71,279.0,2,0
Signal,Good,Critical,Maintenance In Progress,Critical,Condition Monitoring,Medium,Signal & Telecommunication,Odisha: Bhubaneswar-Cuttack,40.0,0.35,78,71,306.0,0,0
Signal,Good,Critical,Maintenance In Progress,Critical,Condition Monitoring,Medium,Signal & Telecommunication,Odisha: Bhubaneswar-Cuttack,40.0,0.35,78,71,306.0,1,0
Signal,Good,Critical,Maintenance In Progress,Critical,Condition Monitoring,Medium,Signal & Telecommunication,Odisha: Bhubaneswar-Cuttack,40.0,0.35,78,71,306.0,2,0
Axle Counter,Fair,Medium,Operational,Critical,Corrective Maintenance,High,Signal & Telecommunication,Odisha: Bhubaneswar-Cuttack,57.0,0.36,47,11,333.0,0,0
Axle Counter,Fair,Medium,Operational,Critical,Corrective Maintenance,High,Signal & Telecommunication,Odisha: Bhubaneswar-Cuttack,57.0,0.36,47,11,333.0,1,0
Axle Counter,Fair,Medium,Operational,Critical,Corrective Maintenance,High,Signal & Telecommunication,Odisha: Bhubaneswar-Cuttack,57.0,0.36,47,11,333.0,2,0
Axle Counter,Fair,Medium,Operational,Medium,Inspection,Low,Signal & Telecommunication,Odisha: Bhubaneswar-Cuttack,74.0,0.37,47,11,360.0,0,0
Axle Counter,Fair,Medium,Operational,Medium,Inspection,Low,Signal & Telecommunication,Odisha: Bhubaneswar-Cuttack,74.0,0.37,47,11,360.0,1,1
Axle Counter,Fair,Medium,Operational,Medium,Inspection,Low,Signal & Telecommunication,Odisha: Bhubaneswar-Cuttack,74.0,0.37,47,11,360.0,2,0
Track,Poor,High,Operational,Medium,Preventive Maintenance,Medium,Engineering,Punjab: Ludhiana-Amritsar,91.0,0.38,168,42,387.0,0,0
Track,Poor,High,Operational,Medium,Preventive Maintenance,Medium,Engineering,Punjab: Ludhiana-Amritsar,91.0,0.38,168,42,387.0,1,0
Track,Poor,High,Operational,Medium,Preventive Maintenance,Medium,Engineering,Punjab: Ludhiana-Amritsar,91.0,0.38,168,42,387.0,2,1
Track,Poor,High,Operational,Critical,Condition Monitoring,High,Engineering,Punjab: Ludhiana-Amritsar,37.0,0.39,168,42,414.0,0,1
Track,Poor,High,Operational,Critical,Condition Monitoring,High,Engineering,Punjab: Ludhiana-Amritsar,37.0,0.39,168,42,414.0,1,1
Track,Poor,High,Operational,Critical,Condition Monitoring,High,Engineering,Punjab: Ludhiana-Amritsar,37.0,0.39,168,42,414.0,2,0
Turnout,Critical,High,Under Observation,Critical,Corrective Maintenance,Low,Engineering,Punjab: Ludhiana-Amritsar,54.0,0.4,136,74,441.0,0,0
Turnout,Critical,High,Under Observation,Critical,Corrective Maintenance,Low,Engineering,Punjab: Ludhiana-Amritsar,54.0,0.4,136,74,441.0,1,1
Turnout,Critical,High,Under Observation,Critical,Corrective Maintenance,Low,Engineering,Punjab: Ludhiana-Amritsar,54.0,0.4,136,74,441.0,2,1
Turnout,Critical,High,Under Observation,Medium,Inspection,Medium,Engineering,Punjab: Ludhiana-Amritsar,71.0,0.41,136,74,132.0,0,1
Turnout,Critical,High,Under Observation,Medium,Inspection,Medium,Engineering,Punjab: Ludhiana-Amritsar,71.0,0.41,136,74,132.0,1,0
Turnout,Critical,High,Under Observation,Medium,Inspection,Medium,Engineering,Punjab: Ludhiana-Amritsar,71.0,0.41,136,74,132.0,2,0
OHE Mast,Good,Critical,Maintenance In Progress,Medium,Preventive Maintenance,High,Traction Distribution,Punjab: Ludhiana-Amritsar,88.0,0.42,105,14,159.0,0,1
OHE Mast,Good,Critical,Maintenance In Progress,Medium,Preventive Maintenance,High,Traction Distribution,Punjab: Ludhiana-Amritsar,88.0,0.42,105,14,159.0,1,0
OHE Mast,Good,Critical,Maintenance In Progress,Medium,Preventive Maintenance,High,Traction Distribution,Punjab: Ludhiana-Amritsar,88.0,0.42,105,14,159.0,2,0
OHE Mast,Good,Critical,Maintenance In Progress,Critical,Condition Monitoring,Low,Traction Distribution,Punjab: Ludhiana-Amritsar,105.0,0.43,105,14,186.0,0,0
OHE Mast,Good,Critical,Maintenance In Progress,Critical,Condition Monitoring,Low,Traction Distribution,Punjab: Ludhiana-Amritsar,105.0,0.43,105,14,186.0,1,1
OHE Mast,Good,Critical,Maintenance In Progress,Critical,Condition Monitoring,Low,Traction Distribution,Punjab: Ludhiana-Amritsar,105.0,0.43,105,14,186.0,2,0
Traction Substation,Fair,Medium,Operational,Critical,Corrective Maintenance,Medium,Traction Distribution,Punjab: Ludhiana-Amritsar,51.0,0.44,73,45,213.0,0,0
Traction Substation,Fair,Medium,Operational,Critical,Corrective Maintenance,Medium,Traction Distribution,Punjab: Ludhiana-Amritsar,51.0,0.44,73,45,213.0,1,0
Traction Substation,Fair,Medium,Operational,Critical,Corrective Maintenance,Medium,Traction Distribution,Punjab: Ludhiana-Amritsar,51.0,0.44,73,45,213.0,2,0
Traction Substation,Fair,Medium,Operational,Medium,Inspection,High,Traction Distribution,Punjab: Ludhiana-Amritsar,68.0,0.45,73,45,240.0,0,0
Traction Substation,Fair,Medium,Operational,Medium,Inspection,High,Traction Distribution,Punjab: Ludhiana-Amritsar,68.0,0.45,73,45,240.0,1,1
Traction Substation,Fair,Medium,Operational,Medium,Inspection,High,Traction Distribution,Punjab: Ludhiana-Amritsar,68.0,0.45,73,45,240.0,2,0
Signal,Poor,High,Operational,Medium,Preventive Maintenance,Low,Signal & Telecommunication,Punjab: Ludhiana-Amritsar,85.0,0.46,42,77,267.0,0,1
Signal,Poor,High,Operational,Medium,Preventive Maintenance,Low,Signal & Telecommunication,Punjab: Ludhiana-Amritsar,85.0,0.46,42,77,267.0,1,0
Signal,Poor,High,Operational,Medium,Preventive Maintenance,Low,Signal & Telecommunication,Punjab: Ludhiana-Amritsar,85.0,0.46,42,77,267.0,2,1
Signal,Poor,High,Operational,Critical,Condition Monitoring,Medium,Signal & Telecommunication,Punjab: Ludhiana-Amritsar,102.0,0.47,42,77,294.0,0,1
Signal,Poor,High,Operational,Critical,Condition Monitoring,Medium,Signal & Telecommunication,Punjab: Ludhiana-Amritsar,102.0,0.47,42,77,294.0,1,1
Signal,Poor,High,Operational,Critical,Condition Monitoring,Medium,Signal & Telecommunication,Punjab: Ludhiana-Amritsar,102.0,0.47,42,77,294.0,2,1
Axle Counter,Critical,High,Under Observation,Critical,Corrective Maintenance,High,Signal & Telecommunication,Punjab: Ludhiana-Amritsar,48.0,0.48,163,17,321.0,0,1
Axle Counter,Critical,High,Under Observation,Critical,Corrective Maintenance,High,Signal & Telecommunication,Punjab: Ludhiana-Amritsar,48.0,0.48,163,17,321.0,1,1
Axle Counter,Critical,High,Under Observation,Critical,Corrective Maintenance,High,Signal & Telecommunication,Punjab: Ludhiana-Amritsar,48.0,0.48,163,17,321.0,2,1
Axle Counter,Critical,High,Under Observation,Medium,Inspection,Low,Signal & Telecommunication,Punjab: Ludhiana-Amritsar,65.0,0.49,163,17,348.0,0,0
Axle Counter,Critical,High,Under Observation,Medium,Inspection,Low,Signal & Telecommunication,Punjab: Ludhiana-Amritsar,65.0,0.49,163,17,348.0,1,0
Axle Counter,Critical,High,Under Observation,Medium,Inspection,Low,Signal & Telecommunication,Punjab: Ludhiana-Amritsar,65.0,0.49,163,17,348.0,2,0
Track,Good,Critical,Maintenance In Progress,Medium,Preventive Maintenance,Medium,Engineering,Punjab: Ludhiana-Amritsar,82.0,0.5,131,48,375.0,0,0
Track,Good,Critical,Maintenance In Progress,Medium,Preventive Maintenance,Medium,Engineering,Punjab: Ludhiana-Amritsar,82.0,0.5,131,48,375.0,1,0
Track,Good,Critical,Maintenance In Progress,Medium,Preventive Maintenance,Medium,Engineering,Punjab: Ludhiana-Amritsar,82.0,0.5,131,48,375.0,2,0
Track,Good,Critical,Maintenance In Progress,Critical,Condition Monitoring,High,Engineering,Punjab: Ludhiana-Amritsar,99.0,0.51,131,48,402.0,0,1
Track,Good,Critical,Maintenance In Progress,Critical,Condition Monitoring,High,Engineering,Punjab: Ludhiana-Amritsar,99.0,0.51,131,48,402.0,1,0
Track,Good,Critical,Maintenance In Progress,Critical,Condition Monitoring,High,Engineering,Punjab: Ludhiana-Amritsar,99.0,0.51,131,48,402.0,2,1
Turnout,Fair,Medium,Operational,Critical,Corrective Maintenance,Low,Engineering,Punjab: Ludhiana-Amritsar,45.0,0.52,100,80,429.0,0,1
Turnout,Fair,Medium,Operational,Critical,Corrective Maintenance,Low,Engineering,Punjab: Ludhiana-Amritsar,45.0,0.52,100,80,429.0,1,0
Turnout,Fair,Medium,Operational,Critical,Corrective Maintenance,Low,Engineering,Punjab: Ludhiana-Amritsar,45.0,0.52,100,80,429.0,2,1
Turnout,Fair,Medium,Operational,Medium,Inspection,Medium,Engineering,Punjab: Ludhiana-Amritsar,62.0,0.53,100,80,456.0,0,0
Turnout,Fair,Medium,Operational,Medium,Inspection,Medium,Engineering,Punjab: Ludhiana-Amritsar,62.0,0.53,100,80,456.0,1,0
Turnout,Fair,Medium,Operational,Medium,Inspection,Medium,Engineering,Punjab: Ludhiana-Amritsar,62.0,0.53,100,80,456.0,2,0
OHE Mast,Poor,High,Operational,Medium,Preventive Maintenance,High,Traction Distribution,Punjab: Ludhiana-Amritsar,79.0,0.54,68,20,483.0,0,1
OHE Mast,Poor,High,Operational,Medium,Preventive Maintenance,High,Traction Distribution,Punjab: Ludhiana-Amritsar,79.0,0.54,68,20,483.0,1,1
OHE Mast,Poor,High,Operational,Medium,Preventive Maintenance,High,Traction Distribution,Punjab: Ludhiana-Amritsar,79.0,0.54,68,20,483.0,2,1
OHE Mast,Poor,High,Operational,Critical,Condition Monitoring,Low,Traction Distribution,Punjab: Ludhiana-Amritsar,96.0,0.55,68,20,174.0,0,0
OHE Mast,Poor,High,Operational,Critical,Condition Monitoring,Low,Traction Distribution,Punjab: Ludhiana-Amritsar,96.0,0.55,68,20,174.0,1,0
OHE Mast,Poor,High,Operational,Critical,Condition Monitoring,Low,Traction Distribution,Punjab: Ludhiana-Amritsar,96.0,0.55,68,20,174.0,2,1
Traction Substation,Critical,High,Under Observation,Critical,Corrective Maintenance,Medium,Traction Distribution,Punjab: Ludhiana-Amritsar,42.0,0.56,37,51,201.0,0,1
Traction Substation,Critical,High,Under Observation,Critical,Corrective Maintenance,Medium,Traction Distribution,Punjab: Ludhiana-Amritsar,42.0,0.56,37,51,201.0,1,0
Traction Substation,Critical,High,Under Observation,Critical,Corrective Maintenance,Medium,Traction Distribution,Punjab: Ludhiana-Amritsar,42.0,0.56,37,51,201.0,2,1
Traction Substation,Critical,High,Under Observation,Medium,Inspection,High,Traction Distribution,Punjab: Ludhiana-Amritsar,59.0,0.57,37,51,228.0,0,1
Traction Substation,Critical,High,Under Observation,Medium,Inspection,High,Traction Distribution,Punjab: Ludhiana-Amritsar,59.0,0.57,37,51,228.0,1,1
Traction Substation,Critical,High,Under Observation,Medium,Inspection,High,Traction Distribution,Punjab: Ludhiana-Amritsar,59.0,0.57,37,51,228.0,2,1
Signal,Good,Critical,Maintenance In Progress,Medium,Preventive Maintenance,Low,Signal & Telecommunication,Punjab: Ludhiana-Amritsar,76.0,0.58,158,83,255.0,0,0
Signal,Good,Critical,Maintenance In Progress,Medium,Preventive Maintenance,Low,Signal & Telecommunication,Punjab: Ludhiana-Amritsar,76.0,0.58,158,83,255.0,1,1
Signal,Good,Critical,Maintenance In Progress,Medium,Preventive Maintenance,Low,Signal & Telecommunication,Punjab: Ludhiana-Amritsar,76.0,0.58,158,83,255.0,2,1
Signal,Good,Critical,Maintenance In Progress,Critical,Condition Monitoring,Medium,Signal & Telecommunication,Punjab: Ludhiana-Amritsar,93.0,0.59,158,83,282.0,0,1
Signal,Good,Critical,Maintenance In Progress,Critical,Condition Monitoring,Medium,Signal & Telecommunication,Punjab: Ludhiana-Amritsar,93.0,0.59,158,83,282.0,1,1
Signal,Good,Critical,Maintenance In Progress,Critical,Condition Monitoring,Medium,Signal & Telecommunication,Punjab: Ludhiana-Amritsar,93.0,0.59,158,83,282.0,2,0
Axle Counter,Fair,Medium,Operational,Critical,Corrective Maintenance,High,Signal & Telecommunication,Punjab: Ludhiana-Amritsar,39.0,0.6,150,23,309.0,0,1
Axle Counter,Fair,Medium,Operational,Critical,Corrective Maintenance,High,Signal & Telecommunication,Punjab: Ludhiana-Amritsar,39.0,0.6,150,23,309.0,1,0
Axle Counter,Fair,Medium,Operational,Critical,Corrective Maintenance,High,Signal & Telecommunication,Punjab: Ludhiana-Amritsar,39.0,0.6,150,23,309.0,2,1
Axle Counter,Fair,Medium,Operational,Medium,Inspection,Low,Signal & Telecommunication,Punjab: Ludhiana-Amritsar,56.0,0.61,150,23,336.0,0,0
Axle Counter,Fair,Medium,Operational,Medium,Inspection,Low,Signal & Telecommunication,Punjab: Ludhiana-Amritsar,56.0,0.61,150,23,336.0,1,0
Axle Counter,Fair,Medium,Operational,Medium,Inspection,Low,Signal & Telecommunication,Punjab: Ludhiana-Amritsar,56.0,0.61,150,23,336.0,2,0
Track,Poor,High,Operational,Medium,Preventive Maintenance,Medium,Engineering,Punjab: Ludhiana-Amritsar,73.0,0.62,119,54,363.0,0,0
Track,Poor,High,Operational,Medium,Preventive Maintenance,Medium,Engineering,Punjab: Ludhiana-Amritsar,73.0,0.62,119,54,363.0,1,1
Track,Poor,High,Operational,Medium,Preventive Maintenance,Medium,Engineering,Punjab: Ludhiana-Amritsar,73.0,0.62,119,54,363.0,2,0
Track,Poor,High,Operational,Critical,Condition Monitoring,High,Engineering,Punjab: Ludhiana-Amritsar,90.0,0.63,119,54,390.0,0,1
Track,Poor,High,Operational,Critical,Condition Monitoring,High,Engineering,Punjab: Ludhiana-Amritsar,90.0,0.63,119,54,390.0,1,1
Track,Poor,High,Operational,Critical,Condition Monitoring,High,Engineering,Punjab: Ludhiana-Amritsar,90.0,0.63,119,54,390.0,2,1
Turnout,Critical,High,Under Observation,Critical,Corrective Maintenance,Low,Engineering,Punjab: Ludhiana-Amritsar,36.0,0.64,87,86,417.0,0,1
Turnout,Critical,High,Under Observation,Critical,Corrective Maintenance,Low,Engineering,Punjab: Ludhiana-Amritsar,36.0,0.64,87,86,417.0,1,1
Turnout,Critical,High,Under Observation,Critical,Corrective Maintenance,Low,Engineering,Punjab: Ludhiana-Amritsar,36.0,0.64,87,86,417.0,2,0
Turnout,Critical,High,Under Observation,Medium,Inspection,Medium,Engineering,Punjab: Ludhiana-Amritsar,53.0,0.65,87,86,444.0,0,1
Turnout,Critical,High,Under Observation,Medium,Inspection,Medium,Engineering,Punjab: Ludhiana-Amritsar,53.0,0.65,87,86,444.0,1,0
Turnout,Critical,High,Under Observation,Medium,Inspection,Medium,Engineering,Punjab: Ludhiana-Amritsar,53.0,0.65,87,86,444.0,2,1
OHE Mast,Good,Critical,Maintenance In Progress,Medium,Preventive Maintenance,High,Traction Distribution,Punjab: Ludhiana-Amritsar,70.0,0.66,56,26,471.0,0,1
OHE Mast,Good,Critical,Maintenance In Progress,Medium,Preventive Maintenance,High,Traction Distribution,Punjab: Ludhiana-Amritsar,70.0,0.66,56,26,471.0,1,1
OHE Mast,Good,Critical,Maintenance In Progress,Medium,Preventive Maintenance,High,Traction Distribution,Punjab: Ludhiana-Amritsar,70.0,0.66,56,26,471.0,2,0
OHE Mast,Good,Critical,Maintenance In Progress,Critical,Condition Monitoring,Low,Traction Distribution,Punjab: Ludhiana-Amritsar,87.0,0.67,56,26,498.0,0,0
OHE Mast,Good,Critical,Maintenance In Progress,Critical,Condition Monitoring,Low,Traction Distribution,Punjab: Ludhiana-Amritsar,87.0,0.67,56,26,498.0,1,0
OHE Mast,Good,Critical,Maintenance In Progress,Critical,Condition Monitoring,Low,Traction Distribution,Punjab: Ludhiana-Amritsar,87.0,0.67,56,26,498.0,2,0
Traction Substation,Fair,Medium,Operational,Critical,Corrective Maintenance,Medium,Traction Distribution,Punjab: Ludhiana-Amritsar,104.0,0.68,177,32,525.0,0,0
Traction Substation,Fair,Medium,Operational,Critical,Corrective Maintenance,Medium,Traction Distribution,Punjab: Ludhiana-Amritsar,104.0,0.68,177,32,525.0,1,1
Traction Substation,Fair,Medium,Operational,Critical,Corrective Maintenance,Medium,Traction Distribution,Punjab: Ludhiana-Amritsar,104.0,0.68,177,32,525.0,2,0
Traction Substation,Fair,Medium,Operational,Medium,Inspection,High,Traction Distribution,Punjab: Ludhiana-Amritsar,50.0,0.69,177,32,216.0,0,0
Traction Substation,Fair,Medium,Operational,Medium,Inspection,High,Traction Distribution,Punjab: Ludhiana-Amritsar,50.0,0.69,177,32,216.0,1,0
Traction Substation,Fair,Medium,Operational,Medium,Inspection,High,Traction Distribution,Punjab: Ludhiana-Amritsar,50.0,0.69,177,32,216.0,2,1
Signal,Poor,High,Operational,Medium,Preventive Maintenance,Low,Signal & Telecommunication,Punjab: Ludhiana-Amritsar,67.0,0.7,145,64,243.0,0,1
Signal,Poor,High,Operational,Medium,Preventive Maintenance,Low,Signal & Telecommunication,Punjab: Ludhiana-Amritsar,67.0,0.7,145,64,243.0,1,1
Signal,Poor,High,Operational,Medium,Preventive Maintenance,Low,Signal & Telecommunication,Punjab: Ludhiana-Amritsar,67.0,0.7,145,64,243.0,2,1
Signal,Poor,High,Operational,Critical,Condition Monitoring,Medium,Signal & Telecommunication,Punjab: Ludhiana-Amritsar,84.0,0.71,145,64,270.0,0,0
Signal,Poor,High,Operational,Critical,Condition Monitoring,Medium,Signal & Telecommunication,Punjab: Ludhiana-Amritsar,84.0,0.71,145,64,270.0,1,1
Signal,Poor,High,Operational,Critical,Condition Monitoring,Medium,Signal & Telecommunication,Punjab: Ludhiana-Amritsar,84.0,0.71,145,64,270.0,2,0
Axle Counter,Critical,High,Under Observation,Critical,Corrective Maintenance,High,Signal & Telecommunication,Punjab: Ludhiana-Amritsar,101.0,0.72,114,4,297.0,0,0
Axle Counter,Critical,High,Under Observation,Critical,Corrective Maintenance,High,Signal & Telecommunication,Punjab: Ludhiana-Amritsar,101.0,0.72,114,4,297.0,1,1
Axle Counter,Critical,High,Under Observation,Critical,Corrective Maintenance,High,Signal & Telecommunication,Punjab: Ludhiana-Amritsar,101.0,0.72,114,4,297.0,2,1
Axle Counter,Critical,High,Under Observation,Medium,Inspection,Low,Signal & Telecommunication,Punjab: Ludhiana-Amritsar,47.0,0.73,114,4,324.0,0,0
Axle Counter,Critical,High,Under Observation,Medium,Inspection,Low,Signal & Telecommunication,Punjab: Ludhiana-Amritsar,47.0,0.73,114,4,324.0,1,1
Axle Counter,Critical,High,Under Observation,Medium,Inspection,Low,Signal & Telecommunication,Punjab: Ludhiana-Amritsar,47.0,0.73,114,4,324.0,2,0
Track,Good,Critical,Maintenance In Progress,Medium,Preventive Maintenance,Medium,Engineering,Punjab: Ludhiana-Amritsar,64.0,0.74,82,35,351.0,0,0
Track,Good,Critical,Maintenance In Progress,Medium,Preventive Maintenance,Medium,Engineering,Punjab: Ludhiana-Amritsar,64.0,0.74,82,35,351.0,1,1
Track,Good,Critical,Maintenance In Progress,Medium,Preventive Maintenance,Medium,Engineering,Punjab: Ludhiana-Amritsar,64.0,0.74,82,35,351.0,2,0
Track,Good,Critical,Maintenance In Progress,Critical,Condition Monitoring,High,Engineering,Punjab: Ludhiana-Amritsar,81.0,0.75,82,35,378.0,0,1
Track,Good,Critical,Maintenance In Progress,Critical,Condition Monitoring,High,Engineering,Punjab: Ludhiana-Amritsar,81.0,0.75,82,35,378.0,1,1
Track,Good,Critical,Maintenance In Progress,Critical,Condition Monitoring,High,Engineering,Punjab: Ludhiana-Amritsar,81.0,0.75,82,35,378.0,2,0
Turnout,Fair,Medium,Operational,Critical,Corrective Maintenance,Low,Engineering,Punjab: Ludhiana-Amritsar,98.0,0.76,51,67,405.0,0,0
Turnout,Fair,Medium,Operational,Critical,Corrective Maintenance,Low,Engineering,Punjab: Ludhiana-Amritsar,98.0,0.76,51,67,405.0,1,0
Turnout,Fair,Medium,Operational,Critical,Corrective Maintenance,Low,Engineering,Punjab: Ludhiana-Amritsar,98.0,0.76,51,67,405.0,2,0
Turnout,Fair,Medium,Operational,Medium,Inspection,Medium,Engineering,Punjab: Ludhiana-Amritsar,44.0,0.77,51,67,432.0,0,0
Turnout,Fair,Medium,Operational,Medium,Inspection,Medium,Engineering,Punjab: Ludhiana-Amritsar,44.0,0.77,51,67,432.0,1,0
Turnout,Fair,Medium,Operational,Medium,Inspection,Medium,Engineering,Punjab: Ludhiana-Amritsar,44.0,0.77,51,67,432.0,2,0
OHE Mast,Poor,High,Operational,Medium,Preventive Maintenance,High,Traction Distribution,Punjab: Ludhiana-Amritsar,61.0,0.78,172,7,459.0,0,1
OHE Mast,Poor,High,Operational,Medium,Preventive Maintenance,High,Traction Distribution,Punjab: Ludhiana-Amritsar,61.0,0.78,172,7,459.0,1,0
OHE Mast,Poor,High,Operational,Medium,Preventive Maintenance,High,Traction Distribution,Punjab: Ludhiana-Amritsar,61.0,0.78,172,7,459.0,2,1
OHE Mast,Poor,High,Operational,Critical,Condition Monitoring,Low,Traction Distribution,Punjab: Ludhiana-Amritsar,78.0,0.79,172,7,486.0,0,1
OHE Mast,Poor,High,Operational,Critical,Condition Monitoring,Low,Traction Distribution,Punjab: Ludhiana-Amritsar,78.0,0.79,172,7,486.0,1,1
OHE Mast,Poor,High,Operational,Critical,Condition Monitoring,Low,Traction Distribution,Punjab: Ludhiana-Amritsar,78.0,0.79,172,7,486.0,2,1
Traction Substation,Critical,High,Under Observation,Critical,Corrective Maintenance,Medium,Traction Distribution,Punjab: Ludhiana-Amritsar,95.0,0.8,140,38,513.0,0,1
Traction Substation,Critical,High,Under Observation,Critical,Corrective Maintenance,Medium,Traction Distribution,Punjab: Ludhiana-Amritsar,95.0,0.8,140,38,513.0,1,1
Traction Substation,Critical,High,Under Observation,Critical,Corrective Maintenance,Medium,Traction Distribution,Punjab: Ludhiana-Amritsar,95.0,0.8,140,38,513.0,2,1
Traction Substation,Critical,High,Under Observation,Medium,Inspection,High,Traction Distribution,Punjab: Ludhiana-Amritsar,41.0,0.81,140,38,540.0,0,1
Traction Substation,Critical,High,Under Observation,Medium,Inspection,High,Traction Distribution,Punjab: Ludhiana-Amritsar,41.0,0.81,140,38,540.0,1,1
Traction Substation,Critical,High,Under Observation,Medium,Inspection,High,Traction Distribution,Punjab: Ludhiana-Amritsar,41.0,0.81,140,38,540.0,2,1
Signal,Good,Critical,Maintenance In Progress,Medium,Preventive Maintenance,Low,Signal & Telecommunication,Punjab: Ludhiana-Amritsar,58.0,0.82,109,70,567.0,0,0
Signal,Good,Critical,Maintenance In Progress,Medium,Preventive Maintenance,Low,Signal & Telecommunication,Punjab: Ludhiana-Amritsar,58.0,0.82,109,70,567.0,1,0
Signal,Good,Critical,Maintenance In Progress,Medium,Preventive Maintenance,Low,Signal & Telecommunication,Punjab: Ludhiana-Amritsar,58.0,0.82,109,70,567.0,2,1
Signal,Good,Critical,Maintenance In Progress,Critical,Condition Monitoring,Medium,Signal & Telecommunication,Punjab: Ludhiana-Amritsar,75.0,0.83,109,70,258.0,0,1
Signal,Good,Critical,Maintenance In Progress,Critical,Condition Monitoring,Medium,Signal & Telecommunication,Punjab: Ludhiana-Amritsar,75.0,0.83,109,70,258.0,1,0
Signal,Good,Critical,Maintenance In Progress,Critical,Condition Monitoring,Medium,Signal & Telecommunication,Punjab: Ludhiana-Amritsar,75.0,0.83,109,70,258.0,2,1
Axle Counter,Fair,Medium,Operational,Critical,Corrective Maintenance,High,Signal & Telecommunication,Punjab: Ludhiana-Amritsar,92.0,0.84,77,10,285.0,0,0
Axle Counter,Fair,Medium,Operational,Critical,Corrective Maintenance,High,Signal & Telecommunication,Punjab: Ludhiana-Amritsar,92.0,0.84,77,10,285.0,1,0
Axle Counter,Fair,Medium,Operational,Critical,Corrective Maintenance,High,Signal & Telecommunication,Punjab: Ludhiana-Amritsar,92.0,0.84,77,10,285.0,2,1
Axle Counter,Fair,Medium,Operational,Medium,Inspection,Low,Signal & Telecommunication,Punjab: Ludhiana-Amritsar,38.0,0.85,77,10,312.0,0,0
Axle Counter,Fair,Medium,Operational,Medium,Inspection,Low,Signal & Telecommunication,Punjab: Ludhiana-Amritsar,38.0,0.85,77,10,312.0,1,0
Axle Counter,Fair,Medium,Operational,Medium,Inspection,Low,Signal & Telecommunication,Punjab: Ludhiana-Amritsar,38.0,0.85,77,10,312.0,2,0
Track,Poor,High,Operational,Medium,Preventive Maintenance,Medium,Engineering,Punjab: Ludhiana-Amritsar,55.0,0.86,46,41,339.0,0,0
Track,Poor,High,Operational,Medium,Preventive Maintenance,Medium,Engineering,Punjab: Ludhiana-Amritsar,55.0,0.86,46,41,339.0,1,1
Track,Poor,High,Operational,Medium,Preventive Maintenance,Medium,Engineering,Punjab: Ludhiana-Amritsar,55.0,0.86,46,41,339.0,2,0
Track,Poor,High,Operational,Critical,Condition Monitoring,High,Engineering,Punjab: Ludhiana-Amritsar,72.0,0.87,46,41,366.0,0,1
Track,Poor,High,Operational,Critical,Condition Monitoring,High,Engineering,Punjab: Ludhiana-Amritsar,72.0,0.87,46,41,366.0,1,1
Track,Poor,High,Operational,Critical,Condition Monitoring,High,Engineering,Punjab: Ludhiana-Amritsar,72.0,0.87,46,41,366.0,2,1
Turnout,Critical,High,Under Observation,Critical,Corrective Maintenance,Low,Engineering,Punjab: Ludhiana-Amritsar,89.0,0.88,167,73,393.0,0,1
Turnout,Critical,High,Under Observation,Critical,Corrective Maintenance,Low,Engineering,Punjab: Ludhiana-Amritsar,89.0,0.88,167,73,393.0,1,1
Turnout,Critical,High,Under Observation,Critical,Corrective Maintenance,Low,Engineering,Punjab: Ludhiana-Amritsar,89.0,0.88,167,73,393.0,2,1
Turnout,Critical,High,Under Observation,Medium,Inspection,Medium,Engineering,Punjab: Ludhiana-Amritsar,35.0,0.89,167,73,420.0,0,1
Turnout,Critical,High,Under Observation,Medium,Inspection,Medium,Engineering,Punjab: Ludhiana-Amritsar,35.0,0.89,167,73,420.0,1,0
Turnout,Critical,High,Under Observation,Medium,Inspection,Medium,Engineering,Punjab: Ludhiana-Amritsar,35.0,0.89,167,73,420.0,2,1
OHE Mast,Good,Critical,Maintenance In Progress,Medium,Preventive Maintenance,High,Traction Distribution,Punjab: Ludhiana-Amritsar,52.0,0.9,135,13,447.0,0,1
OHE Mast,Good,Critical,Maintenance In Progress,Medium,Preventive Maintenance,High,Traction Distribution,Punjab: Ludhiana-Amritsar,52.0,0.9,135,13,447.0,1,1
OHE Mast,Good,Critical,Maintenance In Progress,Medium,Preventive Maintenance,High,Traction Distribution,Punjab: Ludhiana-Amritsar,52.0,0.9,135,13,447.0,2,1
OHE Mast,Good,Critical,Maintenance In Progress,Critical,Condition Monitoring,Low,Traction Distribution,Punjab: Ludhiana-Amritsar,69.0,0.12,135,13,474.0,0,0
OHE Mast,Good,Critical,Maintenance In Progress,Critical,Condition Monitoring,Low,Traction Distribution,Punjab: Ludhiana-Amritsar,69.0,0.12,135,13,474.0,1,1
OHE Mast,Good,Critical,Maintenance In Progress,Critical,Condition Monitoring,Low,Traction Distribution,Punjab: Ludhiana-Amritsar,69.0,0.12,135,13,474.0,2,0
Traction Substation,Fair,Medium,Operational,Critical,Corrective Maintenance,Medium,Traction Distribution,Punjab: Ludhiana-Amritsar,86.0,0.13,104,44,501.0,0,0
Traction Substation,Fair,Medium,Operational,Critical,Corrective Maintenance,Medium,Traction Distribution,Punjab: Ludhiana-Amritsar,86.0,0.13,104,44,501.0,1,0
Traction Substation,Fair,Medium,Operational,Critical,Corrective Maintenance,Medium,Traction Distribution,Punjab: Ludhiana-Amritsar,86.0,0.13,104,44,501.0,2,0
Traction Substation,Fair,Medium,Operational,Medium,Inspection,High,Traction Distribution,Punjab: Ludhiana-Amritsar,103.0,0.14,104,44,528.0,0,0
Traction Substation,Fair,Medium,Operational,Medium,Inspection,High,Traction Distribution,Punjab: Ludhiana-Amritsar,103.0,0.14,104,44,528.0,1,0
Traction Substation,Fair,Medium,Operational,Medium,Inspection,High,Traction Distribution,Punjab: Ludhiana-Amritsar,103.0,0.14,104,44,528.0,2,0
Signal,Poor,High,Operational,Medium,Preventive Maintenance,Low,Signal & Telecommunication,Punjab: Ludhiana-Amritsar,49.0,0.15,72,76,555.0,0,1
Signal,Poor,High,Operational,Medium,Preventive Maintenance,Low,Signal & Telecommunication,Punjab: Ludhiana-Amritsar,49.0,0.15,72,76,555.0,1,1
Signal,Poor,High,Operational,Medium,Preventive Maintenance,Low,Signal & Telecommunication,Punjab: Ludhiana-Amritsar,49.0,0.15,72,76,555.0,2,1
Signal,Poor,High,Operational,Critical,Condition Monitoring,Medium,Signal & Telecommunication,Punjab: Ludhiana-Amritsar,66.0,0.16,72,76,582.0,0,1
Signal,Poor,High,Operational,Critical,Condition Monitoring,Medium,Signal & Telecommunication,Punjab: Ludhiana-Amritsar,66.0,0.16,72,76,582.0,1,1
Signal,Poor,High,Operational,Critical,Condition Monitoring,Medium,Signal & Telecommunication,Punjab: Ludhiana-Amritsar,66.0,0.16,72,76,582.0,2,0
Axle Counter,Critical,High,Under Observation,Critical,Corrective Maintenance,High,Signal & Telecommunication,Punjab: Ludhiana-Amritsar,83.0,0.17,41,16,609.0,0,1
Axle Counter,Critical,High,Under Observation,Critical,Corrective Maintenance,High,Signal & Telecommunication,Punjab: Ludhiana-Amritsar,83.0,0.17,41,16,609.0,1,0
Axle Counter,Critical,High,Under Observation,Critical,Corrective Maintenance,High,Signal & Telecommunication,Punjab: Ludhiana-Amritsar,83.0,0.17,41,16,609.0,2,1
Axle Counter,Critical,High,Under Observation,Medium,Inspection,Low,Signal & Telecommunication,Punjab: Ludhiana-Amritsar,100.0,0.18,41,16,300.0,0,1
Axle Counter,Critical,High,Under Observation,Medium,Inspection,Low,Signal & Telecommunication,Punjab: Ludhiana-Amritsar,100.0,0.18,41,16,300.0,1,0
Axle Counter,Critical,High,Under Observation,Medium,Inspection,Low,Signal & Telecommunication,Punjab: Ludhiana-Amritsar,100.0,0.18,41,16,300.0,2,1
Track,Good,Critical,Maintenance In Progress,Medium,Preventive Maintenance,Medium,Engineering,Punjab: Ludhiana-Amritsar,46.0,0.19,162,47,327.0,0,1
Track,Good,Critical,Maintenance In Progress,Medium,Preventive Maintenance,Medium,Engineering,Punjab: Ludhiana-Amritsar,46.0,0.19,162,47,327.0,1,0
Track,Good,Critical,Maintenance In Progress,Medium,Preventive Maintenance,Medium,Engineering,Punjab: Ludhiana-Amritsar,46.0,0.19,162,47,327.0,2,0
Track,Good,Critical,Maintenance In Progress,Critical,Condition Monitoring,High,Engineering,Punjab: Ludhiana-Amritsar,63.0,0.2,162,47,354.0,0,0
Track,Good,Critical,Maintenance In Progress,Critical,Condition Monitoring,High,Engineering,Punjab: Ludhiana-Amritsar,63.0,0.2,162,47,354.0,1,0
Track,Good,Critical,Maintenance In Progress,Critical,Condition Monitoring,High,Engineering,Punjab: Ludhiana-Amritsar,63.0,0.2,162,47,354.0,2,1
Turnout,Fair,Medium,Operational,Critical,Corrective Maintenance,Low,Engineering,Punjab: Ludhiana-Amritsar,80.0,0.21,130,79,381.0,0,0
Turnout,Fair,Medium,Operational,Critical,Corrective Maintenance,Low,Engineering,Punjab: Ludhiana-Amritsar,80.0,0.21,130,79,381.0,1,0
Turnout,Fair,Medium,Operational,Critical,Corrective Maintenance,Low,Engineering,Punjab: Ludhiana-Amritsar,80.0,0.21,130,79,381.0,2,1
Turnout,Fair,Medium,Operational,Medium,Inspection,Medium,Engineering,Punjab: Ludhiana-Amritsar,97.0,0.22,130,79,408.0,0,0
Turnout,Fair,Medium,Operational,Medium,Inspection,Medium,Engineering,Punjab: Ludhiana-Amritsar,97.0,0.22,130,79,408.0,1,0
Turnout,Fair,Medium,Operational,Medium,Inspection,Medium,Engineering,Punjab: Ludhiana-Amritsar,97.0,0.22,130,79,408.0,2,0
OHE Mast,Poor,High,Operational,Medium,Preventive Maintenance,High,Traction Distribution,Punjab: Ludhiana-Amritsar,43.0,0.23,99,19,435.0,0,1
OHE Mast,Poor,High,Operational,Medium,Preventive Maintenance,High,Traction Distribution,Punjab: Ludhiana-Amritsar,43.0,0.23,99,19,435.0,1,1
OHE Mast,Poor,High,Operational,Medium,Preventive Maintenance,High,Traction Distribution,Punjab: Ludhiana-Amritsar,43.0,0.23,99,19,435.0,2,1
OHE Mast,Poor,High,Operational,Critical,Condition Monitoring,Low,Traction Distribution,Punjab: Ludhiana-Amritsar,60.0,0.24,99,19,462.0,0,1
OHE Mast,Poor,High,Operational,Critical,Condition Monitoring,Low,Traction Distribution,Punjab: Ludhiana-Amritsar,60.0,0.24,99,19,462.0,1,1
OHE Mast,Poor,High,Operational,Critical,Condition Monitoring,Low,Traction Distribution,Punjab: Ludhiana-Amritsar,60.0,0.24,99,19,462.0,2,1
Traction Substation,Critical,High,Under Observation,Critical,Corrective Maintenance,Medium,Traction Distribution,Punjab: Ludhiana-Amritsar,77.0,0.25,67,50,489.0,0,1
Traction Substation,Critical,High,Under Observation,Critical,Corrective Maintenance,Medium,Traction Distribution,Punjab: Ludhiana-Amritsar,77.0,0.25,67,50,489.0,1,0
Traction Substation,Critical,High,Under Observation,Critical,Corrective Maintenance,Medium,Traction Distribution,Punjab: Ludhiana-Amritsar,77.0,0.25,67,50,489.0,2,1
Traction Substation,Critical,High,Under Observation,Medium,Inspection,High,Traction Distribution,Punjab: Ludhiana-Amritsar,94.0,0.26,67,50,516.0,0,1
Traction Substation,Critical,High,Under Observation,Medium,Inspection,High,Traction Distribution,Punjab: Ludhiana-Amritsar,94.0,0.26,67,50,516.0,1,1
Traction Substation,Critical,High,Under Observation,Medium,Inspection,High,Traction Distribution,Punjab: Ludhiana-Amritsar,94.0,0.26,67,50,516.0,2,1
Signal,Good,Critical,Maintenance In Progress,Medium,Preventive Maintenance,Low,Signal & Telecommunication,Punjab: Ludhiana-Amritsar,40.0,0.27,36,82,543.0,0,0
Signal,Good,Critical,Maintenance In Progress,Medium,Preventive Maintenance,Low,Signal & Telecommunication,Punjab: Ludhiana-Amritsar,40.0,0.27,36,82,543.0,1,0
Signal,Good,Critical,Maintenance In Progress,Medium,Preventive Maintenance,Low,Signal & Telecommunication,Punjab: Ludhiana-Amritsar,40.0,0.27,36,82,543.0,2,0
Signal,Good,Critical,Maintenance In Progress,Critical,Condition Monitoring,Medium,Signal & Telecommunication,Punjab: Ludhiana-Amritsar,57.0,0.28,36,82,570.0,0,0
Signal,Good,Critical,Maintenance In Progress,Critical,Condition Monitoring,Medium,Signal & Telecommunication,Punjab: Ludhiana-Amritsar,57.0,0.28,36,82,570.0,1,1
Signal,Good,Critical,Maintenance In Progress,Critical,Condition Monitoring,Medium,Signal & Telecommunication,Punjab: Ludhiana-Amritsar,57.0,0.28,36,82,570.0,2,1
Axle Counter,Fair,Medium,Operational,Critical,Corrective Maintenance,High,Signal & Telecommunication,Punjab: Ludhiana-Amritsar,74.0,0.29,181,22,597.0,0,1
Axle Counter,Fair,Medium,Operational,Critical,Corrective Maintenance,High,Signal & Telecommunication,Punjab: Ludhiana-Amritsar,74.0,0.29,181,22,597.0,1,0
Axle Counter,Fair,Medium,Operational,Critical,Corrective Maintenance,High,Signal & Telecommunication,Punjab: Ludhiana-Amritsar,74.0,0.29,181,22,597.0,2,1
Axle Counter,Fair,Medium,Operational,Medium,Inspection,Low,Signal & Telecommunication,Punjab: Ludhiana-Amritsar,91.0,0.3,181,22,624.0,0,0
Axle Counter,Fair,Medium,Operational,Medium,Inspection,Low,Signal & Telecommunication,Punjab: Ludhiana-Amritsar,91.0,0.3,181,22,624.0,1,0
Axle Counter,Fair,Medium,Operational,Medium,Inspection,Low,Signal & Telecommunication,Punjab: Ludhiana-Amritsar,91.0,0.3,181,22,624.0,2,0
Track,Poor,High,Operational,Medium,Preventive Maintenance,Medium,Engineering,Rajasthan: Jaipur-Jodhpur,37.0,0.31,149,53,651.0,0,1
Track,Poor,High,Operational,Medium,Preventive Maintenance,Medium,Engineering,Rajasthan: Jaipur-Jodhpur,37.0,0.31,149,53,651.0,1,1
Track,Poor,High,Operational,Medium,Preventive Maintenance,Medium,Engineering,Rajasthan: Jaipur-Jodhpur,37.0,0.31,149,53,651.0,2,0
Track,Poor,High,Operational,Critical,Condition Monitoring,High,Engineering,Rajasthan: Jaipur-Jodhpur,54.0,0.32,149,53,342.0,0,1
Track,Poor,High,Operational,Critical,Condition Monitoring,High,Engineering,Rajasthan: Jaipur-Jodhpur,54.0,0.32,149,53,342.0,1,1
Track,Poor,High,Operational,Critical,Condition Monitoring,High,Engineering,Rajasthan: Jaipur-Jodhpur,54.0,0.32,149,53,342.0,2,0
Turnout,Critical,High,Under Observation,Critical,Corrective Maintenance,Low,Engineering,Rajasthan: Jaipur-Jodhpur,71.0,0.33,118,85,369.0,0,1
Turnout,Critical,High,Under Observation,Critical,Corrective Maintenance,Low,Engineering,Rajasthan: Jaipur-Jodhpur,71.0,0.33,118,85,369.0,1,1
Turnout,Critical,High,Under Observation,Critical,Corrective Maintenance,Low,Engineering,Rajasthan: Jaipur-Jodhpur,71.0,0.33,118,85,369.0,2,0
Turnout,Critical,High,Under Observation,Medium,Inspection,Medium,Engineering,Rajasthan: Jaipur-Jodhpur,88.0,0.34,118,85,396.0,0,1
Turnout,Critical,High,Under Observation,Medium,Inspection,Medium,Engineering,Rajasthan: Jaipur-Jodhpur,88.0,0.34,118,85,396.0,1,0
Turnout,Critical,High,Under Observation,Medium,Inspection,Medium,Engineering,Rajasthan: Jaipur-Jodhpur,88.0,0.34,118,85,396.0,2,1
OHE Mast,Good,Critical,Maintenance In Progress,Medium,Preventive Maintenance,High,Traction Distribution,Rajasthan: Jaipur-Jodhpur,105.0,0.35,86,25,423.0,0,0
OHE Mast,Good,Critical,Maintenance In Progress,Medium,Preventive Maintenance,High,Traction Distribution,Rajasthan: Jaipur-Jodhpur,105.0,0.35,86,25,423.0,1,0
OHE Mast,Good,Critical,Maintenance In Progress,Medium,Preventive Maintenance,High,Traction Distribution,Rajasthan: Jaipur-Jodhpur,105.0,0.35,86,25,423.0,2,0
OHE Mast,Good,Critical,Maintenance In Progress,Critical,Condition Monitoring,Low,Traction Distribution,Rajasthan: Jaipur-Jodhpur,51.0,0.36,86,25,450.0,0,0
OHE Mast,Good,Critical,Maintenance In Progress,Critical,Condition Monitoring,Low,Traction Distribution,Rajasthan: Jaipur-Jodhpur,51.0,0.36,86,25,450.0,1,0
OHE Mast,Good,Critical,Maintenance In Progress,Critical,Condition Monitoring,Low,Traction Distribution,Rajasthan: Jaipur-Jodhpur,51.0,0.36,86,25,450.0,2,0
Traction Substation,Fair,Medium,Operational,Critical,Corrective Maintenance,Medium,Traction Distribution,Rajasthan: Jaipur-Jodhpur,68.0,0.37,55,56,477.0,0,0
Traction Substation,Fair,Medium,Operational,Critical,Corrective Maintenance,Medium,Traction Distribution,Rajasthan: Jaipur-Jodhpur,68.0,0.37,55,56,477.0,1,1
Traction Substation,Fair,Medium,Operational,Critical,Corrective Maintenance,Medium,Traction Distribution,Rajasthan: Jaipur-Jodhpur,68.0,0.37,55,56,477.0,2,0
Traction Substation,Fair,Medium,Operational,Medium,Inspection,High,Traction Distribution,Rajasthan: Jaipur-Jodhpur,85.0,0.38,55,56,504.0,0,0
Traction Substation,Fair,Medium,Operational,Medium,Inspection,High,Traction Distribution,Rajasthan: Jaipur-Jodhpur,85.0,0.38,55,56,504.0,1,0
Traction Substation,Fair,Medium,Operational,Medium,Inspection,High,Traction Distribution,Rajasthan: Jaipur-Jodhpur,85.0,0.38,55,56,504.0,2,0
Signal,Poor,High,Operational,Medium,Preventive Maintenance,Low,Signal & Telecommunication,Rajasthan: Jaipur-Jodhpur,102.0,0.39,176,63,531.0,0,0
Signal,Poor,High,Operational,Medium,Preventive Maintenance,Low,Signal & Telecommunication,Rajasthan: Jaipur-Jodhpur,102.0,0.39,176,63,531.0,1,1
Signal,Poor,High,Operational,Medium,Preventive Maintenance,Low,Signal & Telecommunication,Rajasthan: Jaipur-Jodhpur,102.0,0.39,176,63,531.0,2,1
Signal,Poor,High,Operational,Critical,Condition Monitoring,Medium,Signal & Telecommunication,Rajasthan: Jaipur-Jodhpur,48.0,0.4,176,63,558.0,0,1
Signal,Poor,High,Operational,Critical,Condition Monitoring,Medium,Signal & Telecommunication,Rajasthan: Jaipur-Jodhpur,48.0,0.4,176,63,558.0,1,0
Signal,Poor,High,Operational,Critical,Condition Monitoring,Medium,Signal & Telecommunication,Rajasthan: Jaipur-Jodhpur,48.0,0.4,176,63,558.0,2,0
Axle Counter,Critical,High,Under Observation,Critical,Corrective Maintenance,High,Signal & Telecommunication,Rajasthan: Jaipur-Jodhpur,65.0,0.41,144,3,585.0,0,1
Axle Counter,Critical,High,Under Observation,Critical,Corrective Maintenance,High,Signal & Telecommunication,Rajasthan: Jaipur-Jodhpur,65.0,0.41,144,3,585.0,1,1
Axle Counter,Critical,High,Under Observation,Critical,Corrective Maintenance,High,Signal & Telecommunication,Rajasthan: Jaipur-Jodhpur,65.0,0.41,144,3,585.0,2,1
Axle Counter,Critical,High,Under Observation,Medium,Inspection,Low,Signal & Telecommunication,Rajasthan: Jaipur-Jodhpur,82.0,0.42,144,3,612.0,0,1
Axle Counter,Critical,High,Under Observation,Medium,Inspection,Low,Signal & Telecommunication,Rajasthan: Jaipur-Jodhpur,82.0,0.42,144,3,612.0,1,0
Axle Counter,Critical,High,Under Observation,Medium,Inspection,Low,Signal & Telecommunication,Rajasthan: Jaipur-Jodhpur,82.0,0.42,144,3,612.0,2,0
Track,Good,Critical,Maintenance In Progress,Medium,Preventive Maintenance,Medium,Engineering,Rajasthan: Jaipur-Jodhpur,99.0,0.43,113,34,639.0,0,0
Track,Good,Critical,Maintenance In Progress,Medium,Preventive Maintenance,Medium,Engineering,Rajasthan: Jaipur-Jodhpur,99.0,0.43,113,34,639.0,1,1
Track,Good,Critical,Maintenance In Progress,Medium,Preventive Maintenance,Medium,Engineering,Rajasthan: Jaipur-Jodhpur,99.0,0.43,113,34,639.0,2,0
Track,Good,Critical,Maintenance In Progress,Critical,Condition Monitoring,High,Engineering,Rajasthan: Jaipur-Jodhpur,45.0,0.44,113,34,666.0,0,0
Track,Good,Critical,Maintenance In Progress,Critical,Condition Monitoring,High,Engineering,Rajasthan: Jaipur-Jodhpur,45.0,0.44,113,34,666.0,1,0
Track,Good,Critical,Maintenance In Progress,Critical,Condition Monitoring,High,Engineering,Rajasthan: Jaipur-Jodhpur,45.0,0.44,113,34,666.0,2,0
Turnout,Fair,Medium,Operational,Critical,Corrective Maintenance,Low,Engineering,Rajasthan: Jaipur-Jodhpur,62.0,0.45,81,66,693.0,0,0
Turnout,Fair,Medium,Operational,Critical,Corrective Maintenance,Low,Engineering,Rajasthan: Jaipur-Jodhpur,62.0,0.45,81,66,693.0,1,0
Turnout,Fair,Medium,Operational,Critical,Corrective Maintenance,Low,Engineering,Rajasthan: Jaipur-Jodhpur,62.0,0.45,81,66,693.0,2,0
Turnout,Fair,Medium,Operational,Medium,Inspection,Medium,Engineering,Rajasthan: Jaipur-Jodhpur,79.0,0.46,81,66,384.0,0,0
Turnout,Fair,Medium,Operational,Medium,Inspection,Medium,Engineering,Rajasthan: Jaipur-Jodhpur,79.0,0.46,81,66,384.0,1,0
Turnout,Fair,Medium,Operational,Medium,Inspection,Medium,Engineering,Rajasthan: Jaipur-Jodhpur,79.0,0.46,81,66,384.0,2,0
OHE Mast,Poor,High,Operational,Medium,Preventive Maintenance,High,Traction Distribution,Rajasthan: Jaipur-Jodhpur,96.0,0.47,50,6,411.0,0,0
OHE Mast,Poor,High,Operational,Medium,Preventive Maintenance,High,Traction Distribution,Rajasthan: Jaipur-Jodhpur,96.0,0.47,50,6,411.0,1,1
OHE Mast,Poor,High,Operational,Medium,Preventive Maintenance,High,Traction Distribution,Rajasthan: Jaipur-Jodhpur,96.0,0.47,50,6,411.0,2,0
OHE Mast,Poor,High,Operational,Critical,Condition Monitoring,Low,Traction Distribution,Rajasthan: Jaipur-Jodhpur,42.0,0.48,50,6,438.0,0,0
OHE Mast,Poor,High,Operational,Critical,Condition Monitoring,Low,Traction Distribution,Rajasthan: Jaipur-Jodhpur,42.0,0.48,50,6,438.0,1,1
OHE Mast,Poor,High,Operational,Critical,Condition Monitoring,Low,Traction Distribution,Rajasthan: Jaipur-Jodhpur,42.0,0.48,50,6,438.0,2,0
Traction Substation,Critical,High,Under Observation,Critical,Corrective Maintenance,Medium,Traction Distribution,Rajasthan: Jaipur-Jodhpur,59.0,0.49,171,37,465.0,0,1
Traction Substation,Critical,High,Under Observation,Critical,Corrective Maintenance,Medium,Traction Distribution,Rajasthan: Jaipur-Jodhpur,59.0,0.49,171,37,465.0,1,0
Traction Substation,Critical,High,Under Observation,Critical,Corrective Maintenance,Medium,Traction Distribution,Rajasthan: Jaipur-Jodhpur,59.0,0.49,171,37,465.0,2,1
Traction Substation,Critical,High,Under Observation,Medium,Inspection,High,Traction Distribution,Rajasthan: Jaipur-Jodhpur,76.0,0.5,171,37,492.0,0,1
Traction Substation,Critical,High,Under Observation,Medium,Inspection,High,Traction Distribution,Rajasthan: Jaipur-Jodhpur,76.0,0.5,171,37,492.0,1,1
Traction Substation,Critical,High,Under Observation,Medium,Inspection,High,Traction Distribution,Rajasthan: Jaipur-Jodhpur,76.0,0.5,171,37,492.0,2,1
Signal,Good,Critical,Maintenance In Progress,Medium,Preventive Maintenance,Low,Signal & Telecommunication,Rajasthan: Jaipur-Jodhpur,93.0,0.51,139,69,519.0,0,0
Signal,Good,Critical,Maintenance In Progress,Medium,Preventive Maintenance,Low,Signal & Telecommunication,Rajasthan: Jaipur-Jodhpur,93.0,0.51,139,69,519.0,1,0
Signal,Good,Critical,Maintenance In Progress,Medium,Preventive Maintenance,Low,Signal & Telecommunication,Rajasthan: Jaipur-Jodhpur,93.0,0.51,139,69,519.0,2,0
Signal,Good,Critical,Maintenance In Progress,Critical,Condition Monitoring,Medium,Signal & Telecommunication,Rajasthan: Jaipur-Jodhpur,39.0,0.52,139,69,546.0,0,0
Signal,Good,Critical,Maintenance In Progress,Critical,Condition Monitoring,Medium,Signal & Telecommunication,Rajasthan: Jaipur-Jodhpur,39.0,0.52,139,69,546.0,1,0
Signal,Good,Critical,Maintenance In Progress,Critical,Condition Monitoring,Medium,Signal & Telecommunication,Rajasthan: Jaipur-Jodhpur,39.0,0.52,139,69,546.0,2,0
Axle Counter,Fair,Medium,Operational,Critical,Corrective Maintenance,High,Signal & Telecommunication,Rajasthan: Jaipur-Jodhpur,56.0,0.53,108,9,573.0,0,1
Axle Counter,Fair,Medium,Operational,Critical,Corrective Maintenance,High,Signal & Telecommunication,Rajasthan: Jaipur-Jodhpur,56.0,0.53,108,9,573.0,1,1
Axle Counter,Fair,Medium,Operational,Critical,Corrective Maintenance,High,Signal & Telecommunication,Rajasthan: Jaipur-Jodhpur,56.0,0.53,108,9,573.0,2,1
Axle Counter,Fair,Medium,Operational,Medium,Inspection,Low,Signal & Telecommunication,Rajasthan: Jaipur-Jodhpur,73.0,0.54,108,9,600.0,0,0
Axle Counter,Fair,Medium,Operational,Medium,Inspection,Low,Signal & Telecommunication,Rajasthan: Jaipur-Jodhpur,73.0,0.54,108,9,600.0,1,0
Axle Counter,Fair,Medium,Operational,Medium,Inspection,Low,Signal & Telecommunication,Rajasthan: Jaipur-Jodhpur,73.0,0.54,108,9,600.0,2,0
Track,Poor,High,Operational,Medium,Preventive Maintenance,Medium,Engineering,Rajasthan: Jaipur-Jodhpur,90.0,0.55,76,40,627.0,0,1
Track,Poor,High,Operational,Medium,Preventive Maintenance,Medium,Engineering,Rajasthan: Jaipur-Jodhpur,90.0,0.55,76,40,627.0,1,0
Track,Poor,High,Operational,Medium,Preventive Maintenance,Medium,Engineering,Rajasthan: Jaipur-Jodhpur,90.0,0.55,76,40,627.0,2,1
Track,Poor,High,Operational,Critical,Condition Monitoring,High,Engineering,Rajasthan: Jaipur-Jodhpur,36.0,0.56,76,40,654.0,0,1
Track,Poor,High,Operational,Critical,Condition Monitoring,High,Engineering,Rajasthan: Jaipur-Jodhpur,36.0,0.56,76,40,654.0,1,1
Track,Poor,High,Operational,Critical,Condition Monitoring,High,Engineering,Rajasthan: Jaipur-Jodhpur,36.0,0.56,76,40,654.0,2,0
Turnout,Critical,High,Under Observation,Critical,Corrective Maintenance,Low,Engineering,Rajasthan: Jaipur-Jodhpur,53.0,0.57,45,72,681.0,0,1
Turnout,Critical,High,Under Observation,Critical,Corrective Maintenance,Low,Engineering,Rajasthan: Jaipur-Jodhpur,53.0,0.57,45,72,681.0,1,0
Turnout,Critical,High,Under Observation,Critical,Corrective Maintenance,Low,Engineering,Rajasthan: Jaipur-Jodhpur,53.0,0.57,45,72,681.0,2,0
Turnout,Critical,High,Under Observation,Medium,Inspection,Medium,Engineering,Rajasthan: Jaipur-Jodhpur,70.0,0.58,45,72,708.0,0,1
Turnout,Critical,High,Under Observation,Medium,Inspection,Medium,Engineering,Rajasthan: Jaipur-Jodhpur,70.0,0.58,45,72,708.0,1,0
Turnout,Critical,High,Under Observation,Medium,Inspection,Medium,Engineering,Rajasthan: Jaipur-Jodhpur,70.0,0.58,45,72,708.0,2,0
OHE Mast,Good,Critical,Maintenance In Progress,Medium,Preventive Maintenance,High,Traction Distribution,Rajasthan: Jaipur-Jodhpur,87.0,0.59,166,12,735.0,0,0
OHE Mast,Good,Critical,Maintenance In Progress,Medium,Preventive Maintenance,High,Traction Distribution,Rajasthan: Jaipur-Jodhpur,87.0,0.59,166,12,735.0,1,1
OHE Mast,Good,Critical,Maintenance In Progress,Medium,Preventive Maintenance,High,Traction Distribution,Rajasthan: Jaipur-Jodhpur,87.0,0.59,166,12,735.0,2,1
OHE Mast,Good,Critical,Maintenance In Progress,Critical,Condition Monitoring,Low,Traction Distribution,Rajasthan: Jaipur-Jodhpur,104.0,0.6,166,12,426.0,0,0
OHE Mast,Good,Critical,Maintenance In Progress,Critical,Condition Monitoring,Low,Traction Distribution,Rajasthan: Jaipur-Jodhpur,104.0,0.6,166,12,426.0,1,0
OHE Mast,Good,Critical,Maintenance In Progress,Critical,Condition Monitoring,Low,Traction Distribution,Rajasthan: Jaipur-Jodhpur,104.0,0.6,166,12,426.0,2,0
Traction Substation,Fair,Medium,Operational,Critical,Corrective Maintenance,Medium,Traction Distribution,Rajasthan: Jaipur-Jodhpur,50.0,0.61,134,43,453.0,0,0
Traction Substation,Fair,Medium,Operational,Critical,Corrective Maintenance,Medium,Traction Distribution,Rajasthan: Jaipur-Jodhpur,50.0,0.61,134,43,453.0,1,1
Traction Substation,Fair,Medium,Operational,Critical,Corrective Maintenance,Medium,Traction Distribution,Rajasthan: Jaipur-Jodhpur,50.0,0.61,134,43,453.0,2,0
Traction Substation,Fair,Medium,Operational,Medium,Inspection,High,Traction Distribution,Rajasthan: Jaipur-Jodhpur,67.0,0.62,134,43,480.0,0,1
Traction Substation,Fair,Medium,Operational,Medium,Inspection,High,Traction Distribution,Rajasthan: Jaipur-Jodhpur,67.0,0.62,134,43,480.0,1,1
Traction Substation,Fair,Medium,Operational,Medium,Inspection,High,Traction Distribution,Rajasthan: Jaipur-Jodhpur,67.0,0.62,134,43,480.0,2,0
Signal,Poor,High,Operational,Medium,Preventive Maintenance,Low,Signal & Telecommunication,Rajasthan: Jaipur-Jodhpur,84.0,0.63,103,75,507.0,0,0
Signal,Poor,High,Operational,Medium,Preventive Maintenance,Low,Signal & Telecommunication,Rajasthan: Jaipur-Jodhpur,84.0,0.63,103,75,507.0,1,0
Signal,Poor,High,Operational,Medium,Preventive Maintenance,Low,Signal & Telecommunication,Rajasthan: Jaipur-Jodhpur,84.0,0.63,103,75,507.0,2,0
Signal,Poor,High,Operational,Critical,Condition Monitoring,Medium,Signal & Telecommunication,Rajasthan: Jaipur-Jodhpur,101.0,0.64,103,75,534.0,0,1
Signal,Poor,High,Operational,Critical,Condition Monitoring,Medium,Signal & Telecommunication,Rajasthan: Jaipur-Jodhpur,101.0,0.64,103,75,534.0,1,1
Signal,Poor,High,Operational,Critical,Condition Monitoring,Medium,Signal & Telecommunication,Rajasthan: Jaipur-Jodhpur,101.0,0.64,103,75,534.0,2,1
Axle Counter,Critical,High,Under Observation,Critical,Corrective Maintenance,High,Signal & Telecommunication,Rajasthan: Jaipur-Jodhpur,47.0,0.65,71,15,561.0,0,1
Axle Counter,Critical,High,Under Observation,Critical,Corrective Maintenance,High,Signal & Telecommunication,Rajasthan: Jaipur-Jodhpur,47.0,0.65,71,15,561.0,1,1
Axle Counter,Critical,High,Under Observation,Critical,Corrective Maintenance,High,Signal & Telecommunication,Rajasthan: Jaipur-Jodhpur,47.0,0.65,71,15,561.0,2,1
Axle Counter,Critical,High,Under Observation,Medium,Inspection,Low,Signal & Telecommunication,Rajasthan: Jaipur-Jodhpur,64.0,0.66,71,15,588.0,0,1
Axle Counter,Critical,High,Under Observation,Medium,Inspection,Low,Signal & Telecommunication,Rajasthan: Jaipur-Jodhpur,64.0,0.66,71,15,588.0,1,0
Axle Counter,Critical,High,Under Observation,Medium,Inspection,Low,Signal & Telecommunication,Rajasthan: Jaipur-Jodhpur,64.0,0.66,71,15,588.0,2,1
Track,Good,Critical,Maintenance In Progress,Medium,Preventive Maintenance,Medium,Engineering,Rajasthan: Jaipur-Jodhpur,81.0,0.67,40,46,615.0,0,0
Track,Good,Critical,Maintenance In Progress,Medium,Preventive Maintenance,Medium,Engineering,Rajasthan: Jaipur-Jodhpur,81.0,0.67,40,46,615.0,1,1
Track,Good,Critical,Maintenance In Progress,Medium,Preventive Maintenance,Medium,Engineering,Rajasthan: Jaipur-Jodhpur,81.0,0.67,40,46,615.0,2,1
Track,Good,Critical,Maintenance In Progress,Critical,Condition Monitoring,High,Engineering,Rajasthan: Jaipur-Jodhpur,98.0,0.68,40,46,642.0,0,0
Track,Good,Critical,Maintenance In Progress,Critical,Condition Monitoring,High,Engineering,Rajasthan: Jaipur-Jodhpur,98.0,0.68,40,46,642.0,1,1
Track,Good,Critical,Maintenance In Progress,Critical,Condition Monitoring,High,Engineering,Rajasthan: Jaipur-Jodhpur,98.0,0.68,40,46,642.0,2,1
Turnout,Fair,Medium,Operational,Critical,Corrective Maintenance,Low,Engineering,Rajasthan: Jaipur-Jodhpur,44.0,0.69,161,78,669.0,0,0
Turnout,Fair,Medium,Operational,Critical,Corrective Maintenance,Low,Engineering,Rajasthan: Jaipur-Jodhpur,44.0,0.69,161,78,669.0,1,0
Turnout,Fair,Medium,Operational,Critical,Corrective Maintenance,Low,Engineering,Rajasthan: Jaipur-Jodhpur,44.0,0.69,161,78,669.0,2,0
Turnout,Fair,Medium,Operational,Medium,Inspection,Medium,Engineering,Rajasthan: Jaipur-Jodhpur,61.0,0.7,161,78,696.0,0,0
Turnout,Fair,Medium,Operational,Medium,Inspection,Medium,Engineering,Rajasthan: Jaipur-Jodhpur,61.0,0.7,161,78,696.0,1,0
Turnout,Fair,Medium,Operational,Medium,Inspection,Medium,Engineering,Rajasthan: Jaipur-Jodhpur,61.0,0.7,161,78,696.0,2,0
OHE Mast,Poor,High,Operational,Medium,Preventive Maintenance,High,Traction Distribution,Rajasthan: Jaipur-Jodhpur,78.0,0.71,129,18,723.0,0,1
OHE Mast,Poor,High,Operational,Medium,Preventive Maintenance,High,Traction Distribution,Rajasthan: Jaipur-Jodhpur,78.0,0.71,129,18,723.0,1,0
OHE Mast,Poor,High,Operational,Medium,Preventive Maintenance,High,Traction Distribution,Rajasthan: Jaipur-Jodhpur,78.0,0.71,129,18,723.0,2,1
OHE Mast,Poor,High,Operational,Critical,Condition Monitoring,Low,Traction Distribution,Rajasthan: Jaipur-Jodhpur,95.0,0.72,129,18,750.0,0,0
OHE Mast,Poor,High,Operational,Critical,Condition Monitoring,Low,Traction Distribution,Rajasthan: Jaipur-Jodhpur,95.0,0.72,129,18,750.0,1,1
OHE Mast,Poor,High,Operational,Critical,Condition Monitoring,Low,Traction Distribution,Rajasthan: Jaipur-Jodhpur,95.0,0.72,129,18,750.0,2,1
Traction Substation,Critical,High,Under Observation,Critical,Corrective Maintenance,Medium,Traction Distribution,Rajasthan: Jaipur-Jodhpur,41.0,0.73,98,49,777.0,0,0
Traction Substation,Critical,High,Under Observation,Critical,Corrective Maintenance,Medium,Traction Distribution,Rajasthan: Jaipur-Jodhpur,41.0,0.73,98,49,777.0,1,0
Traction Substation,Critical,High,Under Observation,Critical,Corrective Maintenance,Medium,Traction Distribution,Rajasthan: Jaipur-Jodhpur,41.0,0.73,98,49,777.0,2,1
Traction Substation,Critical,High,Under Observation,Medium,Inspection,High,Traction Distribution,Rajasthan: Jaipur-Jodhpur,58.0,0.74,98,49,468.0,0,0
Traction Substation,Critical,High,Under Observation,Medium,Inspection,High,Traction Distribution,Rajasthan: Jaipur-Jodhpur,58.0,0.74,98,49,468.0,1,1
Traction Substation,Critical,High,Under Observation,Medium,Inspection,High,Traction Distribution,Rajasthan: Jaipur-Jodhpur,58.0,0.74,98,49,468.0,2,1
Signal,Good,Critical,Maintenance In Progress,Medium,Preventive Maintenance,Low,Signal & Telecommunication,Rajasthan: Jaipur-Jodhpur,75.0,0.75,66,81,495.0,0,0
Signal,Good,Critical,Maintenance In Progress,Medium,Preventive Maintenance,Low,Signal & Telecommunication,Rajasthan: Jaipur-Jodhpur,75.0,0.75,66,81,495.0,1,0
Signal,Good,Critical,Maintenance In Progress,Medium,Preventive Maintenance,Low,Signal & Telecommunication,Rajasthan: Jaipur-Jodhpur,75.0,0.75,66,81,495.0,2,1
Signal,Good,Critical,Maintenance In Progress,Critical,Condition Monitoring,Medium,Signal & Telecommunication,Rajasthan: Jaipur-Jodhpur,92.0,0.76,66,81,522.0,0,1
Signal,Good,Critical,Maintenance In Progress,Critical,Condition Monitoring,Medium,Signal & Telecommunication,Rajasthan: Jaipur-Jodhpur,92.0,0.76,66,81,522.0,1,1
Signal,Good,Critical,Maintenance In Progress,Critical,Condition Monitoring,Medium,Signal & Telecommunication,Rajasthan: Jaipur-Jodhpur,92.0,0.76,66,81,522.0,2,1
Axle Counter,Fair,Medium,Operational,Critical,Corrective Maintenance,High,Signal & Telecommunication,Rajasthan: Jaipur-Jodhpur,38.0,0.77,59,21,549.0,0,0
Axle Counter,Fair,Medium,Operational,Critical,Corrective Maintenance,High,Signal & Telecommunication,Rajasthan: Jaipur-Jodhpur,38.0,0.77,59,21,549.0,1,0
Axle Counter,Fair,Medium,Operational,Critical,Corrective Maintenance,High,Signal & Telecommunication,Rajasthan: Jaipur-Jodhpur,38.0,0.77,59,21,549.0,2,1
Axle Counter,Fair,Medium,Operational,Medium,Inspection,Low,Signal & Telecommunication,Rajasthan: Jaipur-Jodhpur,55.0,0.78,59,21,576.0,0,0
Axle Counter,Fair,Medium,Operational,Medium,Inspection,Low,Signal & Telecommunication,Rajasthan: Jaipur-Jodhpur,55.0,0.78,59,21,576.0,1,0
Axle Counter,Fair,Medium,Operational,Medium,Inspection,Low,Signal & Telecommunication,Rajasthan: Jaipur-Jodhpur,55.0,0.78,59,21,576.0,2,0
Track,Poor,High,Operational,Medium,Preventive Maintenance,Medium,Engineering,Rajasthan: Jaipur-Jodhpur,72.0,0.79,180,52,603.0,0,0
Track,Poor,High,Operational,Medium,Preventive Maintenance,Medium,Engineering,Rajasthan: Jaipur-Jodhpur,72.0,0.79,180,52,603.0,1,1
Track,Poor,High,Operational,Medium,Preventive Maintenance,Medium,Engineering,Rajasthan: Jaipur-Jodhpur,72.0,0.79,180,52,603.0,2,1
Track,Poor,High,Operational,Critical,Condition Monitoring,High,Engineering,Rajasthan: Jaipur-Jodhpur,89.0,0.8,180,52,630.0,0,1
Track,Poor,High,Operational,Critical,Condition Monitoring,High,Engineering,Rajasthan: Jaipur-Jodhpur,89.0,0.8,180,52,630.0,1,0
Track,Poor,High,Operational,Critical,Condition Monitoring,High,Engineering,Rajasthan: Jaipur-Jodhpur,89.0,0.8,180,52,630.0,2,1
Turnout,Critical,High,Under Observation,Critical,Corrective Maintenance,Low,Engineering,Rajasthan: Jaipur-Jodhpur,35.0,0.81,148,84,657.0,0,1
Turnout,Critical,High,Under Observation,Critical,Corrective Maintenance,Low,Engineering,Rajasthan: Jaipur-Jodhpur,35.0,0.81,148,84,657.0,1,1
Turnout,Critical,High,Under Observation,Critical,Corrective Maintenance,Low,Engineering,Rajasthan: Jaipur-Jodhpur,35.0,0.81,148,84,657.0,2,1
Turnout,Critical,High,Under Observation,Medium,Inspection,Medium,Engineering,Rajasthan: Jaipur-Jodhpur,52.0,0.82,148,84,684.0,0,0
Turnout,Critical,High,Under Observation,Medium,Inspection,Medium,Engineering,Rajasthan: Jaipur-Jodhpur,52.0,0.82,148,84,684.0,1,1
Turnout,Critical,High,Under Observation,Medium,Inspection,Medium,Engineering,Rajasthan: Jaipur-Jodhpur,52.0,0.82,148,84,684.0,2,1
OHE Mast,Good,Critical,Maintenance In Progress,Medium,Preventive Maintenance,High,Traction Distribution,Rajasthan: Jaipur-Jodhpur,69.0,0.83,117,24,711.0,0,0
OHE Mast,Good,Critical,Maintenance In Progress,Medium,Preventive Maintenance,High,Traction Distribution,Rajasthan: Jaipur-Jodhpur,69.0,0.83,117,24,711.0,1,1
OHE Mast,Good,Critical,Maintenance In Progress,Medium,Preventive Maintenance,High,Traction Distribution,Rajasthan: Jaipur-Jodhpur,69.0,0.83,117,24,711.0,2,0
OHE Mast,Good,Critical,Maintenance In Progress,Critical,Condition Monitoring,Low,Traction Distribution,Rajasthan: Jaipur-Jodhpur,86.0,0.84,117,24,738.0,0,0
OHE Mast,Good,Critical,Maintenance In Progress,Critical,Condition Monitoring,Low,Traction Distribution,Rajasthan: Jaipur-Jodhpur,86.0,0.84,117,24,738.0,1,1
OHE Mast,Good,Critical,Maintenance In Progress,Critical,Condition Monitoring,Low,Traction Distribution,Rajasthan: Jaipur-Jodhpur,86.0,0.84,117,24,738.0,2,1
Traction Substation,Fair,Medium,Operational,Critical,Corrective Maintenance,Medium,Traction Distribution,Rajasthan: Jaipur-Jodhpur,103.0,0.85,85,55,765.0,0,0
Traction Substation,Fair,Medium,Operational,Critical,Corrective Maintenance,Medium,Traction Distribution,Rajasthan: Jaipur-Jodhpur,103.0,0.85,85,55,765.0,1,1
Traction Substation,Fair,Medium,Operational,Critical,Corrective Maintenance,Medium,Traction Distribution,Rajasthan: Jaipur-Jodhpur,103.0,0.85,85,55,765.0,2,1
Traction Substation,Fair,Medium,Operational,Medium,Inspection,High,Traction Distribution,Rajasthan: Jaipur-Jodhpur,49.0,0.86,85,55,792.0,0,0
Traction Substation,Fair,Medium,Operational,Medium,Inspection,High,Traction Distribution,Rajasthan: Jaipur-Jodhpur,49.0,0.86,85,55,792.0,1,0
Traction Substation,Fair,Medium,Operational,Medium,Inspection,High,Traction Distribution,Rajasthan: Jaipur-Jodhpur,49.0,0.86,85,55,792.0,2,1
Signal,Poor,High,Operational,Medium,Preventive Maintenance,Low,Signal & Telecommunication,Rajasthan: Jaipur-Jodhpur,66.0,0.87,54,87,819.0,0,0
Signal,Poor,High,Operational,Medium,Preventive Maintenance,Low,Signal & Telecommunication,Rajasthan: Jaipur-Jodhpur,66.0,0.87,54,87,819.0,1,1
Signal,Poor,High,Operational,Medium,Preventive Maintenance,Low,Signal & Telecommunication,Rajasthan: Jaipur-Jodhpur,66.0,0.87,54,87,819.0,2,1
Signal,Poor,High,Operational,Critical,Condition Monitoring,Medium,Signal & Telecommunication,Rajasthan: Jaipur-Jodhpur,83.0,0.88,54,87,510.0,0,0
Signal,Poor,High,Operational,Critical,Condition Monitoring,Medium,Signal & Telecommunication,Rajasthan: Jaipur-Jodhpur,83.0,0.88,54,87,510.0,1,1
Signal,Poor,High,Operational,Critical,Condition Monitoring,Medium,Signal & Telecommunication,Rajasthan: Jaipur-Jodhpur,83.0,0.88,54,87,510.0,2,1
Axle Counter,Critical,High,Under Observation,Critical,Corrective Maintenance,High,Signal & Telecommunication,Rajasthan: Jaipur-Jodhpur,100.0,0.89,175,2,537.0,0,1
Axle Counter,Critical,High,Under Observation,Critical,Corrective Maintenance,High,Signal & Telecommunication,Rajasthan: Jaipur-Jodhpur,100.0,0.89,175,2,537.0,1,0
Axle Counter,Critical,High,Under Observation,Critical,Corrective Maintenance,High,Signal & Telecommunication,Rajasthan: Jaipur-Jodhpur,100.0,0.89,175,2,537.0,2,1
Axle Counter,Critical,High,Under Observation,Medium,Inspection,Low,Signal & Telecommunication,Rajasthan: Jaipur-Jodhpur,46.0,0.9,175,2,564.0,0,0
Axle Counter,Critical,High,Under Observation,Medium,Inspection,Low,Signal & Telecommunication,Rajasthan: Jaipur-Jodhpur,46.0,0.9,175,2,564.0,1,0
Axle Counter,Critical,High,Under Observation,Medium,Inspection,Low,Signal & Telecommunication,Rajasthan: Jaipur-Jodhpur,46.0,0.9,175,2,564.0,2,0
Track,Good,Critical,Maintenance In Progress,Medium,Preventive Maintenance,Medium,Engineering,Rajasthan: Jaipur-Jodhpur,63.0,0.12,143,33,591.0,0,0
Track,Good,Critical,Maintenance In Progress,Medium,Preventive Maintenance,Medium,Engineering,Rajasthan: Jaipur-Jodhpur,63.0,0.12,143,33,591.0,1,0
Track,Good,Critical,Maintenance In Progress,Medium,Preventive Maintenance,Medium,Engineering,Rajasthan: Jaipur-Jodhpur,63.0,0.12,143,33,591.0,2,0
Track,Good,Critical,Maintenance In Progress,Critical,Condition Monitoring,High,Engineering,Rajasthan: Jaipur-Jodhpur,80.0,0.13,143,33,618.0,0,1
Track,Good,Critical,Maintenance In Progress,Critical,Condition Monitoring,High,Engineering,Rajasthan: Jaipur-Jodhpur,80.0,0.13,143,33,618.0,1,0
Track,Good,Critical,Maintenance In Progress,Critical,Condition Monitoring,High,Engineering,Rajasthan: Jaipur-Jodhpur,80.0,0.13,143,33,618.0,2,0
Turnout,Fair,Medium,Operational,Critical,Corrective Maintenance,Low,Engineering,Rajasthan: Jaipur-Jodhpur,97.0,0.14,112,65,645.0,0,1
Turnout,Fair,Medium,Operational,Critical,Corrective Maintenance,Low,Engineering,Rajasthan: Jaipur-Jodhpur,97.0,0.14,112,65,645.0,1,0
Turnout,Fair,Medium,Operational,Critical,Corrective Maintenance,Low,Engineering,Rajasthan: Jaipur-Jodhpur,97.0,0.14,112,65,645.0,2,0
Turnout,Fair,Medium,Operational,Medium,Inspection,Medium,Engineering,Rajasthan: Jaipur-Jodhpur,43.0,0.15,112,65,672.0,0,0
Turnout,Fair,Medium,Operational,Medium,Inspection,Medium,Engineering,Rajasthan: Jaipur-Jodhpur,43.0,0.15,112,65,672.0,1,0
Turnout,Fair,Medium,Operational,Medium,Inspection,Medium,Engineering,Rajasthan: Jaipur-Jodhpur,43.0,0.15,112,65,672.0,2,0
OHE Mast,Poor,High,Operational,Medium,Preventive Maintenance,High,Traction Distribution,Rajasthan: Jaipur-Jodhpur,60.0,0.16,80,5,699.0,0,0
OHE Mast,Poor,High,Operational,Medium,Preventive Maintenance,High,Traction Distribution,Rajasthan: Jaipur-Jodhpur,60.0,0.16,80,5,699.0,1,1
OHE Mast,Poor,High,Operational,Medium,Preventive Maintenance,High,Traction Distribution,Rajasthan: Jaipur-Jodhpur,60.0,0.16,80,5,699.0,2,0
OHE Mast,Poor,High,Operational,Critical,Condition Monitoring,Low,Traction Distribution,Rajasthan: Jaipur-Jodhpur,77.0,0.17,80,5,726.0,0,1
OHE Mast,Poor,High,Operational,Critical,Condition Monitoring,Low,Traction Distribution,Rajasthan: Jaipur-Jodhpur,77.0,0.17,80,5,726.0,1,1
OHE Mast,Poor,High,Operational,Critical,Condition Monitoring,Low,Traction Distribution,Rajasthan: Jaipur-Jodhpur,77.0,0.17,80,5,726.0,2,1
Traction Substation,Critical,High,Under Observation,Critical,Corrective Maintenance,Medium,Traction Distribution,Rajasthan: Jaipur-Jodhpur,94.0,0.18,49,36,753.0,0,1
Traction Substation,Critical,High,Under Observation,Critical,Corrective Maintenance,Medium,Traction Distribution,Rajasthan: Jaipur-Jodhpur,94.0,0.18,49,36,753.0,1,0
Traction Substation,Critical,High,Under Observation,Critical,Corrective Maintenance,Medium,Traction Distribution,Rajasthan: Jaipur-Jodhpur,94.0,0.18,49,36,753.0,2,1
Traction Substation,Critical,High,Under Observation,Medium,Inspection,High,Traction Distribution,Rajasthan: Jaipur-Jodhpur,40.0,0.19,49,36,780.0,0,0
Traction Substation,Critical,High,Under Observation,Medium,Inspection,High,Traction Distribution,Rajasthan: Jaipur-Jodhpur,40.0,0.19,49,36,780.0,1,1
Traction Substation,Critical,High,Under Observation,Medium,Inspection,High,Traction Distribution,Rajasthan: Jaipur-Jodhpur,40.0,0.19,49,36,780.0,2,1
Signal,Good,Critical,Maintenance In Progress,Medium,Preventive Maintenance,Low,Signal & Telecommunication,Rajasthan: Jaipur-Jodhpur,57.0,0.2,170,68,807.0,0,0
Signal,Good,Critical,Maintenance In Progress,Medium,Preventive Maintenance,Low,Signal & Telecommunication,Rajasthan: Jaipur-Jodhpur,57.0,0.2,170,68,807.0,1,0
Signal,Good,Critical,Maintenance In Progress,Medium,Preventive Maintenance,Low,Signal & Telecommunication,Rajasthan: Jaipur-Jodhpur,57.0,0.2,170,68,807.0,2,0
Signal,Good,Critical,Maintenance In Progress,Critical,Condition Monitoring,Medium,Signal & Telecommunication,Rajasthan: Jaipur-Jodhpur,74.0,0.21,170,68,834.0,0,1
Signal,Good,Critical,Maintenance In Progress,Critical,Condition Monitoring,Medium,Signal & Telecommunication,Rajasthan: Jaipur-Jodhpur,74.0,0.21,170,68,834.0,1,0
Signal,Good,Critical,Maintenance In Progress,Critical,Condition Monitoring,Medium,Signal & Telecommunication,Rajasthan: Jaipur-Jodhpur,74.0,0.21,170,68,834.0,2,0
Axle Counter,Fair,Medium,Operational,Critical,Corrective Maintenance,High,Signal & Telecommunication,Rajasthan: Jaipur-Jodhpur,91.0,0.22,138,8,861.0,0,0
Axle Counter,Fair,Medium,Operational,Critical,Corrective Maintenance,High,Signal & Telecommunication,Rajasthan: Jaipur-Jodhpur,91.0,0.22,138,8,861.0,1,1
Axle Counter,Fair,Medium,Operational,Critical,Corrective Maintenance,High,Signal & Telecommunication,Rajasthan: Jaipur-Jodhpur,91.0,0.22,138,8,861.0,2,0
Axle Counter,Fair,Medium,Operational,Medium,Inspection,Low,Signal & Telecommunication,Rajasthan: Jaipur-Jodhpur,37.0,0.23,138,8,48.0,0,0
Axle Counter,Fair,Medium,Operational,Medium,Inspection,Low,Signal & Telecommunication,Rajasthan: Jaipur-Jodhpur,37.0,0.23,138,8,48.0,1,0
Axle Counter,Fair,Medium,Operational,Medium,Inspection,Low,Signal & Telecommunication,Rajasthan: Jaipur-Jodhpur,37.0,0.23,138,8,48.0,2,0
Track,Poor,High,Operational,Medium,Preventive Maintenance,Medium,Engineering,Sikkim: Gangtok-Rangpo,54.0,0.24,107,39,75.0,0,0
Track,Poor,High,Operational,Medium,Preventive Maintenance,Medium,Engineering,Sikkim: Gangtok-Rangpo,54.0,0.24,107,39,75.0,1,0
Track,Poor,High,Operational,Medium,Preventive Maintenance,Medium,Engineering,Sikkim: Gangtok-Rangpo,54.0,0.24,107,39,75.0,2,0
Track,Poor,High,Operational,Critical,Condition Monitoring,High,Engineering,Sikkim: Gangtok-Rangpo,71.0,0.25,107,39,102.0,0,0
Track,Poor,High,Operational,Critical,Condition Monitoring,High,Engineering,Sikkim: Gangtok-Rangpo,71.0,0.25,107,39,102.0,1,1
Track,Poor,High,Operational,Critical,Condition Monitoring,High,Engineering,Sikkim: Gangtok-Rangpo,71.0,0.25,107,39,102.0,2,1
Turnout,Critical,High,Under Observation,Critical,Corrective Maintenance,Low,Engineering,Sikkim: Gangtok-Rangpo,88.0,0.26,75,71,129.0,0,1
Turnout,Critical,High,Under Observation,Critical,Corrective Maintenance,Low,Engineering,Sikkim: Gangtok-Rangpo,88.0,0.26,75,71,129.0,1,1
Turnout,Critical,High,Under Observation,Critical,Corrective Maintenance,Low,Engineering,Sikkim: Gangtok-Rangpo,88.0,0.26,75,71,129.0,2,0
Turnout,Critical,High,Under Observation,Medium,Inspection,Medium,Engineering,Sikkim: Gangtok-Rangpo,105.0,0.27,75,71,156.0,0,1
Turnout,Critical,High,Under Observation,Medium,Inspection,Medium,Engineering,Sikkim: Gangtok-Rangpo,105.0,0.27,75,71,156.0,1,0
Turnout,Critical,High,Under Observation,Medium,Inspection,Medium,Engineering,Sikkim: Gangtok-Rangpo,105.0,0.27,75,71,156.0,2,0
OHE Mast,Good,Critical,Maintenance In Progress,Medium,Preventive Maintenance,High,Traction Distribution,Sikkim: Gangtok-Rangpo,51.0,0.28,44,11,183.0,0,1
OHE Mast,Good,Critical,Maintenance In Progress,Medium,Preventive Maintenance,High,Traction Distribution,Sikkim: Gangtok-Rangpo,51.0,0.28,44,11,183.0,1,0
OHE Mast,Good,Critical,Maintenance In Progress,Medium,Preventive Maintenance,High,Traction Distribution,Sikkim: Gangtok-Rangpo,51.0,0.28,44,11,183.0,2,0
OHE Mast,Good,Critical,Maintenance In Progress,Critical,Condition Monitoring,Low,Traction Distribution,Sikkim: Gangtok-Rangpo,68.0,0.29,44,11,210.0,0,0
OHE Mast,Good,Critical,Maintenance In Progress,Critical,Condition Monitoring,Low,Traction Distribution,Sikkim: Gangtok-Rangpo,68.0,0.29,44,11,210.0,1,1
OHE Mast,Good,Critical,Maintenance In Progress,Critical,Condition Monitoring,Low,Traction Distribution,Sikkim: Gangtok-Rangpo,68.0,0.29,44,11,210.0,2,0
Traction Substation,Fair,Medium,Operational,Critical,Corrective Maintenance,Medium,Traction Distribution,Sikkim: Gangtok-Rangpo,85.0,0.3,165,42,237.0,0,1
Traction Substation,Fair,Medium,Operational,Critical,Corrective Maintenance,Medium,Traction Distribution,Sikkim: Gangtok-Rangpo,85.0,0.3,165,42,237.0,1,1
Traction Substation,Fair,Medium,Operational,Critical,Corrective Maintenance,Medium,Traction Distribution,Sikkim: Gangtok-Rangpo,85.0,0.3,165,42,237.0,2,0
Traction Substation,Fair,Medium,Operational,Medium,Inspection,High,Traction Distribution,Sikkim: Gangtok-Rangpo,102.0,0.31,165,42,264.0,0,0
Traction Substation,Fair,Medium,Operational,Medium,Inspection,High,Traction Distribution,Sikkim: Gangtok-Rangpo,102.0,0.31,165,42,264.0,1,0
Traction Substation,Fair,Medium,Operational,Medium,Inspection,High,Traction Distribution,Sikkim: Gangtok-Rangpo,102.0,0.31,165,42,264.0,2,0
Signal,Poor,High,Operational,Medium,Preventive Maintenance,Low,Signal & Telecommunication,Sikkim: Gangtok-Rangpo,48.0,0.32,133,74,291.0,0,0
Signal,Poor,High,Operational,Medium,Preventive Maintenance,Low,Signal & Telecommunication,Sikkim: Gangtok-Rangpo,48.0,0.32,133,74,291.0,1,1
Signal,Poor,High,Operational,Medium,Preventive Maintenance,Low,Signal & Telecommunication,Sikkim: Gangtok-Rangpo,48.0,0.32,133,74,291.0,2,1
Signal,Poor,High,Operational,Critical,Condition Monitoring,Medium,Signal & Telecommunication,Sikkim: Gangtok-Rangpo,65.0,0.33,133,74,318.0,0,0
Signal,Poor,High,Operational,Critical,Condition Monitoring,Medium,Signal & Telecommunication,Sikkim: Gangtok-Rangpo,65.0,0.33,133,74,318.0,1,0
Signal,Poor,High,Operational,Critical,Condition Monitoring,Medium,Signal & Telecommunication,Sikkim: Gangtok-Rangpo,65.0,0.33,133,74,318.0,2,0
Axle Counter,Critical,High,Under Observation,Critical,Corrective Maintenance,High,Signal & Telecommunication,Sikkim: Gangtok-Rangpo,82.0,0.34,102,14,345.0,0,0
Axle Counter,Critical,High,Under Observation,Critical,Corrective Maintenance,High,Signal & Telecommunication,Sikkim: Gangtok-Rangpo,82.0,0.34,102,14,345.0,1,0
Axle Counter,Critical,High,Under Observation,Critical,Corrective Maintenance,High,Signal & Telecommunication,Sikkim: Gangtok-Rangpo,82.0,0.34,102,14,345.0,2,1
Axle Counter,Critical,High,Under Observation,Medium,Inspection,Low,Signal & Telecommunication,Sikkim: Gangtok-Rangpo,99.0,0.35,102,14,372.0,0,1
Axle Counter,Critical,High,Under Observation,Medium,Inspection,Low,Signal & Telecommunication,Sikkim: Gangtok-Rangpo,99.0,0.35,102,14,372.0,1,1
Axle Counter,Critical,High,Under Observation,Medium,Inspection,Low,Signal & Telecommunication,Sikkim: Gangtok-Rangpo,99.0,0.35,102,14,372.0,2,1
Track,Good,Critical,Maintenance In Progress,Medium,Preventive Maintenance,Medium,Engineering,Sikkim: Gangtok-Rangpo,45.0,0.36,70,45,399.0,0,0
Track,Good,Critical,Maintenance In Progress,Medium,Preventive Maintenance,Medium,Engineering,Sikkim: Gangtok-Rangpo,45.0,0.36,70,45,399.0,1,0
Track,Good,Critical,Maintenance In Progress,Medium,Preventive Maintenance,Medium,Engineering,Sikkim: Gangtok-Rangpo,45.0,0.36,70,45,399.0,2,1
Track,Good,Critical,Maintenance In Progress,Critical,Condition Monitoring,High,Engineering,Sikkim: Gangtok-Rangpo,62.0,0.37,70,45,90.0,0,0
Track,Good,Critical,Maintenance In Progress,Critical,Condition Monitoring,High,Engineering,Sikkim: Gangtok-Rangpo,62.0,0.37,70,45,90.0,1,0
Track,Good,Critical,Maintenance In Progress,Critical,Condition Monitoring,High,Engineering,Sikkim: Gangtok-Rangpo,62.0,0.37,70,45,90.0,2,0
Turnout,Fair,Medium,Operational,Critical,Corrective Maintenance,Low,Engineering,Sikkim: Gangtok-Rangpo,79.0,0.38,39,77,117.0,0,0
Turnout,Fair,Medium,Operational,Critical,Corrective Maintenance,Low,Engineering,Sikkim: Gangtok-Rangpo,79.0,0.38,39,77,117.0,1,0
Turnout,Fair,Medium,Operational,Critical,Corrective Maintenance,Low,Engineering,Sikkim: Gangtok-Rangpo,79.0,0.38,39,77,117.0,2,0
Turnout,Fair,Medium,Operational,Medium,Inspection,Medium,Engineering,Sikkim: Gangtok-Rangpo,96.0,0.39,39,77,144.0,0,0
Turnout,Fair,Medium,Operational,Medium,Inspection,Medium,Engineering,Sikkim: Gangtok-Rangpo,96.0,0.39,39,77,144.0,1,0
Turnout,Fair,Medium,Operational,Medium,Inspection,Medium,Engineering,Sikkim: Gangtok-Rangpo,96.0,0.39,39,77,144.0,2,0
OHE Mast,Poor,High,Operational,Medium,Preventive Maintenance,High,Traction Distribution,Sikkim: Gangtok-Rangpo,42.0,0.4,160,17,171.0,0,1
OHE Mast,Poor,High,Operational,Medium,Preventive Maintenance,High,Traction Distribution,Sikkim: Gangtok-Rangpo,42.0,0.4,160,17,171.0,1,0
OHE Mast,Poor,High,Operational,Medium,Preventive Maintenance,High,Traction Distribution,Sikkim: Gangtok-Rangpo,42.0,0.4,160,17,171.0,2,1
OHE Mast,Poor,High,Operational,Critical,Condition Monitoring,Low,Traction Distribution,Sikkim: Gangtok-Rangpo,59.0,0.41,160,17,198.0,0,1
OHE Mast,Poor,High,Operational,Critical,Condition Monitoring,Low,Traction Distribution,Sikkim: Gangtok-Rangpo,59.0,0.41,160,17,198.0,1,1
OHE Mast,Poor,High,Operational,Critical,Condition Monitoring,Low,Traction Distribution,Sikkim: Gangtok-Rangpo,59.0,0.41,160,17,198.0,2,1
Traction Substation,Critical,High,Under Observation,Critical,Corrective Maintenance,Medium,Traction Distribution,Sikkim: Gangtok-Rangpo,76.0,0.42,128,48,225.0,0,0
Traction Substation,Critical,High,Under Observation,Critical,Corrective Maintenance,Medium,Traction Distribution,Sikkim: Gangtok-Rangpo,76.0,0.42,128,48,225.0,1,1
Traction Substation,Critical,High,Under Observation,Critical,Corrective Maintenance,Medium,Traction Distribution,Sikkim: Gangtok-Rangpo,76.0,0.42,128,48,225.0,2,1
Traction Substation,Critical,High,Under Observation,Medium,Inspection,High,Traction Distribution,Sikkim: Gangtok-Rangpo,93.0,0.43,128,48,252.0,0,1
Traction Substation,Critical,High,Under Observation,Medium,Inspection,High,Traction Distribution,Sikkim: Gangtok-Rangpo,93.0,0.43,128,48,252.0,1,1
Traction Substation,Critical,High,Under Observation,Medium,Inspection,High,Traction Distribution,Sikkim: Gangtok-Rangpo,93.0,0.43,128,48,252.0,2,1
Signal,Good,Critical,Maintenance In Progress,Medium,Preventive Maintenance,Low,Signal & Telecommunication,Sikkim: Gangtok-Rangpo,39.0,0.44,97,80,279.0,0,0
Signal,Good,Critical,Maintenance In Progress,Medium,Preventive Maintenance,Low,Signal & Telecommunication,Sikkim: Gangtok-Rangpo,39.0,0.44,97,80,279.0,1,0
Signal,Good,Critical,Maintenance In Progress,Medium,Preventive Maintenance,Low,Signal & Telecommunication,Sikkim: Gangtok-Rangpo,39.0,0.44,97,80,279.0,2,1
Signal,Good,Critical,Maintenance In Progress,Critical,Condition Monitoring,Medium,Signal & Telecommunication,Sikkim: Gangtok-Rangpo,56.0,0.45,97,80,306.0,0,0
Signal,Good,Critical,Maintenance In Progress,Critical,Condition Monitoring,Medium,Signal & Telecommunication,Sikkim: Gangtok-Rangpo,56.0,0.45,97,80,306.0,1,0
Signal,Good,Critical,Maintenance In Progress,Critical,Condition Monitoring,Medium,Signal & Telecommunication,Sikkim: Gangtok-Rangpo,56.0,0.45,97,80,306.0,2,1
Axle Counter,Fair,Medium,Operational,Critical,Corrective Maintenance,High,Signal & Telecommunication,Sikkim: Gangtok-Rangpo,73.0,0.46,89,20,333.0,0,0
Axle Counter,Fair,Medium,Operational,Critical,Corrective Maintenance,High,Signal & Telecommunication,Sikkim: Gangtok-Rangpo,73.0,0.46,89,20,333.0,1,1
Axle Counter,Fair,Medium,Operational,Critical,Corrective Maintenance,High,Signal & Telecommunication,Sikkim: Gangtok-Rangpo,73.0,0.46,89,20,333.0,2,0
Axle Counter,Fair,Medium,Operational,Medium,Inspection,Low,Signal & Telecommunication,Sikkim: Gangtok-Rangpo,90.0,0.47,89,20,360.0,0,0
Axle Counter,Fair,Medium,Operational,Medium,Inspection,Low,Signal & Telecommunication,Sikkim: Gangtok-Rangpo,90.0,0.47,89,20,360.0,1,1
Axle Counter,Fair,Medium,Operational,Medium,Inspection,Low,Signal & Telecommunication,Sikkim: Gangtok-Rangpo,90.0,0.47,89,20,360.0,2,0
Track,Poor,High,Operational,Medium,Preventive Maintenance,Medium,Engineering,Sikkim: Gangtok-Rangpo,36.0,0.48,58,51,387.0,0,1
Track,Poor,High,Operational,Medium,Preventive Maintenance,Medium,Engineering,Sikkim: Gangtok-Rangpo,36.0,0.48,58,51,387.0,1,0
Track,Poor,High,Operational,Medium,Preventive Maintenance,Medium,Engineering,Sikkim: Gangtok-Rangpo,36.0,0.48,58,51,387.0,2,1
Track,Poor,High,Operational,Critical,Condition Monitoring,High,Engineering,Sikkim: Gangtok-Rangpo,53.0,0.49,58,51,414.0,0,1
Track,Poor,High,Operational,Critical,Condition Monitoring,High,Engineering,Sikkim: Gangtok-Rangpo,53.0,0.49,58,51,414.0,1,1
Track,Poor,High,Operational,Critical,Condition Monitoring,High,Engineering,Sikkim: Gangtok-Rangpo,53.0,0.49,58,51,414.0,2,1
Turnout,Critical,High,Under Observation,Critical,Corrective Maintenance,Low,Engineering,Sikkim: Gangtok-Rangpo,70.0,0.5,179,83,441.0,0,1
Turnout,Critical,High,Under Observation,Critical,Corrective Maintenance,Low,Engineering,Sikkim: Gangtok-Rangpo,70.0,0.5,179,83,441.0,1,1
Turnout,Critical,High,Under Observation,Critical,Corrective Maintenance,Low,Engineering,Sikkim: Gangtok-Rangpo,70.0,0.5,179,83,441.0,2,0
Turnout,Critical,High,Under Observation,Medium,Inspection,Medium,Engineering,Sikkim: Gangtok-Rangpo,87.0,0.51,179,83,132.0,0,0
Turnout,Critical,High,Under Observation,Medium,Inspection,Medium,Engineering,Sikkim: Gangtok-Rangpo,87.0,0.51,179,83,132.0,1,0
Turnout,Critical,High,Under Observation,Medium,Inspection,Medium,Engineering,Sikkim: Gangtok-Rangpo,87.0,0.51,179,83,132.0,2,1
OHE Mast,Good,Critical,Maintenance In Progress,Medium,Preventive Maintenance,High,Traction Distribution,Sikkim: Gangtok-Rangpo,104.0,0.52,147,23,159.0,0,1
OHE Mast,Good,Critical,Maintenance In Progress,Medium,Preventive Maintenance,High,Traction Distribution,Sikkim: Gangtok-Rangpo,104.0,0.52,147,23,159.0,1,1
OHE Mast,Good,Critical,Maintenance In Progress,Medium,Preventive Maintenance,High,Traction Distribution,Sikkim: Gangtok-Rangpo,104.0,0.52,147,23,159.0,2,0
OHE Mast,Good,Critical,Maintenance In Progress,Critical,Condition Monitoring,Low,Traction Distribution,Sikkim: Gangtok-Rangpo,50.0,0.53,147,23,186.0,0,1
OHE Mast,Good,Critical,Maintenance In Progress,Critical,Condition Monitoring,Low,Traction Distribution,Sikkim: Gangtok-Rangpo,50.0,0.53,147,23,186.0,1,0
OHE Mast,Good,Critical,Maintenance In Progress,Critical,Condition Monitoring,Low,Traction Distribution,Sikkim: Gangtok-Rangpo,50.0,0.53,147,23,186.0,2,1
Traction Substation,Fair,Medium,Operational,Critical,Corrective Maintenance,Medium,Traction Distribution,Sikkim: Gangtok-Rangpo,67.0,0.54,116,54,213.0,0,0
Traction Substation,Fair,Medium,Operational,Critical,Corrective Maintenance,Medium,Traction Distribution,Sikkim: Gangtok-Rangpo,67.0,0.54,116,54,213.0,1,0
Traction Substation,Fair,Medium,Operational,Critical,Corrective Maintenance,Medium,Traction Distribution,Sikkim: Gangtok-Rangpo,67.0,0.54,116,54,213.0,2,0
Traction Substation,Fair,Medium,Operational,Medium,Inspection,High,Traction Distribution,Sikkim: Gangtok-Rangpo,84.0,0.55,116,54,240.0,0,1
Traction Substation,Fair,Medium,Operational,Medium,Inspection,High,Traction Distribution,Sikkim: Gangtok-Rangpo,84.0,0.55,116,54,240.0,1,1
Traction Substation,Fair,Medium,Operational,Medium,Inspection,High,Traction Distribution,Sikkim: Gangtok-Rangpo,84.0,0.55,116,54,240.0,2,0
Signal,Poor,High,Operational,Medium,Preventive Maintenance,Low,Signal & Telecommunication,Sikkim: Gangtok-Rangpo,101.0,0.56,84,86,267.0,0,0
Signal,Poor,High,Operational,Medium,Preventive Maintenance,Low,Signal & Telecommunication,Sikkim: Gangtok-Rangpo,101.0,0.56,84,86,267.0,1,1
Signal,Poor,High,Operational,Medium,Preventive Maintenance,Low,Signal & Telecommunication,Sikkim: Gangtok-Rangpo,101.0,0.56,84,86,267.0,2,1
Signal,Poor,High,Operational,Critical,Condition Monitoring,Medium,Signal & Telecommunication,Sikkim: Gangtok-Rangpo,47.0,0.57,84,86,294.0,0,1
Signal,Poor,High,Operational,Critical,Condition Monitoring,Medium,Signal & Telecommunication,Sikkim: Gangtok-Rangpo,47.0,0.57,84,86,294.0,1,1
Signal,Poor,High,Operational,Critical,Condition Monitoring,Medium,Signal & Telecommunication,Sikkim: Gangtok-Rangpo,47.0,0.57,84,86,294.0,2,1
Axle Counter,Critical,High,Under Observation,Critical,Corrective Maintenance,High,Signal & Telecommunication,Sikkim: Gangtok-Rangpo,64.0,0.58,53,26,321.0,0,1
Axle Counter,Critical,High,Under Observation,Critical,Corrective Maintenance,High,Signal & Telecommunication,Sikkim: Gangtok-Rangpo,64.0,0.58,53,26,321.0,1,1
Axle Counter,Critical,High,Under Observation,Critical,Corrective Maintenance,High,Signal & Telecommunication,Sikkim: Gangtok-Rangpo,64.0,0.58,53,26,321.0,2,1
Axle Counter,Critical,High,Under Observation,Medium,Inspection,Low,Signal & Telecommunication,Sikkim: Gangtok-Rangpo,81.0,0.59,53,26,348.0,0,1
Axle Counter,Critical,High,Under Observation,Medium,Inspection,Low,Signal & Telecommunication,Sikkim: Gangtok-Rangpo,81.0,0.59,53,26,348.0,1,1
Axle Counter,Critical,High,Under Observation,Medium,Inspection,Low,Signal & Telecommunication,Sikkim: Gangtok-Rangpo,81.0,0.59,53,26,348.0,2,0
Track,Good,Critical,Maintenance In Progress,Medium,Preventive Maintenance,Medium,Engineering,Sikkim: Gangtok-Rangpo,98.0,0.6,174,32,375.0,0,0
Track,Good,Critical,Maintenance In Progress,Medium,Preventive Maintenance,Medium,Engineering,Sikkim: Gangtok-Rangpo,98.0,0.6,174,32,375.0,1,1
Track,Good,Critical,Maintenance In Progress,Medium,Preventive Maintenance,Medium,Engineering,Sikkim: Gangtok-Rangpo,98.0,0.6,174,32,375.0,2,0
Track,Good,Critical,Maintenance In Progress,Critical,Condition Monitoring,High,Engineering,Sikkim: Gangtok-Rangpo,44.0,0.61,174,32,402.0,0,1
Track,Good,Critical,Maintenance In Progress,Critical,Condition Monitoring,High,Engineering,Sikkim: Gangtok-Rangpo,44.0,0.61,174,32,402.0,1,1
Track,Good,Critical,Maintenance In Progress,Critical,Condition Monitoring,High,Engineering,Sikkim: Gangtok-Rangpo,44.0,0.61,174,32,402.0,2,0
Turnout,Fair,Medium,Operational,Critical,Corrective Maintenance,Low,Engineering,Sikkim: Gangtok-Rangpo,61.0,0.62,142,64,429.0,0,0
Turnout,Fair,Medium,Operational,Critical,Corrective Maintenance,Low,Engineering,Sikkim: Gangtok-Rangpo,61.0,0.62,142,64,429.0,1,0
Turnout,Fair,Medium,Operational,Critical,Corrective Maintenance,Low,Engineering,Sikkim: Gangtok-Rangpo,61.0,0.62,142,64,429.0,2,0
Turnout,Fair,Medium,Operational,Medium,Inspection,Medium,Engineering,Sikkim: Gangtok-Rangpo,78.0,0.63,142,64,456.0,0,1
Turnout,Fair,Medium,Operational,Medium,Inspection,Medium,Engineering,Sikkim: Gangtok-Rangpo,78.0,0.63,142,64,456.0,1,0
Turnout,Fair,Medium,Operational,Medium,Inspection,Medium,Engineering,Sikkim: Gangtok-Rangpo,78.0,0.63,142,64,456.0,2,0
OHE Mast,Poor,High,Operational,Medium,Preventive Maintenance,High,Traction Distribution,Sikkim: Gangtok-Rangpo,95.0,0.64,111,4,483.0,0,1
OHE Mast,Poor,High,Operational,Medium,Preventive Maintenance,High,Traction Distribution,Sikkim: Gangtok-Rangpo,95.0,0.64,111,4,483.0,1,1
OHE Mast,Poor,High,Operational,Medium,Preventive Maintenance,High,Traction Distribution,Sikkim: Gangtok-Rangpo,95.0,0.64,111,4,483.0,2,0
OHE Mast,Poor,High,Operational,Critical,Condition Monitoring,Low,Traction Distribution,Sikkim: Gangtok-Rangpo,41.0,0.65,111,4,174.0,0,1
OHE Mast,Poor,High,Operational,Critical,Condition Monitoring,Low,Traction Distribution,Sikkim: Gangtok-Rangpo,41.0,0.65,111,4,174.0,1,0
OHE Mast,Poor,High,Operational,Critical,Condition Monitoring,Low,Traction Distribution,Sikkim: Gangtok-Rangpo,41.0,0.65,111,4,174.0,2,1
Traction Substation,Critical,High,Under Observation,Critical,Corrective Maintenance,Medium,Traction Distribution,Sikkim: Gangtok-Rangpo,58.0,0.66,79,35,201.0,0,1
Traction Substation,Critical,High,Under Observation,Critical,Corrective Maintenance,Medium,Traction Distribution,Sikkim: Gangtok-Rangpo,58.0,0.66,79,35,201.0,1,1
Traction Substation,Critical,High,Under Observation,Critical,Corrective Maintenance,Medium,Traction Distribution,Sikkim: Gangtok-Rangpo,58.0,0.66,79,35,201.0,2,1
Traction Substation,Critical,High,Under Observation,Medium,Inspection,High,Traction Distribution,Sikkim: Gangtok-Rangpo,75.0,0.67,79,35,228.0,0,0
Traction Substation,Critical,High,Under Observation,Medium,Inspection,High,Traction Distribution,Sikkim: Gangtok-Rangpo,75.0,0.67,79,35,228.0,1,1
Traction Substation,Critical,High,Under Observation,Medium,Inspection,High,Traction Distribution,Sikkim: Gangtok-Rangpo,75.0,0.67,79,35,228.0,2,1
Signal,Good,Critical,Maintenance In Progress,Medium,Preventive Maintenance,Low,Signal & Telecommunication,Sikkim: Gangtok-Rangpo,92.0,0.68,48,67,255.0,0,0
Signal,Good,Critical,Maintenance In Progress,Medium,Preventive Maintenance,Low,Signal & Telecommunication,Sikkim: Gangtok-Rangpo,92.0,0.68,48,67,255.0,1,0
Signal,Good,Critical,Maintenance In Progress,Medium,Preventive Maintenance,Low,Signal & Telecommunication,Sikkim: Gangtok-Rangpo,92.0,0.68,48,67,255.0,2,0
Signal,Good,Critical,Maintenance In Progress,Critical,Condition Monitoring,Medium,Signal & Telecommunication,Sikkim: Gangtok-Rangpo,38.0,0.69,48,67,282.0,0,0
Signal,Good,Critical,Maintenance In Progress,Critical,Condition Monitoring,Medium,Signal & Telecommunication,Sikkim: Gangtok-Rangpo,38.0,0.69,48,67,282.0,1,0
Signal,Good,Critical,Maintenance In Progress,Critical,Condition Monitoring,Medium,Signal & Telecommunication,Sikkim: Gangtok-Rangpo,38.0,0.69,48,67,282.0,2,1
Axle Counter,Fair,Medium,Operational,Critical,Corrective Maintenance,High,Signal & Telecommunication,Sikkim: Gangtok-Rangpo,55.0,0.7,169,7,309.0,0,1
Axle Counter,Fair,Medium,Operational,Critical,Corrective Maintenance,High,Signal & Telecommunication,Sikkim: Gangtok-Rangpo,55.0,0.7,169,7,309.0,1,1
Axle Counter,Fair,Medium,Operational,Critical,Corrective Maintenance,High,Signal & Telecommunication,Sikkim: Gangtok-Rangpo,55.0,0.7,169,7,309.0,2,1
Axle Counter,Fair,Medium,Operational,Medium,Inspection,Low,Signal & Telecommunication,Sikkim: Gangtok-Rangpo,72.0,0.71,169,7,336.0,0,0
Axle Counter,Fair,Medium,Operational,Medium,Inspection,Low,Signal & Telecommunication,Sikkim: Gangtok-Rangpo,72.0,0.71,169,7,336.0,1,0
Axle Counter,Fair,Medium,Operational,Medium,Inspection,Low,Signal & Telecommunication,Sikkim: Gangtok-Rangpo,72.0,0.71,169,7,336.0,2,0
Track,Poor,High,Operational,Medium,Preventive Maintenance,Medium,Engineering,Sikkim: Gangtok-Rangpo,89.0,0.72,137,38,363.0,0,0
Track,Poor,High,Operational,Medium,Preventive Maintenance,Medium,Engineering,Sikkim: Gangtok-Rangpo,89.0,0.72,137,38,363.0,1,0
Track,Poor,High,Operational,Medium,Preventive Maintenance,Medium,Engineering,Sikkim: Gangtok-Rangpo,89.0,0.72,137,38,363.0,2,0
Track,Poor,High,Operational,Critical,Condition Monitoring,High,Engineering,Sikkim: Gangtok-Rangpo,35.0,0.73,137,38,390.0,0,1
Track,Poor,High,Operational,Critical,Condition Monitoring,High,Engineering,Sikkim: Gangtok-Rangpo,35.0,0.73,137,38,390.0,1,1
Track,Poor,High,Operational,Critical,Condition Monitoring,High,Engineering,Sikkim: Gangtok-Rangpo,35.0,0.73,137,38,390.0,2,1
Turnout,Critical,High,Under Observation,Critical,Corrective Maintenance,Low,Engineering,Sikkim: Gangtok-Rangpo,52.0,0.74,106,70,417.0,0,1
Turnout,Critical,High,Under Observation,Critical,Corrective Maintenance,Low,Engineering,Sikkim: Gangtok-Rangpo,52.0,0.74,106,70,417.0,1,1
Turnout,Critical,High,Under Observation,Critical,Corrective Maintenance,Low,Engineering,Sikkim: Gangtok-Rangpo,52.0,0.74,106,70,417.0,2,1
Turnout,Critical,High,Under Observation,Medium,Inspection,Medium,Engineering,Sikkim: Gangtok-Rangpo,69.0,0.75,106,70,444.0,0,0
Turnout,Critical,High,Under Observation,Medium,Inspection,Medium,Engineering,Sikkim: Gangtok-Rangpo,69.0,0.75,106,70,444.0,1,0
Turnout,Critical,High,Under Observation,Medium,Inspection,Medium,Engineering,Sikkim: Gangtok-Rangpo,69.0,0.75,106,70,444.0,2,0
OHE Mast,Good,Critical,Maintenance In Progress,Medium,Preventive Maintenance,High,Traction Distribution,Sikkim: Gangtok-Rangpo,86.0,0.76,74,10,471.0,0,0
OHE Mast,Good,Critical,Maintenance In Progress,Medium,Preventive Maintenance,High,Traction Distribution,Sikkim: Gangtok-Rangpo,86.0,0.76,74,10,471.0,1,1
OHE Mast,Good,Critical,Maintenance In Progress,Medium,Preventive Maintenance,High,Traction Distribution,Sikkim: Gangtok-Rangpo,86.0,0.76,74,10,471.0,2,1
OHE Mast,Good,Critical,Maintenance In Progress,Critical,Condition Monitoring,Low,Traction Distribution,Sikkim: Gangtok-Rangpo,103.0,0.77,74,10,498.0,0,1
OHE Mast,Good,Critical,Maintenance In Progress,Critical,Condition Monitoring,Low,Traction Distribution,Sikkim: Gangtok-Rangpo,103.0,0.77,74,10,498.0,1,1
OHE Mast,Good,Critical,Maintenance In Progress,Critical,Condition Monitoring,Low,Traction Distribution,Sikkim: Gangtok-Rangpo,103.0,0.77,74,10,498.0,2,0
Traction Substation,Fair,Medium,Operational,Critical,Corrective Maintenance,Medium,Traction Distribution,Sikkim: Gangtok-Rangpo,49.0,0.78,43,41,525.0,0,0
Traction Substation,Fair,Medium,Operational,Critical,Corrective Maintenance,Medium,Traction Distribution,Sikkim: Gangtok-Rangpo,49.0,0.78,43,41,525.0,1,0
Traction Substation,Fair,Medium,Operational,Critical,Corrective Maintenance,Medium,Traction Distribution,Sikkim: Gangtok-Rangpo,49.0,0.78,43,41,525.0,2,1
Traction Substation,Fair,Medium,Operational,Medium,Inspection,High,Traction Distribution,Sikkim: Gangtok-Rangpo,66.0,0.79,43,41,216.0,0,1
Traction Substation,Fair,Medium,Operational,Medium,Inspection,High,Traction Distribution,Sikkim: Gangtok-Rangpo,66.0,0.79,43,41,216.0,1,0
Traction Substation,Fair,Medium,Operational,Medium,Inspection,High,Traction Distribution,Sikkim: Gangtok-Rangpo,66.0,0.79,43,41,216.0,2,0
Signal,Poor,High,Operational,Medium,Preventive Maintenance,Low,Signal & Telecommunication,Sikkim: Gangtok-Rangpo,83.0,0.8,164,73,243.0,0,0
Signal,Poor,High,Operational,Medium,Preventive Maintenance,Low,Signal & Telecommunication,Sikkim: Gangtok-Rangpo,83.0,0.8,164,73,243.0,1,1
Signal,Poor,High,Operational,Medium,Preventive Maintenance,Low,Signal & Telecommunication,Sikkim: Gangtok-Rangpo,83.0,0.8,164,73,243.0,2,1
Signal,Poor,High,Operational,Critical,Condition Monitoring,Medium,Signal & Telecommunication,Sikkim: Gangtok-Rangpo,100.0,0.81,164,73,270.0,0,1
Signal,Poor,High,Operational,Critical,Condition Monitoring,Medium,Signal & Telecommunication,Sikkim: Gangtok-Rangpo,100.0,0.81,164,73,270.0,1,1
Signal,Poor,High,Operational,Critical,Condition Monitoring,Medium,Signal & Telecommunication,Sikkim: Gangtok-Rangpo,100.0,0.81,164,73,270.0,2,1
Axle Counter,Critical,High,Under Observation,Critical,Corrective Maintenance,High,Signal & Telecommunication,Sikkim: Gangtok-Rangpo,46.0,0.82,132,13,297.0,0,1
Axle Counter,Critical,High,Under Observation,Critical,Corrective Maintenance,High,Signal & Telecommunication,Sikkim: Gangtok-Rangpo,46.0,0.82,132,13,297.0,1,1
Axle Counter,Critical,High,Under Observation,Critical,Corrective Maintenance,High,Signal & Telecommunication,Sikkim: Gangtok-Rangpo,46.0,0.82,132,13,297.0,2,0
Axle Counter,Critical,High,Under Observation,Medium,Inspection,Low,Signal & Telecommunication,Sikkim: Gangtok-Rangpo,63.0,0.83,132,13,324.0,0,0
Axle Counter,Critical,High,Under Observation,Medium,Inspection,Low,Signal & Telecommunication,Sikkim: Gangtok-Rangpo,63.0,0.83,132,13,324.0,1,0
Axle Counter,Critical,High,Under Observation,Medium,Inspection,Low,Signal & Telecommunication,Sikkim: Gangtok-Rangpo,63.0,0.83,132,13,324.0,2,1
Track,Good,Critical,Maintenance In Progress,Medium,Preventive Maintenance,Medium,Engineering,Sikkim: Gangtok-Rangpo,80.0,0.84,101,44,351.0,0,0
Track,Good,Critical,Maintenance In Progress,Medium,Preventive Maintenance,Medium,Engineering,Sikkim: Gangtok-Rangpo,80.0,0.84,101,44,351.0,1,0
Track,Good,Critical,Maintenance In Progress,Medium,Preventive Maintenance,Medium,Engineering,Sikkim: Gangtok-Rangpo,80.0,0.84,101,44,351.0,2,1
Track,Good,Critical,Maintenance In Progress,Critical,Condition Monitoring,High,Engineering,Sikkim: Gangtok-Rangpo,97.0,0.85,101,44,378.0,0,1
Track,Good,Critical,Maintenance In Progress,Critical,Condition Monitoring,High,Engineering,Sikkim: Gangtok-Rangpo,97.0,0.85,101,44,378.0,1,1
Track,Good,Critical,Maintenance In Progress,Critical,Condition Monitoring,High,Engineering,Sikkim: Gangtok-Rangpo,97.0,0.85,101,44,378.0,2,1
Turnout,Fair,Medium,Operational,Critical,Corrective Maintenance,Low,Engineering,Sikkim: Gangtok-Rangpo,43.0,0.86,69,76,405.0,0,0
Turnout,Fair,Medium,Operational,Critical,Corrective Maintenance,Low,Engineering,Sikkim: Gangtok-Rangpo,43.0,0.86,69,76,405.0,1,1
Turnout,Fair,Medium,Operational,Critical,Corrective Maintenance,Low,Engineering,Sikkim: Gangtok-Rangpo,43.0,0.86,69,76,405.0,2,1
Turnout,Fair,Medium,Operational,Medium,Inspection,Medium,Engineering,Sikkim: Gangtok-Rangpo,60.0,0.87,69,76,432.0,0,0
Turnout,Fair,Medium,Operational,Medium,Inspection,Medium,Engineering,Sikkim: Gangtok-Rangpo,60.0,0.87,69,76,432.0,1,0
Turnout,Fair,Medium,Operational,Medium,Inspection,Medium,Engineering,Sikkim: Gangtok-Rangpo,60.0,0.87,69,76,432.0,2,1
OHE Mast,Poor,High,Operational,Medium,Preventive Maintenance,High,Traction Distribution,Sikkim: Gangtok-Rangpo,77.0,0.88,38,16,459.0,0,0
OHE Mast,Poor,High,Operational,Medium,Preventive Maintenance,High,Traction Distribution,Sikkim: Gangtok-Rangpo,77.0,0.88,38,16,459.0,1,0
OHE Mast,Poor,High,Operational,Medium,Preventive Maintenance,High,Traction Distribution,Sikkim: Gangtok-Rangpo,77.0,0.88,38,16,459.0,2,1
OHE Mast,Poor,High,Operational,Critical,Condition Monitoring,Low,Traction Distribution,Sikkim: Gangtok-Rangpo,94.0,0.89,38,16,486.0,0,1
OHE Mast,Poor,High,Operational,Critical,Condition Monitoring,Low,Traction Distribution,Sikkim: Gangtok-Rangpo,94.0,0.89,38,16,486.0,1,1
OHE Mast,Poor,High,Operational,Critical,Condition Monitoring,Low,Traction Distribution,Sikkim: Gangtok-Rangpo,94.0,0.89,38,16,486.0,2,1
Traction Substation,Critical,High,Under Observation,Critical,Corrective Maintenance,Medium,Traction Distribution,Sikkim: Gangtok-Rangpo,40.0,0.9,159,47,513.0,0,1
Traction Substation,Critical,High,Under Observation,Critical,Corrective Maintenance,Medium,Traction Distribution,Sikkim: Gangtok-Rangpo,40.0,0.9,159,47,513.0,1,1
Traction Substation,Critical,High,Under Observation,Critical,Corrective Maintenance,Medium,Traction Distribution,Sikkim: Gangtok-Rangpo,40.0,0.9,159,47,513.0,2,1
Traction Substation,Critical,High,Under Observation,Medium,Inspection,High,Traction Distribution,Sikkim: Gangtok-Rangpo,57.0,0.12,159,47,540.0,0,1
Traction Substation,Critical,High,Under Observation,Medium,Inspection,High,Traction Distribution,Sikkim: Gangtok-Rangpo,57.0,0.12,159,47,540.0,1,0
Traction Substation,Critical,High,Under Observation,Medium,Inspection,High,Traction Distribution,Sikkim: Gangtok-Rangpo,57.0,0.12,159,47,540.0,2,1
Signal,Good,Critical,Maintenance In Progress,Medium,Preventive Maintenance,Low,Signal & Telecommunication,Sikkim: Gangtok-Rangpo,74.0,0.13,127,79,567.0,0,0
Signal,Good,Critical,Maintenance In Progress,Medium,Preventive Maintenance,Low,Signal & Telecommunication,Sikkim: Gangtok-Rangpo,74.0,0.13,127,79,567.0,1,0
Signal,Good,Critical,Maintenance In Progress,Medium,Preventive Maintenance,Low,Signal & Telecommunication,Sikkim: Gangtok-Rangpo,74.0,0.13,127,79,567.0,2,0
Signal,Good,Critical,Maintenance In Progress,Critical,Condition Monitoring,Medium,Signal & Telecommunication,Sikkim: Gangtok-Rangpo,91.0,0.14,127,79,258.0,0,1
Signal,Good,Critical,Maintenance In Progress,Critical,Condition Monitoring,Medium,Signal & Telecommunication,Sikkim: Gangtok-Rangpo,91.0,0.14,127,79,258.0,1,1
Signal,Good,Critical,Maintenance In Progress,Critical,Condition Monitoring,Medium,Signal & Telecommunication,Sikkim: Gangtok-Rangpo,91.0,0.14,127,79,258.0,2,1
Axle Counter,Fair,Medium,Operational,Critical,Corrective Maintenance,High,Signal & Telecommunication,Sikkim: Gangtok-Rangpo,37.0,0.15,120,19,285.0,0,0
Axle Counter,Fair,Medium,Operational,Critical,Corrective Maintenance,High,Signal & Telecommunication,Sikkim: Gangtok-Rangpo,37.0,0.15,120,19,285.0,1,0
Axle Counter,Fair,Medium,Operational,Critical,Corrective Maintenance,High,Signal & Telecommunication,Sikkim: Gangtok-Rangpo,37.0,0.15,120,19,285.0,2,1
Axle Counter,Fair,Medium,Operational,Medium,Inspection,Low,Signal & Telecommunication,Sikkim: Gangtok-Rangpo,54.0,0.16,120,19,312.0,0,1
Axle Counter,Fair,Medium,Operational,Medium,Inspection,Low,Signal & Telecommunication,Sikkim: Gangtok-Rangpo,54.0,0.16,120,19,312.0,1,0
Axle Counter,Fair,Medium,Operational,Medium,Inspection,Low,Signal & Telecommunication,Sikkim: Gangtok-Rangpo,54.0,0.16,120,19,312.0,2,0
Track,Poor,High,Operational,Medium,Preventive Maintenance,Medium,Engineering,Tamil Nadu: Chennai-Madurai,71.0,0.17,88,50,339.0,0,0
Track,Poor,High,Operational,Medium,Preventive Maintenance,Medium,Engineering,Tamil Nadu: Chennai-Madurai,71.0,0.17,88,50,339.0,1,0
Track,Poor,High,Operational,Medium,Preventive Maintenance,Medium,Engineering,Tamil Nadu: Chennai-Madurai,71.0,0.17,88,50,339.0,2,0
Track,Poor,High,Operational,Critical,Condition Monitoring,High,Engineering,Tamil Nadu: Chennai-Madurai,88.0,0.18,88,50,366.0,0,1
Track,Poor,High,Operational,Critical,Condition Monitoring,High,Engineering,Tamil Nadu: Chennai-Madurai,88.0,0.18,88,50,366.0,1,1
Track,Poor,High,Operational,Critical,Condition Monitoring,High,Engineering,Tamil Nadu: Chennai-Madurai,88.0,0.18,88,50,366.0,2,1
Turnout,Critical,High,Under Observation,Critical,Corrective Maintenance,Low,Engineering,Tamil Nadu: Chennai-Madurai,105.0,0.19,57,82,393.0,0,1
Turnout,Critical,High,Under Observation,Critical,Corrective Maintenance,Low,Engineering,Tamil Nadu: Chennai-Madurai,105.0,0.19,57,82,393.0,1,1
Turnout,Critical,High,Under Observation,Critical,Corrective Maintenance,Low,Engineering,Tamil Nadu: Chennai-Madurai,105.0,0.19,57,82,393.0,2,1
Turnout,Critical,High,Under Observation,Medium,Inspection,Medium,Engineering,Tamil Nadu: Chennai-Madurai,51.0,0.2,57,82,420.0,0,0
Turnout,Critical,High,Under Observation,Medium,Inspection,Medium,Engineering,Tamil Nadu: Chennai-Madurai,51.0,0.2,57,82,420.0,1,1
Turnout,Critical,High,Under Observation,Medium,Inspection,Medium,Engineering,Tamil Nadu: Chennai-Madurai,51.0,0.2,57,82,420.0,2,0
OHE Mast,Good,Critical,Maintenance In Progress,Medium,Preventive Maintenance,High,Traction Distribution,Tamil Nadu: Chennai-Madurai,68.0,0.21,178,22,447.0,0,1
OHE Mast,Good,Critical,Maintenance In Progress,Medium,Preventive Maintenance,High,Traction Distribution,Tamil Nadu: Chennai-Madurai,68.0,0.21,178,22,447.0,1,0
OHE Mast,Good,Critical,Maintenance In Progress,Medium,Preventive Maintenance,High,Traction Distribution,Tamil Nadu: Chennai-Madurai,68.0,0.21,178,22,447.0,2,0
OHE Mast,Good,Critical,Maintenance In Progress,Critical,Condition Monitoring,Low,Traction Distribution,Tamil Nadu: Chennai-Madurai,85.0,0.22,178,22,474.0,0,1
OHE Mast,Good,Critical,Maintenance In Progress,Critical,Condition Monitoring,Low,Traction Distribution,Tamil Nadu: Chennai-Madurai,85.0,0.22,178,22,474.0,1,1
OHE Mast,Good,Critical,Maintenance In Progress,Critical,Condition Monitoring,Low,Traction Distribution,Tamil Nadu: Chennai-Madurai,85.0,0.22,178,22,474.0,2,0
Traction Substation,Fair,Medium,Operational,Critical,Corrective Maintenance,Medium,Traction Distribution,Tamil Nadu: Chennai-Madurai,102.0,0.23,146,53,501.0,0,1
Traction Substation,Fair,Medium,Operational,Critical,Corrective Maintenance,Medium,Traction Distribution,Tamil Nadu: Chennai-Madurai,102.0,0.23,146,53,501.0,1,0
Traction Substation,Fair,Medium,Operational,Critical,Corrective Maintenance,Medium,Traction Distribution,Tamil Nadu: Chennai-Madurai,102.0,0.23,146,53,501.0,2,0
Traction Substation,Fair,Medium,Operational,Medium,Inspection,High,Traction Distribution,Tamil Nadu: Chennai-Madurai,48.0,0.24,146,53,528.0,0,0
Traction Substation,Fair,Medium,Operational,Medium,Inspection,High,Traction Distribution,Tamil Nadu: Chennai-Madurai,48.0,0.24,146,53,528.0,1,1
Traction Substation,Fair,Medium,Operational,Medium,Inspection,High,Traction Distribution,Tamil Nadu: Chennai-Madurai,48.0,0.24,146,53,528.0,2,0
Signal,Poor,High,Operational,Medium,Preventive Maintenance,Low,Signal & Telecommunication,Tamil Nadu: Chennai-Madurai,65.0,0.25,115,85,555.0,0,0
Signal,Poor,High,Operational,Medium,Preventive Maintenance,Low,Signal & Telecommunication,Tamil Nadu: Chennai-Madurai,65.0,0.25,115,85,555.0,1,1
Signal,Poor,High,Operational,Medium,Preventive Maintenance,Low,Signal & Telecommunication,Tamil Nadu: Chennai-Madurai,65.0,0.25,115,85,555.0,2,1
Signal,Poor,High,Operational,Critical,Condition Monitoring,Medium,Signal & Telecommunication,Tamil Nadu: Chennai-Madurai,82.0,0.26,115,85,582.0,0,0
Signal,Poor,High,Operational,Critical,Condition Monitoring,Medium,Signal & Telecommunication,Tamil Nadu: Chennai-Madurai,82.0,0.26,115,85,582.0,1,1
Signal,Poor,High,Operational,Critical,Condition Monitoring,Medium,Signal & Telecommunication,Tamil Nadu: Chennai-Madurai,82.0,0.26,115,85,582.0,2,1
Axle Counter,Critical,High,Under Observation,Critical,Corrective Maintenance,High,Signal & Telecommunication,Tamil Nadu: Chennai-Madurai,99.0,0.27,83,25,609.0,0,1
Axle Counter,Critical,High,Under Observation,Critical,Corrective Maintenance,High,Signal & Telecommunication,Tamil Nadu: Chennai-Madurai,99.0,0.27,83,25,609.0,1,1
Axle Counter,Critical,High,Under Observation,Critical,Corrective Maintenance,High,Signal & Telecommunication,Tamil Nadu: Chennai-Madurai,99.0,0.27,83,25,609.0,2,1
Axle Counter,Critical,High,Under Observation,Medium,Inspection,Low,Signal & Telecommunication,Tamil Nadu: Chennai-Madurai,45.0,0.28,83,25,300.0,0,0
Axle Counter,Critical,High,Under Observation,Medium,Inspection,Low,Signal & Telecommunication,Tamil Nadu: Chennai-Madurai,45.0,0.28,83,25,300.0,1,1
Axle Counter,Critical,High,Under Observation,Medium,Inspection,Low,Signal & Telecommunication,Tamil Nadu: Chennai-Madurai,45.0,0.28,83,25,300.0,2,1
Track,Good,Critical,Maintenance In Progress,Medium,Preventive Maintenance,Medium,Engineering,Tamil Nadu: Chennai-Madurai,62.0,0.29,52,56,327.0,0,0
Track,Good,Critical,Maintenance In Progress,Medium,Preventive Maintenance,Medium,Engineering,Tamil Nadu: Chennai-Madurai,62.0,0.29,52,56,327.0,1,0
Track,Good,Critical,Maintenance In Progress,Medium,Preventive Maintenance,Medium,Engineering,Tamil Nadu: Chennai-Madurai,62.0,0.29,52,56,327.0,2,0
Track,Good,Critical,Maintenance In Progress,Critical,Condition Monitoring,High,Engineering,Tamil Nadu: Chennai-Madurai,79.0,0.3,52,56,354.0,0,1
Track,Good,Critical,Maintenance In Progress,Critical,Condition Monitoring,High,Engineering,Tamil Nadu: Chennai-Madurai,79.0,0.3,52,56,354.0,1,1
Track,Good,Critical,Maintenance In Progress,Critical,Condition Monitoring,High,Engineering,Tamil Nadu: Chennai-Madurai,79.0,0.3,52,56,354.0,2,1
Turnout,Fair,Medium,Operational,Critical,Corrective Maintenance,Low,Engineering,Tamil Nadu: Chennai-Madurai,96.0,0.31,173,63,381.0,0,1
Turnout,Fair,Medium,Operational,Critical,Corrective Maintenance,Low,Engineering,Tamil Nadu: Chennai-Madurai,96.0,0.31,173,63,381.0,1,0
Turnout,Fair,Medium,Operational,Critical,Corrective Maintenance,Low,Engineering,Tamil Nadu: Chennai-Madurai,96.0,0.31,173,63,381.0,2,1
Turnout,Fair,Medium,Operational,Medium,Inspection,Medium,Engineering,Tamil Nadu: Chennai-Madurai,42.0,0.32,173,63,408.0,0,0
Turnout,Fair,Medium,Operational,Medium,Inspection,Medium,Engineering,Tamil Nadu: Chennai-Madurai,42.0,0.32,173,63,408.0,1,0
Turnout,Fair,Medium,Operational,Medium,Inspection,Medium,Engineering,Tamil Nadu: Chennai-Madurai,42.0,0.32,173,63,408.0,2,0
OHE Mast,Poor,High,Operational,Medium,Preventive Maintenance,High,Traction Distribution,Tamil Nadu: Chennai-Madurai,59.0,0.33,141,3,435.0,0,1
OHE Mast,Poor,High,Operational,Medium,Preventive Maintenance,High,Traction Distribution,Tamil Nadu: Chennai-Madurai,59.0,0.33,141,3,435.0,1,1
OHE Mast,Poor,High,Operational,Medium,Preventive Maintenance,High,Traction Distribution,Tamil Nadu: Chennai-Madurai,59.0,0.33,141,3,435.0,2,0
OHE Mast,Poor,High,Operational,Critical,Condition Monitoring,Low,Traction Distribution,Tamil Nadu: Chennai-Madurai,76.0,0.34,141,3,462.0,0,1
OHE Mast,Poor,High,Operational,Critical,Condition Monitoring,Low,Traction Distribution,Tamil Nadu: Chennai-Madurai,76.0,0.34,141,3,462.0,1,1
OHE Mast,Poor,High,Operational,Critical,Condition Monitoring,Low,Traction Distribution,Tamil Nadu: Chennai-Madurai,76.0,0.34,141,3,462.0,2,1
Traction Substation,Critical,High,Under Observation,Critical,Corrective Maintenance,Medium,Traction Distribution,Tamil Nadu: Chennai-Madurai,93.0,0.35,110,34,489.0,0,0
Traction Substation,Critical,High,Under Observation,Critical,Corrective Maintenance,Medium,Traction Distribution,Tamil Nadu: Chennai-Madurai,93.0,0.35,110,34,489.0,1,1
Traction Substation,Critical,High,Under Observation,Critical,Corrective Maintenance,Medium,Traction Distribution,Tamil Nadu: Chennai-Madurai,93.0,0.35,110,34,489.0,2,1
Traction Substation,Critical,High,Under Observation,Medium,Inspection,High,Traction Distribution,Tamil Nadu: Chennai-Madurai,39.0,0.36,110,34,516.0,0,1
Traction Substation,Critical,High,Under Observation,Medium,Inspection,High,Traction Distribution,Tamil Nadu: Chennai-Madurai,39.0,0.36,110,34,516.0,1,1
Traction Substation,Critical,High,Under Observation,Medium,Inspection,High,Traction Distribution,Tamil Nadu: Chennai-Madurai,39.0,0.36,110,34,516.0,2,1
Signal,Good,Critical,Maintenance In Progress,Medium,Preventive Maintenance,Low,Signal & Telecommunication,Tamil Nadu: Chennai-Madurai,56.0,0.37,78,66,543.0,0,0
Signal,Good,Critical,Maintenance In Progress,Medium,Preventive Maintenance,Low,Signal & Telecommunication,Tamil Nadu: Chennai-Madurai,56.0,0.37,78,66,543.0,1,0
Signal,Good,Critical,Maintenance In Progress,Medium,Preventive Maintenance,Low,Signal & Telecommunication,Tamil Nadu: Chennai-Madurai,56.0,0.37,78,66,543.0,2,0
Signal,Good,Critical,Maintenance In Progress,Critical,Condition Monitoring,Medium,Signal & Telecommunication,Tamil Nadu: Chennai-Madurai,73.0,0.38,78,66,570.0,0,0
Signal,Good,Critical,Maintenance In Progress,Critical,Condition Monitoring,Medium,Signal & Telecommunication,Tamil Nadu: Chennai-Madurai,73.0,0.38,78,66,570.0,1,0
Signal,Good,Critical,Maintenance In Progress,Critical,Condition Monitoring,Medium,Signal & Telecommunication,Tamil Nadu: Chennai-Madurai,73.0,0.38,78,66,570.0,2,1
Axle Counter,Fair,Medium,Operational,Critical,Corrective Maintenance,High,Signal & Telecommunication,Tamil Nadu: Chennai-Madurai,90.0,0.39,47,6,597.0,0,1
Axle Counter,Fair,Medium,Operational,Critical,Corrective Maintenance,High,Signal & Telecommunication,Tamil Nadu: Chennai-Madurai,90.0,0.39,47,6,597.0,1,1
Axle Counter,Fair,Medium,Operational,Critical,Corrective Maintenance,High,Signal & Telecommunication,Tamil Nadu: Chennai-Madurai,90.0,0.39,47,6,597.0,2,0
Axle Counter,Fair,Medium,Operational,Medium,Inspection,Low,Signal & Telecommunication,Tamil Nadu: Chennai-Madurai,36.0,0.4,47,6,624.0,0,0
Axle Counter,Fair,Medium,Operational,Medium,Inspection,Low,Signal & Telecommunication,Tamil Nadu: Chennai-Madurai,36.0,0.4,47,6,624.0,1,1
Axle Counter,Fair,Medium,Operational,Medium,Inspection,Low,Signal & Telecommunication,Tamil Nadu: Chennai-Madurai,36.0,0.4,47,6,624.0,2,0
Track,Poor,High,Operational,Medium,Preventive Maintenance,Medium,Engineering,Tamil Nadu: Chennai-Madurai,53.0,0.41,168,37,651.0,0,0
Track,Poor,High,Operational,Medium,Preventive Maintenance,Medium,Engineering,Tamil Nadu: Chennai-Madurai,53.0,0.41,168,37,651.0,1,0
Track,Poor,High,Operational,Medium,Preventive Maintenance,Medium,Engineering,Tamil Nadu: Chennai-Madurai,53.0,0.41,168,37,651.0,2,1
Track,Poor,High,Operational,Critical,Condition Monitoring,High,Engineering,Tamil Nadu: Chennai-Madurai,70.0,0.42,168,37,342.0,0,0
Track,Poor,High,Operational,Critical,Condition Monitoring,High,Engineering,Tamil Nadu: Chennai-Madurai,70.0,0.42,168,37,342.0,1,0
Track,Poor,High,Operational,Critical,Condition Monitoring,High,Engineering,Tamil Nadu: Chennai-Madurai,70.0,0.42,168,37,342.0,2,1
Turnout,Critical,High,Under Observation,Critical,Corrective Maintenance,Low,Engineering,Tamil Nadu: Chennai-Madurai,87.0,0.43,136,69,369.0,0,1
Turnout,Critical,High,Under Observation,Critical,Corrective Maintenance,Low,Engineering,Tamil Nadu: Chennai-Madurai,87.0,0.43,136,69,369.0,1,1
Turnout,Critical,High,Under Observation,Critical,Corrective Maintenance,Low,Engineering,Tamil Nadu: Chennai-Madurai,87.0,0.43,136,69,369.0,2,1
Turnout,Critical,High,Under Observation,Medium,Inspection,Medium,Engineering,Tamil Nadu: Chennai-Madurai,104.0,0.44,136,69,396.0,0,1
Turnout,Critical,High,Under Observation,Medium,Inspection,Medium,Engineering,Tamil Nadu: Chennai-Madurai,104.0,0.44,136,69,396.0,1,1
Turnout,Critical,High,Under Observation,Medium,Inspection,Medium,Engineering,Tamil Nadu: Chennai-Madurai,104.0,0.44,136,69,396.0,2,0
OHE Mast,Good,Critical,Maintenance In Progress,Medium,Preventive Maintenance,High,Traction Distribution,Tamil Nadu: Chennai-Madurai,50.0,0.45,105,9,423.0,0,0
OHE Mast,Good,Critical,Maintenance In Progress,Medium,Preventive Maintenance,High,Traction Distribution,Tamil Nadu: Chennai-Madurai,50.0,0.45,105,9,423.0,1,0
OHE Mast,Good,Critical,Maintenance In Progress,Medium,Preventive Maintenance,High,Traction Distribution,Tamil Nadu: Chennai-Madurai,50.0,0.45,105,9,423.0,2,1
OHE Mast,Good,Critical,Maintenance In Progress,Critical,Condition Monitoring,Low,Traction Distribution,Tamil Nadu: Chennai-Madurai,67.0,0.46,105,9,450.0,0,0
OHE Mast,Good,Critical,Maintenance In Progress,Critical,Condition Monitoring,Low,Traction Distribution,Tamil Nadu: Chennai-Madurai,67.0,0.46,105,9,450.0,1,1
OHE Mast,Good,Critical,Maintenance In Progress,Critical,Condition Monitoring,Low,Traction Distribution,Tamil Nadu: Chennai-Madurai,67.0,0.46,105,9,450.0,2,0
Traction Substation,Fair,Medium,Operational,Critical,Corrective Maintenance,Medium,Traction Distribution,Tamil Nadu: Chennai-Madurai,84.0,0.47,73,40,477.0,0,0
Traction Substation,Fair,Medium,Operational,Critical,Corrective Maintenance,Medium,Traction Distribution,Tamil Nadu: Chennai-Madurai,84.0,0.47,73,40,477.0,1,0
Traction Substation,Fair,Medium,Operational,Critical,Corrective Maintenance,Medium,Traction Distribution,Tamil Nadu: Chennai-Madurai,84.0,0.47,73,40,477.0,2,0
Traction Substation,Fair,Medium,Operational,Medium,Inspection,High,Traction Distribution,Tamil Nadu: Chennai-Madurai,101.0,0.48,73,40,504.0,0,0
Traction Substation,Fair,Medium,Operational,Medium,Inspection,High,Traction Distribution,Tamil Nadu: Chennai-Madurai,101.0,0.48,73,40,504.0,1,0
Traction Substation,Fair,Medium,Operational,Medium,Inspection,High,Traction Distribution,Tamil Nadu: Chennai-Madurai,101.0,0.48,73,40,504.0,2,0
Signal,Poor,High,Operational,Medium,Preventive Maintenance,Low,Signal & Telecommunication,Tamil Nadu: Chennai-Madurai,47.0,0.49,42,72,531.0,0,1
Signal,Poor,High,Operational,Medium,Preventive Maintenance,Low,Signal & Telecommunication,Tamil Nadu: Chennai-Madurai,47.0,0.49,42,72,531.0,1,0
Signal,Poor,High,Operational,Medium,Preventive Maintenance,Low,Signal & Telecommunication,Tamil Nadu: Chennai-Madurai,47.0,0.49,42,72,531.0,2,1
Signal,Poor,High,Operational,Critical,Condition Monitoring,Medium,Signal & Telecommunication,Tamil Nadu: Chennai-Madurai,64.0,0.5,42,72,558.0,0,0
Signal,Poor,High,Operational,Critical,Condition Monitoring,Medium,Signal & Telecommunication,Tamil Nadu: Chennai-Madurai,64.0,0.5,42,72,558.0,1,1
Signal,Poor,High,Operational,Critical,Condition Monitoring,Medium,Signal & Telecommunication,Tamil Nadu: Chennai-Madurai,64.0,0.5,42,72,558.0,2,0
Axle Counter,Critical,High,Under Observation,Critical,Corrective Maintenance,High,Signal & Telecommunication,Tamil Nadu: Chennai-Madurai,81.0,0.51,163,12,585.0,0,1
Axle Counter,Critical,High,Under Observation,Critical,Corrective Maintenance,High,Signal & Telecommunication,Tamil Nadu: Chennai-Madurai,81.0,0.51,163,12,585.0,1,1
Axle Counter,Critical,High,Under Observation,Critical,Corrective Maintenance,High,Signal & Telecommunication,Tamil Nadu: Chennai-Madurai,81.0,0.51,163,12,585.0,2,1
Axle Counter,Critical,High,Under Observation,Medium,Inspection,Low,Signal & Telecommunication,Tamil Nadu: Chennai-Madurai,98.0,0.52,163,12,612.0,0,1
Axle Counter,Critical,High,Under Observation,Medium,Inspection,Low,Signal & Telecommunication,Tamil Nadu: Chennai-Madurai,98.0,0.52,163,12,612.0,1,0
Axle Counter,Critical,High,Under Observation,Medium,Inspection,Low,Signal & Telecommunication,Tamil Nadu: Chennai-Madurai,98.0,0.52,163,12,612.0,2,1
Track,Good,Critical,Maintenance In Progress,Medium,Preventive Maintenance,Medium,Engineering,Tamil Nadu: Chennai-Madurai,44.0,0.53,131,43,639.0,0,1
Track,Good,Critical,Maintenance In Progress,Medium,Preventive Maintenance,Medium,Engineering,Tamil Nadu: Chennai-Madurai,44.0,0.53,131,43,639.0,1,1
Track,Good,Critical,Maintenance In Progress,Medium,Preventive Maintenance,Medium,Engineering,Tamil Nadu: Chennai-Madurai,44.0,0.53,131,43,639.0,2,1
Track,Good,Critical,Maintenance In Progress,Critical,Condition Monitoring,High,Engineering,Tamil Nadu: Chennai-Madurai,61.0,0.54,131,43,666.0,0,1
Track,Good,Critical,Maintenance In Progress,Critical,Condition Monitoring,High,Engineering,Tamil Nadu: Chennai-Madurai,61.0,0.54,131,43,666.0,1,0
Track,Good,Critical,Maintenance In Progress,Critical,Condition Monitoring,High,Engineering,Tamil Nadu: Chennai-Madurai,61.0,0.54,131,43,666.0,2,1
Turnout,Fair,Medium,Operational,Critical,Corrective Maintenance,Low,Engineering,Tamil Nadu: Chennai-Madurai,78.0,0.55,100,75,693.0,0,1
Turnout,Fair,Medium,Operational,Critical,Corrective Maintenance,Low,Engineering,Tamil Nadu: Chennai-Madurai,78.0,0.55,100,75,693.0,1,0
Turnout,Fair,Medium,Operational,Critical,Corrective Maintenance,Low,Engineering,Tamil Nadu: Chennai-Madurai,78.0,0.55,100,75,693.0,2,0
Turnout,Fair,Medium,Operational,Medium,Inspection,Medium,Engineering,Tamil Nadu: Chennai-Madurai,95.0,0.56,100,75,384.0,0,0
Turnout,Fair,Medium,Operational,Medium,Inspection,Medium,Engineering,Tamil Nadu: Chennai-Madurai,95.0,0.56,100,75,384.0,1,0
Turnout,Fair,Medium,Operational,Medium,Inspection,Medium,Engineering,Tamil Nadu: Chennai-Madurai,95.0,0.56,100,75,384.0,2,1
OHE Mast,Poor,High,Operational,Medium,Preventive Maintenance,High,Traction Distribution,Tamil Nadu: Chennai-Madurai,41.0,0.57,68,15,411.0,0,1
OHE Mast,Poor,High,Operational,Medium,Preventive Maintenance,High,Traction Distribution,Tamil Nadu: Chennai-Madurai,41.0,0.57,68,15,411.0,1,1
OHE Mast,Poor,High,Operational,Medium,Preventive Maintenance,High,Traction Distribution,Tamil Nadu: Chennai-Madurai,41.0,0.57,68,15,411.0,2,1
OHE Mast,Poor,High,Operational,Critical,Condition Monitoring,Low,Traction Distribution,Tamil Nadu: Chennai-Madurai,58.0,0.58,68,15,438.0,0,0
OHE Mast,Poor,High,Operational,Critical,Condition Monitoring,Low,Traction Distribution,Tamil Nadu: Chennai-Madurai,58.0,0.58,68,15,438.0,1,1
OHE Mast,Poor,High,Operational,Critical,Condition Monitoring,Low,Traction Distribution,Tamil Nadu: Chennai-Madurai,58.0,0.58,68,15,438.0,2,1
Traction Substation,Critical,High,Under Observation,Critical,Corrective Maintenance,Medium,Traction Distribution,Tamil Nadu: Chennai-Madurai,75.0,0.59,37,46,465.0,0,0
Traction Substation,Critical,High,Under Observation,Critical,Corrective Maintenance,Medium,Traction Distribution,Tamil Nadu: Chennai-Madurai,75.0,0.59,37,46,465.0,1,1
Traction Substation,Critical,High,Under Observation,Critical,Corrective Maintenance,Medium,Traction Distribution,Tamil Nadu: Chennai-Madurai,75.0,0.59,37,46,465.0,2,1
Traction Substation,Critical,High,Under Observation,Medium,Inspection,High,Traction Distribution,Tamil Nadu: Chennai-Madurai,92.0,0.6,37,46,492.0,0,1
Traction Substation,Critical,High,Under Observation,Medium,Inspection,High,Traction Distribution,Tamil Nadu: Chennai-Madurai,92.0,0.6,37,46,492.0,1,1
Traction Substation,Critical,High,Under Observation,Medium,Inspection,High,Traction Distribution,Tamil Nadu: Chennai-Madurai,92.0,0.6,37,46,492.0,2,1
Signal,Good,Critical,Maintenance In Progress,Medium,Preventive Maintenance,Low,Signal & Telecommunication,Tamil Nadu: Chennai-Madurai,38.0,0.61,158,78,519.0,0,1
Signal,Good,Critical,Maintenance In Progress,Medium,Preventive Maintenance,Low,Signal & Telecommunication,Tamil Nadu: Chennai-Madurai,38.0,0.61,158,78,519.0,1,1
Signal,Good,Critical,Maintenance In Progress,Medium,Preventive Maintenance,Low,Signal & Telecommunication,Tamil Nadu: Chennai-Madurai,38.0,0.61,158,78,519.0,2,0
Signal,Good,Critical,Maintenance In Progress,Critical,Condition Monitoring,Medium,Signal & Telecommunication,Tamil Nadu: Chennai-Madurai,55.0,0.62,158,78,546.0,0,0
Signal,Good,Critical,Maintenance In Progress,Critical,Condition Monitoring,Medium,Signal & Telecommunication,Tamil Nadu: Chennai-Madurai,55.0,0.62,158,78,546.0,1,0
Signal,Good,Critical,Maintenance In Progress,Critical,Condition Monitoring,Medium,Signal & Telecommunication,Tamil Nadu: Chennai-Madurai,55.0,0.62,158,78,546.0,2,0
Axle Counter,Fair,Medium,Operational,Critical,Corrective Maintenance,High,Signal & Telecommunication,Tamil Nadu: Chennai-Madurai,72.0,0.63,150,18,573.0,0,0
Axle Counter,Fair,Medium,Operational,Critical,Corrective Maintenance,High,Signal & Telecommunication,Tamil Nadu: Chennai-Madurai,72.0,0.63,150,18,573.0,1,1
Axle Counter,Fair,Medium,Operational,Critical,Corrective Maintenance,High,Signal & Telecommunication,Tamil Nadu: Chennai-Madurai,72.0,0.63,150,18,573.0,2,0
Axle Counter,Fair,Medium,Operational,Medium,Inspection,Low,Signal & Telecommunication,Tamil Nadu: Chennai-Madurai,89.0,0.64,150,18,600.0,0,0
Axle Counter,Fair,Medium,Operational,Medium,Inspection,Low,Signal & Telecommunication,Tamil Nadu: Chennai-Madurai,89.0,0.64,150,18,600.0,1,0
Axle Counter,Fair,Medium,Operational,Medium,Inspection,Low,Signal & Telecommunication,Tamil Nadu: Chennai-Madurai,89.0,0.64,150,18,600.0,2,1
Track,Poor,High,Operational,Medium,Preventive Maintenance,Medium,Engineering,Tamil Nadu: Chennai-Madurai,35.0,0.65,119,49,627.0,0,0
Track,Poor,High,Operational,Medium,Preventive Maintenance,Medium,Engineering,Tamil Nadu: Chennai-Madurai,35.0,0.65,119,49,627.0,1,1
Track,Poor,High,Operational,Medium,Preventive Maintenance,Medium,Engineering,Tamil Nadu: Chennai-Madurai,35.0,0.65,119,49,627.0,2,1
Track,Poor,High,Operational,Critical,Condition Monitoring,High,Engineering,Tamil Nadu: Chennai-Madurai,52.0,0.66,119,49,654.0,0,1
Track,Poor,High,Operational,Critical,Condition Monitoring,High,Engineering,Tamil Nadu: Chennai-Madurai,52.0,0.66,119,49,654.0,1,1
Track,Poor,High,Operational,Critical,Condition Monitoring,High,Engineering,Tamil Nadu: Chennai-Madurai,52.0,0.66,119,49,654.0,2,1
Turnout,Critical,High,Under Observation,Critical,Corrective Maintenance,Low,Engineering,Tamil Nadu: Chennai-Madurai,69.0,0.67,87,81,681.0,0,0
Turnout,Critical,High,Under Observation,Critical,Corrective Maintenance,Low,Engineering,Tamil Nadu: Chennai-Madurai,69.0,0.67,87,81,681.0,1,1
Turnout,Critical,High,Under Observation,Critical,Corrective Maintenance,Low,Engineering,Tamil Nadu: Chennai-Madurai,69.0,0.67,87,81,681.0,2,1
Turnout,Critical,High,Under Observation,Medium,Inspection,Medium,Engineering,Tamil Nadu: Chennai-Madurai,86.0,0.68,87,81,708.0,0,0
Turnout,Critical,High,Under Observation,Medium,Inspection,Medium,Engineering,Tamil Nadu: Chennai-Madurai,86.0,0.68,87,81,708.0,1,1
Turnout,Critical,High,Under Observation,Medium,Inspection,Medium,Engineering,Tamil Nadu: Chennai-Madurai,86.0,0.68,87,81,708.0,2,1
OHE Mast,Good,Critical,Maintenance In Progress,Medium,Preventive Maintenance,High,Traction Distribution,Tamil Nadu: Chennai-Madurai,103.0,0.69,56,21,735.0,0,0
OHE Mast,Good,Critical,Maintenance In Progress,Medium,Preventive Maintenance,High,Traction Distribution,Tamil Nadu: Chennai-Madurai,103.0,0.69,56,21,735.0,1,1
OHE Mast,Good,Critical,Maintenance In Progress,Medium,Preventive Maintenance,High,Traction Distribution,Tamil Nadu: Chennai-Madurai,103.0,0.69,56,21,735.0,2,0
OHE Mast,Good,Critical,Maintenance In Progress,Critical,Condition Monitoring,Low,Traction Distribution,Tamil Nadu: Chennai-Madurai,49.0,0.7,56,21,426.0,0,0
OHE Mast,Good,Critical,Maintenance In Progress,Critical,Condition Monitoring,Low,Traction Distribution,Tamil Nadu: Chennai-Madurai,49.0,0.7,56,21,426.0,1,0
OHE Mast,Good,Critical,Maintenance In Progress,Critical,Condition Monitoring,Low,Traction Distribution,Tamil Nadu: Chennai-Madurai,49.0,0.7,56,21,426.0,2,0
Traction Substation,Fair,Medium,Operational,Critical,Corrective Maintenance,Medium,Traction Distribution,Tamil Nadu: Chennai-Madurai,66.0,0.71,177,52,453.0,0,0
Traction Substation,Fair,Medium,Operational,Critical,Corrective Maintenance,Medium,Traction Distribution,Tamil Nadu: Chennai-Madurai,66.0,0.71,177,52,453.0,1,1
Traction Substation,Fair,Medium,Operational,Critical,Corrective Maintenance,Medium,Traction Distribution,Tamil Nadu: Chennai-Madurai,66.0,0.71,177,52,453.0,2,0
Traction Substation,Fair,Medium,Operational,Medium,Inspection,High,Traction Distribution,Tamil Nadu: Chennai-Madurai,83.0,0.72,177,52,480.0,0,0
Traction Substation,Fair,Medium,Operational,Medium,Inspection,High,Traction Distribution,Tamil Nadu: Chennai-Madurai,83.0,0.72,177,52,480.0,1,0
Traction Substation,Fair,Medium,Operational,Medium,Inspection,High,Traction Distribution,Tamil Nadu: Chennai-Madurai,83.0,0.72,177,52,480.0,2,0
Signal,Poor,High,Operational,Medium,Preventive Maintenance,Low,Signal & Telecommunication,Tamil Nadu: Chennai-Madurai,100.0,0.73,145,84,507.0,0,1
Signal,Poor,High,Operational,Medium,Preventive Maintenance,Low,Signal & Telecommunication,Tamil Nadu: Chennai-Madurai,100.0,0.73,145,84,507.0,1,1
Signal,Poor,High,Operational,Medium,Preventive Maintenance,Low,Signal & Telecommunication,Tamil Nadu: Chennai-Madurai,100.0,0.73,145,84,507.0,2,1
Signal,Poor,High,Operational,Critical,Condition Monitoring,Medium,Signal & Telecommunication,Tamil Nadu: Chennai-Madurai,46.0,0.74,145,84,534.0,0,1
Signal,Poor,High,Operational,Critical,Condition Monitoring,Medium,Signal & Telecommunication,Tamil Nadu: Chennai-Madurai,46.0,0.74,145,84,534.0,1,1
Signal,Poor,High,Operational,Critical,Condition Monitoring,Medium,Signal & Telecommunication,Tamil Nadu: Chennai-Madurai,46.0,0.74,145,84,534.0,2,1
Axle Counter,Critical,High,Under Observation,Critical,Corrective Maintenance,High,Signal & Telecommunication,Tamil Nadu: Chennai-Madurai,63.0,0.75,114,24,561.0,0,1
Axle Counter,Critical,High,Under Observation,Critical,Corrective Maintenance,High,Signal & Telecommunication,Tamil Nadu: Chennai-Madurai,63.0,0.75,114,24,561.0,1,1
Axle Counter,Critical,High,Under Observation,Critical,Corrective Maintenance,High,Signal & Telecommunication,Tamil Nadu: Chennai-Madurai,63.0,0.75,114,24,561.0,2,1
Axle Counter,Critical,High,Under Observation,Medium,Inspection,Low,Signal & Telecommunication,Tamil Nadu: Chennai-Madurai,80.0,0.76,114,24,588.0,0,1
Axle Counter,Critical,High,Under Observation,Medium,Inspection,Low,Signal & Telecommunication,Tamil Nadu: Chennai-Madurai,80.0,0.76,114,24,588.0,1,1
Axle Counter,Critical,High,Under Observation,Medium,Inspection,Low,Signal & Telecommunication,Tamil Nadu: Chennai-Madurai,80.0,0.76,114,24,588.0,2,1
Track,Good,Critical,Maintenance In Progress,Medium,Preventive Maintenance,Medium,Engineering,Tamil Nadu: Chennai-Madurai,97.0,0.77,82,55,615.0,0,0
Track,Good,Critical,Maintenance In Progress,Medium,Preventive Maintenance,Medium,Engineering,Tamil Nadu: Chennai-Madurai,97.0,0.77,82,55,615.0,1,0
Track,Good,Critical,Maintenance In Progress,Medium,Preventive Maintenance,Medium,Engineering,Tamil Nadu: Chennai-Madurai,97.0,0.77,82,55,615.0,2,1
Track,Good,Critical,Maintenance In Progress,Critical,Condition Monitoring,High,Engineering,Tamil Nadu: Chennai-Madurai,43.0,0.78,82,55,642.0,0,1
Track,Good,Critical,Maintenance In Progress,Critical,Condition Monitoring,High,Engineering,Tamil Nadu: Chennai-Madurai,43.0,0.78,82,55,642.0,1,1
Track,Good,Critical,Maintenance In Progress,Critical,Condition Monitoring,High,Engineering,Tamil Nadu: Chennai-Madurai,43.0,0.78,82,55,642.0,2,0
Turnout,Fair,Medium,Operational,Critical,Corrective Maintenance,Low,Engineering,Tamil Nadu: Chennai-Madurai,60.0,0.79,51,87,669.0,0,0
Turnout,Fair,Medium,Operational,Critical,Corrective Maintenance,Low,Engineering,Tamil Nadu: Chennai-Madurai,60.0,0.79,51,87,669.0,1,1
Turnout,Fair,Medium,Operational,Critical,Corrective Maintenance,Low,Engineering,Tamil Nadu: Chennai-Madurai,60.0,0.79,51,87,669.0,2,0
Turnout,Fair,Medium,Operational,Medium,Inspection,Medium,Engineering,Tamil Nadu: Chennai-Madurai,77.0,0.8,51,87,696.0,0,0
Turnout,Fair,Medium,Operational,Medium,Inspection,Medium,Engineering,Tamil Nadu: Chennai-Madurai,77.0,0.8,51,87,696.0,1,0
Turnout,Fair,Medium,Operational,Medium,Inspection,Medium,Engineering,Tamil Nadu: Chennai-Madurai,77.0,0.8,51,87,696.0,2,0
OHE Mast,Poor,High,Operational,Medium,Preventive Maintenance,High,Traction Distribution,Tamil Nadu: Chennai-Madurai,94.0,0.81,172,2,723.0,0,1
OHE Mast,Poor,High,Operational,Medium,Preventive Maintenance,High,Traction Distribution,Tamil Nadu: Chennai-Madurai,94.0,0.81,172,2,723.0,1,0
OHE Mast,Poor,High,Operational,Medium,Preventive Maintenance,High,Traction Distribution,Tamil Nadu: Chennai-Madurai,94.0,0.81,172,2,723.0,2,1
OHE Mast,Poor,High,Operational,Critical,Condition Monitoring,Low,Traction Distribution,Tamil Nadu: Chennai-Madurai,40.0,0.82,172,2,750.0,0,1
OHE Mast,Poor,High,Operational,Critical,Condition Monitoring,Low,Traction Distribution,Tamil Nadu: Chennai-Madurai,40.0,0.82,172,2,750.0,1,1
OHE Mast,Poor,High,Operational,Critical,Condition Monitoring,Low,Traction Distribution,Tamil Nadu: Chennai-Madurai,40.0,0.82,172,2,750.0,2,1
Traction Substation,Critical,High,Under Observation,Critical,Corrective Maintenance,Medium,Traction Distribution,Tamil Nadu: Chennai-Madurai,57.0,0.83,140,33,777.0,0,1
Traction Substation,Critical,High,Under Observation,Critical,Corrective Maintenance,Medium,Traction Distribution,Tamil Nadu: Chennai-Madurai,57.0,0.83,140,33,777.0,1,0
Traction Substation,Critical,High,Under Observation,Critical,Corrective Maintenance,Medium,Traction Distribution,Tamil Nadu: Chennai-Madurai,57.0,0.83,140,33,777.0,2,0
Traction Substation,Critical,High,Under Observation,Medium,Inspection,High,Traction Distribution,Tamil Nadu: Chennai-Madurai,74.0,0.84,140,33,468.0,0,0
Traction Substation,Critical,High,Under Observation,Medium,Inspection,High,Traction Distribution,Tamil Nadu: Chennai-Madurai,74.0,0.84,140,33,468.0,1,0
Traction Substation,Critical,High,Under Observation,Medium,Inspection,High,Traction Distribution,Tamil Nadu: Chennai-Madurai,74.0,0.84,140,33,468.0,2,1
Signal,Good,Critical,Maintenance In Progress,Medium,Preventive Maintenance,Low,Signal & Telecommunication,Tamil Nadu: Chennai-Madurai,91.0,0.85,109,65,495.0,0,0
Signal,Good,Critical,Maintenance In Progress,Medium,Preventive Maintenance,Low,Signal & Telecommunication,Tamil Nadu: Chennai-Madurai,91.0,0.85,109,65,495.0,1,0
Signal,Good,Critical,Maintenance In Progress,Medium,Preventive Maintenance,Low,Signal & Telecommunication,Tamil Nadu: Chennai-Madurai,91.0,0.85,109,65,495.0,2,0
Signal,Good,Critical,Maintenance In Progress,Critical,Condition Monitoring,Medium,Signal & Telecommunication,Tamil Nadu: Chennai-Madurai,37.0,0.86,109,65,522.0,0,0
Signal,Good,Critical,Maintenance In Progress,Critical,Condition Monitoring,Medium,Signal & Telecommunication,Tamil Nadu: Chennai-Madurai,37.0,0.86,109,65,522.0,1,1
Signal,Good,Critical,Maintenance In Progress,Critical,Condition Monitoring,Medium,Signal & Telecommunication,Tamil Nadu: Chennai-Madurai,37.0,0.86,109,65,522.0,2,1
Axle Counter,Fair,Medium,Operational,Critical,Corrective Maintenance,High,Signal & Telecommunication,Tamil Nadu: Chennai-Madurai,54.0,0.87,77,5,549.0,0,0
Axle Counter,Fair,Medium,Operational,Critical,Corrective Maintenance,High,Signal & Telecommunication,Tamil Nadu: Chennai-Madurai,54.0,0.87,77,5,549.0,1,1
Axle Counter,Fair,Medium,Operational,Critical,Corrective Maintenance,High,Signal & Telecommunication,Tamil Nadu: Chennai-Madurai,54.0,0.87,77,5,549.0,2,1
Axle Counter,Fair,Medium,Operational,Medium,Inspection,Low,Signal & Telecommunication,Tamil Nadu: Chennai-Madurai,71.0,0.88,77,5,576.0,0,1
Axle Counter,Fair,Medium,Operational,Medium,Inspection,Low,Signal & Telecommunication,Tamil Nadu: Chennai-Madurai,71.0,0.88,77,5,576.0,1,0
Axle Counter,Fair,Medium,Operational,Medium,Inspection,Low,Signal & Telecommunication,Tamil Nadu: Chennai-Madurai,71.0,0.88,77,5,576.0,2,0
Track,Poor,High,Operational,Medium,Preventive Maintenance,Medium,Engineering,Telangana: Hyderabad-Warangal,88.0,0.89,46,36,603.0,0,0
Track,Poor,High,Operational,Medium,Preventive Maintenance,Medium,Engineering,Telangana: Hyderabad-Warangal,88.0,0.89,46,36,603.0,1,0
Track,Poor,High,Operational,Medium,Preventive Maintenance,Medium,Engineering,Telangana: Hyderabad-Warangal,88.0,0.89,46,36,603.0,2,1
Track,Poor,High,Operational,Critical,Condition Monitoring,High,Engineering,Telangana: Hyderabad-Warangal,105.0,0.9,46,36,630.0,0,1
Track,Poor,High,Operational,Critical,Condition Monitoring,High,Engineering,Telangana: Hyderabad-Warangal,105.0,0.9,46,36,630.0,1,1
Track,Poor,High,Operational,Critical,Condition Monitoring,High,Engineering,Telangana: Hyderabad-Warangal,105.0,0.9,46,36,630.0,2,1
Turnout,Critical,High,Under Observation,Critical,Corrective Maintenance,Low,Engineering,Telangana: Hyderabad-Warangal,51.0,0.12,167,68,657.0,0,1
Turnout,Critical,High,Under Observation,Critical,Corrective Maintenance,Low,Engineering,Telangana: Hyderabad-Warangal,51.0,0.12,167,68,657.0,1,1
Turnout,Critical,High,Under Observation,Critical,Corrective Maintenance,Low,Engineering,Telangana: Hyderabad-Warangal,51.0,0.12,167,68,657.0,2,1
Turnout,Critical,High,Under Observation,Medium,Inspection,Medium,Engineering,Telangana: Hyderabad-Warangal,68.0,0.13,167,68,684.0,0,0
Turnout,Critical,High,Under Observation,Medium,Inspection,Medium,Engineering,Telangana: Hyderabad-Warangal,68.0,0.13,167,68,684.0,1,1
Turnout,Critical,High,Under Observation,Medium,Inspection,Medium,Engineering,Telangana: Hyderabad-Warangal,68.0,0.13,167,68,684.0,2,0
OHE Mast,Good,Critical,Maintenance In Progress,Medium,Preventive Maintenance,High,Traction Distribution,Telangana: Hyderabad-Warangal,85.0,0.14,135,8,711.0,0,1
OHE Mast,Good,Critical,Maintenance In Progress,Medium,Preventive Maintenance,High,Traction Distribution,Telangana: Hyderabad-Warangal,85.0,0.14,135,8,711.0,1,0
OHE Mast,Good,Critical,Maintenance In Progress,Medium,Preventive Maintenance,High,Traction Distribution,Telangana: Hyderabad-Warangal,85.0,0.14,135,8,711.0,2,1
OHE Mast,Good,Critical,Maintenance In Progress,Critical,Condition Monitoring,Low,Traction Distribution,Telangana: Hyderabad-Warangal,102.0,0.15,135,8,738.0,0,0
OHE Mast,Good,Critical,Maintenance In Progress,Critical,Condition Monitoring,Low,Traction Distribution,Telangana: Hyderabad-Warangal,102.0,0.15,135,8,738.0,1,0
OHE Mast,Good,Critical,Maintenance In Progress,Critical,Condition Monitoring,Low,Traction Distribution,Telangana: Hyderabad-Warangal,102.0,0.15,135,8,738.0,2,1
Traction Substation,Fair,Medium,Operational,Critical,Corrective Maintenance,Medium,Traction Distribution,Telangana: Hyderabad-Warangal,48.0,0.16,104,39,765.0,0,1
Traction Substation,Fair,Medium,Operational,Critical,Corrective Maintenance,Medium,Traction Distribution,Telangana: Hyderabad-Warangal,48.0,0.16,104,39,765.0,1,0
Traction Substation,Fair,Medium,Operational,Critical,Corrective Maintenance,Medium,Traction Distribution,Telangana: Hyderabad-Warangal,48.0,0.16,104,39,765.0,2,0
Traction Substation,Fair,Medium,Operational,Medium,Inspection,High,Traction Distribution,Telangana: Hyderabad-Warangal,65.0,0.17,104,39,792.0,0,0
Traction Substation,Fair,Medium,Operational,Medium,Inspection,High,Traction Distribution,Telangana: Hyderabad-Warangal,65.0,0.17,104,39,792.0,1,0
Traction Substation,Fair,Medium,Operational,Medium,Inspection,High,Traction Distribution,Telangana: Hyderabad-Warangal,65.0,0.17,104,39,792.0,2,0
Signal,Poor,High,Operational,Medium,Preventive Maintenance,Low,Signal & Telecommunication,Telangana: Hyderabad-Warangal,82.0,0.18,72,71,819.0,0,1
Signal,Poor,High,Operational,Medium,Preventive Maintenance,Low,Signal & Telecommunication,Telangana: Hyderabad-Warangal,82.0,0.18,72,71,819.0,1,1
Signal,Poor,High,Operational,Medium,Preventive Maintenance,Low,Signal & Telecommunication,Telangana: Hyderabad-Warangal,82.0,0.18,72,71,819.0,2,1
Signal,Poor,High,Operational,Critical,Condition Monitoring,Medium,Signal & Telecommunication,Telangana: Hyderabad-Warangal,99.0,0.19,72,71,510.0,0,1
Signal,Poor,High,Operational,Critical,Condition Monitoring,Medium,Signal & Telecommunication,Telangana: Hyderabad-Warangal,99.0,0.19,72,71,510.0,1,1
Signal,Poor,High,Operational,Critical,Condition Monitoring,Medium,Signal & Telecommunication,Telangana: Hyderabad-Warangal,99.0,0.19,72,71,510.0,2,1
Axle Counter,Critical,High,Under Observation,Critical,Corrective Maintenance,High,Signal & Telecommunication,Telangana: Hyderabad-Warangal,45.0,0.2,41,11,537.0,0,1
Axle Counter,Critical,High,Under Observation,Critical,Corrective Maintenance,High,Signal & Telecommunication,Telangana: Hyderabad-Warangal,45.0,0.2,41,11,537.0,1,1
Axle Counter,Critical,High,Under Observation,Critical,Corrective Maintenance,High,Signal & Telecommunication,Telangana: Hyderabad-Warangal,45.0,0.2,41,11,537.0,2,0
Axle Counter,Critical,High,Under Observation,Medium,Inspection,Low,Signal & Telecommunication,Telangana: Hyderabad-Warangal,62.0,0.21,41,11,564.0,0,0
Axle Counter,Critical,High,Under Observation,Medium,Inspection,Low,Signal & Telecommunication,Telangana: Hyderabad-Warangal,62.0,0.21,41,11,564.0,1,1
Axle Counter,Critical,High,Under Observation,Medium,Inspection,Low,Signal & Telecommunication,Telangana: Hyderabad-Warangal,62.0,0.21,41,11,564.0,2,0
Track,Good,Critical,Maintenance In Progress,Medium,Preventive Maintenance,Medium,Engineering,Telangana: Hyderabad-Warangal,79.0,0.22,162,42,591.0,0,0
Track,Good,Critical,Maintenance In Progress,Medium,Preventive Maintenance,Medium,Engineering,Telangana: Hyderabad-Warangal,79.0,0.22,162,42,591.0,1,0
Track,Good,Critical,Maintenance In Progress,Medium,Preventive Maintenance,Medium,Engineering,Telangana: Hyderabad-Warangal,79.0,0.22,162,42,591.0,2,0
Track,Good,Critical,Maintenance In Progress,Critical,Condition Monitoring,High,Engineering,Telangana: Hyderabad-Warangal,96.0,0.23,162,42,618.0,0,1
Track,Good,Critical,Maintenance In Progress,Critical,Condition Monitoring,High,Engineering,Telangana: Hyderabad-Warangal,96.0,0.23,162,42,618.0,1,0
Track,Good,Critical,Maintenance In Progress,Critical,Condition Monitoring,High,Engineering,Telangana: Hyderabad-Warangal,96.0,0.23,162,42,618.0,2,1
Turnout,Fair,Medium,Operational,Critical,Corrective Maintenance,Low,Engineering,Telangana: Hyderabad-Warangal,42.0,0.24,130,74,645.0,0,0
Turnout,Fair,Medium,Operational,Critical,Corrective Maintenance,Low,Engineering,Telangana: Hyderabad-Warangal,42.0,0.24,130,74,645.0,1,1
Turnout,Fair,Medium,Operational,Critical,Corrective Maintenance,Low,Engineering,Telangana: Hyderabad-Warangal,42.0,0.24,130,74,645.0,2,0
Turnout,Fair,Medium,Operational,Medium,Inspection,Medium,Engineering,Telangana: Hyderabad-Warangal,59.0,0.25,130,74,672.0,0,0
Turnout,Fair,Medium,Operational,Medium,Inspection,Medium,Engineering,Telangana: Hyderabad-Warangal,59.0,0.25,130,74,672.0,1,0
Turnout,Fair,Medium,Operational,Medium,Inspection,Medium,Engineering,Telangana: Hyderabad-Warangal,59.0,0.25,130,74,672.0,2,1
OHE Mast,Poor,High,Operational,Medium,Preventive Maintenance,High,Traction Distribution,Telangana: Hyderabad-Warangal,76.0,0.26,99,14,699.0,0,0
OHE Mast,Poor,High,Operational,Medium,Preventive Maintenance,High,Traction Distribution,Telangana: Hyderabad-Warangal,76.0,0.26,99,14,699.0,1,1
OHE Mast,Poor,High,Operational,Medium,Preventive Maintenance,High,Traction Distribution,Telangana: Hyderabad-Warangal,76.0,0.26,99,14,699.0,2,1
OHE Mast,Poor,High,Operational,Critical,Condition Monitoring,Low,Traction Distribution,Telangana: Hyderabad-Warangal,93.0,0.27,99,14,726.0,0,0
OHE Mast,Poor,High,Operational,Critical,Condition Monitoring,Low,Traction Distribution,Telangana: Hyderabad-Warangal,93.0,0.27,99,14,726.0,1,1
OHE Mast,Poor,High,Operational,Critical,Condition Monitoring,Low,Traction Distribution,Telangana: Hyderabad-Warangal,93.0,0.27,99,14,726.0,2,1
Traction Substation,Critical,High,Under Observation,Critical,Corrective Maintenance,Medium,Traction Distribution,Telangana: Hyderabad-Warangal,39.0,0.28,67,45,753.0,0,0
Traction Substation,Critical,High,Under Observation,Critical,Corrective Maintenance,Medium,Traction Distribution,Telangana: Hyderabad-Warangal,39.0,0.28,67,45,753.0,1,1
Traction Substation,Critical,High,Under Observation,Critical,Corrective Maintenance,Medium,Traction Distribution,Telangana: Hyderabad-Warangal,39.0,0.28,67,45,753.0,2,0
Traction Substation,Critical,High,Under Observation,Medium,Inspection,High,Traction Distribution,Telangana: Hyderabad-Warangal,56.0,0.29,67,45,780.0,0,0
Traction Substation,Critical,High,Under Observation,Medium,Inspection,High,Traction Distribution,Telangana: Hyderabad-Warangal,56.0,0.29,67,45,780.0,1,1
Traction Substation,Critical,High,Under Observation,Medium,Inspection,High,Traction Distribution,Telangana: Hyderabad-Warangal,56.0,0.29,67,45,780.0,2,1
Signal,Good,Critical,Maintenance In Progress,Medium,Preventive Maintenance,Low,Signal & Telecommunication,Telangana: Hyderabad-Warangal,73.0,0.3,36,77,807.0,0,0
Signal,Good,Critical,Maintenance In Progress,Medium,Preventive Maintenance,Low,Signal & Telecommunication,Telangana: Hyderabad-Warangal,73.0,0.3,36,77,807.0,1,0
Signal,Good,Critical,Maintenance In Progress,Medium,Preventive Maintenance,Low,Signal & Telecommunication,Telangana: Hyderabad-Warangal,73.0,0.3,36,77,807.0,2,0
Signal,Good,Critical,Maintenance In Progress,Critical,Condition Monitoring,Medium,Signal & Telecommunication,Telangana: Hyderabad-Warangal,90.0,0.31,36,77,834.0,0,0
Signal,Good,Critical,Maintenance In Progress,Critical,Condition Monitoring,Medium,Signal & Telecommunication,Telangana: Hyderabad-Warangal,90.0,0.31,36,77,834.0,1,1
Signal,Good,Critical,Maintenance In Progress,Critical,Condition Monitoring,Medium,Signal & Telecommunication,Telangana: Hyderabad-Warangal,90.0,0.31,36,77,834.0,2,1
Axle Counter,Fair,Medium,Operational,Critical,Corrective Maintenance,High,Signal & Telecommunication,Telangana: Hyderabad-Warangal,36.0,0.32,181,17,861.0,0,0
Axle Counter,Fair,Medium,Operational,Critical,Corrective Maintenance,High,Signal & Telecommunication,Telangana: Hyderabad-Warangal,36.0,0.32,181,17,861.0,1,1
Axle Counter,Fair,Medium,Operational,Critical,Corrective Maintenance,High,Signal & Telecommunication,Telangana: Hyderabad-Warangal,36.0,0.32,181,17,861.0,2,1
Axle Counter,Fair,Medium,Operational,Medium,Inspection,Low,Signal & Telecommunication,Telangana: Hyderabad-Warangal,53.0,0.33,181,17,48.0,0,0
Axle Counter,Fair,Medium,Operational,Medium,Inspection,Low,Signal & Telecommunication,Telangana: Hyderabad-Warangal,53.0,0.33,181,17,48.0,1,0
Axle Counter,Fair,Medium,Operational,Medium,Inspection,Low,Signal & Telecommunication,Telangana: Hyderabad-Warangal,53.0,0.33,181,17,48.0,2,0
Track,Poor,High,Operational,Medium,Preventive Maintenance,Medium,Engineering,Telangana: Hyderabad-Warangal,70.0,0.34,149,48,75.0,0,0
Track,Poor,High,Operational,Medium,Preventive Maintenance,Medium,Engineering,Telangana: Hyderabad-Warangal,70.0,0.34,149,48,75.0,1,1
Track,Poor,High,Operational,Medium,Preventive Maintenance,Medium,Engineering,Telangana: Hyderabad-Warangal,70.0,0.34,149,48,75.0,2,0
Track,Poor,High,Operational,Critical,Condition Monitoring,High,Engineering,Telangana: Hyderabad-Warangal,87.0,0.35,149,48,102.0,0,1
Track,Poor,High,Operational,Critical,Condition Monitoring,High,Engineering,Telangana: Hyderabad-Warangal,87.0,0.35,149,48,102.0,1,1
Track,Poor,High,Operational,Critical,Condition Monitoring,High,Engineering,Telangana: Hyderabad-Warangal,87.0,0.35,149,48,102.0,2,1
Turnout,Critical,High,Under Observation,Critical,Corrective Maintenance,Low,Engineering,Telangana: Hyderabad-Warangal,104.0,0.36,118,80,129.0,0,1
Turnout,Critical,High,Under Observation,Critical,Corrective Maintenance,Low,Engineering,Telangana: Hyderabad-Warangal,104.0,0.36,118,80,129.0,1,0
Turnout,Critical,High,Under Observation,Critical,Corrective Maintenance,Low,Engineering,Telangana: Hyderabad-Warangal,104.0,0.36,118,80,129.0,2,0
Turnout,Critical,High,Under Observation,Medium,Inspection,Medium,Engineering,Telangana: Hyderabad-Warangal,50.0,0.37,118,80,156.0,0,0
Turnout,Critical,High,Under Observation,Medium,Inspection,Medium,Engineering,Telangana: Hyderabad-Warangal,50.0,0.37,118,80,156.0,1,1
Turnout,Critical,High,Under Observation,Medium,Inspection,Medium,Engineering,Telangana: Hyderabad-Warangal,50.0,0.37,118,80,156.0,2,1
OHE Mast,Good,Critical,Maintenance In Progress,Medium,Preventive Maintenance,High,Traction Distribution,Telangana: Hyderabad-Warangal,67.0,0.38,86,20,183.0,0,1
OHE Mast,Good,Critical,Maintenance In Progress,Medium,Preventive Maintenance,High,Traction Distribution,Telangana: Hyderabad-Warangal,67.0,0.38,86,20,183.0,1,1
OHE Mast,Good,Critical,Maintenance In Progress,Medium,Preventive Maintenance,High,Traction Distribution,Telangana: Hyderabad-Warangal,67.0,0.38,86,20,183.0,2,0
OHE Mast,Good,Critical,Maintenance In Progress,Critical,Condition Monitoring,Low,Traction Distribution,Telangana: Hyderabad-Warangal,84.0,0.39,86,20,210.0,0,0
OHE Mast,Good,Critical,Maintenance In Progress,Critical,Condition Monitoring,Low,Traction Distribution,Telangana: Hyderabad-Warangal,84.0,0.39,86,20,210.0,1,1
OHE Mast,Good,Critical,Maintenance In Progress,Critical,Condition Monitoring,Low,Traction Distribution,Telangana: Hyderabad-Warangal,84.0,0.39,86,20,210.0,2,1
Traction Substation,Fair,Medium,Operational,Critical,Corrective Maintenance,Medium,Traction Distribution,Telangana: Hyderabad-Warangal,101.0,0.4,55,51,237.0,0,1
Traction Substation,Fair,Medium,Operational,Critical,Corrective Maintenance,Medium,Traction Distribution,Telangana: Hyderabad-Warangal,101.0,0.4,55,51,237.0,1,0
Traction Substation,Fair,Medium,Operational,Critical,Corrective Maintenance,Medium,Traction Distribution,Telangana: Hyderabad-Warangal,101.0,0.4,55,51,237.0,2,1
Traction Substation,Fair,Medium,Operational,Medium,Inspection,High,Traction Distribution,Telangana: Hyderabad-Warangal,47.0,0.41,55,51,264.0,0,0
Traction Substation,Fair,Medium,Operational,Medium,Inspection,High,Traction Distribution,Telangana: Hyderabad-Warangal,47.0,0.41,55,51,264.0,1,0
Traction Substation,Fair,Medium,Operational,Medium,Inspection,High,Traction Distribution,Telangana: Hyderabad-Warangal,47.0,0.41,55,51,264.0,2,0
Signal,Poor,High,Operational,Medium,Preventive Maintenance,Low,Signal & Telecommunication,Telangana: Hyderabad-Warangal,64.0,0.42,176,83,291.0,0,1
Signal,Poor,High,Operational,Medium,Preventive Maintenance,Low,Signal & Telecommunication,Telangana: Hyderabad-Warangal,64.0,0.42,176,83,291.0,1,1
Signal,Poor,High,Operational,Medium,Preventive Maintenance,Low,Signal & Telecommunication,Telangana: Hyderabad-Warangal,64.0,0.42,176,83,291.0,2,0
Signal,Poor,High,Operational,Critical,Condition Monitoring,Medium,Signal & Telecommunication,Telangana: Hyderabad-Warangal,81.0,0.43,176,83,318.0,0,1
Signal,Poor,High,Operational,Critical,Condition Monitoring,Medium,Signal & Telecommunication,Telangana: Hyderabad-Warangal,81.0,0.43,176,83,318.0,1,1
Signal,Poor,High,Operational,Critical,Condition Monitoring,Medium,Signal & Telecommunication,Telangana: Hyderabad-Warangal,81.0,0.43,176,83,318.0,2,1
Axle Counter,Critical,High,Under Observation,Critical,Corrective Maintenance,High,Signal & Telecommunication,Telangana: Hyderabad-Warangal,98.0,0.44,144,23,345.0,0,0
Axle Counter,Critical,High,Under Observation,Critical,Corrective Maintenance,High,Signal & Telecommunication,Telangana: Hyderabad-Warangal,98.0,0.44,144,23,345.0,1,1
Axle Counter,Critical,High,Under Observation,Critical,Corrective Maintenance,High,Signal & Telecommunication,Telangana: Hyderabad-Warangal,98.0,0.44,144,23,345.0,2,1
Axle Counter,Critical,High,Under Observation,Medium,Inspection,Low,Signal & Telecommunication,Telangana: Hyderabad-Warangal,44.0,0.45,144,23,372.0,0,1
Axle Counter,Critical,High,Under Observation,Medium,Inspection,Low,Signal & Telecommunication,Telangana: Hyderabad-Warangal,44.0,0.45,144,23,372.0,1,0
Axle Counter,Critical,High,Under Observation,Medium,Inspection,Low,Signal & Telecommunication,Telangana: Hyderabad-Warangal,44.0,0.45,144,23,372.0,2,1
Track,Good,Critical,Maintenance In Progress,Medium,Preventive Maintenance,Medium,Engineering,Telangana: Hyderabad-Warangal,61.0,0.46,113,54,399.0,0,0
Track,Good,Critical,Maintenance In Progress,Medium,Preventive Maintenance,Medium,Engineering,Telangana: Hyderabad-Warangal,61.0,0.46,113,54,399.0,1,1
Track,Good,Critical,Maintenance In Progress,Medium,Preventive Maintenance,Medium,Engineering,Telangana: Hyderabad-Warangal,61.0,0.46,113,54,399.0,2,0
Track,Good,Critical,Maintenance In Progress,Critical,Condition Monitoring,High,Engineering,Telangana: Hyderabad-Warangal,78.0,0.47,113,54,90.0,0,0
Track,Good,Critical,Maintenance In Progress,Critical,Condition Monitoring,High,Engineering,Telangana: Hyderabad-Warangal,78.0,0.47,113,54,90.0,1,1
Track,Good,Critical,Maintenance In Progress,Critical,Condition Monitoring,High,Engineering,Telangana: Hyderabad-Warangal,78.0,0.47,113,54,90.0,2,0
Turnout,Fair,Medium,Operational,Critical,Corrective Maintenance,Low,Engineering,Telangana: Hyderabad-Warangal,95.0,0.48,81,86,117.0,0,1
Turnout,Fair,Medium,Operational,Critical,Corrective Maintenance,Low,Engineering,Telangana: Hyderabad-Warangal,95.0,0.48,81,86,117.0,1,0
Turnout,Fair,Medium,Operational,Critical,Corrective Maintenance,Low,Engineering,Telangana: Hyderabad-Warangal,95.0,0.48,81,86,117.0,2,1
Turnout,Fair,Medium,Operational,Medium,Inspection,Medium,Engineering,Telangana: Hyderabad-Warangal,41.0,0.49,81,86,144.0,0,0
Turnout,Fair,Medium,Operational,Medium,Inspection,Medium,Engineering,Telangana: Hyderabad-Warangal,41.0,0.49,81,86,144.0,1,0
Turnout,Fair,Medium,Operational,Medium,Inspection,Medium,Engineering,Telangana: Hyderabad-Warangal,41.0,0.49,81,86,144.0,2,0
OHE Mast,Poor,High,Operational,Medium,Preventive Maintenance,High,Traction Distribution,Telangana: Hyderabad-Warangal,58.0,0.5,50,26,171.0,0,1
OHE Mast,Poor,High,Operational,Medium,Preventive Maintenance,High,Traction Distribution,Telangana: Hyderabad-Warangal,58.0,0.5,50,26,171.0,1,1
OHE Mast,Poor,High,Operational,Medium,Preventive Maintenance,High,Traction Distribution,Telangana: Hyderabad-Warangal,58.0,0.5,50,26,171.0,2,1
OHE Mast,Poor,High,Operational,Critical,Condition Monitoring,Low,Traction Distribution,Telangana: Hyderabad-Warangal,75.0,0.51,50,26,198.0,0,1
OHE Mast,Poor,High,Operational,Critical,Condition Monitoring,Low,Traction Distribution,Telangana: Hyderabad-Warangal,75.0,0.51,50,26,198.0,1,1
OHE Mast,Poor,High,Operational,Critical,Condition Monitoring,Low,Traction Distribution,Telangana: Hyderabad-Warangal,75.0,0.51,50,26,198.0,2,1
Traction Substation,Critical,High,Under Observation,Critical,Corrective Maintenance,Medium,Traction Distribution,Telangana: Hyderabad-Warangal,92.0,0.52,171,32,225.0,0,1
Traction Substation,Critical,High,Under Observation,Critical,Corrective Maintenance,Medium,Traction Distribution,Telangana: Hyderabad-Warangal,92.0,0.52,171,32,225.0,1,1
Traction Substation,Critical,High,Under Observation,Critical,Corrective Maintenance,Medium,Traction Distribution,Telangana: Hyderabad-Warangal,92.0,0.52,171,32,225.0,2,1
Traction Substation,Critical,High,Under Observation,Medium,Inspection,High,Traction Distribution,Telangana: Hyderabad-Warangal,38.0,0.53,171,32,252.0,0,0
Traction Substation,Critical,High,Under Observation,Medium,Inspection,High,Traction Distribution,Telangana: Hyderabad-Warangal,38.0,0.53,171,32,252.0,1,1
Traction Substation,Critical,High,Under Observation,Medium,Inspection,High,Traction Distribution,Telangana: Hyderabad-Warangal,38.0,0.53,171,32,252.0,2,1
Signal,Good,Critical,Maintenance In Progress,Medium,Preventive Maintenance,Low,Signal & Telecommunication,Telangana: Hyderabad-Warangal,55.0,0.54,139,64,279.0,0,0
Signal,Good,Critical,Maintenance In Progress,Medium,Preventive Maintenance,Low,Signal & Telecommunication,Telangana: Hyderabad-Warangal,55.0,0.54,139,64,279.0,1,0
Signal,Good,Critical,Maintenance In Progress,Medium,Preventive Maintenance,Low,Signal & Telecommunication,Telangana: Hyderabad-Warangal,55.0,0.54,139,64,279.0,2,1
Signal,Good,Critical,Maintenance In Progress,Critical,Condition Monitoring,Medium,Signal & Telecommunication,Telangana: Hyderabad-Warangal,72.0,0.55,139,64,306.0,0,0
Signal,Good,Critical,Maintenance In Progress,Critical,Condition Monitoring,Medium,Signal & Telecommunication,Telangana: Hyderabad-Warangal,72.0,0.55,139,64,306.0,1,1
Signal,Good,Critical,Maintenance In Progress,Critical,Condition Monitoring,Medium,Signal & Telecommunication,Telangana: Hyderabad-Warangal,72.0,0.55,139,64,306.0,2,0
Axle Counter,Fair,Medium,Operational,Critical,Corrective Maintenance,High,Signal & Telecommunication,Telangana: Hyderabad-Warangal,89.0,0.56,108,4,333.0,0,1
Axle Counter,Fair,Medium,Operational,Critical,Corrective Maintenance,High,Signal & Telecommunication,Telangana: Hyderabad-Warangal,89.0,0.56,108,4,333.0,1,0
Axle Counter,Fair,Medium,Operational,Critical,Corrective Maintenance,High,Signal & Telecommunication,Telangana: Hyderabad-Warangal,89.0,0.56,108,4,333.0,2,0
Axle Counter,Fair,Medium,Operational,Medium,Inspection,Low,Signal & Telecommunication,Telangana: Hyderabad-Warangal,35.0,0.57,108,4,360.0,0,0
Axle Counter,Fair,Medium,Operational,Medium,Inspection,Low,Signal & Telecommunication,Telangana: Hyderabad-Warangal,35.0,0.57,108,4,360.0,1,0
Axle Counter,Fair,Medium,Operational,Medium,Inspection,Low,Signal & Telecommunication,Telangana: Hyderabad-Warangal,35.0,0.57,108,4,360.0,2,0
Track,Poor,High,Operational,Medium,Preventive Maintenance,Medium,Engineering,Telangana: Hyderabad-Warangal,52.0,0.58,76,35,387.0,0,1
Track,Poor,High,Operational,Medium,Preventive Maintenance,Medium,Engineering,Telangana: Hyderabad-Warangal,52.0,0.58,76,35,387.0,1,0
Track,Poor,High,Operational,Medium,Preventive Maintenance,Medium,Engineering,Telangana: Hyderabad-Warangal,52.0,0.58,76,35,387.0,2,1
Track,Poor,High,Operational,Critical,Condition Monitoring,High,Engineering,Telangana: Hyderabad-Warangal,69.0,0.59,76,35,414.0,0,0
Track,Poor,High,Operational,Critical,Condition Monitoring,High,Engineering,Telangana: Hyderabad-Warangal,69.0,0.59,76,35,414.0,1,1
Track,Poor,High,Operational,Critical,Condition Monitoring,High,Engineering,Telangana: Hyderabad-Warangal,69.0,0.59,76,35,414.0,2,1
Turnout,Critical,High,Under Observation,Critical,Corrective Maintenance,Low,Engineering,Telangana: Hyderabad-Warangal,86.0,0.6,45,67,441.0,0,1
Turnout,Critical,High,Under Observation,Critical,Corrective Maintenance,Low,Engineering,Telangana: Hyderabad-Warangal,86.0,0.6,45,67,441.0,1,1
Turnout,Critical,High,Under Observation,Critical,Corrective Maintenance,Low,Engineering,Telangana: Hyderabad-Warangal,86.0,0.6,45,67,441.0,2,0
Turnout,Critical,High,Under Observation,Medium,Inspection,Medium,Engineering,Telangana: Hyderabad-Warangal,103.0,0.61,45,67,132.0,0,0
Turnout,Critical,High,Under Observation,Medium,Inspection,Medium,Engineering,Telangana: Hyderabad-Warangal,103.0,0.61,45,67,132.0,1,0
Turnout,Critical,High,Under Observation,Medium,Inspection,Medium,Engineering,Telangana: Hyderabad-Warangal,103.0,0.61,45,67,132.0,2,1
OHE Mast,Good,Critical,Maintenance In Progress,Medium,Preventive Maintenance,High,Traction Distribution,Telangana: Hyderabad-Warangal,49.0,0.62,166,7,159.0,0,1
OHE Mast,Good,Critical,Maintenance In Progress,Medium,Preventive Maintenance,High,Traction Distribution,Telangana: Hyderabad-Warangal,49.0,0.62,166,7,159.0,1,0
OHE Mast,Good,Critical,Maintenance In Progress,Medium,Preventive Maintenance,High,Traction Distribution,Telangana: Hyderabad-Warangal,49.0,0.62,166,7,159.0,2,1
OHE Mast,Good,Critical,Maintenance In Progress,Critical,Condition Monitoring,Low,Traction Distribution,Telangana: Hyderabad-Warangal,66.0,0.63,166,7,186.0,0,0
OHE Mast,Good,Critical,Maintenance In Progress,Critical,Condition Monitoring,Low,Traction Distribution,Telangana: Hyderabad-Warangal,66.0,0.63,166,7,186.0,1,1
OHE Mast,Good,Critical,Maintenance In Progress,Critical,Condition Monitoring,Low,Traction Distribution,Telangana: Hyderabad-Warangal,66.0,0.63,166,7,186.0,2,0
Traction Substation,Fair,Medium,Operational,Critical,Corrective Maintenance,Medium,Traction Distribution,Telangana: Hyderabad-Warangal,83.0,0.64,134,38,213.0,0,1
Traction Substation,Fair,Medium,Operational,Critical,Corrective Maintenance,Medium,Traction Distribution,Telangana: Hyderabad-Warangal,83.0,0.64,134,38,213.0,1,0
Traction Substation,Fair,Medium,Operational,Critical,Corrective Maintenance,Medium,Traction Distribution,Telangana: Hyderabad-Warangal,83.0,0.64,134,38,213.0,2,1
Traction Substation,Fair,Medium,Operational,Medium,Inspection,High,Traction Distribution,Telangana: Hyderabad-Warangal,100.0,0.65,134,38,240.0,0,0
Traction Substation,Fair,Medium,Operational,Medium,Inspection,High,Traction Distribution,Telangana: Hyderabad-Warangal,100.0,0.65,134,38,240.0,1,0
Traction Substation,Fair,Medium,Operational,Medium,Inspection,High,Traction Distribution,Telangana: Hyderabad-Warangal,100.0,0.65,134,38,240.0,2,1
Signal,Poor,High,Operational,Medium,Preventive Maintenance,Low,Signal & Telecommunication,Telangana: Hyderabad-Warangal,46.0,0.66,103,70,267.0,0,0
Signal,Poor,High,Operational,Medium,Preventive Maintenance,Low,Signal & Telecommunication,Telangana: Hyderabad-Warangal,46.0,0.66,103,70,267.0,1,1
Signal,Poor,High,Operational,Medium,Preventive Maintenance,Low,Signal & Telecommunication,Telangana: Hyderabad-Warangal,46.0,0.66,103,70,267.0,2,0
Signal,Poor,High,Operational,Critical,Condition Monitoring,Medium,Signal & Telecommunication,Telangana: Hyderabad-Warangal,63.0,0.67,103,70,294.0,0,1
Signal,Poor,High,Operational,Critical,Condition Monitoring,Medium,Signal & Telecommunication,Telangana: Hyderabad-Warangal,63.0,0.67,103,70,294.0,1,1
Signal,Poor,High,Operational,Critical,Condition Monitoring,Medium,Signal & Telecommunication,Telangana: Hyderabad-Warangal,63.0,0.67,103,70,294.0,2,0
Axle Counter,Critical,High,Under Observation,Critical,Corrective Maintenance,High,Signal & Telecommunication,Telangana: Hyderabad-Warangal,80.0,0.68,71,10,321.0,0,1
Axle Counter,Critical,High,Under Observation,Critical,Corrective Maintenance,High,Signal & Telecommunication,Telangana: Hyderabad-Warangal,80.0,0.68,71,10,321.0,1,1
Axle Counter,Critical,High,Under Observation,Critical,Corrective Maintenance,High,Signal & Telecommunication,Telangana: Hyderabad-Warangal,80.0,0.68,71,10,321.0,2,1
Axle Counter,Critical,High,Under Observation,Medium,Inspection,Low,Signal & Telecommunication,Telangana: Hyderabad-Warangal,97.0,0.69,71,10,348.0,0,1
Axle Counter,Critical,High,Under Observation,Medium,Inspection,Low,Signal & Telecommunication,Telangana: Hyderabad-Warangal,97.0,0.69,71,10,348.0,1,1
Axle Counter,Critical,High,Under Observation,Medium,Inspection,Low,Signal & Telecommunication,Telangana: Hyderabad-Warangal,97.0,0.69,71,10,348.0,2,0
Track,Good,Critical,Maintenance In Progress,Medium,Preventive Maintenance,Medium,Engineering,Telangana: Hyderabad-Warangal,43.0,0.7,40,41,375.0,0,0
Track,Good,Critical,Maintenance In Progress,Medium,Preventive Maintenance,Medium,Engineering,Telangana: Hyderabad-Warangal,43.0,0.7,40,41,375.0,1,0
Track,Good,Critical,Maintenance In Progress,Medium,Preventive Maintenance,Medium,Engineering,Telangana: Hyderabad-Warangal,43.0,0.7,40,41,375.0,2,1
Track,Good,Critical,Maintenance In Progress,Critical,Condition Monitoring,High,Engineering,Telangana: Hyderabad-Warangal,60.0,0.71,40,41,402.0,0,1
Track,Good,Critical,Maintenance In Progress,Critical,Condition Monitoring,High,Engineering,Telangana: Hyderabad-Warangal,60.0,0.71,40,41,402.0,1,0
Track,Good,Critical,Maintenance In Progress,Critical,Condition Monitoring,High,Engineering,Telangana: Hyderabad-Warangal,60.0,0.71,40,41,402.0,2,1
Turnout,Fair,Medium,Operational,Critical,Corrective Maintenance,Low,Engineering,Telangana: Hyderabad-Warangal,77.0,0.72,161,73,429.0,0,0
Turnout,Fair,Medium,Operational,Critical,Corrective Maintenance,Low,Engineering,Telangana: Hyderabad-Warangal,77.0,0.72,161,73,429.0,1,0
Turnout,Fair,Medium,Operational,Critical,Corrective Maintenance,Low,Engineering,Telangana: Hyderabad-Warangal,77.0,0.72,161,73,429.0,2,0
Turnout,Fair,Medium,Operational,Medium,Inspection,Medium,Engineering,Telangana: Hyderabad-Warangal,94.0,0.73,161,73,456.0,0,0
Turnout,Fair,Medium,Operational,Medium,Inspection,Medium,Engineering,Telangana: Hyderabad-Warangal,94.0,0.73,161,73,456.0,1,0
Turnout,Fair,Medium,Operational,Medium,Inspection,Medium,Engineering,Telangana: Hyderabad-Warangal,94.0,0.73,161,73,456.0,2,0
OHE Mast,Poor,High,Operational,Medium,Preventive Maintenance,High,Traction Distribution,Telangana: Hyderabad-Warangal,40.0,0.74,129,13,483.0,0,0
OHE Mast,Poor,High,Operational,Medium,Preventive Maintenance,High,Traction Distribution,Telangana: Hyderabad-Warangal,40.0,0.74,129,13,483.0,1,1
OHE Mast,Poor,High,Operational,Medium,Preventive Maintenance,High,Traction Distribution,Telangana: Hyderabad-Warangal,40.0,0.74,129,13,483.0,2,0
OHE Mast,Poor,High,Operational,Critical,Condition Monitoring,Low,Traction Distribution,Telangana: Hyderabad-Warangal,57.0,0.75,129,13,174.0,0,0
OHE Mast,Poor,High,Operational,Critical,Condition Monitoring,Low,Traction Distribution,Telangana: Hyderabad-Warangal,57.0,0.75,129,13,174.0,1,1
OHE Mast,Poor,High,Operational,Critical,Condition Monitoring,Low,Traction Distribution,Telangana: Hyderabad-Warangal,57.0,0.75,129,13,174.0,2,1
Traction Substation,Critical,High,Under Observation,Critical,Corrective Maintenance,Medium,Traction Distribution,Telangana: Hyderabad-Warangal,74.0,0.76,98,44,201.0,0,1
Traction Substation,Critical,High,Under Observation,Critical,Corrective Maintenance,Medium,Traction Distribution,Telangana: Hyderabad-Warangal,74.0,0.76,98,44,201.0,1,1
Traction Substation,Critical,High,Under Observation,Critical,Corrective Maintenance,Medium,Traction Distribution,Telangana: Hyderabad-Warangal,74.0,0.76,98,44,201.0,2,1
Traction Substation,Critical,High,Under Observation,Medium,Inspection,High,Traction Distribution,Telangana: Hyderabad-Warangal,91.0,0.77,98,44,228.0,0,0
Traction Substation,Critical,High,Under Observation,Medium,Inspection,High,Traction Distribution,Telangana: Hyderabad-Warangal,91.0,0.77,98,44,228.0,1,0
Traction Substation,Critical,High,Under Observation,Medium,Inspection,High,Traction Distribution,Telangana: Hyderabad-Warangal,91.0,0.77,98,44,228.0,2,1
Signal,Good,Critical,Maintenance In Progress,Medium,Preventive Maintenance,Low,Signal & Telecommunication,Telangana: Hyderabad-Warangal,37.0,0.78,66,76,255.0,0,0
Signal,Good,Critical,Maintenance In Progress,Medium,Preventive Maintenance,Low,Signal & Telecommunication,Telangana: Hyderabad-Warangal,37.0,0.78,66,76,255.0,1,0
Signal,Good,Critical,Maintenance In Progress,Medium,Preventive Maintenance,Low,Signal & Telecommunication,Telangana: Hyderabad-Warangal,37.0,0.78,66,76,255.0,2,0
Signal,Good,Critical,Maintenance In Progress,Critical,Condition Monitoring,Medium,Signal & Telecommunication,Telangana: Hyderabad-Warangal,54.0,0.79,66,76,282.0,0,1
Signal,Good,Critical,Maintenance In Progress,Critical,Condition Monitoring,Medium,Signal & Telecommunication,Telangana: Hyderabad-Warangal,54.0,0.79,66,76,282.0,1,1
Signal,Good,Critical,Maintenance In Progress,Critical,Condition Monitoring,Medium,Signal & Telecommunication,Telangana: Hyderabad-Warangal,54.0,0.79,66,76,282.0,2,1
Axle Counter,Fair,Medium,Operational,Critical,Corrective Maintenance,High,Signal & Telecommunication,Telangana: Hyderabad-Warangal,71.0,0.8,59,16,309.0,0,1
Axle Counter,Fair,Medium,Operational,Critical,Corrective Maintenance,High,Signal & Telecommunication,Telangana: Hyderabad-Warangal,71.0,0.8,59,16,309.0,1,1
Axle Counter,Fair,Medium,Operational,Critical,Corrective Maintenance,High,Signal & Telecommunication,Telangana: Hyderabad-Warangal,71.0,0.8,59,16,309.0,2,1
Axle Counter,Fair,Medium,Operational,Medium,Inspection,Low,Signal & Telecommunication,Telangana: Hyderabad-Warangal,88.0,0.81,59,16,336.0,0,0
Axle Counter,Fair,Medium,Operational,Medium,Inspection,Low,Signal & Telecommunication,Telangana: Hyderabad-Warangal,88.0,0.81,59,16,336.0,1,0
Axle Counter,Fair,Medium,Operational,Medium,Inspection,Low,Signal & Telecommunication,Telangana: Hyderabad-Warangal,88.0,0.81,59,16,336.0,2,0
Track,Poor,High,Operational,Medium,Preventive Maintenance,Medium,Engineering,Tripura: Agartala-Dharmanagar,105.0,0.82,180,47,363.0,0,1
Track,Poor,High,Operational,Medium,Preventive Maintenance,Medium,Engineering,Tripura: Agartala-Dharmanagar,105.0,0.82,180,47,363.0,1,1
Track,Poor,High,Operational,Medium,Preventive Maintenance,Medium,Engineering,Tripura: Agartala-Dharmanagar,105.0,0.82,180,47,363.0,2,1
Track,Poor,High,Operational,Critical,Condition Monitoring,High,Engineering,Tripura: Agartala-Dharmanagar,51.0,0.83,180,47,390.0,0,1
Track,Poor,High,Operational,Critical,Condition Monitoring,High,Engineering,Tripura: Agartala-Dharmanagar,51.0,0.83,180,47,390.0,1,0
Track,Poor,High,Operational,Critical,Condition Monitoring,High,Engineering,Tripura: Agartala-Dharmanagar,51.0,0.83,180,47,390.0,2,0
Turnout,Critical,High,Under Observation,Critical,Corrective Maintenance,Low,Engineering,Tripura: Agartala-Dharmanagar,68.0,0.84,148,79,417.0,0,1
Turnout,Critical,High,Under Observation,Critical,Corrective Maintenance,Low,Engineering,Tripura: Agartala-Dharmanagar,68.0,0.84,148,79,417.0,1,1
Turnout,Critical,High,Under Observation,Critical,Corrective Maintenance,Low,Engineering,Tripura: Agartala-Dharmanagar,68.0,0.84,148,79,417.0,2,1
Turnout,Critical,High,Under Observation,Medium,Inspection,Medium,Engineering,Tripura: Agartala-Dharmanagar,85.0,0.85,148,79,444.0,0,0
Turnout,Critical,High,Under Observation,Medium,Inspection,Medium,Engineering,Tripura: Agartala-Dharmanagar,85.0,0.85,148,79,444.0,1,0
Turnout,Critical,High,Under Observation,Medium,Inspection,Medium,Engineering,Tripura: Agartala-Dharmanagar,85.0,0.85,148,79,444.0,2,0
OHE Mast,Good,Critical,Maintenance In Progress,Medium,Preventive Maintenance,High,Traction Distribution,Tripura: Agartala-Dharmanagar,102.0,0.86,117,19,471.0,0,1
OHE Mast,Good,Critical,Maintenance In Progress,Medium,Preventive Maintenance,High,Traction Distribution,Tripura: Agartala-Dharmanagar,102.0,0.86,117,19,471.0,1,0
OHE Mast,Good,Critical,Maintenance In Progress,Medium,Preventive Maintenance,High,Traction Distribution,Tripura: Agartala-Dharmanagar,102.0,0.86,117,19,471.0,2,1
OHE Mast,Good,Critical,Maintenance In Progress,Critical,Condition Monitoring,Low,Traction Distribution,Tripura: Agartala-Dharmanagar,48.0,0.87,117,19,498.0,0,1
OHE Mast,Good,Critical,Maintenance In Progress,Critical,Condition Monitoring,Low,Traction Distribution,Tripura: Agartala-Dharmanagar,48.0,0.87,117,19,498.0,1,0
OHE Mast,Good,Critical,Maintenance In Progress,Critical,Condition Monitoring,Low,Traction Distribution,Tripura: Agartala-Dharmanagar,48.0,0.87,117,19,498.0,2,1
Traction Substation,Fair,Medium,Operational,Critical,Corrective Maintenance,Medium,Traction Distribution,Tripura: Agartala-Dharmanagar,65.0,0.88,85,50,525.0,0,1
Traction Substation,Fair,Medium,Operational,Critical,Corrective Maintenance,Medium,Traction Distribution,Tripura: Agartala-Dharmanagar,65.0,0.88,85,50,525.0,1,0
Traction Substation,Fair,Medium,Operational,Critical,Corrective Maintenance,Medium,Traction Distribution,Tripura: Agartala-Dharmanagar,65.0,0.88,85,50,525.0,2,1
Traction Substation,Fair,Medium,Operational,Medium,Inspection,High,Traction Distribution,Tripura: Agartala-Dharmanagar,82.0,0.89,85,50,216.0,0,1
Traction Substation,Fair,Medium,Operational,Medium,Inspection,High,Traction Distribution,Tripura: Agartala-Dharmanagar,82.0,0.89,85,50,216.0,1,0
Traction Substation,Fair,Medium,Operational,Medium,Inspection,High,Traction Distribution,Tripura: Agartala-Dharmanagar,82.0,0.89,85,50,216.0,2,0
Signal,Poor,High,Operational,Medium,Preventive Maintenance,Low,Signal & Telecommunication,Tripura: Agartala-Dharmanagar,99.0,0.9,54,82,243.0,0,0
Signal,Poor,High,Operational,Medium,Preventive Maintenance,Low,Signal & Telecommunication,Tripura: Agartala-Dharmanagar,99.0,0.9,54,82,243.0,1,0
Signal,Poor,High,Operational,Medium,Preventive Maintenance,Low,Signal & Telecommunication,Tripura: Agartala-Dharmanagar,99.0,0.9,54,82,243.0,2,1
Signal,Poor,High,Operational,Critical,Condition Monitoring,Medium,Signal & Telecommunication,Tripura: Agartala-Dharmanagar,45.0,0.12,54,82,270.0,0,1
Signal,Poor,High,Operational,Critical,Condition Monitoring,Medium,Signal & Telecommunication,Tripura: Agartala-Dharmanagar,45.0,0.12,54,82,270.0,1,0
Signal,Poor,High,Operational,Critical,Condition Monitoring,Medium,Signal & Telecommunication,Tripura: Agartala-Dharmanagar,45.0,0.12,54,82,270.0,2,0
Axle Counter,Critical,High,Under Observation,Critical,Corrective Maintenance,High,Signal & Telecommunication,Tripura: Agartala-Dharmanagar,62.0,0.13,175,22,297.0,0,0
Axle Counter,Critical,High,Under Observation,Critical,Corrective Maintenance,High,Signal & Telecommunication,Tripura: Agartala-Dharmanagar,62.0,0.13,175,22,297.0,1,0
Axle Counter,Critical,High,Under Observation,Critical,Corrective Maintenance,High,Signal & Telecommunication,Tripura: Agartala-Dharmanagar,62.0,0.13,175,22,297.0,2,1
Axle Counter,Critical,High,Under Observation,Medium,Inspection,Low,Signal & Telecommunication,Tripura: Agartala-Dharmanagar,79.0,0.14,175,22,324.0,0,0
Axle Counter,Critical,High,Under Observation,Medium,Inspection,Low,Signal & Telecommunication,Tripura: Agartala-Dharmanagar,79.0,0.14,175,22,324.0,1,1
Axle Counter,Critical,High,Under Observation,Medium,Inspection,Low,Signal & Telecommunication,Tripura: Agartala-Dharmanagar,79.0,0.14,175,22,324.0,2,0
Track,Good,Critical,Maintenance In Progress,Medium,Preventive Maintenance,Medium,Engineering,Tripura: Agartala-Dharmanagar,96.0,0.15,143,53,351.0,0,0
Track,Good,Critical,Maintenance In Progress,Medium,Preventive Maintenance,Medium,Engineering,Tripura: Agartala-Dharmanagar,96.0,0.15,143,53,351.0,1,0
Track,Good,Critical,Maintenance In Progress,Medium,Preventive Maintenance,Medium,Engineering,Tripura: Agartala-Dharmanagar,96.0,0.15,143,53,351.0,2,0
Track,Good,Critical,Maintenance In Progress,Critical,Condition Monitoring,High,Engineering,Tripura: Agartala-Dharmanagar,42.0,0.16,143,53,378.0,0,1
Track,Good,Critical,Maintenance In Progress,Critical,Condition Monitoring,High,Engineering,Tripura: Agartala-Dharmanagar,42.0,0.16,143,53,378.0,1,0
Track,Good,Critical,Maintenance In Progress,Critical,Condition Monitoring,High,Engineering,Tripura: Agartala-Dharmanagar,42.0,0.16,143,53,378.0,2,1
Turnout,Fair,Medium,Operational,Critical,Corrective Maintenance,Low,Engineering,Tripura: Agartala-Dharmanagar,59.0,0.17,112,85,405.0,0,0
Turnout,Fair,Medium,Operational,Critical,Corrective Maintenance,Low,Engineering,Tripura: Agartala-Dharmanagar,59.0,0.17,112,85,405.0,1,0
Turnout,Fair,Medium,Operational,Critical,Corrective Maintenance,Low,Engineering,Tripura: Agartala-Dharmanagar,59.0,0.17,112,85,405.0,2,0
Turnout,Fair,Medium,Operational,Medium,Inspection,Medium,Engineering,Tripura: Agartala-Dharmanagar,76.0,0.18,112,85,432.0,0,0
Turnout,Fair,Medium,Operational,Medium,Inspection,Medium,Engineering,Tripura: Agartala-Dharmanagar,76.0,0.18,112,85,432.0,1,0
Turnout,Fair,Medium,Operational,Medium,Inspection,Medium,Engineering,Tripura: Agartala-Dharmanagar,76.0,0.18,112,85,432.0,2,0
OHE Mast,Poor,High,Operational,Medium,Preventive Maintenance,High,Traction Distribution,Tripura: Agartala-Dharmanagar,93.0,0.19,80,25,459.0,0,1
OHE Mast,Poor,High,Operational,Medium,Preventive Maintenance,High,Traction Distribution,Tripura: Agartala-Dharmanagar,93.0,0.19,80,25,459.0,1,1
OHE Mast,Poor,High,Operational,Medium,Preventive Maintenance,High,Traction Distribution,Tripura: Agartala-Dharmanagar,93.0,0.19,80,25,459.0,2,1
OHE Mast,Poor,High,Operational,Critical,Condition Monitoring,Low,Traction Distribution,Tripura: Agartala-Dharmanagar,39.0,0.2,80,25,486.0,0,0
OHE Mast,Poor,High,Operational,Critical,Condition Monitoring,Low,Traction Distribution,Tripura: Agartala-Dharmanagar,39.0,0.2,80,25,486.0,1,0
OHE Mast,Poor,High,Operational,Critical,Condition Monitoring,Low,Traction Distribution,Tripura: Agartala-Dharmanagar,39.0,0.2,80,25,486.0,2,0
Traction Substation,Critical,High,Under Observation,Critical,Corrective Maintenance,Medium,Traction Distribution,Tripura: Agartala-Dharmanagar,56.0,0.21,49,56,513.0,0,1
Traction Substation,Critical,High,Under Observation,Critical,Corrective Maintenance,Medium,Traction Distribution,Tripura: Agartala-Dharmanagar,56.0,0.21,49,56,513.0,1,1
Traction Substation,Critical,High,Under Observation,Critical,Corrective Maintenance,Medium,Traction Distribution,Tripura: Agartala-Dharmanagar,56.0,0.21,49,56,513.0,2,1
Traction Substation,Critical,High,Under Observation,Medium,Inspection,High,Traction Distribution,Tripura: Agartala-Dharmanagar,73.0,0.22,49,56,540.0,0,1
Traction Substation,Critical,High,Under Observation,Medium,Inspection,High,Traction Distribution,Tripura: Agartala-Dharmanagar,73.0,0.22,49,56,540.0,1,1
Traction Substation,Critical,High,Under Observation,Medium,Inspection,High,Traction Distribution,Tripura: Agartala-Dharmanagar,73.0,0.22,49,56,540.0,2,1
Signal,Good,Critical,Maintenance In Progress,Medium,Preventive Maintenance,Low,Signal & Telecommunication,Tripura: Agartala-Dharmanagar,90.0,0.23,170,63,567.0,0,0
Signal,Good,Critical,Maintenance In Progress,Medium,Preventive Maintenance,Low,Signal & Telecommunication,Tripura: Agartala-Dharmanagar,90.0,0.23,170,63,567.0,1,0
Signal,Good,Critical,Maintenance In Progress,Medium,Preventive Maintenance,Low,Signal & Telecommunication,Tripura: Agartala-Dharmanagar,90.0,0.23,170,63,567.0,2,0
Signal,Good,Critical,Maintenance In Progress,Critical,Condition Monitoring,Medium,Signal & Telecommunication,Tripura: Agartala-Dharmanagar,36.0,0.24,170,63,258.0,0,1
Signal,Good,Critical,Maintenance In Progress,Critical,Condition Monitoring,Medium,Signal & Telecommunication,Tripura: Agartala-Dharmanagar,36.0,0.24,170,63,258.0,1,0
Signal,Good,Critical,Maintenance In Progress,Critical,Condition Monitoring,Medium,Signal & Telecommunication,Tripura: Agartala-Dharmanagar,36.0,0.24,170,63,258.0,2,0
Axle Counter,Fair,Medium,Operational,Critical,Corrective Maintenance,High,Signal & Telecommunication,Tripura: Agartala-Dharmanagar,53.0,0.25,138,3,285.0,0,0
Axle Counter,Fair,Medium,Operational,Critical,Corrective Maintenance,High,Signal & Telecommunication,Tripura: Agartala-Dharmanagar,53.0,0.25,138,3,285.0,1,0
Axle Counter,Fair,Medium,Operational,Critical,Corrective Maintenance,High,Signal & Telecommunication,Tripura: Agartala-Dharmanagar,53.0,0.25,138,3,285.0,2,0
Axle Counter,Fair,Medium,Operational,Medium,Inspection,Low,Signal & Telecommunication,Tripura: Agartala-Dharmanagar,70.0,0.26,138,3,312.0,0,0
Axle Counter,Fair,Medium,Operational,Medium,Inspection,Low,Signal & Telecommunication,Tripura: Agartala-Dharmanagar,70.0,0.26,138,3,312.0,1,0
Axle Counter,Fair,Medium,Operational,Medium,Inspection,Low,Signal & Telecommunication,Tripura: Agartala-Dharmanagar,70.0,0.26,138,3,312.0,2,0
Track,Poor,High,Operational,Medium,Preventive Maintenance,Medium,Engineering,Tripura: Agartala-Dharmanagar,87.0,0.27,107,34,339.0,0,0
Track,Poor,High,Operational,Medium,Preventive Maintenance,Medium,Engineering,Tripura: Agartala-Dharmanagar,87.0,0.27,107,34,339.0,1,0
Track,Poor,High,Operational,Medium,Preventive Maintenance,Medium,Engineering,Tripura: Agartala-Dharmanagar,87.0,0.27,107,34,339.0,2,1
Track,Poor,High,Operational,Critical,Condition Monitoring,High,Engineering,Tripura: Agartala-Dharmanagar,104.0,0.28,107,34,366.0,0,0
Track,Poor,High,Operational,Critical,Condition Monitoring,High,Engineering,Tripura: Agartala-Dharmanagar,104.0,0.28,107,34,366.0,1,1
Track,Poor,High,Operational,Critical,Condition Monitoring,High,Engineering,Tripura: Agartala-Dharmanagar,104.0,0.28,107,34,366.0,2,1
Turnout,Critical,High,Under Observation,Critical,Corrective Maintenance,Low,Engineering,Tripura: Agartala-Dharmanagar,50.0,0.29,75,66,393.0,0,1
Turnout,Critical,High,Under Observation,Critical,Corrective Maintenance,Low,Engineering,Tripura: Agartala-Dharmanagar,50.0,0.29,75,66,393.0,1,1
Turnout,Critical,High,Under Observation,Critical,Corrective Maintenance,Low,Engineering,Tripura: Agartala-Dharmanagar,50.0,0.29,75,66,393.0,2,1
Turnout,Critical,High,Under Observation,Medium,Inspection,Medium,Engineering,Tripura: Agartala-Dharmanagar,67.0,0.3,75,66,420.0,0,0
Turnout,Critical,High,Under Observation,Medium,Inspection,Medium,Engineering,Tripura: Agartala-Dharmanagar,67.0,0.3,75,66,420.0,1,1
Turnout,Critical,High,Under Observation,Medium,Inspection,Medium,Engineering,Tripura: Agartala-Dharmanagar,67.0,0.3,75,66,420.0,2,0
OHE Mast,Good,Critical,Maintenance In Progress,Medium,Preventive Maintenance,High,Traction Distribution,Tripura: Agartala-Dharmanagar,84.0,0.31,44,6,447.0,0,1
OHE Mast,Good,Critical,Maintenance In Progress,Medium,Preventive Maintenance,High,Traction Distribution,Tripura: Agartala-Dharmanagar,84.0,0.31,44,6,447.0,1,1
OHE Mast,Good,Critical,Maintenance In Progress,Medium,Preventive Maintenance,High,Traction Distribution,Tripura: Agartala-Dharmanagar,84.0,0.31,44,6,447.0,2,0
OHE Mast,Good,Critical,Maintenance In Progress,Critical,Condition Monitoring,Low,Traction Distribution,Tripura: Agartala-Dharmanagar,101.0,0.32,44,6,474.0,0,1
OHE Mast,Good,Critical,Maintenance In Progress,Critical,Condition Monitoring,Low,Traction Distribution,Tripura: Agartala-Dharmanagar,101.0,0.32,44,6,474.0,1,0
OHE Mast,Good,Critical,Maintenance In Progress,Critical,Condition Monitoring,Low,Traction Distribution,Tripura: Agartala-Dharmanagar,101.0,0.32,44,6,474.0,2,1
Traction Substation,Fair,Medium,Operational,Critical,Corrective Maintenance,Medium,Traction Distribution,Tripura: Agartala-Dharmanagar,47.0,0.33,165,37,501.0,0,0
Traction Substation,Fair,Medium,Operational,Critical,Corrective Maintenance,Medium,Traction Distribution,Tripura: Agartala-Dharmanagar,47.0,0.33,165,37,501.0,1,1
Traction Substation,Fair,Medium,Operational,Critical,Corrective Maintenance,Medium,Traction Distribution,Tripura: Agartala-Dharmanagar,47.0,0.33,165,37,501.0,2,0
Traction Substation,Fair,Medium,Operational,Medium,Inspection,High,Traction Distribution,Tripura: Agartala-Dharmanagar,64.0,0.34,165,37,528.0,0,1
Traction Substation,Fair,Medium,Operational,Medium,Inspection,High,Traction Distribution,Tripura: Agartala-Dharmanagar,64.0,0.34,165,37,528.0,1,0
Traction Substation,Fair,Medium,Operational,Medium,Inspection,High,Traction Distribution,Tripura: Agartala-Dharmanagar,64.0,0.34,165,37,528.0,2,1
Signal,Poor,High,Operational,Medium,Preventive Maintenance,Low,Signal & Telecommunication,Tripura: Agartala-Dharmanagar,81.0,0.35,133,69,555.0,0,0
Signal,Poor,High,Operational,Medium,Preventive Maintenance,Low,Signal & Telecommunication,Tripura: Agartala-Dharmanagar,81.0,0.35,133,69,555.0,1,0
Signal,Poor,High,Operational,Medium,Preventive Maintenance,Low,Signal & Telecommunication,Tripura: Agartala-Dharmanagar,81.0,0.35,133,69,555.0,2,1
Signal,Poor,High,Operational,Critical,Condition Monitoring,Medium,Signal & Telecommunication,Tripura: Agartala-Dharmanagar,98.0,0.36,133,69,582.0,0,1
Signal,Poor,High,Operational,Critical,Condition Monitoring,Medium,Signal & Telecommunication,Tripura: Agartala-Dharmanagar,98.0,0.36,133,69,582.0,1,1
Signal,Poor,High,Operational,Critical,Condition Monitoring,Medium,Signal & Telecommunication,Tripura: Agartala-Dharmanagar,98.0,0.36,133,69,582.0,2,1
Axle Counter,Critical,High,Under Observation,Critical,Corrective Maintenance,High,Signal & Telecommunication,Tripura: Agartala-Dharmanagar,44.0,0.37,102,9,609.0,0,1
Axle Counter,Critical,High,Under Observation,Critical,Corrective Maintenance,High,Signal & Telecommunication,Tripura: Agartala-Dharmanagar,44.0,0.37,102,9,609.0,1,1
Axle Counter,Critical,High,Under Observation,Critical,Corrective Maintenance,High,Signal & Telecommunication,Tripura: Agartala-Dharmanagar,44.0,0.37,102,9,609.0,2,1
Axle Counter,Critical,High,Under Observation,Medium,Inspection,Low,Signal & Telecommunication,Tripura: Agartala-Dharmanagar,61.0,0.38,102,9,300.0,0,0
Axle Counter,Critical,High,Under Observation,Medium,Inspection,Low,Signal & Telecommunication,Tripura: Agartala-Dharmanagar,61.0,0.38,102,9,300.0,1,0
Axle Counter,Critical,High,Under Observation,Medium,Inspection,Low,Signal & Telecommunication,Tripura: Agartala-Dharmanagar,61.0,0.38,102,9,300.0,2,1
Track,Good,Critical,Maintenance In Progress,Medium,Preventive Maintenance,Medium,Engineering,Tripura: Agartala-Dharmanagar,78.0,0.39,70,40,327.0,0,0
Track,Good,Critical,Maintenance In Progress,Medium,Preventive Maintenance,Medium,Engineering,Tripura: Agartala-Dharmanagar,78.0,0.39,70,40,327.0,1,0
Track,Good,Critical,Maintenance In Progress,Medium,Preventive Maintenance,Medium,Engineering,Tripura: Agartala-Dharmanagar,78.0,0.39,70,40,327.0,2,1
Track,Good,Critical,Maintenance In Progress,Critical,Condition Monitoring,High,Engineering,Tripura: Agartala-Dharmanagar,95.0,0.4,70,40,354.0,0,0
Track,Good,Critical,Maintenance In Progress,Critical,Condition Monitoring,High,Engineering,Tripura: Agartala-Dharmanagar,95.0,0.4,70,40,354.0,1,1
Track,Good,Critical,Maintenance In Progress,Critical,Condition Monitoring,High,Engineering,Tripura: Agartala-Dharmanagar,95.0,0.4,70,40,354.0,2,1
Turnout,Fair,Medium,Operational,Critical,Corrective Maintenance,Low,Engineering,Tripura: Agartala-Dharmanagar,41.0,0.41,39,72,381.0,0,1
Turnout,Fair,Medium,Operational,Critical,Corrective Maintenance,Low,Engineering,Tripura: Agartala-Dharmanagar,41.0,0.41,39,72,381.0,1,0
Turnout,Fair,Medium,Operational,Critical,Corrective Maintenance,Low,Engineering,Tripura: Agartala-Dharmanagar,41.0,0.41,39,72,381.0,2,1
Turnout,Fair,Medium,Operational,Medium,Inspection,Medium,Engineering,Tripura: Agartala-Dharmanagar,58.0,0.42,39,72,408.0,0,0
Turnout,Fair,Medium,Operational,Medium,Inspection,Medium,Engineering,Tripura: Agartala-Dharmanagar,58.0,0.42,39,72,408.0,1,1
Turnout,Fair,Medium,Operational,Medium,Inspection,Medium,Engineering,Tripura: Agartala-Dharmanagar,58.0,0.42,39,72,408.0,2,0
OHE Mast,Poor,High,Operational,Medium,Preventive Maintenance,High,Traction Distribution,Tripura: Agartala-Dharmanagar,75.0,0.43,160,12,435.0,0,1
OHE Mast,Poor,High,Operational,Medium,Preventive Maintenance,High,Traction Distribution,Tripura: Agartala-Dharmanagar,75.0,0.43,160,12,435.0,1,0
OHE Mast,Poor,High,Operational,Medium,Preventive Maintenance,High,Traction Distribution,Tripura: Agartala-Dharmanagar,75.0,0.43,160,12,435.0,2,1
OHE Mast,Poor,High,Operational,Critical,Condition Monitoring,Low,Traction Distribution,Tripura: Agartala-Dharmanagar,92.0,0.44,160,12,462.0,0,1
OHE Mast,Poor,High,Operational,Critical,Condition Monitoring,Low,Traction Distribution,Tripura: Agartala-Dharmanagar,92.0,0.44,160,12,462.0,1,1
OHE Mast,Poor,High,Operational,Critical,Condition Monitoring,Low,Traction Distribution,Tripura: Agartala-Dharmanagar,92.0,0.44,160,12,462.0,2,1
Traction Substation,Critical,High,Under Observation,Critical,Corrective Maintenance,Medium,Traction Distribution,Tripura: Agartala-Dharmanagar,38.0,0.45,128,43,489.0,0,1
Traction Substation,Critical,High,Under Observation,Critical,Corrective Maintenance,Medium,Traction Distribution,Tripura: Agartala-Dharmanagar,38.0,0.45,128,43,489.0,1,1
Traction Substation,Critical,High,Under Observation,Critical,Corrective Maintenance,Medium,Traction Distribution,Tripura: Agartala-Dharmanagar,38.0,0.45,128,43,489.0,2,0
Traction Substation,Critical,High,Under Observation,Medium,Inspection,High,Traction Distribution,Tripura: Agartala-Dharmanagar,55.0,0.46,128,43,516.0,0,0
Traction Substation,Critical,High,Under Observation,Medium,Inspection,High,Traction Distribution,Tripura: Agartala-Dharmanagar,55.0,0.46,128,43,516.0,1,0
Traction Substation,Critical,High,Under Observation,Medium,Inspection,High,Traction Distribution,Tripura: Agartala-Dharmanagar,55.0,0.46,128,43,516.0,2,1
Signal,Good,Critical,Maintenance In Progress,Medium,Preventive Maintenance,Low,Signal & Telecommunication,Tripura: Agartala-Dharmanagar,72.0,0.47,97,75,543.0,0,0
Signal,Good,Critical,Maintenance In Progress,Medium,Preventive Maintenance,Low,Signal & Telecommunication,Tripura: Agartala-Dharmanagar,72.0,0.47,97,75,543.0,1,0
Signal,Good,Critical,Maintenance In Progress,Medium,Preventive Maintenance,Low,Signal & Telecommunication,Tripura: Agartala-Dharmanagar,72.0,0.47,97,75,543.0,2,0
Signal,Good,Critical,Maintenance In Progress,Critical,Condition Monitoring,Medium,Signal & Telecommunication,Tripura: Agartala-Dharmanagar,89.0,0.48,97,75,570.0,0,1
Signal,Good,Critical,Maintenance In Progress,Critical,Condition Monitoring,Medium,Signal & Telecommunication,Tripura: Agartala-Dharmanagar,89.0,0.48,97,75,570.0,1,1
Signal,Good,Critical,Maintenance In Progress,Critical,Condition Monitoring,Medium,Signal & Telecommunication,Tripura: Agartala-Dharmanagar,89.0,0.48,97,75,570.0,2,1
Axle Counter,Fair,Medium,Operational,Critical,Corrective Maintenance,High,Signal & Telecommunication,Tripura: Agartala-Dharmanagar,35.0,0.49,89,15,597.0,0,1
Axle Counter,Fair,Medium,Operational,Critical,Corrective Maintenance,High,Signal & Telecommunication,Tripura: Agartala-Dharmanagar,35.0,0.49,89,15,597.0,1,0
Axle Counter,Fair,Medium,Operational,Critical,Corrective Maintenance,High,Signal & Telecommunication,Tripura: Agartala-Dharmanagar,35.0,0.49,89,15,597.0,2,1
Axle Counter,Fair,Medium,Operational,Medium,Inspection,Low,Signal & Telecommunication,Tripura: Agartala-Dharmanagar,52.0,0.5,89,15,624.0,0,0
Axle Counter,Fair,Medium,Operational,Medium,Inspection,Low,Signal & Telecommunication,Tripura: Agartala-Dharmanagar,52.0,0.5,89,15,624.0,1,0
Axle Counter,Fair,Medium,Operational,Medium,Inspection,Low,Signal & Telecommunication,Tripura: Agartala-Dharmanagar,52.0,0.5,89,15,624.0,2,0
Track,Poor,High,Operational,Medium,Preventive Maintenance,Medium,Engineering,Tripura: Agartala-Dharmanagar,69.0,0.51,58,46,651.0,0,0
Track,Poor,High,Operational,Medium,Preventive Maintenance,Medium,Engineering,Tripura: Agartala-Dharmanagar,69.0,0.51,58,46,651.0,1,0
Track,Poor,High,Operational,Medium,Preventive Maintenance,Medium,Engineering,Tripura: Agartala-Dharmanagar,69.0,0.51,58,46,651.0,2,0
Track,Poor,High,Operational,Critical,Condition Monitoring,High,Engineering,Tripura: Agartala-Dharmanagar,86.0,0.52,58,46,342.0,0,1
Track,Poor,High,Operational,Critical,Condition Monitoring,High,Engineering,Tripura: Agartala-Dharmanagar,86.0,0.52,58,46,342.0,1,1
Track,Poor,High,Operational,Critical,Condition Monitoring,High,Engineering,Tripura: Agartala-Dharmanagar,86.0,0.52,58,46,342.0,2,0
Turnout,Critical,High,Under Observation,Critical,Corrective Maintenance,Low,Engineering,Tripura: Agartala-Dharmanagar,103.0,0.53,179,78,369.0,0,0
Turnout,Critical,High,Under Observation,Critical,Corrective Maintenance,Low,Engineering,Tripura: Agartala-Dharmanagar,103.0,0.53,179,78,369.0,1,1
Turnout,Critical,High,Under Observation,Critical,Corrective Maintenance,Low,Engineering,Tripura: Agartala-Dharmanagar,103.0,0.53,179,78,369.0,2,1
Turnout,Critical,High,Under Observation,Medium,Inspection,Medium,Engineering,Tripura: Agartala-Dharmanagar,49.0,0.54,179,78,396.0,0,1
Turnout,Critical,High,Under Observation,Medium,Inspection,Medium,Engineering,Tripura: Agartala-Dharmanagar,49.0,0.54,179,78,396.0,1,0
Turnout,Critical,High,Under Observation,Medium,Inspection,Medium,Engineering,Tripura: Agartala-Dharmanagar,49.0,0.54,179,78,396.0,2,1
OHE Mast,Good,Critical,Maintenance In Progress,Medium,Preventive Maintenance,High,Traction Distribution,Tripura: Agartala-Dharmanagar,66.0,0.55,147,18,423.0,0,0
OHE Mast,Good,Critical,Maintenance In Progress,Medium,Preventive Maintenance,High,Traction Distribution,Tripura: Agartala-Dharmanagar,66.0,0.55,147,18,423.0,1,1
OHE Mast,Good,Critical,Maintenance In Progress,Medium,Preventive Maintenance,High,Traction Distribution,Tripura: Agartala-Dharmanagar,66.0,0.55,147,18,423.0,2,1
OHE Mast,Good,Critical,Maintenance In Progress,Critical,Condition Monitoring,Low,Traction Distribution,Tripura: Agartala-Dharmanagar,83.0,0.56,147,18,450.0,0,0
OHE Mast,Good,Critical,Maintenance In Progress,Critical,Condition Monitoring,Low,Traction Distribution,Tripura: Agartala-Dharmanagar,83.0,0.56,147,18,450.0,1,0
OHE Mast,Good,Critical,Maintenance In Progress,Critical,Condition Monitoring,Low,Traction Distribution,Tripura: Agartala-Dharmanagar,83.0,0.56,147,18,450.0,2,1
Traction Substation,Fair,Medium,Operational,Critical,Corrective Maintenance,Medium,Traction Distribution,Tripura: Agartala-Dharmanagar,100.0,0.57,116,49,477.0,0,0
Traction Substation,Fair,Medium,Operational,Critical,Corrective Maintenance,Medium,Traction Distribution,Tripura: Agartala-Dharmanagar,100.0,0.57,116,49,477.0,1,1
Traction Substation,Fair,Medium,Operational,Critical,Corrective Maintenance,Medium,Traction Distribution,Tripura: Agartala-Dharmanagar,100.0,0.57,116,49,477.0,2,0
Traction Substation,Fair,Medium,Operational,Medium,Inspection,High,Traction Distribution,Tripura: Agartala-Dharmanagar,46.0,0.58,116,49,504.0,0,0
Traction Substation,Fair,Medium,Operational,Medium,Inspection,High,Traction Distribution,Tripura: Agartala-Dharmanagar,46.0,0.58,116,49,504.0,1,1
Traction Substation,Fair,Medium,Operational,Medium,Inspection,High,Traction Distribution,Tripura: Agartala-Dharmanagar,46.0,0.58,116,49,504.0,2,0
Signal,Poor,High,Operational,Medium,Preventive Maintenance,Low,Signal & Telecommunication,Tripura: Agartala-Dharmanagar,63.0,0.59,84,81,531.0,0,1
Signal,Poor,High,Operational,Medium,Preventive Maintenance,Low,Signal & Telecommunication,Tripura: Agartala-Dharmanagar,63.0,0.59,84,81,531.0,1,0
Signal,Poor,High,Operational,Medium,Preventive Maintenance,Low,Signal & Telecommunication,Tripura: Agartala-Dharmanagar,63.0,0.59,84,81,531.0,2,0
Signal,Poor,High,Operational,Critical,Condition Monitoring,Medium,Signal & Telecommunication,Tripura: Agartala-Dharmanagar,80.0,0.6,84,81,558.0,0,0
Signal,Poor,High,Operational,Critical,Condition Monitoring,Medium,Signal & Telecommunication,Tripura: Agartala-Dharmanagar,80.0,0.6,84,81,558.0,1,1
Signal,Poor,High,Operational,Critical,Condition Monitoring,Medium,Signal & Telecommunication,Tripura: Agartala-Dharmanagar,80.0,0.6,84,81,558.0,2,0
Axle Counter,Critical,High,Under Observation,Critical,Corrective Maintenance,High,Signal & Telecommunication,Tripura: Agartala-Dharmanagar,97.0,0.61,53,21,585.0,0,1
Axle Counter,Critical,High,Under Observation,Critical,Corrective Maintenance,High,Signal & Telecommunication,Tripura: Agartala-Dharmanagar,97.0,0.61,53,21,585.0,1,1
Axle Counter,Critical,High,Under Observation,Critical,Corrective Maintenance,High,Signal & Telecommunication,Tripura: Agartala-Dharmanagar,97.0,0.61,53,21,585.0,2,1
Axle Counter,Critical,High,Under Observation,Medium,Inspection,Low,Signal & Telecommunication,Tripura: Agartala-Dharmanagar,43.0,0.62,53,21,612.0,0,1
Axle Counter,Critical,High,Under Observation,Medium,Inspection,Low,Signal & Telecommunication,Tripura: Agartala-Dharmanagar,43.0,0.62,53,21,612.0,1,0
Axle Counter,Critical,High,Under Observation,Medium,Inspection,Low,Signal & Telecommunication,Tripura: Agartala-Dharmanagar,43.0,0.62,53,21,612.0,2,0
Track,Good,Critical,Maintenance In Progress,Medium,Preventive Maintenance,Medium,Engineering,Tripura: Agartala-Dharmanagar,60.0,0.63,174,52,639.0,0,0
Track,Good,Critical,Maintenance In Progress,Medium,Preventive Maintenance,Medium,Engineering,Tripura: Agartala-Dharmanagar,60.0,0.63,174,52,639.0,1,0
Track,Good,Critical,Maintenance In Progress,Medium,Preventive Maintenance,Medium,Engineering,Tripura: Agartala-Dharmanagar,60.0,0.63,174,52,639.0,2,0
Track,Good,Critical,Maintenance In Progress,Critical,Condition Monitoring,High,Engineering,Tripura: Agartala-Dharmanagar,77.0,0.64,174,52,666.0,0,1
Track,Good,Critical,Maintenance In Progress,Critical,Condition Monitoring,High,Engineering,Tripura: Agartala-Dharmanagar,77.0,0.64,174,52,666.0,1,1
Track,Good,Critical,Maintenance In Progress,Critical,Condition Monitoring,High,Engineering,Tripura: Agartala-Dharmanagar,77.0,0.64,174,52,666.0,2,1
Turnout,Fair,Medium,Operational,Critical,Corrective Maintenance,Low,Engineering,Tripura: Agartala-Dharmanagar,94.0,0.65,142,84,693.0,0,0
Turnout,Fair,Medium,Operational,Critical,Corrective Maintenance,Low,Engineering,Tripura: Agartala-Dharmanagar,94.0,0.65,142,84,693.0,1,0
Turnout,Fair,Medium,Operational,Critical,Corrective Maintenance,Low,Engineering,Tripura: Agartala-Dharmanagar,94.0,0.65,142,84,693.0,2,0
Turnout,Fair,Medium,Operational,Medium,Inspection,Medium,Engineering,Tripura: Agartala-Dharmanagar,40.0,0.66,142,84,384.0,0,0
Turnout,Fair,Medium,Operational,Medium,Inspection,Medium,Engineering,Tripura: Agartala-Dharmanagar,40.0,0.66,142,84,384.0,1,0
Turnout,Fair,Medium,Operational,Medium,Inspection,Medium,Engineering,Tripura: Agartala-Dharmanagar,40.0,0.66,142,84,384.0,2,0
OHE Mast,Poor,High,Operational,Medium,Preventive Maintenance,High,Traction Distribution,Tripura: Agartala-Dharmanagar,57.0,0.67,111,24,411.0,0,1
OHE Mast,Poor,High,Operational,Medium,Preventive Maintenance,High,Traction Distribution,Tripura: Agartala-Dharmanagar,57.0,0.67,111,24,411.0,1,1
OHE Mast,Poor,High,Operational,Medium,Preventive Maintenance,High,Traction Distribution,Tripura: Agartala-Dharmanagar,57.0,0.67,111,24,411.0,2,1
OHE Mast,Poor,High,Operational,Critical,Condition Monitoring,Low,Traction Distribution,Tripura: Agartala-Dharmanagar,74.0,0.68,111,24,438.0,0,1
OHE Mast,Poor,High,Operational,Critical,Condition Monitoring,Low,Traction Distribution,Tripura: Agartala-Dharmanagar,74.0,0.68,111,24,438.0,1,1
OHE Mast,Poor,High,Operational,Critical,Condition Monitoring,Low,Traction Distribution,Tripura: Agartala-Dharmanagar,74.0,0.68,111,24,438.0,2,0
Traction Substation,Critical,High,Under Observation,Critical,Corrective Maintenance,Medium,Traction Distribution,Tripura: Agartala-Dharmanagar,91.0,0.69,79,55,465.0,0,1
Traction Substation,Critical,High,Under Observation,Critical,Corrective Maintenance,Medium,Traction Distribution,Tripura: Agartala-Dharmanagar,91.0,0.69,79,55,465.0,1,0
Traction Substation,Critical,High,Under Observation,Critical,Corrective Maintenance,Medium,Traction Distribution,Tripura: Agartala-Dharmanagar,91.0,0.69,79,55,465.0,2,1
Traction Substation,Critical,High,Under Observation,Medium,Inspection,High,Traction Distribution,Tripura: Agartala-Dharmanagar,37.0,0.7,79,55,492.0,0,1
Traction Substation,Critical,High,Under Observation,Medium,Inspection,High,Traction Distribution,Tripura: Agartala-Dharmanagar,37.0,0.7,79,55,492.0,1,1
Traction Substation,Critical,High,Under Observation,Medium,Inspection,High,Traction Distribution,Tripura: Agartala-Dharmanagar,37.0,0.7,79,55,492.0,2,1
Signal,Good,Critical,Maintenance In Progress,Medium,Preventive Maintenance,Low,Signal & Telecommunication,Tripura: Agartala-Dharmanagar,54.0,0.71,48,87,519.0,0,0
Signal,Good,Critical,Maintenance In Progress,Medium,Preventive Maintenance,Low,Signal & Telecommunication,Tripura: Agartala-Dharmanagar,54.0,0.71,48,87,519.0,1,1
Signal,Good,Critical,Maintenance In Progress,Medium,Preventive Maintenance,Low,Signal & Telecommunication,Tripura: Agartala-Dharmanagar,54.0,0.71,48,87,519.0,2,1
Signal,Good,Critical,Maintenance In Progress,Critical,Condition Monitoring,Medium,Signal & Telecommunication,Tripura: Agartala-Dharmanagar,71.0,0.72,48,87,546.0,0,1
Signal,Good,Critical,Maintenance In Progress,Critical,Condition Monitoring,Medium,Signal & Telecommunication,Tripura: Agartala-Dharmanagar,71.0,0.72,48,87,546.0,1,0
Signal,Good,Critical,Maintenance In Progress,Critical,Condition Monitoring,Medium,Signal & Telecommunication,Tripura: Agartala-Dharmanagar,71.0,0.72,48,87,546.0,2,0
Axle Counter,Fair,Medium,Operational,Critical,Corrective Maintenance,High,Signal & Telecommunication,Tripura: Agartala-Dharmanagar,88.0,0.73,169,2,573.0,0,0
Axle Counter,Fair,Medium,Operational,Critical,Corrective Maintenance,High,Signal & Telecommunication,Tripura: Agartala-Dharmanagar,88.0,0.73,169,2,573.0,1,0
Axle Counter,Fair,Medium,Operational,Critical,Corrective Maintenance,High,Signal & Telecommunication,Tripura: Agartala-Dharmanagar,88.0,0.73,169,2,573.0,2,0
Axle Counter,Fair,Medium,Operational,Medium,Inspection,Low,Signal & Telecommunication,Tripura: Agartala-Dharmanagar,105.0,0.74,169,2,600.0,0,0
Axle Counter,Fair,Medium,Operational,Medium,Inspection,Low,Signal & Telecommunication,Tripura: Agartala-Dharmanagar,105.0,0.74,169,2,600.0,1,1
Axle Counter,Fair,Medium,Operational,Medium,Inspection,Low,Signal & Telecommunication,Tripura: Agartala-Dharmanagar,105.0,0.74,169,2,600.0,2,1
Track,Poor,High,Operational,Medium,Preventive Maintenance,Medium,Engineering,Uttar Pradesh: Lucknow-Varanasi,51.0,0.75,137,33,627.0,0,0
Track,Poor,High,Operational,Medium,Preventive Maintenance,Medium,Engineering,Uttar Pradesh: Lucknow-Varanasi,51.0,0.75,137,33,627.0,1,1
Track,Poor,High,Operational,Medium,Preventive Maintenance,Medium,Engineering,Uttar Pradesh: Lucknow-Varanasi,51.0,0.75,137,33,627.0,2,1
Track,Poor,High,Operational,Critical,Condition Monitoring,High,Engineering,Uttar Pradesh: Lucknow-Varanasi,68.0,0.76,137,33,654.0,0,1
Track,Poor,High,Operational,Critical,Condition Monitoring,High,Engineering,Uttar Pradesh: Lucknow-Varanasi,68.0,0.76,137,33,654.0,1,1
Track,Poor,High,Operational,Critical,Condition Monitoring,High,Engineering,Uttar Pradesh: Lucknow-Varanasi,68.0,0.76,137,33,654.0,2,1
Turnout,Critical,High,Under Observation,Critical,Corrective Maintenance,Low,Engineering,Uttar Pradesh: Lucknow-Varanasi,85.0,0.77,106,65,681.0,0,1
Turnout,Critical,High,Under Observation,Critical,Corrective Maintenance,Low,Engineering,Uttar Pradesh: Lucknow-Varanasi,85.0,0.77,106,65,681.0,1,0
Turnout,Critical,High,Under Observation,Critical,Corrective Maintenance,Low,Engineering,Uttar Pradesh: Lucknow-Varanasi,85.0,0.77,106,65,681.0,2,1
Turnout,Critical,High,Under Observation,Medium,Inspection,Medium,Engineering,Uttar Pradesh: Lucknow-Varanasi,102.0,0.78,106,65,708.0,0,1
Turnout,Critical,High,Under Observation,Medium,Inspection,Medium,Engineering,Uttar Pradesh: Lucknow-Varanasi,102.0,0.78,106,65,708.0,1,1
Turnout,Critical,High,Under Observation,Medium,Inspection,Medium,Engineering,Uttar Pradesh: Lucknow-Varanasi,102.0,0.78,106,65,708.0,2,1
OHE Mast,Good,Critical,Maintenance In Progress,Medium,Preventive Maintenance,High,Traction Distribution,Uttar Pradesh: Lucknow-Varanasi,48.0,0.79,74,5,735.0,0,0
OHE Mast,Good,Critical,Maintenance In Progress,Medium,Preventive Maintenance,High,Traction Distribution,Uttar Pradesh: Lucknow-Varanasi,48.0,0.79,74,5,735.0,1,0
OHE Mast,Good,Critical,Maintenance In Progress,Medium,Preventive Maintenance,High,Traction Distribution,Uttar Pradesh: Lucknow-Varanasi,48.0,0.79,74,5,735.0,2,0
OHE Mast,Good,Critical,Maintenance In Progress,Critical,Condition Monitoring,Low,Traction Distribution,Uttar Pradesh: Lucknow-Varanasi,65.0,0.8,74,5,426.0,0,0
OHE Mast,Good,Critical,Maintenance In Progress,Critical,Condition Monitoring,Low,Traction Distribution,Uttar Pradesh: Lucknow-Varanasi,65.0,0.8,74,5,426.0,1,1
OHE Mast,Good,Critical,Maintenance In Progress,Critical,Condition Monitoring,Low,Traction Distribution,Uttar Pradesh: Lucknow-Varanasi,65.0,0.8,74,5,426.0,2,1
Traction Substation,Fair,Medium,Operational,Critical,Corrective Maintenance,Medium,Traction Distribution,Uttar Pradesh: Lucknow-Varanasi,82.0,0.81,43,36,453.0,0,0
Traction Substation,Fair,Medium,Operational,Critical,Corrective Maintenance,Medium,Traction Distribution,Uttar Pradesh: Lucknow-Varanasi,82.0,0.81,43,36,453.0,1,1
Traction Substation,Fair,Medium,Operational,Critical,Corrective Maintenance,Medium,Traction Distribution,Uttar Pradesh: Lucknow-Varanasi,82.0,0.81,43,36,453.0,2,1
Traction Substation,Fair,Medium,Operational,Medium,Inspection,High,Traction Distribution,Uttar Pradesh: Lucknow-Varanasi,99.0,0.82,43,36,480.0,0,0
Traction Substation,Fair,Medium,Operational,Medium,Inspection,High,Traction Distribution,Uttar Pradesh: Lucknow-Varanasi,99.0,0.82,43,36,480.0,1,0
Traction Substation,Fair,Medium,Operational,Medium,Inspection,High,Traction Distribution,Uttar Pradesh: Lucknow-Varanasi,99.0,0.82,43,36,480.0,2,1
Signal,Poor,High,Operational,Medium,Preventive Maintenance,Low,Signal & Telecommunication,Uttar Pradesh: Lucknow-Varanasi,45.0,0.83,164,68,507.0,0,1
Signal,Poor,High,Operational,Medium,Preventive Maintenance,Low,Signal & Telecommunication,Uttar Pradesh: Lucknow-Varanasi,45.0,0.83,164,68,507.0,1,0
Signal,Poor,High,Operational,Medium,Preventive Maintenance,Low,Signal & Telecommunication,Uttar Pradesh: Lucknow-Varanasi,45.0,0.83,164,68,507.0,2,0
Signal,Poor,High,Operational,Critical,Condition Monitoring,Medium,Signal & Telecommunication,Uttar Pradesh: Lucknow-Varanasi,62.0,0.84,164,68,534.0,0,1
Signal,Poor,High,Operational,Critical,Condition Monitoring,Medium,Signal & Telecommunication,Uttar Pradesh: Lucknow-Varanasi,62.0,0.84,164,68,534.0,1,0
Signal,Poor,High,Operational,Critical,Condition Monitoring,Medium,Signal & Telecommunication,Uttar Pradesh: Lucknow-Varanasi,62.0,0.84,164,68,534.0,2,0
Axle Counter,Critical,High,Under Observation,Critical,Corrective Maintenance,High,Signal & Telecommunication,Uttar Pradesh: Lucknow-Varanasi,79.0,0.85,132,8,561.0,0,0
Axle Counter,Critical,High,Under Observation,Critical,Corrective Maintenance,High,Signal & Telecommunication,Uttar Pradesh: Lucknow-Varanasi,79.0,0.85,132,8,561.0,1,1
Axle Counter,Critical,High,Under Observation,Critical,Corrective Maintenance,High,Signal & Telecommunication,Uttar Pradesh: Lucknow-Varanasi,79.0,0.85,132,8,561.0,2,1
Axle Counter,Critical,High,Under Observation,Medium,Inspection,Low,Signal & Telecommunication,Uttar Pradesh: Lucknow-Varanasi,96.0,0.86,132,8,588.0,0,1
Axle Counter,Critical,High,Under Observation,Medium,Inspection,Low,Signal & Telecommunication,Uttar Pradesh: Lucknow-Varanasi,96.0,0.86,132,8,588.0,1,1
Axle Counter,Critical,High,Under Observation,Medium,Inspection,Low,Signal & Telecommunication,Uttar Pradesh: Lucknow-Varanasi,96.0,0.86,132,8,588.0,2,1
Track,Good,Critical,Maintenance In Progress,Medium,Preventive Maintenance,Medium,Engineering,Uttar Pradesh: Lucknow-Varanasi,42.0,0.87,101,39,615.0,0,1
Track,Good,Critical,Maintenance In Progress,Medium,Preventive Maintenance,Medium,Engineering,Uttar Pradesh: Lucknow-Varanasi,42.0,0.87,101,39,615.0,1,0
Track,Good,Critical,Maintenance In Progress,Medium,Preventive Maintenance,Medium,Engineering,Uttar Pradesh: Lucknow-Varanasi,42.0,0.87,101,39,615.0,2,0
Track,Good,Critical,Maintenance In Progress,Critical,Condition Monitoring,High,Engineering,Uttar Pradesh: Lucknow-Varanasi,59.0,0.88,101,39,642.0,0,1
Track,Good,Critical,Maintenance In Progress,Critical,Condition Monitoring,High,Engineering,Uttar Pradesh: Lucknow-Varanasi,59.0,0.88,101,39,642.0,1,1
Track,Good,Critical,Maintenance In Progress,Critical,Condition Monitoring,High,Engineering,Uttar Pradesh: Lucknow-Varanasi,59.0,0.88,101,39,642.0,2,0
Turnout,Fair,Medium,Operational,Critical,Corrective Maintenance,Low,Engineering,Uttar Pradesh: Lucknow-Varanasi,76.0,0.89,69,71,669.0,0,0
Turnout,Fair,Medium,Operational,Critical,Corrective Maintenance,Low,Engineering,Uttar Pradesh: Lucknow-Varanasi,76.0,0.89,69,71,669.0,1,0
Turnout,Fair,Medium,Operational,Critical,Corrective Maintenance,Low,Engineering,Uttar Pradesh: Lucknow-Varanasi,76.0,0.89,69,71,669.0,2,0
Turnout,Fair,Medium,Operational,Medium,Inspection,Medium,Engineering,Uttar Pradesh: Lucknow-Varanasi,93.0,0.9,69,71,696.0,0,0
Turnout,Fair,Medium,Operational,Medium,Inspection,Medium,Engineering,Uttar Pradesh: Lucknow-Varanasi,93.0,0.9,69,71,696.0,1,1
Turnout,Fair,Medium,Operational,Medium,Inspection,Medium,Engineering,Uttar Pradesh: Lucknow-Varanasi,93.0,0.9,69,71,696.0,2,0
OHE Mast,Poor,High,Operational,Medium,Preventive Maintenance,High,Traction Distribution,Uttar Pradesh: Lucknow-Varanasi,39.0,0.12,38,11,723.0,0,0
OHE Mast,Poor,High,Operational,Medium,Preventive Maintenance,High,Traction Distribution,Uttar Pradesh: Lucknow-Varanasi,39.0,0.12,38,11,723.0,1,0
OHE Mast,Poor,High,Operational,Medium,Preventive Maintenance,High,Traction Distribution,Uttar Pradesh: Lucknow-Varanasi,39.0,0.12,38,11,723.0,2,0
OHE Mast,Poor,High,Operational,Critical,Condition Monitoring,Low,Traction Distribution,Uttar Pradesh: Lucknow-Varanasi,56.0,0.13,38,11,750.0,0,1
OHE Mast,Poor,High,Operational,Critical,Condition Monitoring,Low,Traction Distribution,Uttar Pradesh: Lucknow-Varanasi,56.0,0.13,38,11,750.0,1,1
OHE Mast,Poor,High,Operational,Critical,Condition Monitoring,Low,Traction Distribution,Uttar Pradesh: Lucknow-Varanasi,56.0,0.13,38,11,750.0,2,1
Traction Substation,Critical,High,Under Observation,Critical,Corrective Maintenance,Medium,Traction Distribution,Uttar Pradesh: Lucknow-Varanasi,73.0,0.14,159,42,777.0,0,1
Traction Substation,Critical,High,Under Observation,Critical,Corrective Maintenance,Medium,Traction Distribution,Uttar Pradesh: Lucknow-Varanasi,73.0,0.14,159,42,777.0,1,1
Traction Substation,Critical,High,Under Observation,Critical,Corrective Maintenance,Medium,Traction Distribution,Uttar Pradesh: Lucknow-Varanasi,73.0,0.14,159,42,777.0,2,1
Traction Substation,Critical,High,Under Observation,Medium,Inspection,High,Traction Distribution,Uttar Pradesh: Lucknow-Varanasi,90.0,0.15,159,42,468.0,0,1
Traction Substation,Critical,High,Under Observation,Medium,Inspection,High,Traction Distribution,Uttar Pradesh: Lucknow-Varanasi,90.0,0.15,159,42,468.0,1,1
Traction Substation,Critical,High,Under Observation,Medium,Inspection,High,Traction Distribution,Uttar Pradesh: Lucknow-Varanasi,90.0,0.15,159,42,468.0,2,1
Signal,Good,Critical,Maintenance In Progress,Medium,Preventive Maintenance,Low,Signal & Telecommunication,Uttar Pradesh: Lucknow-Varanasi,36.0,0.16,127,74,495.0,0,0
Signal,Good,Critical,Maintenance In Progress,Medium,Preventive Maintenance,Low,Signal & Telecommunication,Uttar Pradesh: Lucknow-Varanasi,36.0,0.16,127,74,495.0,1,0
Signal,Good,Critical,Maintenance In Progress,Medium,Preventive Maintenance,Low,Signal & Telecommunication,Uttar Pradesh: Lucknow-Varanasi,36.0,0.16,127,74,495.0,2,0
Signal,Good,Critical,Maintenance In Progress,Critical,Condition Monitoring,Medium,Signal & Telecommunication,Uttar Pradesh: Lucknow-Varanasi,53.0,0.17,127,74,522.0,0,0
Signal,Good,Critical,Maintenance In Progress,Critical,Condition Monitoring,Medium,Signal & Telecommunication,Uttar Pradesh: Lucknow-Varanasi,53.0,0.17,127,74,522.0,1,1
Signal,Good,Critical,Maintenance In Progress,Critical,Condition Monitoring,Medium,Signal & Telecommunication,Uttar Pradesh: Lucknow-Varanasi,53.0,0.17,127,74,522.0,2,1
Axle Counter,Fair,Medium,Operational,Critical,Corrective Maintenance,High,Signal & Telecommunication,Uttar Pradesh: Lucknow-Varanasi,70.0,0.18,120,14,549.0,0,1
Axle Counter,Fair,Medium,Operational,Critical,Corrective Maintenance,High,Signal & Telecommunication,Uttar Pradesh: Lucknow-Varanasi,70.0,0.18,120,14,549.0,1,1
Axle Counter,Fair,Medium,Operational,Critical,Corrective Maintenance,High,Signal & Telecommunication,Uttar Pradesh: Lucknow-Varanasi,70.0,0.18,120,14,549.0,2,0
Axle Counter,Fair,Medium,Operational,Medium,Inspection,Low,Signal & Telecommunication,Uttar Pradesh: Lucknow-Varanasi,87.0,0.19,120,14,576.0,0,0
Axle Counter,Fair,Medium,Operational,Medium,Inspection,Low,Signal & Telecommunication,Uttar Pradesh: Lucknow-Varanasi,87.0,0.19,120,14,576.0,1,0
Axle Counter,Fair,Medium,Operational,Medium,Inspection,Low,Signal & Telecommunication,Uttar Pradesh: Lucknow-Varanasi,87.0,0.19,120,14,576.0,2,0
Track,Poor,High,Operational,Medium,Preventive Maintenance,Medium,Engineering,Uttar Pradesh: Lucknow-Varanasi,104.0,0.2,88,45,603.0,0,1
Track,Poor,High,Operational,Medium,Preventive Maintenance,Medium,Engineering,Uttar Pradesh: Lucknow-Varanasi,104.0,0.2,88,45,603.0,1,0
Track,Poor,High,Operational,Medium,Preventive Maintenance,Medium,Engineering,Uttar Pradesh: Lucknow-Varanasi,104.0,0.2,88,45,603.0,2,0
Track,Poor,High,Operational,Critical,Condition Monitoring,High,Engineering,Uttar Pradesh: Lucknow-Varanasi,50.0,0.21,88,45,630.0,0,1
Track,Poor,High,Operational,Critical,Condition Monitoring,High,Engineering,Uttar Pradesh: Lucknow-Varanasi,50.0,0.21,88,45,630.0,1,0
Track,Poor,High,Operational,Critical,Condition Monitoring,High,Engineering,Uttar Pradesh: Lucknow-Varanasi,50.0,0.21,88,45,630.0,2,1
Turnout,Critical,High,Under Observation,Critical,Corrective Maintenance,Low,Engineering,Uttar Pradesh: Lucknow-Varanasi,67.0,0.22,57,77,657.0,0,0
Turnout,Critical,High,Under Observation,Critical,Corrective Maintenance,Low,Engineering,Uttar Pradesh: Lucknow-Varanasi,67.0,0.22,57,77,657.0,1,0
Turnout,Critical,High,Under Observation,Critical,Corrective Maintenance,Low,Engineering,Uttar Pradesh: Lucknow-Varanasi,67.0,0.22,57,77,657.0,2,1
Turnout,Critical,High,Under Observation,Medium,Inspection,Medium,Engineering,Uttar Pradesh: Lucknow-Varanasi,84.0,0.23,57,77,684.0,0,1
Turnout,Critical,High,Under Observation,Medium,Inspection,Medium,Engineering,Uttar Pradesh: Lucknow-Varanasi,84.0,0.23,57,77,684.0,1,0
Turnout,Critical,High,Under Observation,Medium,Inspection,Medium,Engineering,Uttar Pradesh: Lucknow-Varanasi,84.0,0.23,57,77,684.0,2,1
OHE Mast,Good,Critical,Maintenance In Progress,Medium,Preventive Maintenance,High,Traction Distribution,Uttar Pradesh: Lucknow-Varanasi,101.0,0.24,178,17,711.0,0,1
OHE Mast,Good,Critical,Maintenance In Progress,Medium,Preventive Maintenance,High,Traction Distribution,Uttar Pradesh: Lucknow-Varanasi,101.0,0.24,178,17,711.0,1,1
OHE Mast,Good,Critical,Maintenance In Progress,Medium,Preventive Maintenance,High,Traction Distribution,Uttar Pradesh: Lucknow-Varanasi,101.0,0.24,178,17,711.0,2,0
OHE Mast,Good,Critical,Maintenance In Progress,Critical,Condition Monitoring,Low,Traction Distribution,Uttar Pradesh: Lucknow-Varanasi,47.0,0.25,178,17,738.0,0,0
OHE Mast,Good,Critical,Maintenance In Progress,Critical,Condition Monitoring,Low,Traction Distribution,Uttar Pradesh: Lucknow-Varanasi,47.0,0.25,178,17,738.0,1,0
OHE Mast,Good,Critical,Maintenance In Progress,Critical,Condition Monitoring,Low,Traction Distribution,Uttar Pradesh: Lucknow-Varanasi,47.0,0.25,178,17,738.0,2,0
Traction Substation,Fair,Medium,Operational,Critical,Corrective Maintenance,Medium,Traction Distribution,Uttar Pradesh: Lucknow-Varanasi,64.0,0.26,146,48,765.0,0,0
Traction Substation,Fair,Medium,Operational,Critical,Corrective Maintenance,Medium,Traction Distribution,Uttar Pradesh: Lucknow-Varanasi,64.0,0.26,146,48,765.0,1,0
Traction Substation,Fair,Medium,Operational,Critical,Corrective Maintenance,Medium,Traction Distribution,Uttar Pradesh: Lucknow-Varanasi,64.0,0.26,146,48,765.0,2,1
Traction Substation,Fair,Medium,Operational,Medium,Inspection,High,Traction Distribution,Uttar Pradesh: Lucknow-Varanasi,81.0,0.27,146,48,792.0,0,0
Traction Substation,Fair,Medium,Operational,Medium,Inspection,High,Traction Distribution,Uttar Pradesh: Lucknow-Varanasi,81.0,0.27,146,48,792.0,1,0
Traction Substation,Fair,Medium,Operational,Medium,Inspection,High,Traction Distribution,Uttar Pradesh: Lucknow-Varanasi,81.0,0.27,146,48,792.0,2,0
Signal,Poor,High,Operational,Medium,Preventive Maintenance,Low,Signal & Telecommunication,Uttar Pradesh: Lucknow-Varanasi,98.0,0.28,115,80,819.0,0,1
Signal,Poor,High,Operational,Medium,Preventive Maintenance,Low,Signal & Telecommunication,Uttar Pradesh: Lucknow-Varanasi,98.0,0.28,115,80,819.0,1,1
Signal,Poor,High,Operational,Medium,Preventive Maintenance,Low,Signal & Telecommunication,Uttar Pradesh: Lucknow-Varanasi,98.0,0.28,115,80,819.0,2,0
Signal,Poor,High,Operational,Critical,Condition Monitoring,Medium,Signal & Telecommunication,Uttar Pradesh: Lucknow-Varanasi,44.0,0.29,115,80,510.0,0,1
Signal,Poor,High,Operational,Critical,Condition Monitoring,Medium,Signal & Telecommunication,Uttar Pradesh: Lucknow-Varanasi,44.0,0.29,115,80,510.0,1,0
Signal,Poor,High,Operational,Critical,Condition Monitoring,Medium,Signal & Telecommunication,Uttar Pradesh: Lucknow-Varanasi,44.0,0.29,115,80,510.0,2,1
Axle Counter,Critical,High,Under Observation,Critical,Corrective Maintenance,High,Signal & Telecommunication,Uttar Pradesh: Lucknow-Varanasi,61.0,0.3,83,20,537.0,0,1
Axle Counter,Critical,High,Under Observation,Critical,Corrective Maintenance,High,Signal & Telecommunication,Uttar Pradesh: Lucknow-Varanasi,61.0,0.3,83,20,537.0,1,0
Axle Counter,Critical,High,Under Observation,Critical,Corrective Maintenance,High,Signal & Telecommunication,Uttar Pradesh: Lucknow-Varanasi,61.0,0.3,83,20,537.0,2,1
Axle Counter,Critical,High,Under Observation,Medium,Inspection,Low,Signal & Telecommunication,Uttar Pradesh: Lucknow-Varanasi,78.0,0.31,83,20,564.0,0,1
Axle Counter,Critical,High,Under Observation,Medium,Inspection,Low,Signal & Telecommunication,Uttar Pradesh: Lucknow-Varanasi,78.0,0.31,83,20,564.0,1,1
Axle Counter,Critical,High,Under Observation,Medium,Inspection,Low,Signal & Telecommunication,Uttar Pradesh: Lucknow-Varanasi,78.0,0.31,83,20,564.0,2,1
Track,Good,Critical,Maintenance In Progress,Medium,Preventive Maintenance,Medium,Engineering,Uttar Pradesh: Lucknow-Varanasi,95.0,0.32,52,51,591.0,0,0
Track,Good,Critical,Maintenance In Progress,Medium,Preventive Maintenance,Medium,Engineering,Uttar Pradesh: Lucknow-Varanasi,95.0,0.32,52,51,591.0,1,1
Track,Good,Critical,Maintenance In Progress,Medium,Preventive Maintenance,Medium,Engineering,Uttar Pradesh: Lucknow-Varanasi,95.0,0.32,52,51,591.0,2,0
Track,Good,Critical,Maintenance In Progress,Critical,Condition Monitoring,High,Engineering,Uttar Pradesh: Lucknow-Varanasi,41.0,0.33,52,51,618.0,0,0
Track,Good,Critical,Maintenance In Progress,Critical,Condition Monitoring,High,Engineering,Uttar Pradesh: Lucknow-Varanasi,41.0,0.33,52,51,618.0,1,0
Track,Good,Critical,Maintenance In Progress,Critical,Condition Monitoring,High,Engineering,Uttar Pradesh: Lucknow-Varanasi,41.0,0.33,52,51,618.0,2,0
Turnout,Fair,Medium,Operational,Critical,Corrective Maintenance,Low,Engineering,Uttar Pradesh: Lucknow-Varanasi,58.0,0.34,173,83,645.0,0,0
Turnout,Fair,Medium,Operational,Critical,Corrective Maintenance,Low,Engineering,Uttar Pradesh: Lucknow-Varanasi,58.0,0.34,173,83,645.0,1,1
Turnout,Fair,Medium,Operational,Critical,Corrective Maintenance,Low,Engineering,Uttar Pradesh: Lucknow-Varanasi,58.0,0.34,173,83,645.0,2,0
Turnout,Fair,Medium,Operational,Medium,Inspection,Medium,Engineering,Uttar Pradesh: Lucknow-Varanasi,75.0,0.35,173,83,672.0,0,0
Turnout,Fair,Medium,Operational,Medium,Inspection,Medium,Engineering,Uttar Pradesh: Lucknow-Varanasi,75.0,0.35,173,83,672.0,1,0
Turnout,Fair,Medium,Operational,Medium,Inspection,Medium,Engineering,Uttar Pradesh: Lucknow-Varanasi,75.0,0.35,173,83,672.0,2,0
OHE Mast,Poor,High,Operational,Medium,Preventive Maintenance,High,Traction Distribution,Uttar Pradesh: Lucknow-Varanasi,92.0,0.36,141,23,699.0,0,1
OHE Mast,Poor,High,Operational,Medium,Preventive Maintenance,High,Traction Distribution,Uttar Pradesh: Lucknow-Varanasi,92.0,0.36,141,23,699.0,1,1
OHE Mast,Poor,High,Operational,Medium,Preventive Maintenance,High,Traction Distribution,Uttar Pradesh: Lucknow-Varanasi,92.0,0.36,141,23,699.0,2,1
OHE Mast,Poor,High,Operational,Critical,Condition Monitoring,Low,Traction Distribution,Uttar Pradesh: Lucknow-Varanasi,38.0,0.37,141,23,726.0,0,1
OHE Mast,Poor,High,Operational,Critical,Condition Monitoring,Low,Traction Distribution,Uttar Pradesh: Lucknow-Varanasi,38.0,0.37,141,23,726.0,1,1
OHE Mast,Poor,High,Operational,Critical,Condition Monitoring,Low,Traction Distribution,Uttar Pradesh: Lucknow-Varanasi,38.0,0.37,141,23,726.0,2,1
Traction Substation,Critical,High,Under Observation,Critical,Corrective Maintenance,Medium,Traction Distribution,Uttar Pradesh: Lucknow-Varanasi,55.0,0.38,110,54,753.0,0,1
Traction Substation,Critical,High,Under Observation,Critical,Corrective Maintenance,Medium,Traction Distribution,Uttar Pradesh: Lucknow-Varanasi,55.0,0.38,110,54,753.0,1,0
Traction Substation,Critical,High,Under Observation,Critical,Corrective Maintenance,Medium,Traction Distribution,Uttar Pradesh: Lucknow-Varanasi,55.0,0.38,110,54,753.0,2,1
Traction Substation,Critical,High,Under Observation,Medium,Inspection,High,Traction Distribution,Uttar Pradesh: Lucknow-Varanasi,72.0,0.39,110,54,780.0,0,0
Traction Substation,Critical,High,Under Observation,Medium,Inspection,High,Traction Distribution,Uttar Pradesh: Lucknow-Varanasi,72.0,0.39,110,54,780.0,1,0
Traction Substation,Critical,High,Under Observation,Medium,Inspection,High,Traction Distribution,Uttar Pradesh: Lucknow-Varanasi,72.0,0.39,110,54,780.0,2,1
Signal,Good,Critical,Maintenance In Progress,Medium,Preventive Maintenance,Low,Signal & Telecommunication,Uttar Pradesh: Lucknow-Varanasi,89.0,0.4,78,86,807.0,0,0
Signal,Good,Critical,Maintenance In Progress,Medium,Preventive Maintenance,Low,Signal & Telecommunication,Uttar Pradesh: Lucknow-Varanasi,89.0,0.4,78,86,807.0,1,0
Signal,Good,Critical,Maintenance In Progress,Medium,Preventive Maintenance,Low,Signal & Telecommunication,Uttar Pradesh: Lucknow-Varanasi,89.0,0.4,78,86,807.0,2,0
Signal,Good,Critical,Maintenance In Progress,Critical,Condition Monitoring,Medium,Signal & Telecommunication,Uttar Pradesh: Lucknow-Varanasi,35.0,0.41,78,86,834.0,0,1
Signal,Good,Critical,Maintenance In Progress,Critical,Condition Monitoring,Medium,Signal & Telecommunication,Uttar Pradesh: Lucknow-Varanasi,35.0,0.41,78,86,834.0,1,1
Signal,Good,Critical,Maintenance In Progress,Critical,Condition Monitoring,Medium,Signal & Telecommunication,Uttar Pradesh: Lucknow-Varanasi,35.0,0.41,78,86,834.0,2,0
Axle Counter,Fair,Medium,Operational,Critical,Corrective Maintenance,High,Signal & Telecommunication,Uttar Pradesh: Lucknow-Varanasi,52.0,0.42,47,26,861.0,0,0
Axle Counter,Fair,Medium,Operational,Critical,Corrective Maintenance,High,Signal & Telecommunication,Uttar Pradesh: Lucknow-Varanasi,52.0,0.42,47,26,861.0,1,1
Axle Counter,Fair,Medium,Operational,Critical,Corrective Maintenance,High,Signal & Telecommunication,Uttar Pradesh: Lucknow-Varanasi,52.0,0.42,47,26,861.0,2,0
Axle Counter,Fair,Medium,Operational,Medium,Inspection,Low,Signal & Telecommunication,Uttar Pradesh: Lucknow-Varanasi,69.0,0.43,47,26,48.0,0,1
Axle Counter,Fair,Medium,Operational,Medium,Inspection,Low,Signal & Telecommunication,Uttar Pradesh: Lucknow-Varanasi,69.0,0.43,47,26,48.0,1,0
Axle Counter,Fair,Medium,Operational,Medium,Inspection,Low,Signal & Telecommunication,Uttar Pradesh: Lucknow-Varanasi,69.0,0.43,47,26,48.0,2,1
Track,Poor,High,Operational,Medium,Preventive Maintenance,Medium,Engineering,Uttar Pradesh: Lucknow-Varanasi,86.0,0.44,168,32,75.0,0,0
Track,Poor,High,Operational,Medium,Preventive Maintenance,Medium,Engineering,Uttar Pradesh: Lucknow-Varanasi,86.0,0.44,168,32,75.0,1,1
Track,Poor,High,Operational,Medium,Preventive Maintenance,Medium,Engineering,Uttar Pradesh: Lucknow-Varanasi,86.0,0.44,168,32,75.0,2,0
Track,Poor,High,Operational,Critical,Condition Monitoring,High,Engineering,Uttar Pradesh: Lucknow-Varanasi,103.0,0.45,168,32,102.0,0,1
Track,Poor,High,Operational,Critical,Condition Monitoring,High,Engineering,Uttar Pradesh: Lucknow-Varanasi,103.0,0.45,168,32,102.0,1,1
Track,Poor,High,Operational,Critical,Condition Monitoring,High,Engineering,Uttar Pradesh: Lucknow-Varanasi,103.0,0.45,168,32,102.0,2,1
Turnout,Critical,High,Under Observation,Critical,Corrective Maintenance,Low,Engineering,Uttar Pradesh: Lucknow-Varanasi,49.0,0.46,136,64,129.0,0,1
Turnout,Critical,High,Under Observation,Critical,Corrective Maintenance,Low,Engineering,Uttar Pradesh: Lucknow-Varanasi,49.0,0.46,136,64,129.0,1,0
Turnout,Critical,High,Under Observation,Critical,Corrective Maintenance,Low,Engineering,Uttar Pradesh: Lucknow-Varanasi,49.0,0.46,136,64,129.0,2,0
Turnout,Critical,High,Under Observation,Medium,Inspection,Medium,Engineering,Uttar Pradesh: Lucknow-Varanasi,66.0,0.47,136,64,156.0,0,0
Turnout,Critical,High,Under Observation,Medium,Inspection,Medium,Engineering,Uttar Pradesh: Lucknow-Varanasi,66.0,0.47,136,64,156.0,1,0
Turnout,Critical,High,Under Observation,Medium,Inspection,Medium,Engineering,Uttar Pradesh: Lucknow-Varanasi,66.0,0.47,136,64,156.0,2,0
OHE Mast,Good,Critical,Maintenance In Progress,Medium,Preventive Maintenance,High,Traction Distribution,Uttar Pradesh: Lucknow-Varanasi,83.0,0.48,105,4,183.0,0,0
OHE Mast,Good,Critical,Maintenance In Progress,Medium,Preventive Maintenance,High,Traction Distribution,Uttar Pradesh: Lucknow-Varanasi,83.0,0.48,105,4,183.0,1,0
OHE Mast,Good,Critical,Maintenance In Progress,Medium,Preventive Maintenance,High,Traction Distribution,Uttar Pradesh: Lucknow-Varanasi,83.0,0.48,105,4,183.0,2,0
OHE Mast,Good,Critical,Maintenance In Progress,Critical,Condition Monitoring,Low,Traction Distribution,Uttar Pradesh: Lucknow-Varanasi,100.0,0.49,105,4,210.0,0,1
OHE Mast,Good,Critical,Maintenance In Progress,Critical,Condition Monitoring,Low,Traction Distribution,Uttar Pradesh: Lucknow-Varanasi,100.0,0.49,105,4,210.0,1,1
OHE Mast,Good,Critical,Maintenance In Progress,Critical,Condition Monitoring,Low,Traction Distribution,Uttar Pradesh: Lucknow-Varanasi,100.0,0.49,105,4,210.0,2,1
Traction Substation,Fair,Medium,Operational,Critical,Corrective Maintenance,Medium,Traction Distribution,Uttar Pradesh: Lucknow-Varanasi,46.0,0.5,73,35,237.0,0,1
Traction Substation,Fair,Medium,Operational,Critical,Corrective Maintenance,Medium,Traction Distribution,Uttar Pradesh: Lucknow-Varanasi,46.0,0.5,73,35,237.0,1,0
Traction Substation,Fair,Medium,Operational,Critical,Corrective Maintenance,Medium,Traction Distribution,Uttar Pradesh: Lucknow-Varanasi,46.0,0.5,73,35,237.0,2,0
Traction Substation,Fair,Medium,Operational,Medium,Inspection,High,Traction Distribution,Uttar Pradesh: Lucknow-Varanasi,63.0,0.51,73,35,264.0,0,0
Traction Substation,Fair,Medium,Operational,Medium,Inspection,High,Traction Distribution,Uttar Pradesh: Lucknow-Varanasi,63.0,0.51,73,35,264.0,1,1
Traction Substation,Fair,Medium,Operational,Medium,Inspection,High,Traction Distribution,Uttar Pradesh: Lucknow-Varanasi,63.0,0.51,73,35,264.0,2,0
Signal,Poor,High,Operational,Medium,Preventive Maintenance,Low,Signal & Telecommunication,Uttar Pradesh: Lucknow-Varanasi,80.0,0.52,42,67,291.0,0,0
Signal,Poor,High,Operational,Medium,Preventive Maintenance,Low,Signal & Telecommunication,Uttar Pradesh: Lucknow-Varanasi,80.0,0.52,42,67,291.0,1,0
Signal,Poor,High,Operational,Medium,Preventive Maintenance,Low,Signal & Telecommunication,Uttar Pradesh: Lucknow-Varanasi,80.0,0.52,42,67,291.0,2,1
Signal,Poor,High,Operational,Critical,Condition Monitoring,Medium,Signal & Telecommunication,Uttar Pradesh: Lucknow-Varanasi,97.0,0.53,42,67,318.0,0,1
Signal,Poor,High,Operational,Critical,Condition Monitoring,Medium,Signal & Telecommunication,Uttar Pradesh: Lucknow-Varanasi,97.0,0.53,42,67,318.0,1,0
Signal,Poor,High,Operational,Critical,Condition Monitoring,Medium,Signal & Telecommunication,Uttar Pradesh: Lucknow-Varanasi,97.0,0.53,42,67,318.0,2,1
Axle Counter,Critical,High,Under Observation,Critical,Corrective Maintenance,High,Signal & Telecommunication,Uttar Pradesh: Lucknow-Varanasi,43.0,0.54,163,7,345.0,0,1
Axle Counter,Critical,High,Under Observation,Critical,Corrective Maintenance,High,Signal & Telecommunication,Uttar Pradesh: Lucknow-Varanasi,43.0,0.54,163,7,345.0,1,1
Axle Counter,Critical,High,Under Observation,Critical,Corrective Maintenance,High,Signal & Telecommunication,Uttar Pradesh: Lucknow-Varanasi,43.0,0.54,163,7,345.0,2,1
Axle Counter,Critical,High,Under Observation,Medium,Inspection,Low,Signal & Telecommunication,Uttar Pradesh: Lucknow-Varanasi,60.0,0.55,163,7,372.0,0,0
Axle Counter,Critical,High,Under Observation,Medium,Inspection,Low,Signal & Telecommunication,Uttar Pradesh: Lucknow-Varanasi,60.0,0.55,163,7,372.0,1,1
Axle Counter,Critical,High,Under Observation,Medium,Inspection,Low,Signal & Telecommunication,Uttar Pradesh: Lucknow-Varanasi,60.0,0.55,163,7,372.0,2,1
Track,Good,Critical,Maintenance In Progress,Medium,Preventive Maintenance,Medium,Engineering,Uttar Pradesh: Lucknow-Varanasi,77.0,0.56,131,38,399.0,0,0
Track,Good,Critical,Maintenance In Progress,Medium,Preventive Maintenance,Medium,Engineering,Uttar Pradesh: Lucknow-Varanasi,77.0,0.56,131,38,399.0,1,0
Track,Good,Critical,Maintenance In Progress,Medium,Preventive Maintenance,Medium,Engineering,Uttar Pradesh: Lucknow-Varanasi,77.0,0.56,131,38,399.0,2,1
Track,Good,Critical,Maintenance In Progress,Critical,Condition Monitoring,High,Engineering,Uttar Pradesh: Lucknow-Varanasi,94.0,0.57,131,38,90.0,0,0
Track,Good,Critical,Maintenance In Progress,Critical,Condition Monitoring,High,Engineering,Uttar Pradesh: Lucknow-Varanasi,94.0,0.57,131,38,90.0,1,1
Track,Good,Critical,Maintenance In Progress,Critical,Condition Monitoring,High,Engineering,Uttar Pradesh: Lucknow-Varanasi,94.0,0.57,131,38,90.0,2,0
Turnout,Fair,Medium,Operational,Critical,Corrective Maintenance,Low,Engineering,Uttar Pradesh: Lucknow-Varanasi,40.0,0.58,100,70,117.0,0,0
Turnout,Fair,Medium,Operational,Critical,Corrective Maintenance,Low,Engineering,Uttar Pradesh: Lucknow-Varanasi,40.0,0.58,100,70,117.0,1,1
Turnout,Fair,Medium,Operational,Critical,Corrective Maintenance,Low,Engineering,Uttar Pradesh: Lucknow-Varanasi,40.0,0.58,100,70,117.0,2,0
Turnout,Fair,Medium,Operational,Medium,Inspection,Medium,Engineering,Uttar Pradesh: Lucknow-Varanasi,57.0,0.59,100,70,144.0,0,0
Turnout,Fair,Medium,Operational,Medium,Inspection,Medium,Engineering,Uttar Pradesh: Lucknow-Varanasi,57.0,0.59,100,70,144.0,1,1
Turnout,Fair,Medium,Operational,Medium,Inspection,Medium,Engineering,Uttar Pradesh: Lucknow-Varanasi,57.0,0.59,100,70,144.0,2,0
OHE Mast,Poor,High,Operational,Medium,Preventive Maintenance,High,Traction Distribution,Uttar Pradesh: Lucknow-Varanasi,74.0,0.6,68,10,171.0,0,1
OHE Mast,Poor,High,Operational,Medium,Preventive Maintenance,High,Traction Distribution,Uttar Pradesh: Lucknow-Varanasi,74.0,0.6,68,10,171.0,1,1
OHE Mast,Poor,High,Operational,Medium,Preventive Maintenance,High,Traction Distribution,Uttar Pradesh: Lucknow-Varanasi,74.0,0.6,68,10,171.0,2,1
OHE Mast,Poor,High,Operational,Critical,Condition Monitoring,Low,Traction Distribution,Uttar Pradesh: Lucknow-Varanasi,91.0,0.61,68,10,198.0,0,1
OHE Mast,Poor,High,Operational,Critical,Condition Monitoring,Low,Traction Distribution,Uttar Pradesh: Lucknow-Varanasi,91.0,0.61,68,10,198.0,1,1
OHE Mast,Poor,High,Operational,Critical,Condition Monitoring,Low,Traction Distribution,Uttar Pradesh: Lucknow-Varanasi,91.0,0.61,68,10,198.0,2,0
Traction Substation,Critical,High,Under Observation,Critical,Corrective Maintenance,Medium,Traction Distribution,Uttar Pradesh: Lucknow-Varanasi,37.0,0.62,37,41,225.0,0,1
Traction Substation,Critical,High,Under Observation,Critical,Corrective Maintenance,Medium,Traction Distribution,Uttar Pradesh: Lucknow-Varanasi,37.0,0.62,37,41,225.0,1,1
Traction Substation,Critical,High,Under Observation,Critical,Corrective Maintenance,Medium,Traction Distribution,Uttar Pradesh: Lucknow-Varanasi,37.0,0.62,37,41,225.0,2,1
Traction Substation,Critical,High,Under Observation,Medium,Inspection,High,Traction Distribution,Uttar Pradesh: Lucknow-Varanasi,54.0,0.63,37,41,252.0,0,0
Traction Substation,Critical,High,Under Observation,Medium,Inspection,High,Traction Distribution,Uttar Pradesh: Lucknow-Varanasi,54.0,0.63,37,41,252.0,1,1
Traction Substation,Critical,High,Under Observation,Medium,Inspection,High,Traction Distribution,Uttar Pradesh: Lucknow-Varanasi,54.0,0.63,37,41,252.0,2,1
Signal,Good,Critical,Maintenance In Progress,Medium,Preventive Maintenance,Low,Signal & Telecommunication,Uttar Pradesh: Lucknow-Varanasi,71.0,0.64,158,73,279.0,0,0
Signal,Good,Critical,Maintenance In Progress,Medium,Preventive Maintenance,Low,Signal & Telecommunication,Uttar Pradesh: Lucknow-Varanasi,71.0,0.64,158,73,279.0,1,1
Signal,Good,Critical,Maintenance In Progress,Medium,Preventive Maintenance,Low,Signal & Telecommunication,Uttar Pradesh: Lucknow-Varanasi,71.0,0.64,158,73,279.0,2,0
Signal,Good,Critical,Maintenance In Progress,Critical,Condition Monitoring,Medium,Signal & Telecommunication,Uttar Pradesh: Lucknow-Varanasi,88.0,0.65,158,73,306.0,0,1
Signal,Good,Critical,Maintenance In Progress,Critical,Condition Monitoring,Medium,Signal & Telecommunication,Uttar Pradesh: Lucknow-Varanasi,88.0,0.65,158,73,306.0,1,1
Signal,Good,Critical,Maintenance In Progress,Critical,Condition Monitoring,Medium,Signal & Telecommunication,Uttar Pradesh: Lucknow-Varanasi,88.0,0.65,158,73,306.0,2,0
Axle Counter,Fair,Medium,Operational,Critical,Corrective Maintenance,High,Signal & Telecommunication,Uttar Pradesh: Lucknow-Varanasi,105.0,0.66,150,13,333.0,0,0
Axle Counter,Fair,Medium,Operational,Critical,Corrective Maintenance,High,Signal & Telecommunication,Uttar Pradesh: Lucknow-Varanasi,105.0,0.66,150,13,333.0,1,0
Axle Counter,Fair,Medium,Operational,Critical,Corrective Maintenance,High,Signal & Telecommunication,Uttar Pradesh: Lucknow-Varanasi,105.0,0.66,150,13,333.0,2,1
Axle Counter,Fair,Medium,Operational,Medium,Inspection,Low,Signal & Telecommunication,Uttar Pradesh: Lucknow-Varanasi,51.0,0.67,150,13,360.0,0,0
Axle Counter,Fair,Medium,Operational,Medium,Inspection,Low,Signal & Telecommunication,Uttar Pradesh: Lucknow-Varanasi,51.0,0.67,150,13,360.0,1,1
Axle Counter,Fair,Medium,Operational,Medium,Inspection,Low,Signal & Telecommunication,Uttar Pradesh: Lucknow-Varanasi,51.0,0.67,150,13,360.0,2,0
Track,Poor,High,Operational,Medium,Preventive Maintenance,Medium,Engineering,Uttarakhand: Dehradun-Haridwar,68.0,0.68,119,44,387.0,0,0
Track,Poor,High,Operational,Medium,Preventive Maintenance,Medium,Engineering,Uttarakhand: Dehradun-Haridwar,68.0,0.68,119,44,387.0,1,0
Track,Poor,High,Operational,Medium,Preventive Maintenance,Medium,Engineering,Uttarakhand: Dehradun-Haridwar,68.0,0.68,119,44,387.0,2,1
Track,Poor,High,Operational,Critical,Condition Monitoring,High,Engineering,Uttarakhand: Dehradun-Haridwar,85.0,0.69,119,44,414.0,0,0
Track,Poor,High,Operational,Critical,Condition Monitoring,High,Engineering,Uttarakhand: Dehradun-Haridwar,85.0,0.69,119,44,414.0,1,1
Track,Poor,High,Operational,Critical,Condition Monitoring,High,Engineering,Uttarakhand: Dehradun-Haridwar,85.0,0.69,119,44,414.0,2,1
Turnout,Critical,High,Under Observation,Critical,Corrective Maintenance,Low,Engineering,Uttarakhand: Dehradun-Haridwar,102.0,0.7,87,76,441.0,0,1
Turnout,Critical,High,Under Observation,Critical,Corrective Maintenance,Low,Engineering,Uttarakhand: Dehradun-Haridwar,102.0,0.7,87,76,441.0,1,1
Turnout,Critical,High,Under Observation,Critical,Corrective Maintenance,Low,Engineering,Uttarakhand: Dehradun-Haridwar,102.0,0.7,87,76,441.0,2,1
Turnout,Critical,High,Under Observation,Medium,Inspection,Medium,Engineering,Uttarakhand: Dehradun-Haridwar,48.0,0.71,87,76,132.0,0,0
Turnout,Critical,High,Under Observation,Medium,Inspection,Medium,Engineering,Uttarakhand: Dehradun-Haridwar,48.0,0.71,87,76,132.0,1,0
Turnout,Critical,High,Under Observation,Medium,Inspection,Medium,Engineering,Uttarakhand: Dehradun-Haridwar,48.0,0.71,87,76,132.0,2,1
OHE Mast,Good,Critical,Maintenance In Progress,Medium,Preventive Maintenance,High,Traction Distribution,Uttarakhand: Dehradun-Haridwar,65.0,0.72,56,16,159.0,0,0
OHE Mast,Good,Critical,Maintenance In Progress,Medium,Preventive Maintenance,High,Traction Distribution,Uttarakhand: Dehradun-Haridwar,65.0,0.72,56,16,159.0,1,0
OHE Mast,Good,Critical,Maintenance In Progress,Medium,Preventive Maintenance,High,Traction Distribution,Uttarakhand: Dehradun-Haridwar,65.0,0.72,56,16,159.0,2,1
OHE Mast,Good,Critical,Maintenance In Progress,Critical,Condition Monitoring,Low,Traction Distribution,Uttarakhand: Dehradun-Haridwar,82.0,0.73,56,16,186.0,0,0
OHE Mast,Good,Critical,Maintenance In Progress,Critical,Condition Monitoring,Low,Traction Distribution,Uttarakhand: Dehradun-Haridwar,82.0,0.73,56,16,186.0,1,0
OHE Mast,Good,Critical,Maintenance In Progress,Critical,Condition Monitoring,Low,Traction Distribution,Uttarakhand: Dehradun-Haridwar,82.0,0.73,56,16,186.0,2,1
Traction Substation,Fair,Medium,Operational,Critical,Corrective Maintenance,Medium,Traction Distribution,Uttarakhand: Dehradun-Haridwar,99.0,0.74,177,47,213.0,0,0
Traction Substation,Fair,Medium,Operational,Critical,Corrective Maintenance,Medium,Traction Distribution,Uttarakhand: Dehradun-Haridwar,99.0,0.74,177,47,213.0,1,0
Traction Substation,Fair,Medium,Operational,Critical,Corrective Maintenance,Medium,Traction Distribution,Uttarakhand: Dehradun-Haridwar,99.0,0.74,177,47,213.0,2,0
Traction Substation,Fair,Medium,Operational,Medium,Inspection,High,Traction Distribution,Uttarakhand: Dehradun-Haridwar,45.0,0.75,177,47,240.0,0,0
Traction Substation,Fair,Medium,Operational,Medium,Inspection,High,Traction Distribution,Uttarakhand: Dehradun-Haridwar,45.0,0.75,177,47,240.0,1,1
Traction Substation,Fair,Medium,Operational,Medium,Inspection,High,Traction Distribution,Uttarakhand: Dehradun-Haridwar,45.0,0.75,177,47,240.0,2,1
Signal,Poor,High,Operational,Medium,Preventive Maintenance,Low,Signal & Telecommunication,Uttarakhand: Dehradun-Haridwar,62.0,0.76,145,79,267.0,0,1
Signal,Poor,High,Operational,Medium,Preventive Maintenance,Low,Signal & Telecommunication,Uttarakhand: Dehradun-Haridwar,62.0,0.76,145,79,267.0,1,0
Signal,Poor,High,Operational,Medium,Preventive Maintenance,Low,Signal & Telecommunication,Uttarakhand: Dehradun-Haridwar,62.0,0.76,145,79,267.0,2,1
Signal,Poor,High,Operational,Critical,Condition Monitoring,Medium,Signal & Telecommunication,Uttarakhand: Dehradun-Haridwar,79.0,0.77,145,79,294.0,0,1
Signal,Poor,High,Operational,Critical,Condition Monitoring,Medium,Signal & Telecommunication,Uttarakhand: Dehradun-Haridwar,79.0,0.77,145,79,294.0,1,1
Signal,Poor,High,Operational,Critical,Condition Monitoring,Medium,Signal & Telecommunication,Uttarakhand: Dehradun-Haridwar,79.0,0.77,145,79,294.0,2,1
Axle Counter,Critical,High,Under Observation,Critical,Corrective Maintenance,High,Signal & Telecommunication,Uttarakhand: Dehradun-Haridwar,96.0,0.78,114,19,321.0,0,1
Axle Counter,Critical,High,Under Observation,Critical,Corrective Maintenance,High,Signal & Telecommunication,Uttarakhand: Dehradun-Haridwar,96.0,0.78,114,19,321.0,1,1
Axle Counter,Critical,High,Under Observation,Critical,Corrective Maintenance,High,Signal & Telecommunication,Uttarakhand: Dehradun-Haridwar,96.0,0.78,114,19,321.0,2,1
Axle Counter,Critical,High,Under Observation,Medium,Inspection,Low,Signal & Telecommunication,Uttarakhand: Dehradun-Haridwar,42.0,0.79,114,19,348.0,0,0
Axle Counter,Critical,High,Under Observation,Medium,Inspection,Low,Signal & Telecommunication,Uttarakhand: Dehradun-Haridwar,42.0,0.79,114,19,348.0,1,0
Axle Counter,Critical,High,Under Observation,Medium,Inspection,Low,Signal & Telecommunication,Uttarakhand: Dehradun-Haridwar,42.0,0.79,114,19,348.0,2,0
Track,Good,Critical,Maintenance In Progress,Medium,Preventive Maintenance,Medium,Engineering,Uttarakhand: Dehradun-Haridwar,59.0,0.8,82,50,375.0,0,1
Track,Good,Critical,Maintenance In Progress,Medium,Preventive Maintenance,Medium,Engineering,Uttarakhand: Dehradun-Haridwar,59.0,0.8,82,50,375.0,1,1
Track,Good,Critical,Maintenance In Progress,Medium,Preventive Maintenance,Medium,Engineering,Uttarakhand: Dehradun-Haridwar,59.0,0.8,82,50,375.0,2,0
Track,Good,Critical,Maintenance In Progress,Critical,Condition Monitoring,High,Engineering,Uttarakhand: Dehradun-Haridwar,76.0,0.81,82,50,402.0,0,1
Track,Good,Critical,Maintenance In Progress,Critical,Condition Monitoring,High,Engineering,Uttarakhand: Dehradun-Haridwar,76.0,0.81,82,50,402.0,1,1
Track,Good,Critical,Maintenance In Progress,Critical,Condition Monitoring,High,Engineering,Uttarakhand: Dehradun-Haridwar,76.0,0.81,82,50,402.0,2,0
Turnout,Fair,Medium,Operational,Critical,Corrective Maintenance,Low,Engineering,Uttarakhand: Dehradun-Haridwar,93.0,0.82,51,82,429.0,0,1
Turnout,Fair,Medium,Operational,Critical,Corrective Maintenance,Low,Engineering,Uttarakhand: Dehradun-Haridwar,93.0,0.82,51,82,429.0,1,1
Turnout,Fair,Medium,Operational,Critical,Corrective Maintenance,Low,Engineering,Uttarakhand: Dehradun-Haridwar,93.0,0.82,51,82,429.0,2,0
Turnout,Fair,Medium,Operational,Medium,Inspection,Medium,Engineering,Uttarakhand: Dehradun-Haridwar,39.0,0.83,51,82,456.0,0,0
Turnout,Fair,Medium,Operational,Medium,Inspection,Medium,Engineering,Uttarakhand: Dehradun-Haridwar,39.0,0.83,51,82,456.0,1,0
Turnout,Fair,Medium,Operational,Medium,Inspection,Medium,Engineering,Uttarakhand: Dehradun-Haridwar,39.0,0.83,51,82,456.0,2,0
OHE Mast,Poor,High,Operational,Medium,Preventive Maintenance,High,Traction Distribution,Uttarakhand: Dehradun-Haridwar,56.0,0.84,172,22,483.0,0,1
OHE Mast,Poor,High,Operational,Medium,Preventive Maintenance,High,Traction Distribution,Uttarakhand: Dehradun-Haridwar,56.0,0.84,172,22,483.0,1,1
OHE Mast,Poor,High,Operational,Medium,Preventive Maintenance,High,Traction Distribution,Uttarakhand: Dehradun-Haridwar,56.0,0.84,172,22,483.0,2,1
OHE Mast,Poor,High,Operational,Critical,Condition Monitoring,Low,Traction Distribution,Uttarakhand: Dehradun-Haridwar,73.0,0.85,172,22,174.0,0,1
OHE Mast,Poor,High,Operational,Critical,Condition Monitoring,Low,Traction Distribution,Uttarakhand: Dehradun-Haridwar,73.0,0.85,172,22,174.0,1,0
OHE Mast,Poor,High,Operational,Critical,Condition Monitoring,Low,Traction Distribution,Uttarakhand: Dehradun-Haridwar,73.0,0.85,172,22,174.0,2,1
Traction Substation,Critical,High,Under Observation,Critical,Corrective Maintenance,Medium,Traction Distribution,Uttarakhand: Dehradun-Haridwar,90.0,0.86,140,53,201.0,0,1
Traction Substation,Critical,High,Under Observation,Critical,Corrective Maintenance,Medium,Traction Distribution,Uttarakhand: Dehradun-Haridwar,90.0,0.86,140,53,201.0,1,1
Traction Substation,Critical,High,Under Observation,Critical,Corrective Maintenance,Medium,Traction Distribution,Uttarakhand: Dehradun-Haridwar,90.0,0.86,140,53,201.0,2,1
Traction Substation,Critical,High,Under Observation,Medium,Inspection,High,Traction Distribution,Uttarakhand: Dehradun-Haridwar,36.0,0.87,140,53,228.0,0,1
Traction Substation,Critical,High,Under Observation,Medium,Inspection,High,Traction Distribution,Uttarakhand: Dehradun-Haridwar,36.0,0.87,140,53,228.0,1,1
Traction Substation,Critical,High,Under Observation,Medium,Inspection,High,Traction Distribution,Uttarakhand: Dehradun-Haridwar,36.0,0.87,140,53,228.0,2,1
Signal,Good,Critical,Maintenance In Progress,Medium,Preventive Maintenance,Low,Signal & Telecommunication,Uttarakhand: Dehradun-Haridwar,53.0,0.88,109,85,255.0,0,1
Signal,Good,Critical,Maintenance In Progress,Medium,Preventive Maintenance,Low,Signal & Telecommunication,Uttarakhand: Dehradun-Haridwar,53.0,0.88,109,85,255.0,1,0
Signal,Good,Critical,Maintenance In Progress,Medium,Preventive Maintenance,Low,Signal & Telecommunication,Uttarakhand: Dehradun-Haridwar,53.0,0.88,109,85,255.0,2,0
Signal,Good,Critical,Maintenance In Progress,Critical,Condition Monitoring,Medium,Signal & Telecommunication,Uttarakhand: Dehradun-Haridwar,70.0,0.89,109,85,282.0,0,1
Signal,Good,Critical,Maintenance In Progress,Critical,Condition Monitoring,Medium,Signal & Telecommunication,Uttarakhand: Dehradun-Haridwar,70.0,0.89,109,85,282.0,1,1
Signal,Good,Critical,Maintenance In Progress,Critical,Condition Monitoring,Medium,Signal & Telecommunication,Uttarakhand: Dehradun-Haridwar,70.0,0.89,109,85,282.0,2,1
Axle Counter,Fair,Medium,Operational,Critical,Corrective Maintenance,High,Signal & Telecommunication,Uttarakhand: Dehradun-Haridwar,87.0,0.9,77,25,309.0,0,0
Axle Counter,Fair,Medium,Operational,Critical,Corrective Maintenance,High,Signal & Telecommunication,Uttarakhand: Dehradun-Haridwar,87.0,0.9,77,25,309.0,1,1
Axle Counter,Fair,Medium,Operational,Critical,Corrective Maintenance,High,Signal & Telecommunication,Uttarakhand: Dehradun-Haridwar,87.0,0.9,77,25,309.0,2,1
Axle Counter,Fair,Medium,Operational,Medium,Inspection,Low,Signal & Telecommunication,Uttarakhand: Dehradun-Haridwar,104.0,0.12,77,25,336.0,0,1
Axle Counter,Fair,Medium,Operational,Medium,Inspection,Low,Signal & Telecommunication,Uttarakhand: Dehradun-Haridwar,104.0,0.12,77,25,336.0,1,0
Axle Counter,Fair,Medium,Operational,Medium,Inspection,Low,Signal & Telecommunication,Uttarakhand: Dehradun-Haridwar,104.0,0.12,77,25,336.0,2,0
Track,Poor,High,Operational,Medium,Preventive Maintenance,Medium,Engineering,Uttarakhand: Dehradun-Haridwar,50.0,0.13,46,56,363.0,0,0
Track,Poor,High,Operational,Medium,Preventive Maintenance,Medium,Engineering,Uttarakhand: Dehradun-Haridwar,50.0,0.13,46,56,363.0,1,0
Track,Poor,High,Operational,Medium,Preventive Maintenance,Medium,Engineering,Uttarakhand: Dehradun-Haridwar,50.0,0.13,46,56,363.0,2,1
Track,Poor,High,Operational,Critical,Condition Monitoring,High,Engineering,Uttarakhand: Dehradun-Haridwar,67.0,0.14,46,56,390.0,0,0
Track,Poor,High,Operational,Critical,Condition Monitoring,High,Engineering,Uttarakhand: Dehradun-Haridwar,67.0,0.14,46,56,390.0,1,1
Track,Poor,High,Operational,Critical,Condition Monitoring,High,Engineering,Uttarakhand: Dehradun-Haridwar,67.0,0.14,46,56,390.0,2,1
Turnout,Critical,High,Under Observation,Critical,Corrective Maintenance,Low,Engineering,Uttarakhand: Dehradun-Haridwar,84.0,0.15,167,63,417.0,0,1
Turnout,Critical,High,Under Observation,Critical,Corrective Maintenance,Low,Engineering,Uttarakhand: Dehradun-Haridwar,84.0,0.15,167,63,417.0,1,1
Turnout,Critical,High,Under Observation,Critical,Corrective Maintenance,Low,Engineering,Uttarakhand: Dehradun-Haridwar,84.0,0.15,167,63,417.0,2,1
Turnout,Critical,High,Under Observation,Medium,Inspection,Medium,Engineering,Uttarakhand: Dehradun-Haridwar,101.0,0.16,167,63,444.0,0,0
Turnout,Critical,High,Under Observation,Medium,Inspection,Medium,Engineering,Uttarakhand: Dehradun-Haridwar,101.0,0.16,167,63,444.0,1,0
Turnout,Critical,High,Under Observation,Medium,Inspection,Medium,Engineering,Uttarakhand: Dehradun-Haridwar,101.0,0.16,167,63,444.0,2,0
OHE Mast,Good,Critical,Maintenance In Progress,Medium,Preventive Maintenance,High,Traction Distribution,Uttarakhand: Dehradun-Haridwar,47.0,0.17,135,3,471.0,0,0
OHE Mast,Good,Critical,Maintenance In Progress,Medium,Preventive Maintenance,High,Traction Distribution,Uttarakhand: Dehradun-Haridwar,47.0,0.17,135,3,471.0,1,1
OHE Mast,Good,Critical,Maintenance In Progress,Medium,Preventive Maintenance,High,Traction Distribution,Uttarakhand: Dehradun-Haridwar,47.0,0.17,135,3,471.0,2,0
OHE Mast,Good,Critical,Maintenance In Progress,Critical,Condition Monitoring,Low,Traction Distribution,Uttarakhand: Dehradun-Haridwar,64.0,0.18,135,3,498.0,0,1
OHE Mast,Good,Critical,Maintenance In Progress,Critical,Condition Monitoring,Low,Traction Distribution,Uttarakhand: Dehradun-Haridwar,64.0,0.18,135,3,498.0,1,0
OHE Mast,Good,Critical,Maintenance In Progress,Critical,Condition Monitoring,Low,Traction Distribution,Uttarakhand: Dehradun-Haridwar,64.0,0.18,135,3,498.0,2,0
Traction Substation,Fair,Medium,Operational,Critical,Corrective Maintenance,Medium,Traction Distribution,Uttarakhand: Dehradun-Haridwar,81.0,0.19,104,34,525.0,0,1
Traction Substation,Fair,Medium,Operational,Critical,Corrective Maintenance,Medium,Traction Distribution,Uttarakhand: Dehradun-Haridwar,81.0,0.19,104,34,525.0,1,0
Traction Substation,Fair,Medium,Operational,Critical,Corrective Maintenance,Medium,Traction Distribution,Uttarakhand: Dehradun-Haridwar,81.0,0.19,104,34,525.0,2,0
Traction Substation,Fair,Medium,Operational,Medium,Inspection,High,Traction Distribution,Uttarakhand: Dehradun-Haridwar,98.0,0.2,104,34,216.0,0,1
Traction Substation,Fair,Medium,Operational,Medium,Inspection,High,Traction Distribution,Uttarakhand: Dehradun-Haridwar,98.0,0.2,104,34,216.0,1,0
Traction Substation,Fair,Medium,Operational,Medium,Inspection,High,Traction Distribution,Uttarakhand: Dehradun-Haridwar,98.0,0.2,104,34,216.0,2,0
Signal,Poor,High,Operational,Medium,Preventive Maintenance,Low,Signal & Telecommunication,Uttarakhand: Dehradun-Haridwar,44.0,0.21,72,66,243.0,0,0
Signal,Poor,High,Operational,Medium,Preventive Maintenance,Low,Signal & Telecommunication,Uttarakhand: Dehradun-Haridwar,44.0,0.21,72,66,243.0,1,0
Signal,Poor,High,Operational,Medium,Preventive Maintenance,Low,Signal & Telecommunication,Uttarakhand: Dehradun-Haridwar,44.0,0.21,72,66,243.0,2,1
Signal,Poor,High,Operational,Critical,Condition Monitoring,Medium,Signal & Telecommunication,Uttarakhand: Dehradun-Haridwar,61.0,0.22,72,66,270.0,0,1
Signal,Poor,High,Operational,Critical,Condition Monitoring,Medium,Signal & Telecommunication,Uttarakhand: Dehradun-Haridwar,61.0,0.22,72,66,270.0,1,1
Signal,Poor,High,Operational,Critical,Condition Monitoring,Medium,Signal & Telecommunication,Uttarakhand: Dehradun-Haridwar,61.0,0.22,72,66,270.0,2,1
Axle Counter,Critical,High,Under Observation,Critical,Corrective Maintenance,High,Signal & Telecommunication,Uttarakhand: Dehradun-Haridwar,78.0,0.23,41,6,297.0,0,0
Axle Counter,Critical,High,Under Observation,Critical,Corrective Maintenance,High,Signal & Telecommunication,Uttarakhand: Dehradun-Haridwar,78.0,0.23,41,6,297.0,1,0
Axle Counter,Critical,High,Under Observation,Critical,Corrective Maintenance,High,Signal & Telecommunication,Uttarakhand: Dehradun-Haridwar,78.0,0.23,41,6,297.0,2,1
Axle Counter,Critical,High,Under Observation,Medium,Inspection,Low,Signal & Telecommunication,Uttarakhand: Dehradun-Haridwar,95.0,0.24,41,6,324.0,0,0
Axle Counter,Critical,High,Under Observation,Medium,Inspection,Low,Signal & Telecommunication,Uttarakhand: Dehradun-Haridwar,95.0,0.24,41,6,324.0,1,1
Axle Counter,Critical,High,Under Observation,Medium,Inspection,Low,Signal & Telecommunication,Uttarakhand: Dehradun-Haridwar,95.0,0.24,41,6,324.0,2,0
Track,Good,Critical,Maintenance In Progress,Medium,Preventive Maintenance,Medium,Engineering,Uttarakhand: Dehradun-Haridwar,41.0,0.25,162,37,351.0,0,1
Track,Good,Critical,Maintenance In Progress,Medium,Preventive Maintenance,Medium,Engineering,Uttarakhand: Dehradun-Haridwar,41.0,0.25,162,37,351.0,1,0
Track,Good,Critical,Maintenance In Progress,Medium,Preventive Maintenance,Medium,Engineering,Uttarakhand: Dehradun-Haridwar,41.0,0.25,162,37,351.0,2,1
Track,Good,Critical,Maintenance In Progress,Critical,Condition Monitoring,High,Engineering,Uttarakhand: Dehradun-Haridwar,58.0,0.26,162,37,378.0,0,1
Track,Good,Critical,Maintenance In Progress,Critical,Condition Monitoring,High,Engineering,Uttarakhand: Dehradun-Haridwar,58.0,0.26,162,37,378.0,1,0
Track,Good,Critical,Maintenance In Progress,Critical,Condition Monitoring,High,Engineering,Uttarakhand: Dehradun-Haridwar,58.0,0.26,162,37,378.0,2,1
Turnout,Fair,Medium,Operational,Critical,Corrective Maintenance,Low,Engineering,Uttarakhand: Dehradun-Haridwar,75.0,0.27,130,69,405.0,0,0
Turnout,Fair,Medium,Operational,Critical,Corrective Maintenance,Low,Engineering,Uttarakhand: Dehradun-Haridwar,75.0,0.27,130,69,405.0,1,1
Turnout,Fair,Medium,Operational,Critical,Corrective Maintenance,Low,Engineering,Uttarakhand: Dehradun-Haridwar,75.0,0.27,130,69,405.0,2,0
Turnout,Fair,Medium,Operational,Medium,Inspection,Medium,Engineering,Uttarakhand: Dehradun-Haridwar,92.0,0.28,130,69,432.0,0,1
Turnout,Fair,Medium,Operational,Medium,Inspection,Medium,Engineering,Uttarakhand: Dehradun-Haridwar,92.0,0.28,130,69,432.0,1,0
Turnout,Fair,Medium,Operational,Medium,Inspection,Medium,Engineering,Uttarakhand: Dehradun-Haridwar,92.0,0.28,130,69,432.0,2,0
OHE Mast,Poor,High,Operational,Medium,Preventive Maintenance,High,Traction Distribution,Uttarakhand: Dehradun-Haridwar,38.0,0.29,99,9,459.0,0,1
OHE Mast,Poor,High,Operational,Medium,Preventive Maintenance,High,Traction Distribution,Uttarakhand: Dehradun-Haridwar,38.0,0.29,99,9,459.0,1,0
OHE Mast,Poor,High,Operational,Medium,Preventive Maintenance,High,Traction Distribution,Uttarakhand: Dehradun-Haridwar,38.0,0.29,99,9,459.0,2,1
OHE Mast,Poor,High,Operational,Critical,Condition Monitoring,Low,Traction Distribution,Uttarakhand: Dehradun-Haridwar,55.0,0.3,99,9,486.0,0,1
OHE Mast,Poor,High,Operational,Critical,Condition Monitoring,Low,Traction Distribution,Uttarakhand: Dehradun-Haridwar,55.0,0.3,99,9,486.0,1,1
OHE Mast,Poor,High,Operational,Critical,Condition Monitoring,Low,Traction Distribution,Uttarakhand: Dehradun-Haridwar,55.0,0.3,99,9,486.0,2,1
Traction Substation,Critical,High,Under Observation,Critical,Corrective Maintenance,Medium,Traction Distribution,Uttarakhand: Dehradun-Haridwar,72.0,0.31,67,40,513.0,0,1
Traction Substation,Critical,High,Under Observation,Critical,Corrective Maintenance,Medium,Traction Distribution,Uttarakhand: Dehradun-Haridwar,72.0,0.31,67,40,513.0,1,0
Traction Substation,Critical,High,Under Observation,Critical,Corrective Maintenance,Medium,Traction Distribution,Uttarakhand: Dehradun-Haridwar,72.0,0.31,67,40,513.0,2,0
Traction Substation,Critical,High,Under Observation,Medium,Inspection,High,Traction Distribution,Uttarakhand: Dehradun-Haridwar,89.0,0.32,67,40,540.0,0,1
Traction Substation,Critical,High,Under Observation,Medium,Inspection,High,Traction Distribution,Uttarakhand: Dehradun-Haridwar,89.0,0.32,67,40,540.0,1,0
Traction Substation,Critical,High,Under Observation,Medium,Inspection,High,Traction Distribution,Uttarakhand: Dehradun-Haridwar,89.0,0.32,67,40,540.0,2,0
Signal,Good,Critical,Maintenance In Progress,Medium,Preventive Maintenance,Low,Signal & Telecommunication,Uttarakhand: Dehradun-Haridwar,35.0,0.33,36,72,567.0,0,1
Signal,Good,Critical,Maintenance In Progress,Medium,Preventive Maintenance,Low,Signal & Telecommunication,Uttarakhand: Dehradun-Haridwar,35.0,0.33,36,72,567.0,1,0
Signal,Good,Critical,Maintenance In Progress,Medium,Preventive Maintenance,Low,Signal & Telecommunication,Uttarakhand: Dehradun-Haridwar,35.0,0.33,36,72,567.0,2,0
Signal,Good,Critical,Maintenance In Progress,Critical,Condition Monitoring,Medium,Signal & Telecommunication,Uttarakhand: Dehradun-Haridwar,52.0,0.34,36,72,258.0,0,1
Signal,Good,Critical,Maintenance In Progress,Critical,Condition Monitoring,Medium,Signal & Telecommunication,Uttarakhand: Dehradun-Haridwar,52.0,0.34,36,72,258.0,1,0
Signal,Good,Critical,Maintenance In Progress,Critical,Condition Monitoring,Medium,Signal & Telecommunication,Uttarakhand: Dehradun-Haridwar,52.0,0.34,36,72,258.0,2,0
Axle Counter,Fair,Medium,Operational,Critical,Corrective Maintenance,High,Signal & Telecommunication,Uttarakhand: Dehradun-Haridwar,69.0,0.35,181,12,285.0,0,1
Axle Counter,Fair,Medium,Operational,Critical,Corrective Maintenance,High,Signal & Telecommunication,Uttarakhand: Dehradun-Haridwar,69.0,0.35,181,12,285.0,1,1
Axle Counter,Fair,Medium,Operational,Critical,Corrective Maintenance,High,Signal & Telecommunication,Uttarakhand: Dehradun-Haridwar,69.0,0.35,181,12,285.0,2,1
Axle Counter,Fair,Medium,Operational,Medium,Inspection,Low,Signal & Telecommunication,Uttarakhand: Dehradun-Haridwar,86.0,0.36,181,12,312.0,0,0
Axle Counter,Fair,Medium,Operational,Medium,Inspection,Low,Signal & Telecommunication,Uttarakhand: Dehradun-Haridwar,86.0,0.36,181,12,312.0,1,1
Axle Counter,Fair,Medium,Operational,Medium,Inspection,Low,Signal & Telecommunication,Uttarakhand: Dehradun-Haridwar,86.0,0.36,181,12,312.0,2,0
Track,Poor,High,Operational,Medium,Preventive Maintenance,Medium,Engineering,Uttarakhand: Dehradun-Haridwar,103.0,0.37,149,43,339.0,0,1
Track,Poor,High,Operational,Medium,Preventive Maintenance,Medium,Engineering,Uttarakhand: Dehradun-Haridwar,103.0,0.37,149,43,339.0,1,1
Track,Poor,High,Operational,Medium,Preventive Maintenance,Medium,Engineering,Uttarakhand: Dehradun-Haridwar,103.0,0.37,149,43,339.0,2,1
Track,Poor,High,Operational,Critical,Condition Monitoring,High,Engineering,Uttarakhand: Dehradun-Haridwar,49.0,0.38,149,43,366.0,0,1
Track,Poor,High,Operational,Critical,Condition Monitoring,High,Engineering,Uttarakhand: Dehradun-Haridwar,49.0,0.38,149,43,366.0,1,1
Track,Poor,High,Operational,Critical,Condition Monitoring,High,Engineering,Uttarakhand: Dehradun-Haridwar,49.0,0.38,149,43,366.0,2,1
Turnout,Critical,High,Under Observation,Critical,Corrective Maintenance,Low,Engineering,Uttarakhand: Dehradun-Haridwar,66.0,0.39,118,75,393.0,0,1
Turnout,Critical,High,Under Observation,Critical,Corrective Maintenance,Low,Engineering,Uttarakhand: Dehradun-Haridwar,66.0,0.39,118,75,393.0,1,0
Turnout,Critical,High,Under Observation,Critical,Corrective Maintenance,Low,Engineering,Uttarakhand: Dehradun-Haridwar,66.0,0.39,118,75,393.0,2,0
Turnout,Critical,High,Under Observation,Medium,Inspection,Medium,Engineering,Uttarakhand: Dehradun-Haridwar,83.0,0.4,118,75,420.0,0,0
Turnout,Critical,High,Under Observation,Medium,Inspection,Medium,Engineering,Uttarakhand: Dehradun-Haridwar,83.0,0.4,118,75,420.0,1,0
Turnout,Critical,High,Under Observation,Medium,Inspection,Medium,Engineering,Uttarakhand: Dehradun-Haridwar,83.0,0.4,118,75,420.0,2,1
OHE Mast,Good,Critical,Maintenance In Progress,Medium,Preventive Maintenance,High,Traction Distribution,Uttarakhand: Dehradun-Haridwar,100.0,0.41,86,15,447.0,0,0
OHE Mast,Good,Critical,Maintenance In Progress,Medium,Preventive Maintenance,High,Traction Distribution,Uttarakhand: Dehradun-Haridwar,100.0,0.41,86,15,447.0,1,0
OHE Mast,Good,Critical,Maintenance In Progress,Medium,Preventive Maintenance,High,Traction Distribution,Uttarakhand: Dehradun-Haridwar,100.0,0.41,86,15,447.0,2,1
OHE Mast,Good,Critical,Maintenance In Progress,Critical,Condition Monitoring,Low,Traction Distribution,Uttarakhand: Dehradun-Haridwar,46.0,0.42,86,15,474.0,0,1
OHE Mast,Good,Critical,Maintenance In Progress,Critical,Condition Monitoring,Low,Traction Distribution,Uttarakhand: Dehradun-Haridwar,46.0,0.42,86,15,474.0,1,0
OHE Mast,Good,Critical,Maintenance In Progress,Critical,Condition Monitoring,Low,Traction Distribution,Uttarakhand: Dehradun-Haridwar,46.0,0.42,86,15,474.0,2,0
Traction Substation,Fair,Medium,Operational,Critical,Corrective Maintenance,Medium,Traction Distribution,Uttarakhand: Dehradun-Haridwar,63.0,0.43,55,46,501.0,0,1
Traction Substation,Fair,Medium,Operational,Critical,Corrective Maintenance,Medium,Traction Distribution,Uttarakhand: Dehradun-Haridwar,63.0,0.43,55,46,501.0,1,0
Traction Substation,Fair,Medium,Operational,Critical,Corrective Maintenance,Medium,Traction Distribution,Uttarakhand: Dehradun-Haridwar,63.0,0.43,55,46,501.0,2,1
Traction Substation,Fair,Medium,Operational,Medium,Inspection,High,Traction Distribution,Uttarakhand: Dehradun-Haridwar,80.0,0.44,55,46,528.0,0,0
Traction Substation,Fair,Medium,Operational,Medium,Inspection,High,Traction Distribution,Uttarakhand: Dehradun-Haridwar,80.0,0.44,55,46,528.0,1,1
Traction Substation,Fair,Medium,Operational,Medium,Inspection,High,Traction Distribution,Uttarakhand: Dehradun-Haridwar,80.0,0.44,55,46,528.0,2,0
Signal,Poor,High,Operational,Medium,Preventive Maintenance,Low,Signal & Telecommunication,Uttarakhand: Dehradun-Haridwar,97.0,0.45,176,78,555.0,0,0
Signal,Poor,High,Operational,Medium,Preventive Maintenance,Low,Signal & Telecommunication,Uttarakhand: Dehradun-Haridwar,97.0,0.45,176,78,555.0,1,0
Signal,Poor,High,Operational,Medium,Preventive Maintenance,Low,Signal & Telecommunication,Uttarakhand: Dehradun-Haridwar,97.0,0.45,176,78,555.0,2,1
Signal,Poor,High,Operational,Critical,Condition Monitoring,Medium,Signal & Telecommunication,Uttarakhand: Dehradun-Haridwar,43.0,0.46,176,78,582.0,0,0
Signal,Poor,High,Operational,Critical,Condition Monitoring,Medium,Signal & Telecommunication,Uttarakhand: Dehradun-Haridwar,43.0,0.46,176,78,582.0,1,0
Signal,Poor,High,Operational,Critical,Condition Monitoring,Medium,Signal & Telecommunication,Uttarakhand: Dehradun-Haridwar,43.0,0.46,176,78,582.0,2,1
Axle Counter,Critical,High,Under Observation,Critical,Corrective Maintenance,High,Signal & Telecommunication,Uttarakhand: Dehradun-Haridwar,60.0,0.47,144,18,609.0,0,1
Axle Counter,Critical,High,Under Observation,Critical,Corrective Maintenance,High,Signal & Telecommunication,Uttarakhand: Dehradun-Haridwar,60.0,0.47,144,18,609.0,1,1
Axle Counter,Critical,High,Under Observation,Critical,Corrective Maintenance,High,Signal & Telecommunication,Uttarakhand: Dehradun-Haridwar,60.0,0.47,144,18,609.0,2,0
Axle Counter,Critical,High,Under Observation,Medium,Inspection,Low,Signal & Telecommunication,Uttarakhand: Dehradun-Haridwar,77.0,0.48,144,18,300.0,0,1
Axle Counter,Critical,High,Under Observation,Medium,Inspection,Low,Signal & Telecommunication,Uttarakhand: Dehradun-Haridwar,77.0,0.48,144,18,300.0,1,1
Axle Counter,Critical,High,Under Observation,Medium,Inspection,Low,Signal & Telecommunication,Uttarakhand: Dehradun-Haridwar,77.0,0.48,144,18,300.0,2,1
Track,Good,Critical,Maintenance In Progress,Medium,Preventive Maintenance,Medium,Engineering,Uttarakhand: Dehradun-Haridwar,94.0,0.49,113,49,327.0,0,0
Track,Good,Critical,Maintenance In Progress,Medium,Preventive Maintenance,Medium,Engineering,Uttarakhand: Dehradun-Haridwar,94.0,0.49,113,49,327.0,1,1
Track,Good,Critical,Maintenance In Progress,Medium,Preventive Maintenance,Medium,Engineering,Uttarakhand: Dehradun-Haridwar,94.0,0.49,113,49,327.0,2,1
Track,Good,Critical,Maintenance In Progress,Critical,Condition Monitoring,High,Engineering,Uttarakhand: Dehradun-Haridwar,40.0,0.5,113,49,354.0,0,0
Track,Good,Critical,Maintenance In Progress,Critical,Condition Monitoring,High,Engineering,Uttarakhand: Dehradun-Haridwar,40.0,0.5,113,49,354.0,1,1
Track,Good,Critical,Maintenance In Progress,Critical,Condition Monitoring,High,Engineering,Uttarakhand: Dehradun-Haridwar,40.0,0.5,113,49,354.0,2,1
Turnout,Fair,Medium,Operational,Critical,Corrective Maintenance,Low,Engineering,Uttarakhand: Dehradun-Haridwar,57.0,0.51,81,81,381.0,0,0
Turnout,Fair,Medium,Operational,Critical,Corrective Maintenance,Low,Engineering,Uttarakhand: Dehradun-Haridwar,57.0,0.51,81,81,381.0,1,0
Turnout,Fair,Medium,Operational,Critical,Corrective Maintenance,Low,Engineering,Uttarakhand: Dehradun-Haridwar,57.0,0.51,81,81,381.0,2,0
Turnout,Fair,Medium,Operational,Medium,Inspection,Medium,Engineering,Uttarakhand: Dehradun-Haridwar,74.0,0.52,81,81,408.0,0,1
Turnout,Fair,Medium,Operational,Medium,Inspection,Medium,Engineering,Uttarakhand: Dehradun-Haridwar,74.0,0.52,81,81,408.0,1,0
Turnout,Fair,Medium,Operational,Medium,Inspection,Medium,Engineering,Uttarakhand: Dehradun-Haridwar,74.0,0.52,81,81,408.0,2,0
OHE Mast,Poor,High,Operational,Medium,Preventive Maintenance,High,Traction Distribution,Uttarakhand: Dehradun-Haridwar,91.0,0.53,50,21,435.0,0,1
OHE Mast,Poor,High,Operational,Medium,Preventive Maintenance,High,Traction Distribution,Uttarakhand: Dehradun-Haridwar,91.0,0.53,50,21,435.0,1,1
OHE Mast,Poor,High,Operational,Medium,Preventive Maintenance,High,Traction Distribution,Uttarakhand: Dehradun-Haridwar,91.0,0.53,50,21,435.0,2,0
OHE Mast,Poor,High,Operational,Critical,Condition Monitoring,Low,Traction Distribution,Uttarakhand: Dehradun-Haridwar,37.0,0.54,50,21,462.0,0,1
OHE Mast,Poor,High,Operational,Critical,Condition Monitoring,Low,Traction Distribution,Uttarakhand: Dehradun-Haridwar,37.0,0.54,50,21,462.0,1,1
OHE Mast,Poor,High,Operational,Critical,Condition Monitoring,Low,Traction Distribution,Uttarakhand: Dehradun-Haridwar,37.0,0.54,50,21,462.0,2,1
Traction Substation,Critical,High,Under Observation,Critical,Corrective Maintenance,Medium,Traction Distribution,Uttarakhand: Dehradun-Haridwar,54.0,0.55,171,52,489.0,0,1
Traction Substation,Critical,High,Under Observation,Critical,Corrective Maintenance,Medium,Traction Distribution,Uttarakhand: Dehradun-Haridwar,54.0,0.55,171,52,489.0,1,0
Traction Substation,Critical,High,Under Observation,Critical,Corrective Maintenance,Medium,Traction Distribution,Uttarakhand: Dehradun-Haridwar,54.0,0.55,171,52,489.0,2,0
Traction Substation,Critical,High,Under Observation,Medium,Inspection,High,Traction Distribution,Uttarakhand: Dehradun-Haridwar,71.0,0.56,171,52,516.0,0,1
Traction Substation,Critical,High,Under Observation,Medium,Inspection,High,Traction Distribution,Uttarakhand: Dehradun-Haridwar,71.0,0.56,171,52,516.0,1,1
Traction Substation,Critical,High,Under Observation,Medium,Inspection,High,Traction Distribution,Uttarakhand: Dehradun-Haridwar,71.0,0.56,171,52,516.0,2,0
Signal,Good,Critical,Maintenance In Progress,Medium,Preventive Maintenance,Low,Signal & Telecommunication,Uttarakhand: Dehradun-Haridwar,88.0,0.57,139,84,543.0,0,0
Signal,Good,Critical,Maintenance In Progress,Medium,Preventive Maintenance,Low,Signal & Telecommunication,Uttarakhand: Dehradun-Haridwar,88.0,0.57,139,84,543.0,1,0
Signal,Good,Critical,Maintenance In Progress,Medium,Preventive Maintenance,Low,Signal & Telecommunication,Uttarakhand: Dehradun-Haridwar,88.0,0.57,139,84,543.0,2,1
Signal,Good,Critical,Maintenance In Progress,Critical,Condition Monitoring,Medium,Signal & Telecommunication,Uttarakhand: Dehradun-Haridwar,105.0,0.58,139,84,570.0,0,0
Signal,Good,Critical,Maintenance In Progress,Critical,Condition Monitoring,Medium,Signal & Telecommunication,Uttarakhand: Dehradun-Haridwar,105.0,0.58,139,84,570.0,1,0
Signal,Good,Critical,Maintenance In Progress,Critical,Condition Monitoring,Medium,Signal & Telecommunication,Uttarakhand: Dehradun-Haridwar,105.0,0.58,139,84,570.0,2,1
Axle Counter,Fair,Medium,Operational,Critical,Corrective Maintenance,High,Signal & Telecommunication,Uttarakhand: Dehradun-Haridwar,51.0,0.59,108,24,597.0,0,0
Axle Counter,Fair,Medium,Operational,Critical,Corrective Maintenance,High,Signal & Telecommunication,Uttarakhand: Dehradun-Haridwar,51.0,0.59,108,24,597.0,1,0
Axle Counter,Fair,Medium,Operational,Critical,Corrective Maintenance,High,Signal & Telecommunication,Uttarakhand: Dehradun-Haridwar,51.0,0.59,108,24,597.0,2,0
Axle Counter,Fair,Medium,Operational,Medium,Inspection,Low,Signal & Telecommunication,Uttarakhand: Dehradun-Haridwar,68.0,0.6,108,24,624.0,0,0
Axle Counter,Fair,Medium,Operational,Medium,Inspection,Low,Signal & Telecommunication,Uttarakhand: Dehradun-Haridwar,68.0,0.6,108,24,624.0,1,0
Axle Counter,Fair,Medium,Operational,Medium,Inspection,Low,Signal & Telecommunication,Uttarakhand: Dehradun-Haridwar,68.0,0.6,108,24,624.0,2,0
Track,Poor,High,Operational,Medium,Preventive Maintenance,Medium,Engineering,West Bengal: Kolkata-Siliguri,85.0,0.61,76,55,651.0,0,0
Track,Poor,High,Operational,Medium,Preventive Maintenance,Medium,Engineering,West Bengal: Kolkata-Siliguri,85.0,0.61,76,55,651.0,1,1
Track,Poor,High,Operational,Medium,Preventive Maintenance,Medium,Engineering,West Bengal: Kolkata-Siliguri,85.0,0.61,76,55,651.0,2,0
Track,Poor,High,Operational,Critical,Condition Monitoring,High,Engineering,West Bengal: Kolkata-Siliguri,102.0,0.62,76,55,342.0,0,0
Track,Poor,High,Operational,Critical,Condition Monitoring,High,Engineering,West Bengal: Kolkata-Siliguri,102.0,0.62,76,55,342.0,1,1
Track,Poor,High,Operational,Critical,Condition Monitoring,High,Engineering,West Bengal: Kolkata-Siliguri,102.0,0.62,76,55,342.0,2,1
Turnout,Critical,High,Under Observation,Critical,Corrective Maintenance,Low,Engineering,West Bengal: Kolkata-Siliguri,48.0,0.63,45,87,369.0,0,1
Turnout,Critical,High,Under Observation,Critical,Corrective Maintenance,Low,Engineering,West Bengal: Kolkata-Siliguri,48.0,0.63,45,87,369.0,1,1
Turnout,Critical,High,Under Observation,Critical,Corrective Maintenance,Low,Engineering,West Bengal: Kolkata-Siliguri,48.0,0.63,45,87,369.0,2,0
Turnout,Critical,High,Under Observation,Medium,Inspection,Medium,Engineering,West Bengal: Kolkata-Siliguri,65.0,0.64,45,87,396.0,0,1
Turnout,Critical,High,Under Observation,Medium,Inspection,Medium,Engineering,West Bengal: Kolkata-Siliguri,65.0,0.64,45,87,396.0,1,0
Turnout,Critical,High,Under Observation,Medium,Inspection,Medium,Engineering,West Bengal: Kolkata-Siliguri,65.0,0.64,45,87,396.0,2,0
OHE Mast,Good,Critical,Maintenance In Progress,Medium,Preventive Maintenance,High,Traction Distribution,West Bengal: Kolkata-Siliguri,82.0,0.65,166,2,423.0,0,1
OHE Mast,Good,Critical,Maintenance In Progress,Medium,Preventive Maintenance,High,Traction Distribution,West Bengal: Kolkata-Siliguri,82.0,0.65,166,2,423.0,1,0
OHE Mast,Good,Critical,Maintenance In Progress,Medium,Preventive Maintenance,High,Traction Distribution,West Bengal: Kolkata-Siliguri,82.0,0.65,166,2,423.0,2,1
OHE Mast,Good,Critical,Maintenance In Progress,Critical,Condition Monitoring,Low,Traction Distribution,West Bengal: Kolkata-Siliguri,99.0,0.66,166,2,450.0,0,0
OHE Mast,Good,Critical,Maintenance In Progress,Critical,Condition Monitoring,Low,Traction Distribution,West Bengal: Kolkata-Siliguri,99.0,0.66,166,2,450.0,1,1
OHE Mast,Good,Critical,Maintenance In Progress,Critical,Condition Monitoring,Low,Traction Distribution,West Bengal: Kolkata-Siliguri,99.0,0.66,166,2,450.0,2,0
Traction Substation,Fair,Medium,Operational,Critical,Corrective Maintenance,Medium,Traction Distribution,West Bengal: Kolkata-Siliguri,45.0,0.67,134,33,477.0,0,0
Traction Substation,Fair,Medium,Operational,Critical,Corrective Maintenance,Medium,Traction Distribution,West Bengal: Kolkata-Siliguri,45.0,0.67,134,33,477.0,1,0
Traction Substation,Fair,Medium,Operational,Critical,Corrective Maintenance,Medium,Traction Distribution,West Bengal: Kolkata-Siliguri,45.0,0.67,134,33,477.0,2,0
Traction Substation,Fair,Medium,Operational,Medium,Inspection,High,Traction Distribution,West Bengal: Kolkata-Siliguri,62.0,0.68,134,33,504.0,0,0
Traction Substation,Fair,Medium,Operational,Medium,Inspection,High,Traction Distribution,West Bengal: Kolkata-Siliguri,62.0,0.68,134,33,504.0,1,1
Traction Substation,Fair,Medium,Operational,Medium,Inspection,High,Traction Distribution,West Bengal: Kolkata-Siliguri,62.0,0.68,134,33,504.0,2,1
Signal,Poor,High,Operational,Medium,Preventive Maintenance,Low,Signal & Telecommunication,West Bengal: Kolkata-Siliguri,79.0,0.69,103,65,531.0,0,1
Signal,Poor,High,Operational,Medium,Preventive Maintenance,Low,Signal & Telecommunication,West Bengal: Kolkata-Siliguri,79.0,0.69,103,65,531.0,1,0
Signal,Poor,High,Operational,Medium,Preventive Maintenance,Low,Signal & Telecommunication,West Bengal: Kolkata-Siliguri,79.0,0.69,103,65,531.0,2,0
Signal,Poor,High,Operational,Critical,Condition Monitoring,Medium,Signal & Telecommunication,West Bengal: Kolkata-Siliguri,96.0,0.7,103,65,558.0,0,1
Signal,Poor,High,Operational,Critical,Condition Monitoring,Medium,Signal & Telecommunication,West Bengal: Kolkata-Siliguri,96.0,0.7,103,65,558.0,1,1
Signal,Poor,High,Operational,Critical,Condition Monitoring,Medium,Signal & Telecommunication,West Bengal: Kolkata-Siliguri,96.0,0.7,103,65,558.0,2,1
Axle Counter,Critical,High,Under Observation,Critical,Corrective Maintenance,High,Signal & Telecommunication,West Bengal: Kolkata-Siliguri,42.0,0.71,71,5,585.0,0,0
Axle Counter,Critical,High,Under Observation,Critical,Corrective Maintenance,High,Signal & Telecommunication,West Bengal: Kolkata-Siliguri,42.0,0.71,71,5,585.0,1,1
Axle Counter,Critical,High,Under Observation,Critical,Corrective Maintenance,High,Signal & Telecommunication,West Bengal: Kolkata-Siliguri,42.0,0.71,71,5,585.0,2,1
Axle Counter,Critical,High,Under Observation,Medium,Inspection,Low,Signal & Telecommunication,West Bengal: Kolkata-Siliguri,59.0,0.72,71,5,612.0,0,1
Axle Counter,Critical,High,Under Observation,Medium,Inspection,Low,Signal & Telecommunication,West Bengal: Kolkata-Siliguri,59.0,0.72,71,5,612.0,1,1
Axle Counter,Critical,High,Under Observation,Medium,Inspection,Low,Signal & Telecommunication,West Bengal: Kolkata-Siliguri,59.0,0.72,71,5,612.0,2,0
Track,Good,Critical,Maintenance In Progress,Medium,Preventive Maintenance,Medium,Engineering,West Bengal: Kolkata-Siliguri,76.0,0.73,40,36,639.0,0,0
Track,Good,Critical,Maintenance In Progress,Medium,Preventive Maintenance,Medium,Engineering,West Bengal: Kolkata-Siliguri,76.0,0.73,40,36,639.0,1,0
Track,Good,Critical,Maintenance In Progress,Medium,Preventive Maintenance,Medium,Engineering,West Bengal: Kolkata-Siliguri,76.0,0.73,40,36,639.0,2,1
Track,Good,Critical,Maintenance In Progress,Critical,Condition Monitoring,High,Engineering,West Bengal: Kolkata-Siliguri,93.0,0.74,40,36,666.0,0,1
Track,Good,Critical,Maintenance In Progress,Critical,Condition Monitoring,High,Engineering,West Bengal: Kolkata-Siliguri,93.0,0.74,40,36,666.0,1,0
Track,Good,Critical,Maintenance In Progress,Critical,Condition Monitoring,High,Engineering,West Bengal: Kolkata-Siliguri,93.0,0.74,40,36,666.0,2,1
Turnout,Fair,Medium,Operational,Critical,Corrective Maintenance,Low,Engineering,West Bengal: Kolkata-Siliguri,39.0,0.75,161,68,693.0,0,1
Turnout,Fair,Medium,Operational,Critical,Corrective Maintenance,Low,Engineering,West Bengal: Kolkata-Siliguri,39.0,0.75,161,68,693.0,1,1
Turnout,Fair,Medium,Operational,Critical,Corrective Maintenance,Low,Engineering,West Bengal: Kolkata-Siliguri,39.0,0.75,161,68,693.0,2,0
Turnout,Fair,Medium,Operational,Medium,Inspection,Medium,Engineering,West Bengal: Kolkata-Siliguri,56.0,0.76,161,68,384.0,0,0
Turnout,Fair,Medium,Operational,Medium,Inspection,Medium,Engineering,West Bengal: Kolkata-Siliguri,56.0,0.76,161,68,384.0,1,0
Turnout,Fair,Medium,Operational,Medium,Inspection,Medium,Engineering,West Bengal: Kolkata-Siliguri,56.0,0.76,161,68,384.0,2,1
OHE Mast,Poor,High,Operational,Medium,Preventive Maintenance,High,Traction Distribution,West Bengal: Kolkata-Siliguri,73.0,0.77,129,8,411.0,0,1
OHE Mast,Poor,High,Operational,Medium,Preventive Maintenance,High,Traction Distribution,West Bengal: Kolkata-Siliguri,73.0,0.77,129,8,411.0,1,1
OHE Mast,Poor,High,Operational,Medium,Preventive Maintenance,High,Traction Distribution,West Bengal: Kolkata-Siliguri,73.0,0.77,129,8,411.0,2,0
OHE Mast,Poor,High,Operational,Critical,Condition Monitoring,Low,Traction Distribution,West Bengal: Kolkata-Siliguri,90.0,0.78,129,8,438.0,0,1
OHE Mast,Poor,High,Operational,Critical,Condition Monitoring,Low,Traction Distribution,West Bengal: Kolkata-Siliguri,90.0,0.78,129,8,438.0,1,1
OHE Mast,Poor,High,Operational,Critical,Condition Monitoring,Low,Traction Distribution,West Bengal: Kolkata-Siliguri,90.0,0.78,129,8,438.0,2,1
Traction Substation,Critical,High,Under Observation,Critical,Corrective Maintenance,Medium,Traction Distribution,West Bengal: Kolkata-Siliguri,36.0,0.79,98,39,465.0,0,0
Traction Substation,Critical,High,Under Observation,Critical,Corrective Maintenance,Medium,Traction Distribution,West Bengal: Kolkata-Siliguri,36.0,0.79,98,39,465.0,1,1
Traction Substation,Critical,High,Under Observation,Critical,Corrective Maintenance,Medium,Traction Distribution,West Bengal: Kolkata-Siliguri,36.0,0.79,98,39,465.0,2,1
Traction Substation,Critical,High,Under Observation,Medium,Inspection,High,Traction Distribution,West Bengal: Kolkata-Siliguri,53.0,0.8,98,39,492.0,0,1
Traction Substation,Critical,High,Under Observation,Medium,Inspection,High,Traction Distribution,West Bengal: Kolkata-Siliguri,53.0,0.8,98,39,492.0,1,0
Traction Substation,Critical,High,Under Observation,Medium,Inspection,High,Traction Distribution,West Bengal: Kolkata-Siliguri,53.0,0.8,98,39,492.0,2,1
Signal,Good,Critical,Maintenance In Progress,Medium,Preventive Maintenance,Low,Signal & Telecommunication,West Bengal: Kolkata-Siliguri,70.0,0.81,66,71,519.0,0,0
Signal,Good,Critical,Maintenance In Progress,Medium,Preventive Maintenance,Low,Signal & Telecommunication,West Bengal: Kolkata-Siliguri,70.0,0.81,66,71,519.0,1,1
Signal,Good,Critical,Maintenance In Progress,Medium,Preventive Maintenance,Low,Signal & Telecommunication,West Bengal: Kolkata-Siliguri,70.0,0.81,66,71,519.0,2,1
Signal,Good,Critical,Maintenance In Progress,Critical,Condition Monitoring,Medium,Signal & Telecommunication,West Bengal: Kolkata-Siliguri,87.0,0.82,66,71,546.0,0,1
Signal,Good,Critical,Maintenance In Progress,Critical,Condition Monitoring,Medium,Signal & Telecommunication,West Bengal: Kolkata-Siliguri,87.0,0.82,66,71,546.0,1,1
Signal,Good,Critical,Maintenance In Progress,Critical,Condition Monitoring,Medium,Signal & Telecommunication,West Bengal: Kolkata-Siliguri,87.0,0.82,66,71,546.0,2,1
Axle Counter,Fair,Medium,Operational,Critical,Corrective Maintenance,High,Signal & Telecommunication,West Bengal: Kolkata-Siliguri,104.0,0.83,59,11,573.0,0,0
Axle Counter,Fair,Medium,Operational,Critical,Corrective Maintenance,High,Signal & Telecommunication,West Bengal: Kolkata-Siliguri,104.0,0.83,59,11,573.0,1,1
Axle Counter,Fair,Medium,Operational,Critical,Corrective Maintenance,High,Signal & Telecommunication,West Bengal: Kolkata-Siliguri,104.0,0.83,59,11,573.0,2,0
Axle Counter,Fair,Medium,Operational,Medium,Inspection,Low,Signal & Telecommunication,West Bengal: Kolkata-Siliguri,50.0,0.84,59,11,600.0,0,0
Axle Counter,Fair,Medium,Operational,Medium,Inspection,Low,Signal & Telecommunication,West Bengal: Kolkata-Siliguri,50.0,0.84,59,11,600.0,1,0
Axle Counter,Fair,Medium,Operational,Medium,Inspection,Low,Signal & Telecommunication,West Bengal: Kolkata-Siliguri,50.0,0.84,59,11,600.0,2,1
Track,Poor,High,Operational,Medium,Preventive Maintenance,Medium,Engineering,West Bengal: Kolkata-Siliguri,67.0,0.85,180,42,627.0,0,1
Track,Poor,High,Operational,Medium,Preventive Maintenance,Medium,Engineering,West Bengal: Kolkata-Siliguri,67.0,0.85,180,42,627.0,1,1
Track,Poor,High,Operational,Medium,Preventive Maintenance,Medium,Engineering,West Bengal: Kolkata-Siliguri,67.0,0.85,180,42,627.0,2,1
Track,Poor,High,Operational,Critical,Condition Monitoring,High,Engineering,West Bengal: Kolkata-Siliguri,84.0,0.86,180,42,654.0,0,1
Track,Poor,High,Operational,Critical,Condition Monitoring,High,Engineering,West Bengal: Kolkata-Siliguri,84.0,0.86,180,42,654.0,1,1
Track,Poor,High,Operational,Critical,Condition Monitoring,High,Engineering,West Bengal: Kolkata-Siliguri,84.0,0.86,180,42,654.0,2,1
Turnout,Critical,High,Under Observation,Critical,Corrective Maintenance,Low,Engineering,West Bengal: Kolkata-Siliguri,101.0,0.87,148,74,681.0,0,1
Turnout,Critical,High,Under Observation,Critical,Corrective Maintenance,Low,Engineering,West Bengal: Kolkata-Siliguri,101.0,0.87,148,74,681.0,1,1
Turnout,Critical,High,Under Observation,Critical,Corrective Maintenance,Low,Engineering,West Bengal: Kolkata-Siliguri,101.0,0.87,148,74,681.0,2,1
Turnout,Critical,High,Under Observation,Medium,Inspection,Medium,Engineering,West Bengal: Kolkata-Siliguri,47.0,0.88,148,74,708.0,0,0
Turnout,Critical,High,Under Observation,Medium,Inspection,Medium,Engineering,West Bengal: Kolkata-Siliguri,47.0,0.88,148,74,708.0,1,1
Turnout,Critical,High,Under Observation,Medium,Inspection,Medium,Engineering,West Bengal: Kolkata-Siliguri,47.0,0.88,148,74,708.0,2,0
OHE Mast,Good,Critical,Maintenance In Progress,Medium,Preventive Maintenance,High,Traction Distribution,West Bengal: Kolkata-Siliguri,64.0,0.89,117,14,735.0,0,0
OHE Mast,Good,Critical,Maintenance In Progress,Medium,Preventive Maintenance,High,Traction Distribution,West Bengal: Kolkata-Siliguri,64.0,0.89,117,14,735.0,1,0
OHE Mast,Good,Critical,Maintenance In Progress,Medium,Preventive Maintenance,High,Traction Distribution,West Bengal: Kolkata-Siliguri,64.0,0.89,117,14,735.0,2,1
OHE Mast,Good,Critical,Maintenance In Progress,Critical,Condition Monitoring,Low,Traction Distribution,West Bengal: Kolkata-Siliguri,81.0,0.9,117,14,426.0,0,0
OHE Mast,Good,Critical,Maintenance In Progress,Critical,Condition Monitoring,Low,Traction Distribution,West Bengal: Kolkata-Siliguri,81.0,0.9,117,14,426.0,1,0
OHE Mast,Good,Critical,Maintenance In Progress,Critical,Condition Monitoring,Low,Traction Distribution,West Bengal: Kolkata-Siliguri,81.0,0.9,117,14,426.0,2,1
Traction Substation,Fair,Medium,Operational,Critical,Corrective Maintenance,Medium,Traction Distribution,West Bengal: Kolkata-Siliguri,98.0,0.12,85,45,453.0,0,0
Traction Substation,Fair,Medium,Operational,Critical,Corrective Maintenance,Medium,Traction Distribution,West Bengal: Kolkata-Siliguri,98.0,0.12,85,45,453.0,1,0
Traction Substation,Fair,Medium,Operational,Critical,Corrective Maintenance,Medium,Traction Distribution,West Bengal: Kolkata-Siliguri,98.0,0.12,85,45,453.0,2,1
Traction Substation,Fair,Medium,Operational,Medium,Inspection,High,Traction Distribution,West Bengal: Kolkata-Siliguri,44.0,0.13,85,45,480.0,0,1
Traction Substation,Fair,Medium,Operational,Medium,Inspection,High,Traction Distribution,West Bengal: Kolkata-Siliguri,44.0,0.13,85,45,480.0,1,0
Traction Substation,Fair,Medium,Operational,Medium,Inspection,High,Traction Distribution,West Bengal: Kolkata-Siliguri,44.0,0.13,85,45,480.0,2,0
Signal,Poor,High,Operational,Medium,Preventive Maintenance,Low,Signal & Telecommunication,West Bengal: Kolkata-Siliguri,61.0,0.14,54,77,507.0,0,0
Signal,Poor,High,Operational,Medium,Preventive Maintenance,Low,Signal & Telecommunication,West Bengal: Kolkata-Siliguri,61.0,0.14,54,77,507.0,1,1
Signal,Poor,High,Operational,Medium,Preventive Maintenance,Low,Signal & Telecommunication,West Bengal: Kolkata-Siliguri,61.0,0.14,54,77,507.0,2,0
Signal,Poor,High,Operational,Critical,Condition Monitoring,Medium,Signal & Telecommunication,West Bengal: Kolkata-Siliguri,78.0,0.15,54,77,534.0,0,0
Signal,Poor,High,Operational,Critical,Condition Monitoring,Medium,Signal & Telecommunication,West Bengal: Kolkata-Siliguri,78.0,0.15,54,77,534.0,1,1
Signal,Poor,High,Operational,Critical,Condition Monitoring,Medium,Signal & Telecommunication,West Bengal: Kolkata-Siliguri,78.0,0.15,54,77,534.0,2,1
Axle Counter,Critical,High,Under Observation,Critical,Corrective Maintenance,High,Signal & Telecommunication,West Bengal: Kolkata-Siliguri,95.0,0.16,175,17,561.0,0,1
Axle Counter,Critical,High,Under Observation,Critical,Corrective Maintenance,High,Signal & Telecommunication,West Bengal: Kolkata-Siliguri,95.0,0.16,175,17,561.0,1,1
Axle Counter,Critical,High,Under Observation,Critical,Corrective Maintenance,High,Signal & Telecommunication,West Bengal: Kolkata-Siliguri,95.0,0.16,175,17,561.0,2,1
Axle Counter,Critical,High,Under Observation,Medium,Inspection,Low,Signal & Telecommunication,West Bengal: Kolkata-Siliguri,41.0,0.17,175,17,588.0,0,0
Axle Counter,Critical,High,Under Observation,Medium,Inspection,Low,Signal & Telecommunication,West Bengal: Kolkata-Siliguri,41.0,0.17,175,17,588.0,1,0
Axle Counter,Critical,High,Under Observation,Medium,Inspection,Low,Signal & Telecommunication,West Bengal: Kolkata-Siliguri,41.0,0.17,175,17,588.0,2,1
Track,Good,Critical,Maintenance In Progress,Medium,Preventive Maintenance,Medium,Engineering,West Bengal: Kolkata-Siliguri,58.0,0.18,143,48,615.0,0,0
Track,Good,Critical,Maintenance In Progress,Medium,Preventive Maintenance,Medium,Engineering,West Bengal: Kolkata-Siliguri,58.0,0.18,143,48,615.0,1,0
Track,Good,Critical,Maintenance In Progress,Medium,Preventive Maintenance,Medium,Engineering,West Bengal: Kolkata-Siliguri,58.0,0.18,143,48,615.0,2,0
Track,Good,Critical,Maintenance In Progress,Critical,Condition Monitoring,High,Engineering,West Bengal: Kolkata-Siliguri,75.0,0.19,143,48,642.0,0,0
Track,Good,Critical,Maintenance In Progress,Critical,Condition Monitoring,High,Engineering,West Bengal: Kolkata-Siliguri,75.0,0.19,143,48,642.0,1,0
Track,Good,Critical,Maintenance In Progress,Critical,Condition Monitoring,High,Engineering,West Bengal: Kolkata-Siliguri,75.0,0.19,143,48,642.0,2,1
Turnout,Fair,Medium,Operational,Critical,Corrective Maintenance,Low,Engineering,West Bengal: Kolkata-Siliguri,92.0,0.2,112,80,669.0,0,0
Turnout,Fair,Medium,Operational,Critical,Corrective Maintenance,Low,Engineering,West Bengal: Kolkata-Siliguri,92.0,0.2,112,80,669.0,1,0
Turnout,Fair,Medium,Operational,Critical,Corrective Maintenance,Low,Engineering,West Bengal: Kolkata-Siliguri,92.0,0.2,112,80,669.0,2,0
Turnout,Fair,Medium,Operational,Medium,Inspection,Medium,Engineering,West Bengal: Kolkata-Siliguri,38.0,0.21,112,80,696.0,0,0
Turnout,Fair,Medium,Operational,Medium,Inspection,Medium,Engineering,West Bengal: Kolkata-Siliguri,38.0,0.21,112,80,696.0,1,0
Turnout,Fair,Medium,Operational,Medium,Inspection,Medium,Engineering,West Bengal: Kolkata-Siliguri,38.0,0.21,112,80,696.0,2,0
OHE Mast,Poor,High,Operational,Medium,Preventive Maintenance,High,Traction Distribution,West Bengal: Kolkata-Siliguri,55.0,0.22,80,20,723.0,0,1
OHE Mast,Poor,High,Operational,Medium,Preventive Maintenance,High,Traction Distribution,West Bengal: Kolkata-Siliguri,55.0,0.22,80,20,723.0,1,1
OHE Mast,Poor,High,Operational,Medium,Preventive Maintenance,High,Traction Distribution,West Bengal: Kolkata-Siliguri,55.0,0.22,80,20,723.0,2,0
OHE Mast,Poor,High,Operational,Critical,Condition Monitoring,Low,Traction Distribution,West Bengal: Kolkata-Siliguri,72.0,0.23,80,20,750.0,0,0
OHE Mast,Poor,High,Operational,Critical,Condition Monitoring,Low,Traction Distribution,West Bengal: Kolkata-Siliguri,72.0,0.23,80,20,750.0,1,0
OHE Mast,Poor,High,Operational,Critical,Condition Monitoring,Low,Traction Distribution,West Bengal: Kolkata-Siliguri,72.0,0.23,80,20,750.0,2,1
Traction Substation,Critical,High,Under Observation,Critical,Corrective Maintenance,Medium,Traction Distribution,West Bengal: Kolkata-Siliguri,89.0,0.24,49,51,777.0,0,0
Traction Substation,Critical,High,Under Observation,Critical,Corrective Maintenance,Medium,Traction Distribution,West Bengal: Kolkata-Siliguri,89.0,0.24,49,51,777.0,1,0
Traction Substation,Critical,High,Under Observation,Critical,Corrective Maintenance,Medium,Traction Distribution,West Bengal: Kolkata-Siliguri,89.0,0.24,49,51,777.0,2,0
Traction Substation,Critical,High,Under Observation,Medium,Inspection,High,Traction Distribution,West Bengal: Kolkata-Siliguri,35.0,0.25,49,51,468.0,0,1
Traction Substation,Critical,High,Under Observation,Medium,Inspection,High,Traction Distribution,West Bengal: Kolkata-Siliguri,35.0,0.25,49,51,468.0,1,1
Traction Substation,Critical,High,Under Observation,Medium,Inspection,High,Traction Distribution,West Bengal: Kolkata-Siliguri,35.0,0.25,49,51,468.0,2,1
Signal,Good,Critical,Maintenance In Progress,Medium,Preventive Maintenance,Low,Signal & Telecommunication,West Bengal: Kolkata-Siliguri,52.0,0.26,170,83,495.0,0,1
Signal,Good,Critical,Maintenance In Progress,Medium,Preventive Maintenance,Low,Signal & Telecommunication,West Bengal: Kolkata-Siliguri,52.0,0.26,170,83,495.0,1,0
Signal,Good,Critical,Maintenance In Progress,Medium,Preventive Maintenance,Low,Signal & Telecommunication,West Bengal: Kolkata-Siliguri,52.0,0.26,170,83,495.0,2,0
Signal,Good,Critical,Maintenance In Progress,Critical,Condition Monitoring,Medium,Signal & Telecommunication,West Bengal: Kolkata-Siliguri,69.0,0.27,170,83,522.0,0,0
Signal,Good,Critical,Maintenance In Progress,Critical,Condition Monitoring,Medium,Signal & Telecommunication,West Bengal: Kolkata-Siliguri,69.0,0.27,170,83,522.0,1,1
Signal,Good,Critical,Maintenance In Progress,Critical,Condition Monitoring,Medium,Signal & Telecommunication,West Bengal: Kolkata-Siliguri,69.0,0.27,170,83,522.0,2,0
Axle Counter,Fair,Medium,Operational,Critical,Corrective Maintenance,High,Signal & Telecommunication,West Bengal: Kolkata-Siliguri,86.0,0.28,138,23,549.0,0,0
Axle Counter,Fair,Medium,Operational,Critical,Corrective Maintenance,High,Signal & Telecommunication,West Bengal: Kolkata-Siliguri,86.0,0.28,138,23,549.0,1,0
Axle Counter,Fair,Medium,Operational,Critical,Corrective Maintenance,High,Signal & Telecommunication,West Bengal: Kolkata-Siliguri,86.0,0.28,138,23,549.0,2,0
Axle Counter,Fair,Medium,Operational,Medium,Inspection,Low,Signal & Telecommunication,West Bengal: Kolkata-Siliguri,103.0,0.29,138,23,576.0,0,0
Axle Counter,Fair,Medium,Operational,Medium,Inspection,Low,Signal & Telecommunication,West Bengal: Kolkata-Siliguri,103.0,0.29,138,23,576.0,1,0
Axle Counter,Fair,Medium,Operational,Medium,Inspection,Low,Signal & Telecommunication,West Bengal: Kolkata-Siliguri,103.0,0.29,138,23,576.0,2,0
Track,Poor,High,Operational,Medium,Preventive Maintenance,Medium,Engineering,West Bengal: Kolkata-Siliguri,49.0,0.3,107,54,603.0,0,0
Track,Poor,High,Operational,Medium,Preventive Maintenance,Medium,Engineering,West Bengal: Kolkata-Siliguri,49.0,0.3,107,54,603.0,1,1
Track,Poor,High,Operational,Medium,Preventive Maintenance,Medium,Engineering,West Bengal: Kolkata-Siliguri,49.0,0.3,107,54,603.0,2,0
Track,Poor,High,Operational,Critical,Condition Monitoring,High,Engineering,West Bengal: Kolkata-Siliguri,66.0,0.31,107,54,630.0,0,1
Track,Poor,High,Operational,Critical,Condition Monitoring,High,Engineering,West Bengal: Kolkata-Siliguri,66.0,0.31,107,54,630.0,1,0
Track,Poor,High,Operational,Critical,Condition Monitoring,High,Engineering,West Bengal: Kolkata-Siliguri,66.0,0.31,107,54,630.0,2,1
Turnout,Critical,High,Under Observation,Critical,Corrective Maintenance,Low,Engineering,West Bengal: Kolkata-Siliguri,83.0,0.32,75,86,657.0,0,1
Turnout,Critical,High,Under Observation,Critical,Corrective Maintenance,Low,Engineering,West Bengal: Kolkata-Siliguri,83.0,0.32,75,86,657.0,1,0
Turnout,Critical,High,Under Observation,Critical,Corrective Maintenance,Low,Engineering,West Bengal: Kolkata-Siliguri,83.0,0.32,75,86,657.0,2,0
Turnout,Critical,High,Under Observation,Medium,Inspection,Medium,Engineering,West Bengal: Kolkata-Siliguri,100.0,0.33,75,86,684.0,0,1
Turnout,Critical,High,Under Observation,Medium,Inspection,Medium,Engineering,West Bengal: Kolkata-Siliguri,100.0,0.33,75,86,684.0,1,1
Turnout,Critical,High,Under Observation,Medium,Inspection,Medium,Engineering,West Bengal: Kolkata-Siliguri,100.0,0.33,75,86,684.0,2,0
OHE Mast,Good,Critical,Maintenance In Progress,Medium,Preventive Maintenance,High,Traction Distribution,West Bengal: Kolkata-Siliguri,46.0,0.34,44,26,711.0,0,1
OHE Mast,Good,Critical,Maintenance In Progress,Medium,Preventive Maintenance,High,Traction Distribution,West Bengal: Kolkata-Siliguri,46.0,0.34,44,26,711.0,1,1
OHE Mast,Good,Critical,Maintenance In Progress,Medium,Preventive Maintenance,High,Traction Distribution,West Bengal: Kolkata-Siliguri,46.0,0.34,44,26,711.0,2,0
OHE Mast,Good,Critical,Maintenance In Progress,Critical,Condition Monitoring,Low,Traction Distribution,West Bengal: Kolkata-Siliguri,63.0,0.35,44,26,738.0,0,1
OHE Mast,Good,Critical,Maintenance In Progress,Critical,Condition Monitoring,Low,Traction Distribution,West Bengal: Kolkata-Siliguri,63.0,0.35,44,26,738.0,1,0
OHE Mast,Good,Critical,Maintenance In Progress,Critical,Condition Monitoring,Low,Traction Distribution,West Bengal: Kolkata-Siliguri,63.0,0.35,44,26,738.0,2,0
Traction Substation,Fair,Medium,Operational,Critical,Corrective Maintenance,Medium,Traction Distribution,West Bengal: Kolkata-Siliguri,80.0,0.36,165,32,765.0,0,0
Traction Substation,Fair,Medium,Operational,Critical,Corrective Maintenance,Medium,Traction Distribution,West Bengal: Kolkata-Siliguri,80.0,0.36,165,32,765.0,1,0
Traction Substation,Fair,Medium,Operational,Critical,Corrective Maintenance,Medium,Traction Distribution,West Bengal: Kolkata-Siliguri,80.0,0.36,165,32,765.0,2,0
Traction Substation,Fair,Medium,Operational,Medium,Inspection,High,Traction Distribution,West Bengal: Kolkata-Siliguri,97.0,0.37,165,32,792.0,0,0
Traction Substation,Fair,Medium,Operational,Medium,Inspection,High,Traction Distribution,West Bengal: Kolkata-Siliguri,97.0,0.37,165,32,792.0,1,1
Traction Substation,Fair,Medium,Operational,Medium,Inspection,High,Traction Distribution,West Bengal: Kolkata-Siliguri,97.0,0.37,165,32,792.0,2,0
Signal,Poor,High,Operational,Medium,Preventive Maintenance,Low,Signal & Telecommunication,West Bengal: Kolkata-Siliguri,43.0,0.38,133,64,819.0,0,0
Signal,Poor,High,Operational,Medium,Preventive Maintenance,Low,Signal & Telecommunication,West Bengal: Kolkata-Siliguri,43.0,0.38,133,64,819.0,1,1
Signal,Poor,High,Operational,Medium,Preventive Maintenance,Low,Signal & Telecommunication,West Bengal: Kolkata-Siliguri,43.0,0.38,133,64,819.0,2,1
Signal,Poor,High,Operational,Critical,Condition Monitoring,Medium,Signal & Telecommunication,West Bengal: Kolkata-Siliguri,60.0,0.39,133,64,510.0,0,0
Signal,Poor,High,Operational,Critical,Condition Monitoring,Medium,Signal & Telecommunication,West Bengal: Kolkata-Siliguri,60.0,0.39,133,64,510.0,1,1
Signal,Poor,High,Operational,Critical,Condition Monitoring,Medium,Signal & Telecommunication,West Bengal: Kolkata-Siliguri,60.0,0.39,133,64,510.0,2,0
Axle Counter,Critical,High,Under Observation,Critical,Corrective Maintenance,High,Signal & Telecommunication,West Bengal: Kolkata-Siliguri,77.0,0.4,102,4,537.0,0,1
Axle Counter,Critical,High,Under Observation,Critical,Corrective Maintenance,High,Signal & Telecommunication,West Bengal: Kolkata-Siliguri,77.0,0.4,102,4,537.0,1,1
Axle Counter,Critical,High,Under Observation,Critical,Corrective Maintenance,High,Signal & Telecommunication,West Bengal: Kolkata-Siliguri,77.0,0.4,102,4,537.0,2,1
Axle Counter,Critical,High,Under Observation,Medium,Inspection,Low,Signal & Telecommunication,West Bengal: Kolkata-Siliguri,94.0,0.41,102,4,564.0,0,1
Axle Counter,Critical,High,Under Observation,Medium,Inspection,Low,Signal & Telecommunication,West Bengal: Kolkata-Siliguri,94.0,0.41,102,4,564.0,1,0
Axle Counter,Critical,High,Under Observation,Medium,Inspection,Low,Signal & Telecommunication,West Bengal: Kolkata-Siliguri,94.0,0.41,102,4,564.0,2,0
Track,Good,Critical,Maintenance In Progress,Medium,Preventive Maintenance,Medium,Engineering,West Bengal: Kolkata-Siliguri,40.0,0.42,70,35,591.0,0,0
Track,Good,Critical,Maintenance In Progress,Medium,Preventive Maintenance,Medium,Engineering,West Bengal: Kolkata-Siliguri,40.0,0.42,70,35,591.0,1,0
Track,Good,Critical,Maintenance In Progress,Medium,Preventive Maintenance,Medium,Engineering,West Bengal: Kolkata-Siliguri,40.0,0.42,70,35,591.0,2,0
Track,Good,Critical,Maintenance In Progress,Critical,Condition Monitoring,High,Engineering,West Bengal: Kolkata-Siliguri,57.0,0.43,70,35,618.0,0,1
Track,Good,Critical,Maintenance In Progress,Critical,Condition Monitoring,High,Engineering,West Bengal: Kolkata-Siliguri,57.0,0.43,70,35,618.0,1,1
Track,Good,Critical,Maintenance In Progress,Critical,Condition Monitoring,High,Engineering,West Bengal: Kolkata-Siliguri,57.0,0.43,70,35,618.0,2,1
Turnout,Fair,Medium,Operational,Critical,Corrective Maintenance,Low,Engineering,West Bengal: Kolkata-Siliguri,74.0,0.44,39,67,645.0,0,0
Turnout,Fair,Medium,Operational,Critical,Corrective Maintenance,Low,Engineering,West Bengal: Kolkata-Siliguri,74.0,0.44,39,67,645.0,1,0
Turnout,Fair,Medium,Operational,Critical,Corrective Maintenance,Low,Engineering,West Bengal: Kolkata-Siliguri,74.0,0.44,39,67,645.0,2,0
Turnout,Fair,Medium,Operational,Medium,Inspection,Medium,Engineering,West Bengal: Kolkata-Siliguri,91.0,0.45,39,67,672.0,0,0
Turnout,Fair,Medium,Operational,Medium,Inspection,Medium,Engineering,West Bengal: Kolkata-Siliguri,91.0,0.45,39,67,672.0,1,0
Turnout,Fair,Medium,Operational,Medium,Inspection,Medium,Engineering,West Bengal: Kolkata-Siliguri,91.0,0.45,39,67,672.0,2,0
OHE Mast,Poor,High,Operational,Medium,Preventive Maintenance,High,Traction Distribution,West Bengal: Kolkata-Siliguri,37.0,0.46,160,7,699.0,0,0
OHE Mast,Poor,High,Operational,Medium,Preventive Maintenance,High,Traction Distribution,West Bengal: Kolkata-Siliguri,37.0,0.46,160,7,699.0,1,0
OHE Mast,Poor,High,Operational,Medium,Preventive Maintenance,High,Traction Distribution,West Bengal: Kolkata-Siliguri,37.0,0.46,160,7,699.0,2,1
OHE Mast,Poor,High,Operational,Critical,Condition Monitoring,Low,Traction Distribution,West Bengal: Kolkata-Siliguri,54.0,0.47,160,7,726.0,0,1
OHE Mast,Poor,High,Operational,Critical,Condition Monitoring,Low,Traction Distribution,West Bengal: Kolkata-Siliguri,54.0,0.47,160,7,726.0,1,1
OHE Mast,Poor,High,Operational,Critical,Condition Monitoring,Low,Traction Distribution,West Bengal: Kolkata-Siliguri,54.0,0.47,160,7,726.0,2,1
Traction Substation,Critical,High,Under Observation,Critical,Corrective Maintenance,Medium,Traction Distribution,West Bengal: Kolkata-Siliguri,71.0,0.48,128,38,753.0,0,0
Traction Substation,Critical,High,Under Observation,Critical,Corrective Maintenance,Medium,Traction Distribution,West Bengal: Kolkata-Siliguri,71.0,0.48,128,38,753.0,1,0
Traction Substation,Critical,High,Under Observation,Critical,Corrective Maintenance,Medium,Traction Distribution,West Bengal: Kolkata-Siliguri,71.0,0.48,128,38,753.0,2,1
Traction Substation,Critical,High,Under Observation,Medium,Inspection,High,Traction Distribution,West Bengal: Kolkata-Siliguri,88.0,0.49,128,38,780.0,0,0
Traction Substation,Critical,High,Under Observation,Medium,Inspection,High,Traction Distribution,West Bengal: Kolkata-Siliguri,88.0,0.49,128,38,780.0,1,1
Traction Substation,Critical,High,Under Observation,Medium,Inspection,High,Traction Distribution,West Bengal: Kolkata-Siliguri,88.0,0.49,128,38,780.0,2,1
Signal,Good,Critical,Maintenance In Progress,Medium,Preventive Maintenance,Low,Signal & Telecommunication,West Bengal: Kolkata-Siliguri,105.0,0.5,97,70,807.0,0,0
Signal,Good,Critical,Maintenance In Progress,Medium,Preventive Maintenance,Low,Signal & Telecommunication,West Bengal: Kolkata-Siliguri,105.0,0.5,97,70,807.0,1,1
Signal,Good,Critical,Maintenance In Progress,Medium,Preventive Maintenance,Low,Signal & Telecommunication,West Bengal: Kolkata-Siliguri,105.0,0.5,97,70,807.0,2,0
Signal,Good,Critical,Maintenance In Progress,Critical,Condition Monitoring,Medium,Signal & Telecommunication,West Bengal: Kolkata-Siliguri,51.0,0.51,97,70,834.0,0,1
Signal,Good,Critical,Maintenance In Progress,Critical,Condition Monitoring,Medium,Signal & Telecommunication,West Bengal: Kolkata-Siliguri,51.0,0.51,97,70,834.0,1,0
Signal,Good,Critical,Maintenance In Progress,Critical,Condition Monitoring,Medium,Signal & Telecommunication,West Bengal: Kolkata-Siliguri,51.0,0.51,97,70,834.0,2,0
Axle Counter,Fair,Medium,Operational,Critical,Corrective Maintenance,High,Signal & Telecommunication,West Bengal: Kolkata-Siliguri,68.0,0.52,89,10,861.0,0,0
Axle Counter,Fair,Medium,Operational,Critical,Corrective Maintenance,High,Signal & Telecommunication,West Bengal: Kolkata-Siliguri,68.0,0.52,89,10,861.0,1,0
Axle Counter,Fair,Medium,Operational,Critical,Corrective Maintenance,High,Signal & Telecommunication,West Bengal: Kolkata-Siliguri,68.0,0.52,89,10,861.0,2,0
Axle Counter,Fair,Medium,Operational,Medium,Inspection,Low,Signal & Telecommunication,West Bengal: Kolkata-Siliguri,85.0,0.53,89,10,48.0,0,0
Axle Counter,Fair,Medium,Operational,Medium,Inspection,Low,Signal & Telecommunication,West Bengal: Kolkata-Siliguri,85.0,0.53,89,10,48.0,1,1
Axle Counter,Fair,Medium,Operational,Medium,Inspection,Low,Signal & Telecommunication,West Bengal: Kolkata-Siliguri,85.0,0.53,89,10,48.0,2,0
