"asset_id","asset_code","asset_type","department","location_id","criticality","condition","last_maintenance","next_maintenance","status"
"AST-0001","ENG-TRK-0001","Track","Engineering","LOC-001","High","Poor","2026-04-05","2026-10-04","Operational"
"AST-0002","ENG-TO-0002","Turnout","Engineering","LOC-001","High","Critical","2026-05-06","2026-11-05","Under Observation"
"AST-0003","TD-OHE-0003","OHE Mast","Traction Distribution","LOC-001","Critical","Good","2026-06-07","2026-09-06","Maintenance In Progress"
"AST-0004","TD-TSS-0004","Traction Substation","Traction Distribution","LOC-001","Medium","Fair","2026-07-08","2026-10-07","Operational"
"AST-0005","ST-SIG-0005","Signal","Signal & Telecommunication","LOC-001","High","Poor","2026-03-09","2026-11-08","Operational"
"AST-0006","ST-AXC-0006","Axle Counter","Signal & Telecommunication","LOC-001","High","Critical","2026-04-10","2026-09-09","Under Observation"
"AST-0007","ENG-TRK-0007","Track","Engineering","LOC-002","Critical","Good","2026-05-11","2026-10-10","Maintenance In Progress"
"AST-0008","ENG-TO-0008","Turnout","Engineering","LOC-002","Medium","Fair","2026-06-12","2026-11-11","Operational"
"AST-0009","TD-OHE-0009","OHE Mast","Traction Distribution","LOC-002","High","Poor","2026-07-13","2026-09-12","Operational"
"AST-0010","TD-TSS-0010","Traction Substation","Traction Distribution","LOC-002","High","Critical","2026-03-14","2026-10-13","Under Observation"
"AST-0011","ST-SIG-0011","Signal","Signal & Telecommunication","LOC-002","Critical","Good","2026-04-15","2026-11-14","Maintenance In Progress"
"AST-0012","ST-AXC-0012","Axle Counter","Signal & Telecommunication","LOC-002","Medium","Fair","2026-05-16","2026-09-15","Operational"
"AST-0013","ENG-TRK-0013","Track","Engineering","LOC-003","High","Poor","2026-06-17","2026-10-16","Operational"
"AST-0014","ENG-TO-0014","Turnout","Engineering","LOC-003","High","Critical","2026-07-18","2026-11-17","Under Observation"
"AST-0015","TD-OHE-0015","OHE Mast","Traction Distribution","LOC-003","Critical","Good","2026-03-19","2026-09-18","Maintenance In Progress"
"AST-0016","TD-TSS-0016","Traction Substation","Traction Distribution","LOC-003","Medium","Fair","2026-04-20","2026-10-19","Operational"
"AST-0017","ST-SIG-0017","Signal","Signal & Telecommunication","LOC-003","High","Poor","2026-05-21","2026-11-20","Operational"
"AST-0018","ST-AXC-0018","Axle Counter","Signal & Telecommunication","LOC-003","High","Critical","2026-06-22","2026-09-21","Under Observation"
"AST-0019","ENG-TRK-0019","Track","Engineering","LOC-004","Critical","Good","2026-07-23","2026-10-22","Maintenance In Progress"
"AST-0020","ENG-TO-0020","Turnout","Engineering","LOC-004","Medium","Fair","2026-03-24","2026-11-23","Operational"
"AST-0021","TD-OHE-0021","OHE Mast","Traction Distribution","LOC-004","High","Poor","2026-04-25","2026-09-24","Operational"
"AST-0022","TD-TSS-0022","Traction Substation","Traction Distribution","LOC-004","High","Critical","2026-05-26","2026-10-25","Under Observation"
"AST-0023","ST-SIG-0023","Signal","Signal & Telecommunication","LOC-004","Critical","Good","2026-06-27","2026-11-26","Maintenance In Progress"
"AST-0024","ST-AXC-0024","Axle Counter","Signal & Telecommunication","LOC-004","Medium","Fair","2026-07-04","2026-09-27","Operational"
"AST-0025","ENG-TRK-0025","Track","Engineering","LOC-005","High","Poor","2026-03-05","2026-10-03","Operational"
"AST-0026","ENG-TO-0026","Turnout","Engineering","LOC-005","High","Critical","2026-04-06","2026-11-04","Under Observation"
"AST-0027","TD-OHE-0027","OHE Mast","Traction Distribution","LOC-005","Critical","Good","2026-05-07","2026-09-05","Maintenance In Progress"
"AST-0028","TD-TSS-0028","Traction Substation","Traction Distribution","LOC-005","Medium","Fair","2026-06-08","2026-10-06","Operational"
"AST-0029","ST-SIG-0029","Signal","Signal & Telecommunication","LOC-005","High","Poor","2026-07-09","2026-11-07","Operational"
"AST-0030","ST-AXC-0030","Axle Counter","Signal & Telecommunication","LOC-005","High","Critical","2026-03-10","2026-09-08","Under Observation"
"AST-0031","ENG-TRK-0031","Track","Engineering","LOC-006","Critical","Good","2026-04-11","2026-10-09","Maintenance In Progress"
"AST-0032","ENG-TO-0032","Turnout","Engineering","LOC-006","Medium","Fair","2026-05-12","2026-11-10","Operational"
"AST-0033","TD-OHE-0033","OHE Mast","Traction Distribution","LOC-006","High","Poor","2026-06-13","2026-09-11","Operational"
"AST-0034","TD-TSS-0034","Traction Substation","Traction Distribution","LOC-006","High","Critical","2026-07-14","2026-10-12","Under Observation"
"AST-0035","ST-SIG-0035","Signal","Signal & Telecommunication","LOC-006","Critical","Good","2026-03-15","2026-11-13","Maintenance In Progress"
"AST-0036","ST-AXC-0036","Axle Counter","Signal & Telecommunication","LOC-006","Medium","Fair","2026-04-16","2026-09-14","Operational"
"AST-0037","ENG-TRK-0037","Track","Engineering","LOC-007","High","Poor","2026-05-17","2026-10-15","Operational"
"AST-0038","ENG-TO-0038","Turnout","Engineering","LOC-007","High","Critical","2026-06-18","2026-11-16","Under Observation"
"AST-0039","TD-OHE-0039","OHE Mast","Traction Distribution","LOC-007","Critical","Good","2026-07-19","2026-09-17","Maintenance In Progress"
"AST-0040","TD-TSS-0040","Traction Substation","Traction Distribution","LOC-007","Medium","Fair","2026-03-20","2026-10-18","Operational"
"AST-0041","ST-SIG-0041","Signal","Signal & Telecommunication","LOC-007","High","Poor","2026-04-21","2026-11-19","Operational"
"AST-0042","ST-AXC-0042","Axle Counter","Signal & Telecommunication","LOC-007","High","Critical","2026-05-22","2026-09-20","Under Observation"
"AST-0043","ENG-TRK-0043","Track","Engineering","LOC-008","Critical","Good","2026-06-23","2026-10-21","Maintenance In Progress"
"AST-0044","ENG-TO-0044","Turnout","Engineering","LOC-008","Medium","Fair","2026-07-24","2026-11-22","Operational"
"AST-0045","TD-OHE-0045","OHE Mast","Traction Distribution","LOC-008","High","Poor","2026-03-25","2026-09-23","Operational"
"AST-0046","TD-TSS-0046","Traction Substation","Traction Distribution","LOC-008","High","Critical","2026-04-26","2026-10-24","Under Observation"
"AST-0047","ST-SIG-0047","Signal","Signal & Telecommunication","LOC-008","Critical","Good","2026-05-27","2026-11-25","Maintenance In Progress"
"AST-0048","ST-AXC-0048","Axle Counter","Signal & Telecommunication","LOC-008","Medium","Fair","2026-06-04","2026-09-26","Operational"
"AST-0049","ENG-TRK-0049","Track","Engineering","LOC-009","High","Poor","2026-07-05","2026-10-27","Operational"
"AST-0050","ENG-TO-0050","Turnout","Engineering","LOC-009","High","Critical","2026-03-06","2026-11-03","Under Observation"
"AST-0051","TD-OHE-0051","OHE Mast","Traction Distribution","LOC-009","Critical","Good","2026-04-07","2026-09-04","Maintenance In Progress"
"AST-0052","TD-TSS-0052","Traction Substation","Traction Distribution","LOC-009","Medium","Fair","2026-05-08","2026-10-05","Operational"
"AST-0053","ST-SIG-0053","Signal","Signal & Telecommunication","LOC-009","High","Poor","2026-06-09","2026-11-06","Operational"
"AST-0054","ST-AXC-0054","Axle Counter","Signal & Telecommunication","LOC-009","High","Critical","2026-07-10","2026-09-07","Under Observation"
"AST-0055","ENG-TRK-0055","Track","Engineering","LOC-010","Critical","Good","2026-03-11","2026-10-08","Maintenance In Progress"
"AST-0056","ENG-TO-0056","Turnout","Engineering","LOC-010","Medium","Fair","2026-04-12","2026-11-09","Operational"
"AST-0057","TD-OHE-0057","OHE Mast","Traction Distribution","LOC-010","High","Poor","2026-05-13","2026-09-10","Operational"
"AST-0058","TD-TSS-0058","Traction Substation","Traction Distribution","LOC-010","High","Critical","2026-06-14","2026-10-11","Under Observation"
"AST-0059","ST-SIG-0059","Signal","Signal & Telecommunication","LOC-010","Critical","Good","2026-07-15","2026-11-12","Maintenance In Progress"
"AST-0060","ST-AXC-0060","Axle Counter","Signal & Telecommunication","LOC-010","Medium","Fair","2026-03-16","2026-09-13","Operational"
"AST-0061","ENG-TRK-0061","Track","Engineering","LOC-011","High","Poor","2026-04-17","2026-10-14","Operational"
"AST-0062","ENG-TO-0062","Turnout","Engineering","LOC-011","High","Critical","2026-05-18","2026-11-15","Under Observation"
"AST-0063","TD-OHE-0063","OHE Mast","Traction Distribution","LOC-011","Critical","Good","2026-06-19","2026-09-16","Maintenance In Progress"
"AST-0064","TD-TSS-0064","Traction Substation","Traction Distribution","LOC-011","Medium","Fair","2026-07-20","2026-10-17","Operational"
"AST-0065","ST-SIG-0065","Signal","Signal & Telecommunication","LOC-011","High","Poor","2026-03-21","2026-11-18","Operational"
"AST-0066","ST-AXC-0066","Axle Counter","Signal & Telecommunication","LOC-011","High","Critical","2026-04-22","2026-09-19","Under Observation"
"AST-0067","ENG-TRK-0067","Track","Engineering","LOC-012","Critical","Good","2026-05-23","2026-10-20","Maintenance In Progress"
"AST-0068","ENG-TO-0068","Turnout","Engineering","LOC-012","Medium","Fair","2026-06-24","2026-11-21","Operational"
"AST-0069","TD-OHE-0069","OHE Mast","Traction Distribution","LOC-012","High","Poor","2026-07-25","2026-09-22","Operational"
"AST-0070","TD-TSS-0070","Traction Substation","Traction Distribution","LOC-012","High","Critical","2026-03-26","2026-10-23","Under Observation"
"AST-0071","ST-SIG-0071","Signal","Signal & Telecommunication","LOC-012","Critical","Good","2026-04-27","2026-11-24","Maintenance In Progress"
"AST-0072","ST-AXC-0072","Axle Counter","Signal & Telecommunication","LOC-012","Medium","Fair","2026-05-04","2026-09-25","Operational"
"AST-0073","ENG-TRK-0073","Track","Engineering","LOC-013","High","Poor","2026-06-05","2026-10-26","Operational"
"AST-0074","ENG-TO-0074","Turnout","Engineering","LOC-013","High","Critical","2026-07-06","2026-11-27","Under Observation"
"AST-0075","TD-OHE-0075","OHE Mast","Traction Distribution","LOC-013","Critical","Good","2026-03-07","2026-09-03","Maintenance In Progress"
"AST-0076","TD-TSS-0076","Traction Substation","Traction Distribution","LOC-013","Medium","Fair","2026-04-08","2026-10-04","Operational"
"AST-0077","ST-SIG-0077","Signal","Signal & Telecommunication","LOC-013","High","Poor","2026-05-09","2026-11-05","Operational"
"AST-0078","ST-AXC-0078","Axle Counter","Signal & Telecommunication","LOC-013","High","Critical","2026-06-10","2026-09-06","Under Observation"
"AST-0079","ENG-TRK-0079","Track","Engineering","LOC-014","Critical","Good","2026-07-11","2026-10-07","Maintenance In Progress"
"AST-0080","ENG-TO-0080","Turnout","Engineering","LOC-014","Medium","Fair","2026-03-12","2026-11-08","Operational"
"AST-0081","TD-OHE-0081","OHE Mast","Traction Distribution","LOC-014","High","Poor","2026-04-13","2026-09-09","Operational"
"AST-0082","TD-TSS-0082","Traction Substation","Traction Distribution","LOC-014","High","Critical","2026-05-14","2026-10-10","Under Observation"
"AST-0083","ST-SIG-0083","Signal","Signal & Telecommunication","LOC-014","Critical","Good","2026-06-15","2026-11-11","Maintenance In Progress"
"AST-0084","ST-AXC-0084","Axle Counter","Signal & Telecommunication","LOC-014","Medium","Fair","2026-07-16","2026-09-12","Operational"
"AST-0085","ENG-TRK-0085","Track","Engineering","LOC-015","High","Poor","2026-03-17","2026-10-13","Operational"
"AST-0086","ENG-TO-0086","Turnout","Engineering","LOC-015","High","Critical","2026-04-18","2026-11-14","Under Observation"
"AST-0087","TD-OHE-0087","OHE Mast","Traction Distribution","LOC-015","Critical","Good","2026-05-19","2026-09-15","Maintenance In Progress"
"AST-0088","TD-TSS-0088","Traction Substation","Traction Distribution","LOC-015","Medium","Fair","2026-06-20","2026-10-16","Operational"
"AST-0089","ST-SIG-0089","Signal","Signal & Telecommunication","LOC-015","High","Poor","2026-07-21","2026-11-17","Operational"
"AST-0090","ST-AXC-0090","Axle Counter","Signal & Telecommunication","LOC-015","High","Critical","2026-03-22","2026-09-18","Under Observation"
"AST-0091","ENG-TRK-0091","Track","Engineering","LOC-016","Critical","Good","2026-04-23","2026-10-19","Maintenance In Progress"
"AST-0092","ENG-TO-0092","Turnout","Engineering","LOC-016","Medium","Fair","2026-05-24","2026-11-20","Operational"
"AST-0093","TD-OHE-0093","OHE Mast","Traction Distribution","LOC-016","High","Poor","2026-06-25","2026-09-21","Operational"
"AST-0094","TD-TSS-0094","Traction Substation","Traction Distribution","LOC-016","High","Critical","2026-07-26","2026-10-22","Under Observation"
"AST-0095","ST-SIG-0095","Signal","Signal & Telecommunication","LOC-016","Critical","Good","2026-03-27","2026-11-23","Maintenance In Progress"
"AST-0096","ST-AXC-0096","Axle Counter","Signal & Telecommunication","LOC-016","Medium","Fair","2026-04-04","2026-09-24","Operational"
"AST-0097","ENG-TRK-0097","Track","Engineering","LOC-017","High","Poor","2026-05-05","2026-10-25","Operational"
"AST-0098","ENG-TO-0098","Turnout","Engineering","LOC-017","High","Critical","2026-06-06","2026-11-26","Under Observation"
"AST-0099","TD-OHE-0099","OHE Mast","Traction Distribution","LOC-017","Critical","Good","2026-07-07","2026-09-27","Maintenance In Progress"
"AST-0100","TD-TSS-0100","Traction Substation","Traction Distribution","LOC-017","Medium","Fair","2026-03-08","2026-10-03","Operational"
"AST-0101","ST-SIG-0101","Signal","Signal & Telecommunication","LOC-017","High","Poor","2026-04-09","2026-11-04","Operational"
"AST-0102","ST-AXC-0102","Axle Counter","Signal & Telecommunication","LOC-017","High","Critical","2026-05-10","2026-09-05","Under Observation"
"AST-0103","ENG-TRK-0103","Track","Engineering","LOC-018","Critical","Good","2026-06-11","2026-10-06","Maintenance In Progress"
"AST-0104","ENG-TO-0104","Turnout","Engineering","LOC-018","Medium","Fair","2026-07-12","2026-11-07","Operational"
"AST-0105","TD-OHE-0105","OHE Mast","Traction Distribution","LOC-018","High","Poor","2026-03-13","2026-09-08","Operational"
"AST-0106","TD-TSS-0106","Traction Substation","Traction Distribution","LOC-018","High","Critical","2026-04-14","2026-10-09","Under Observation"
"AST-0107","ST-SIG-0107","Signal","Signal & Telecommunication","LOC-018","Critical","Good","2026-05-15","2026-11-10","Maintenance In Progress"
"AST-0108","ST-AXC-0108","Axle Counter","Signal & Telecommunication","LOC-018","Medium","Fair","2026-06-16","2026-09-11","Operational"
"AST-0109","ENG-TRK-0109","Track","Engineering","LOC-019","High","Poor","2026-07-17","2026-10-12","Operational"
"AST-0110","ENG-TO-0110","Turnout","Engineering","LOC-019","High","Critical","2026-03-18","2026-11-13","Under Observation"
"AST-0111","TD-OHE-0111","OHE Mast","Traction Distribution","LOC-019","Critical","Good","2026-04-19","2026-09-14","Maintenance In Progress"
"AST-0112","TD-TSS-0112","Traction Substation","Traction Distribution","LOC-019","Medium","Fair","2026-05-20","2026-10-15","Operational"
"AST-0113","ST-SIG-0113","Signal","Signal & Telecommunication","LOC-019","High","Poor","2026-06-21","2026-11-16","Operational"
"AST-0114","ST-AXC-0114","Axle Counter","Signal & Telecommunication","LOC-019","High","Critical","2026-07-22","2026-09-17","Under Observation"
"AST-0115","ENG-TRK-0115","Track","Engineering","LOC-020","Critical","Good","2026-03-23","2026-10-18","Maintenance In Progress"
"AST-0116","ENG-TO-0116","Turnout","Engineering","LOC-020","Medium","Fair","2026-04-24","2026-11-19","Operational"
"AST-0117","TD-OHE-0117","OHE Mast","Traction Distribution","LOC-020","High","Poor","2026-05-25","2026-09-20","Operational"
"AST-0118","TD-TSS-0118","Traction Substation","Traction Distribution","LOC-020","High","Critical","2026-06-26","2026-10-21","Under Observation"
"AST-0119","ST-SIG-0119","Signal","Signal & Telecommunication","LOC-020","Critical","Good","2026-07-27","2026-11-22","Maintenance In Progress"
"AST-0120","ST-AXC-0120","Axle Counter","Signal & Telecommunication","LOC-020","Medium","Fair","2026-03-04","2026-09-23","Operational"
"AST-0121","ENG-TRK-0121","Track","Engineering","LOC-021","High","Poor","2026-04-05","2026-10-24","Operational"
"AST-0122","ENG-TO-0122","Turnout","Engineering","LOC-021","High","Critical","2026-05-06","2026-11-25","Under Observation"
"AST-0123","TD-OHE-0123","OHE Mast","Traction Distribution","LOC-021","Critical","Good","2026-06-07","2026-09-26","Maintenance In Progress"
"AST-0124","TD-TSS-0124","Traction Substation","Traction Distribution","LOC-021","Medium","Fair","2026-07-08","2026-10-27","Operational"
"AST-0125","ST-SIG-0125","Signal","Signal & Telecommunication","LOC-021","High","Poor","2026-03-09","2026-11-03","Operational"
"AST-0126","ST-AXC-0126","Axle Counter","Signal & Telecommunication","LOC-021","High","Critical","2026-04-10","2026-09-04","Under Observation"
"AST-0127","ENG-TRK-0127","Track","Engineering","LOC-022","Critical","Good","2026-05-11","2026-10-05","Maintenance In Progress"
"AST-0128","ENG-TO-0128","Turnout","Engineering","LOC-022","Medium","Fair","2026-06-12","2026-11-06","Operational"
"AST-0129","TD-OHE-0129","OHE Mast","Traction Distribution","LOC-022","High","Poor","2026-07-13","2026-09-07","Operational"
"AST-0130","TD-TSS-0130","Traction Substation","Traction Distribution","LOC-022","High","Critical","2026-03-14","2026-10-08","Under Observation"
"AST-0131","ST-SIG-0131","Signal","Signal & Telecommunication","LOC-022","Critical","Good","2026-04-15","2026-11-09","Maintenance In Progress"
"AST-0132","ST-AXC-0132","Axle Counter","Signal & Telecommunication","LOC-022","Medium","Fair","2026-05-16","2026-09-10","Operational"
"AST-0133","ENG-TRK-0133","Track","Engineering","LOC-023","High","Poor","2026-06-17","2026-10-11","Operational"
"AST-0134","ENG-TO-0134","Turnout","Engineering","LOC-023","High","Critical","2026-07-18","2026-11-12","Under Observation"
"AST-0135","TD-OHE-0135","OHE Mast","Traction Distribution","LOC-023","Critical","Good","2026-03-19","2026-09-13","Maintenance In Progress"
"AST-0136","TD-TSS-0136","Traction Substation","Traction Distribution","LOC-023","Medium","Fair","2026-04-20","2026-10-14","Operational"
"AST-0137","ST-SIG-0137","Signal","Signal & Telecommunication","LOC-023","High","Poor","2026-05-21","2026-11-15","Operational"
"AST-0138","ST-AXC-0138","Axle Counter","Signal & Telecommunication","LOC-023","High","Critical","2026-06-22","2026-09-16","Under Observation"
"AST-0139","ENG-TRK-0139","Track","Engineering","LOC-024","Critical","Good","2026-07-23","2026-10-17","Maintenance In Progress"
"AST-0140","ENG-TO-0140","Turnout","Engineering","LOC-024","Medium","Fair","2026-03-24","2026-11-18","Operational"
"AST-0141","TD-OHE-0141","OHE Mast","Traction Distribution","LOC-024","High","Poor","2026-04-25","2026-09-19","Operational"
"AST-0142","TD-TSS-0142","Traction Substation","Traction Distribution","LOC-024","High","Critical","2026-05-26","2026-10-20","Under Observation"
"AST-0143","ST-SIG-0143","Signal","Signal & Telecommunication","LOC-024","Critical","Good","2026-06-27","2026-11-21","Maintenance In Progress"
"AST-0144","ST-AXC-0144","Axle Counter","Signal & Telecommunication","LOC-024","Medium","Fair","2026-07-04","2026-09-22","Operational"
"AST-0145","ENG-TRK-0145","Track","Engineering","LOC-025","High","Poor","2026-03-05","2026-10-23","Operational"
"AST-0146","ENG-TO-0146","Turnout","Engineering","LOC-025","High","Critical","2026-04-06","2026-11-24","Under Observation"
"AST-0147","TD-OHE-0147","OHE Mast","Traction Distribution","LOC-025","Critical","Good","2026-05-07","2026-09-25","Maintenance In Progress"
"AST-0148","TD-TSS-0148","Traction Substation","Traction Distribution","LOC-025","Medium","Fair","2026-06-08","2026-10-26","Operational"
"AST-0149","ST-SIG-0149","Signal","Signal & Telecommunication","LOC-025","High","Poor","2026-07-09","2026-11-27","Operational"
"AST-0150","ST-AXC-0150","Axle Counter","Signal & Telecommunication","LOC-025","High","Critical","2026-03-10","2026-09-03","Under Observation"
"AST-0151","ENG-TRK-0151","Track","Engineering","LOC-026","Critical","Good","2026-04-11","2026-10-04","Maintenance In Progress"
"AST-0152","ENG-TO-0152","Turnout","Engineering","LOC-026","Medium","Fair","2026-05-12","2026-11-05","Operational"
"AST-0153","TD-OHE-0153","OHE Mast","Traction Distribution","LOC-026","High","Poor","2026-06-13","2026-09-06","Operational"
"AST-0154","TD-TSS-0154","Traction Substation","Traction Distribution","LOC-026","High","Critical","2026-07-14","2026-10-07","Under Observation"
"AST-0155","ST-SIG-0155","Signal","Signal & Telecommunication","LOC-026","Critical","Good","2026-03-15","2026-11-08","Maintenance In Progress"
"AST-0156","ST-AXC-0156","Axle Counter","Signal & Telecommunication","LOC-026","Medium","Fair","2026-04-16","2026-09-09","Operational"
"AST-0157","ENG-TRK-0157","Track","Engineering","LOC-027","High","Poor","2026-05-17","2026-10-10","Operational"
"AST-0158","ENG-TO-0158","Turnout","Engineering","LOC-027","High","Critical","2026-06-18","2026-11-11","Under Observation"
"AST-0159","TD-OHE-0159","OHE Mast","Traction Distribution","LOC-027","Critical","Good","2026-07-19","2026-09-12","Maintenance In Progress"
"AST-0160","TD-TSS-0160","Traction Substation","Traction Distribution","LOC-027","Medium","Fair","2026-03-20","2026-10-13","Operational"
"AST-0161","ST-SIG-0161","Signal","Signal & Telecommunication","LOC-027","High","Poor","2026-04-21","2026-11-14","Operational"
"AST-0162","ST-AXC-0162","Axle Counter","Signal & Telecommunication","LOC-027","High","Critical","2026-05-22","2026-09-15","Under Observation"
"AST-0163","ENG-TRK-0163","Track","Engineering","LOC-028","Critical","Good","2026-06-23","2026-10-16","Maintenance In Progress"
"AST-0164","ENG-TO-0164","Turnout","Engineering","LOC-028","Medium","Fair","2026-07-24","2026-11-17","Operational"
"AST-0165","TD-OHE-0165","OHE Mast","Traction Distribution","LOC-028","High","Poor","2026-03-25","2026-09-18","Operational"
"AST-0166","TD-TSS-0166","Traction Substation","Traction Distribution","LOC-028","High","Critical","2026-04-26","2026-10-19","Under Observation"
"AST-0167","ST-SIG-0167","Signal","Signal & Telecommunication","LOC-028","Critical","Good","2026-05-27","2026-11-20","Maintenance In Progress"
"AST-0168","ST-AXC-0168","Axle Counter","Signal & Telecommunication","LOC-028","Medium","Fair","2026-06-04","2026-09-21","Operational"
"AST-0169","ENG-TRK-0169","Track","Engineering","LOC-029","High","Poor","2026-07-05","2026-10-22","Operational"
"AST-0170","ENG-TO-0170","Turnout","Engineering","LOC-029","High","Critical","2026-03-06","2026-11-23","Under Observation"
"AST-0171","TD-OHE-0171","OHE Mast","Traction Distribution","LOC-029","Critical","Good","2026-04-07","2026-09-24","Maintenance In Progress"
"AST-0172","TD-TSS-0172","Traction Substation","Traction Distribution","LOC-029","Medium","Fair","2026-05-08","2026-10-25","Operational"
"AST-0173","ST-SIG-0173","Signal","Signal & Telecommunication","LOC-029","High","Poor","2026-06-09","2026-11-26","Operational"
"AST-0174","ST-AXC-0174","Axle Counter","Signal & Telecommunication","LOC-029","High","Critical","2026-07-10","2026-09-27","Under Observation"
"AST-0175","ENG-TRK-0175","Track","Engineering","LOC-030","Critical","Good","2026-03-11","2026-10-03","Maintenance In Progress"
"AST-0176","ENG-TO-0176","Turnout","Engineering","LOC-030","Medium","Fair","2026-04-12","2026-11-04","Operational"
"AST-0177","TD-OHE-0177","OHE Mast","Traction Distribution","LOC-030","High","Poor","2026-05-13","2026-09-05","Operational"
"AST-0178","TD-TSS-0178","Traction Substation","Traction Distribution","LOC-030","High","Critical","2026-06-14","2026-10-06","Under Observation"
"AST-0179","ST-SIG-0179","Signal","Signal & Telecommunication","LOC-030","Critical","Good","2026-07-15","2026-11-07","Maintenance In Progress"
"AST-0180","ST-AXC-0180","Axle Counter","Signal & Telecommunication","LOC-030","Medium","Fair","2026-03-16","2026-09-08","Operational"
"AST-0181","ENG-TRK-0181","Track","Engineering","LOC-031","High","Poor","2026-04-17","2026-10-09","Operational"
"AST-0182","ENG-TO-0182","Turnout","Engineering","LOC-031","High","Critical","2026-05-18","2026-11-10","Under Observation"
"AST-0183","TD-OHE-0183","OHE Mast","Traction Distribution","LOC-031","Critical","Good","2026-06-19","2026-09-11","Maintenance In Progress"
"AST-0184","TD-TSS-0184","Traction Substation","Traction Distribution","LOC-031","Medium","Fair","2026-07-20","2026-10-12","Operational"
"AST-0185","ST-SIG-0185","Signal","Signal & Telecommunication","LOC-031","High","Poor","2026-03-21","2026-11-13","Operational"
"AST-0186","ST-AXC-0186","Axle Counter","Signal & Telecommunication","LOC-031","High","Critical","2026-04-22","2026-09-14","Under Observation"
"AST-0187","ENG-TRK-0187","Track","Engineering","LOC-032","Critical","Good","2026-05-23","2026-10-15","Maintenance In Progress"
"AST-0188","ENG-TO-0188","Turnout","Engineering","LOC-032","Medium","Fair","2026-06-24","2026-11-16","Operational"
"AST-0189","TD-OHE-0189","OHE Mast","Traction Distribution","LOC-032","High","Poor","2026-07-25","2026-09-17","Operational"
"AST-0190","TD-TSS-0190","Traction Substation","Traction Distribution","LOC-032","High","Critical","2026-03-26","2026-10-18","Under Observation"
"AST-0191","ST-SIG-0191","Signal","Signal & Telecommunication","LOC-032","Critical","Good","2026-04-27","2026-11-19","Maintenance In Progress"
"AST-0192","ST-AXC-0192","Axle Counter","Signal & Telecommunication","LOC-032","Medium","Fair","2026-05-04","2026-09-20","Operational"
"AST-0193","ENG-TRK-0193","Track","Engineering","LOC-033","High","Poor","2026-06-05","2026-10-21","Operational"
"AST-0194","ENG-TO-0194","Turnout","Engineering","LOC-033","High","Critical","2026-07-06","2026-11-22","Under Observation"
"AST-0195","TD-OHE-0195","OHE Mast","Traction Distribution","LOC-033","Critical","Good","2026-03-07","2026-09-23","Maintenance In Progress"
"AST-0196","TD-TSS-0196","Traction Substation","Traction Distribution","LOC-033","Medium","Fair","2026-04-08","2026-10-24","Operational"
"AST-0197","ST-SIG-0197","Signal","Signal & Telecommunication","LOC-033","High","Poor","2026-05-09","2026-11-25","Operational"
"AST-0198","ST-AXC-0198","Axle Counter","Signal & Telecommunication","LOC-033","High","Critical","2026-06-10","2026-09-26","Under Observation"
"AST-0199","ENG-TRK-0199","Track","Engineering","LOC-034","Critical","Good","2026-07-11","2026-10-27","Maintenance In Progress"
"AST-0200","ENG-TO-0200","Turnout","Engineering","LOC-034","Medium","Fair","2026-03-12","2026-11-03","Operational"
"AST-0201","TD-OHE-0201","OHE Mast","Traction Distribution","LOC-034","High","Poor","2026-04-13","2026-09-04","Operational"
"AST-0202","TD-TSS-0202","Traction Substation","Traction Distribution","LOC-034","High","Critical","2026-05-14","2026-10-05","Under Observation"
"AST-0203","ST-SIG-0203","Signal","Signal & Telecommunication","LOC-034","Critical","Good","2026-06-15","2026-11-06","Maintenance In Progress"
"AST-0204","ST-AXC-0204","Axle Counter","Signal & Telecommunication","LOC-034","Medium","Fair","2026-07-16","2026-09-07","Operational"
"AST-0205","ENG-TRK-0205","Track","Engineering","LOC-035","High","Poor","2026-03-17","2026-10-08","Operational"
"AST-0206","ENG-TO-0206","Turnout","Engineering","LOC-035","High","Critical","2026-04-18","2026-11-09","Under Observation"
"AST-0207","TD-OHE-0207","OHE Mast","Traction Distribution","LOC-035","Critical","Good","2026-05-19","2026-09-10","Maintenance In Progress"
"AST-0208","TD-TSS-0208","Traction Substation","Traction Distribution","LOC-035","Medium","Fair","2026-06-20","2026-10-11","Operational"
"AST-0209","ST-SIG-0209","Signal","Signal & Telecommunication","LOC-035","High","Poor","2026-07-21","2026-11-12","Operational"
"AST-0210","ST-AXC-0210","Axle Counter","Signal & Telecommunication","LOC-035","High","Critical","2026-03-22","2026-09-13","Under Observation"
"AST-0211","ENG-TRK-0211","Track","Engineering","LOC-036","Critical","Good","2026-04-23","2026-10-14","Maintenance In Progress"
"AST-0212","ENG-TO-0212","Turnout","Engineering","LOC-036","Medium","Fair","2026-05-24","2026-11-15","Operational"
"AST-0213","TD-OHE-0213","OHE Mast","Traction Distribution","LOC-036","High","Poor","2026-06-25","2026-09-16","Operational"
"AST-0214","TD-TSS-0214","Traction Substation","Traction Distribution","LOC-036","High","Critical","2026-07-26","2026-10-17","Under Observation"
"AST-0215","ST-SIG-0215","Signal","Signal & Telecommunication","LOC-036","Critical","Good","2026-03-27","2026-11-18","Maintenance In Progress"
"AST-0216","ST-AXC-0216","Axle Counter","Signal & Telecommunication","LOC-036","Medium","Fair","2026-04-04","2026-09-19","Operational"
"AST-0217","ENG-TRK-0217","Track","Engineering","LOC-037","High","Poor","2026-05-05","2026-10-20","Operational"
"AST-0218","ENG-TO-0218","Turnout","Engineering","LOC-037","High","Critical","2026-06-06","2026-11-21","Under Observation"
"AST-0219","TD-OHE-0219","OHE Mast","Traction Distribution","LOC-037","Critical","Good","2026-07-07","2026-09-22","Maintenance In Progress"
"AST-0220","TD-TSS-0220","Traction Substation","Traction Distribution","LOC-037","Medium","Fair","2026-03-08","2026-10-23","Operational"
"AST-0221","ST-SIG-0221","Signal","Signal & Telecommunication","LOC-037","High","Poor","2026-04-09","2026-11-24","Operational"
"AST-0222","ST-AXC-0222","Axle Counter","Signal & Telecommunication","LOC-037","High","Critical","2026-05-10","2026-09-25","Under Observation"
"AST-0223","ENG-TRK-0223","Track","Engineering","LOC-038","Critical","Good","2026-06-11","2026-10-26","Maintenance In Progress"
"AST-0224","ENG-TO-0224","Turnout","Engineering","LOC-038","Medium","Fair","2026-07-12","2026-11-27","Operational"
"AST-0225","TD-OHE-0225","OHE Mast","Traction Distribution","LOC-038","High","Poor","2026-03-13","2026-09-03","Operational"
"AST-0226","TD-TSS-0226","Traction Substation","Traction Distribution","LOC-038","High","Critical","2026-04-14","2026-10-04","Under Observation"
"AST-0227","ST-SIG-0227","Signal","Signal & Telecommunication","LOC-038","Critical","Good","2026-05-15","2026-11-05","Maintenance In Progress"
"AST-0228","ST-AXC-0228","Axle Counter","Signal & Telecommunication","LOC-038","Medium","Fair","2026-06-16","2026-09-06","Operational"
"AST-0229","ENG-TRK-0229","Track","Engineering","LOC-039","High","Poor","2026-07-17","2026-10-07","Operational"
"AST-0230","ENG-TO-0230","Turnout","Engineering","LOC-039","High","Critical","2026-03-18","2026-11-08","Under Observation"
"AST-0231","TD-OHE-0231","OHE Mast","Traction Distribution","LOC-039","Critical","Good","2026-04-19","2026-09-09","Maintenance In Progress"
"AST-0232","TD-TSS-0232","Traction Substation","Traction Distribution","LOC-039","Medium","Fair","2026-05-20","2026-10-10","Operational"
"AST-0233","ST-SIG-0233","Signal","Signal & Telecommunication","LOC-039","High","Poor","2026-06-21","2026-11-11","Operational"
"AST-0234","ST-AXC-0234","Axle Counter","Signal & Telecommunication","LOC-039","High","Critical","2026-07-22","2026-09-12","Under Observation"
"AST-0235","ENG-TRK-0235","Track","Engineering","LOC-040","Critical","Good","2026-03-23","2026-10-13","Maintenance In Progress"
"AST-0236","ENG-TO-0236","Turnout","Engineering","LOC-040","Medium","Fair","2026-04-24","2026-11-14","Operational"
"AST-0237","TD-OHE-0237","OHE Mast","Traction Distribution","LOC-040","High","Poor","2026-05-25","2026-09-15","Operational"
"AST-0238","TD-TSS-0238","Traction Substation","Traction Distribution","LOC-040","High","Critical","2026-06-26","2026-10-16","Under Observation"
"AST-0239","ST-SIG-0239","Signal","Signal & Telecommunication","LOC-040","Critical","Good","2026-07-27","2026-11-17","Maintenance In Progress"
"AST-0240","ST-AXC-0240","Axle Counter","Signal & Telecommunication","LOC-040","Medium","Fair","2026-03-04","2026-09-18","Operational"
"AST-0241","ENG-TRK-0241","Track","Engineering","LOC-041","High","Poor","2026-04-05","2026-10-19","Operational"
"AST-0242","ENG-TO-0242","Turnout","Engineering","LOC-041","High","Critical","2026-05-06","2026-11-20","Under Observation"
"AST-0243","TD-OHE-0243","OHE Mast","Traction Distribution","LOC-041","Critical","Good","2026-06-07","2026-09-21","Maintenance In Progress"
"AST-0244","TD-TSS-0244","Traction Substation","Traction Distribution","LOC-041","Medium","Fair","2026-07-08","2026-10-22","Operational"
"AST-0245","ST-SIG-0245","Signal","Signal & Telecommunication","LOC-041","High","Poor","2026-03-09","2026-11-23","Operational"
"AST-0246","ST-AXC-0246","Axle Counter","Signal & Telecommunication","LOC-041","High","Critical","2026-04-10","2026-09-24","Under Observation"
"AST-0247","ENG-TRK-0247","Track","Engineering","LOC-042","Critical","Good","2026-05-11","2026-10-25","Maintenance In Progress"
"AST-0248","ENG-TO-0248","Turnout","Engineering","LOC-042","Medium","Fair","2026-06-12","2026-11-26","Operational"
"AST-0249","TD-OHE-0249","OHE Mast","Traction Distribution","LOC-042","High","Poor","2026-07-13","2026-09-27","Operational"
"AST-0250","TD-TSS-0250","Traction Substation","Traction Distribution","LOC-042","High","Critical","2026-03-14","2026-10-03","Under Observation"
"AST-0251","ST-SIG-0251","Signal","Signal & Telecommunication","LOC-042","Critical","Good","2026-04-15","2026-11-04","Maintenance In Progress"
"AST-0252","ST-AXC-0252","Axle Counter","Signal & Telecommunication","LOC-042","Medium","Fair","2026-05-16","2026-09-05","Operational"
"AST-0253","ENG-TRK-0253","Track","Engineering","LOC-043","High","Poor","2026-06-17","2026-10-06","Operational"
"AST-0254","ENG-TO-0254","Turnout","Engineering","LOC-043","High","Critical","2026-07-18","2026-11-07","Under Observation"
"AST-0255","TD-OHE-0255","OHE Mast","Traction Distribution","LOC-043","Critical","Good","2026-03-19","2026-09-08","Maintenance In Progress"
"AST-0256","TD-TSS-0256","Traction Substation","Traction Distribution","LOC-043","Medium","Fair","2026-04-20","2026-10-09","Operational"
"AST-0257","ST-SIG-0257","Signal","Signal & Telecommunication","LOC-043","High","Poor","2026-05-21","2026-11-10","Operational"
"AST-0258","ST-AXC-0258","Axle Counter","Signal & Telecommunication","LOC-043","High","Critical","2026-06-22","2026-09-11","Under Observation"
"AST-0259","ENG-TRK-0259","Track","Engineering","LOC-044","Critical","Good","2026-07-23","2026-10-12","Maintenance In Progress"
"AST-0260","ENG-TO-0260","Turnout","Engineering","LOC-044","Medium","Fair","2026-03-24","2026-11-13","Operational"
"AST-0261","TD-OHE-0261","OHE Mast","Traction Distribution","LOC-044","High","Poor","2026-04-25","2026-09-14","Operational"
"AST-0262","TD-TSS-0262","Traction Substation","Traction Distribution","LOC-044","High","Critical","2026-05-26","2026-10-15","Under Observation"
"AST-0263","ST-SIG-0263","Signal","Signal & Telecommunication","LOC-044","Critical","Good","2026-06-27","2026-11-16","Maintenance In Progress"
"AST-0264","ST-AXC-0264","Axle Counter","Signal & Telecommunication","LOC-044","Medium","Fair","2026-07-04","2026-09-17","Operational"
"AST-0265","ENG-TRK-0265","Track","Engineering","LOC-045","High","Poor","2026-03-05","2026-10-18","Operational"
"AST-0266","ENG-TO-0266","Turnout","Engineering","LOC-045","High","Critical","2026-04-06","2026-11-19","Under Observation"
"AST-0267","TD-OHE-0267","OHE Mast","Traction Distribution","LOC-045","Critical","Good","2026-05-07","2026-09-20","Maintenance In Progress"
"AST-0268","TD-TSS-0268","Traction Substation","Traction Distribution","LOC-045","Medium","Fair","2026-06-08","2026-10-21","Operational"
"AST-0269","ST-SIG-0269","Signal","Signal & Telecommunication","LOC-045","High","Poor","2026-07-09","2026-11-22","Operational"
"AST-0270","ST-AXC-0270","Axle Counter","Signal & Telecommunication","LOC-045","High","Critical","2026-03-10","2026-09-23","Under Observation"
"AST-0271","ENG-TRK-0271","Track","Engineering","LOC-046","Critical","Good","2026-04-11","2026-10-24","Maintenance In Progress"
"AST-0272","ENG-TO-0272","Turnout","Engineering","LOC-046","Medium","Fair","2026-05-12","2026-11-25","Operational"
"AST-0273","TD-OHE-0273","OHE Mast","Traction Distribution","LOC-046","High","Poor","2026-06-13","2026-09-26","Operational"
"AST-0274","TD-TSS-0274","Traction Substation","Traction Distribution","LOC-046","High","Critical","2026-07-14","2026-10-27","Under Observation"
"AST-0275","ST-SIG-0275","Signal","Signal & Telecommunication","LOC-046","Critical","Good","2026-03-15","2026-11-03","Maintenance In Progress"
"AST-0276","ST-AXC-0276","Axle Counter","Signal & Telecommunication","LOC-046","Medium","Fair","2026-04-16","2026-09-04","Operational"
"AST-0277","ENG-TRK-0277","Track","Engineering","LOC-047","High","Poor","2026-05-17","2026-10-05","Operational"
"AST-0278","ENG-TO-0278","Turnout","Engineering","LOC-047","High","Critical","2026-06-18","2026-11-06","Under Observation"
"AST-0279","TD-OHE-0279","OHE Mast","Traction Distribution","LOC-047","Critical","Good","2026-07-19","2026-09-07","Maintenance In Progress"
"AST-0280","TD-TSS-0280","Traction Substation","Traction Distribution","LOC-047","Medium","Fair","2026-03-20","2026-10-08","Operational"
"AST-0281","ST-SIG-0281","Signal","Signal & Telecommunication","LOC-047","High","Poor","2026-04-21","2026-11-09","Operational"
"AST-0282","ST-AXC-0282","Axle Counter","Signal & Telecommunication","LOC-047","High","Critical","2026-05-22","2026-09-10","Under Observation"
"AST-0283","ENG-TRK-0283","Track","Engineering","LOC-048","Critical","Good","2026-06-23","2026-10-11","Maintenance In Progress"
"AST-0284","ENG-TO-0284","Turnout","Engineering","LOC-048","Medium","Fair","2026-07-24","2026-11-12","Operational"
"AST-0285","TD-OHE-0285","OHE Mast","Traction Distribution","LOC-048","High","Poor","2026-03-25","2026-09-13","Operational"
"AST-0286","TD-TSS-0286","Traction Substation","Traction Distribution","LOC-048","High","Critical","2026-04-26","2026-10-14","Under Observation"
"AST-0287","ST-SIG-0287","Signal","Signal & Telecommunication","LOC-048","Critical","Good","2026-05-27","2026-11-15","Maintenance In Progress"
"AST-0288","ST-AXC-0288","Axle Counter","Signal & Telecommunication","LOC-048","Medium","Fair","2026-06-04","2026-09-16","Operational"
"AST-0289","ENG-TRK-0289","Track","Engineering","LOC-049","High","Poor","2026-07-05","2026-10-17","Operational"
"AST-0290","ENG-TO-0290","Turnout","Engineering","LOC-049","High","Critical","2026-03-06","2026-11-18","Under Observation"
"AST-0291","TD-OHE-0291","OHE Mast","Traction Distribution","LOC-049","Critical","Good","2026-04-07","2026-09-19","Maintenance In Progress"
"AST-0292","TD-TSS-0292","Traction Substation","Traction Distribution","LOC-049","Medium","Fair","2026-05-08","2026-10-20","Operational"
"AST-0293","ST-SIG-0293","Signal","Signal & Telecommunication","LOC-049","High","Poor","2026-06-09","2026-11-21","Operational"
"AST-0294","ST-AXC-0294","Axle Counter","Signal & Telecommunication","LOC-049","High","Critical","2026-07-10","2026-09-22","Under Observation"
"AST-0295","ENG-TRK-0295","Track","Engineering","LOC-050","Critical","Good","2026-03-11","2026-10-23","Maintenance In Progress"
"AST-0296","ENG-TO-0296","Turnout","Engineering","LOC-050","Medium","Fair","2026-04-12","2026-11-24","Operational"
"AST-0297","TD-OHE-0297","OHE Mast","Traction Distribution","LOC-050","High","Poor","2026-05-13","2026-09-25","Operational"
"AST-0298","TD-TSS-0298","Traction Substation","Traction Distribution","LOC-050","High","Critical","2026-06-14","2026-10-26","Under Observation"
"AST-0299","ST-SIG-0299","Signal","Signal & Telecommunication","LOC-050","Critical","Good","2026-07-15","2026-11-27","Maintenance In Progress"
"AST-0300","ST-AXC-0300","Axle Counter","Signal & Telecommunication","LOC-050","Medium","Fair","2026-03-16","2026-09-03","Operational"
"AST-0301","ENG-TRK-0301","Track","Engineering","LOC-051","High","Poor","2026-04-17","2026-10-04","Operational"
"AST-0302","ENG-TO-0302","Turnout","Engineering","LOC-051","High","Critical","2026-05-18","2026-11-05","Under Observation"
"AST-0303","TD-OHE-0303","OHE Mast","Traction Distribution","LOC-051","Critical","Good","2026-06-19","2026-09-06","Maintenance In Progress"
"AST-0304","TD-TSS-0304","Traction Substation","Traction Distribution","LOC-051","Medium","Fair","2026-07-20","2026-10-07","Operational"
"AST-0305","ST-SIG-0305","Signal","Signal & Telecommunication","LOC-051","High","Poor","2026-03-21","2026-11-08","Operational"
"AST-0306","ST-AXC-0306","Axle Counter","Signal & Telecommunication","LOC-051","High","Critical","2026-04-22","2026-09-09","Under Observation"
"AST-0307","ENG-TRK-0307","Track","Engineering","LOC-052","Critical","Good","2026-05-23","2026-10-10","Maintenance In Progress"
"AST-0308","ENG-TO-0308","Turnout","Engineering","LOC-052","Medium","Fair","2026-06-24","2026-11-11","Operational"
"AST-0309","TD-OHE-0309","OHE Mast","Traction Distribution","LOC-052","High","Poor","2026-07-25","2026-09-12","Operational"
"AST-0310","TD-TSS-0310","Traction Substation","Traction Distribution","LOC-052","High","Critical","2026-03-26","2026-10-13","Under Observation"
"AST-0311","ST-SIG-0311","Signal","Signal & Telecommunication","LOC-052","Critical","Good","2026-04-27","2026-11-14","Maintenance In Progress"
"AST-0312","ST-AXC-0312","Axle Counter","Signal & Telecommunication","LOC-052","Medium","Fair","2026-05-04","2026-09-15","Operational"
"AST-0313","ENG-TRK-0313","Track","Engineering","LOC-053","High","Poor","2026-06-05","2026-10-16","Operational"
"AST-0314","ENG-TO-0314","Turnout","Engineering","LOC-053","High","Critical","2026-07-06","2026-11-17","Under Observation"
"AST-0315","TD-OHE-0315","OHE Mast","Traction Distribution","LOC-053","Critical","Good","2026-03-07","2026-09-18","Maintenance In Progress"
"AST-0316","TD-TSS-0316","Traction Substation","Traction Distribution","LOC-053","Medium","Fair","2026-04-08","2026-10-19","Operational"
"AST-0317","ST-SIG-0317","Signal","Signal & Telecommunication","LOC-053","High","Poor","2026-05-09","2026-11-20","Operational"
"AST-0318","ST-AXC-0318","Axle Counter","Signal & Telecommunication","LOC-053","High","Critical","2026-06-10","2026-09-21","Under Observation"
"AST-0319","ENG-TRK-0319","Track","Engineering","LOC-054","Critical","Good","2026-07-11","2026-10-22","Maintenance In Progress"
"AST-0320","ENG-TO-0320","Turnout","Engineering","LOC-054","Medium","Fair","2026-03-12","2026-11-23","Operational"
"AST-0321","TD-OHE-0321","OHE Mast","Traction Distribution","LOC-054","High","Poor","2026-04-13","2026-09-24","Operational"
"AST-0322","TD-TSS-0322","Traction Substation","Traction Distribution","LOC-054","High","Critical","2026-05-14","2026-10-25","Under Observation"
"AST-0323","ST-SIG-0323","Signal","Signal & Telecommunication","LOC-054","Critical","Good","2026-06-15","2026-11-26","Maintenance In Progress"
"AST-0324","ST-AXC-0324","Axle Counter","Signal & Telecommunication","LOC-054","Medium","Fair","2026-07-16","2026-09-27","Operational"
"AST-0325","ENG-TRK-0325","Track","Engineering","LOC-055","High","Poor","2026-03-17","2026-10-03","Operational"
"AST-0326","ENG-TO-0326","Turnout","Engineering","LOC-055","High","Critical","2026-04-18","2026-11-04","Under Observation"
"AST-0327","TD-OHE-0327","OHE Mast","Traction Distribution","LOC-055","Critical","Good","2026-05-19","2026-09-05","Maintenance In Progress"
"AST-0328","TD-TSS-0328","Traction Substation","Traction Distribution","LOC-055","Medium","Fair","2026-06-20","2026-10-06","Operational"
"AST-0329","ST-SIG-0329","Signal","Signal & Telecommunication","LOC-055","High","Poor","2026-07-21","2026-11-07","Operational"
"AST-0330","ST-AXC-0330","Axle Counter","Signal & Telecommunication","LOC-055","High","Critical","2026-03-22","2026-09-08","Under Observation"
"AST-0331","ENG-TRK-0331","Track","Engineering","LOC-056","Critical","Good","2026-04-23","2026-10-09","Maintenance In Progress"
"AST-0332","ENG-TO-0332","Turnout","Engineering","LOC-056","Medium","Fair","2026-05-24","2026-11-10","Operational"
"AST-0333","TD-OHE-0333","OHE Mast","Traction Distribution","LOC-056","High","Poor","2026-06-25","2026-09-11","Operational"
"AST-0334","TD-TSS-0334","Traction Substation","Traction Distribution","LOC-056","High","Critical","2026-07-26","2026-10-12","Under Observation"
"AST-0335","ST-SIG-0335","Signal","Signal & Telecommunication","LOC-056","Critical","Good","2026-03-27","2026-11-13","Maintenance In Progress"
"AST-0336","ST-AXC-0336","Axle Counter","Signal & Telecommunication","LOC-056","Medium","Fair","2026-04-04","2026-09-14","Operational"
"AST-0337","ENG-TRK-0337","Track","Engineering","LOC-057","High","Poor","2026-05-05","2026-10-15","Operational"
"AST-0338","ENG-TO-0338","Turnout","Engineering","LOC-057","High","Critical","2026-06-06","2026-11-16","Under Observation"
"AST-0339","TD-OHE-0339","OHE Mast","Traction Distribution","LOC-057","Critical","Good","2026-07-07","2026-09-17","Maintenance In Progress"
"AST-0340","TD-TSS-0340","Traction Substation","Traction Distribution","LOC-057","Medium","Fair","2026-03-08","2026-10-18","Operational"
"AST-0341","ST-SIG-0341","Signal","Signal & Telecommunication","LOC-057","High","Poor","2026-04-09","2026-11-19","Operational"
"AST-0342","ST-AXC-0342","Axle Counter","Signal & Telecommunication","LOC-057","High","Critical","2026-05-10","2026-09-20","Under Observation"
"AST-0343","ENG-TRK-0343","Track","Engineering","LOC-058","Critical","Good","2026-06-11","2026-10-21","Maintenance In Progress"
"AST-0344","ENG-TO-0344","Turnout","Engineering","LOC-058","Medium","Fair","2026-07-12","2026-11-22","Operational"
"AST-0345","TD-OHE-0345","OHE Mast","Traction Distribution","LOC-058","High","Poor","2026-03-13","2026-09-23","Operational"
"AST-0346","TD-TSS-0346","Traction Substation","Traction Distribution","LOC-058","High","Critical","2026-04-14","2026-10-24","Under Observation"
"AST-0347","ST-SIG-0347","Signal","Signal & Telecommunication","LOC-058","Critical","Good","2026-05-15","2026-11-25","Maintenance In Progress"
"AST-0348","ST-AXC-0348","Axle Counter","Signal & Telecommunication","LOC-058","Medium","Fair","2026-06-16","2026-09-26","Operational"
"AST-0349","ENG-TRK-0349","Track","Engineering","LOC-059","High","Poor","2026-07-17","2026-10-27","Operational"
"AST-0350","ENG-TO-0350","Turnout","Engineering","LOC-059","High","Critical","2026-03-18","2026-11-03","Under Observation"
"AST-0351","TD-OHE-0351","OHE Mast","Traction Distribution","LOC-059","Critical","Good","2026-04-19","2026-09-04","Maintenance In Progress"
"AST-0352","TD-TSS-0352","Traction Substation","Traction Distribution","LOC-059","Medium","Fair","2026-05-20","2026-10-05","Operational"
"AST-0353","ST-SIG-0353","Signal","Signal & Telecommunication","LOC-059","High","Poor","2026-06-21","2026-11-06","Operational"
"AST-0354","ST-AXC-0354","Axle Counter","Signal & Telecommunication","LOC-059","High","Critical","2026-07-22","2026-09-07","Under Observation"
"AST-0355","ENG-TRK-0355","Track","Engineering","LOC-060","Critical","Good","2026-03-23","2026-10-08","Maintenance In Progress"
"AST-0356","ENG-TO-0356","Turnout","Engineering","LOC-060","Medium","Fair","2026-04-24","2026-11-09","Operational"
"AST-0357","TD-OHE-0357","OHE Mast","Traction Distribution","LOC-060","High","Poor","2026-05-25","2026-09-10","Operational"
"AST-0358","TD-TSS-0358","Traction Substation","Traction Distribution","LOC-060","High","Critical","2026-06-26","2026-10-11","Under Observation"
"AST-0359","ST-SIG-0359","Signal","Signal & Telecommunication","LOC-060","Critical","Good","2026-07-27","2026-11-12","Maintenance In Progress"
"AST-0360","ST-AXC-0360","Axle Counter","Signal & Telecommunication","LOC-060","Medium","Fair","2026-03-04","2026-09-13","Operational"
"AST-0361","ENG-TRK-0361","Track","Engineering","LOC-061","High","Poor","2026-04-05","2026-10-14","Operational"
"AST-0362","ENG-TO-0362","Turnout","Engineering","LOC-061","High","Critical","2026-05-06","2026-11-15","Under Observation"
"AST-0363","TD-OHE-0363","OHE Mast","Traction Distribution","LOC-061","Critical","Good","2026-06-07","2026-09-16","Maintenance In Progress"
"AST-0364","TD-TSS-0364","Traction Substation","Traction Distribution","LOC-061","Medium","Fair","2026-07-08","2026-10-17","Operational"
"AST-0365","ST-SIG-0365","Signal","Signal & Telecommunication","LOC-061","High","Poor","2026-03-09","2026-11-18","Operational"
"AST-0366","ST-AXC-0366","Axle Counter","Signal & Telecommunication","LOC-061","High","Critical","2026-04-10","2026-09-19","Under Observation"
"AST-0367","ENG-TRK-0367","Track","Engineering","LOC-062","Critical","Good","2026-05-11","2026-10-20","Maintenance In Progress"
"AST-0368","ENG-TO-0368","Turnout","Engineering","LOC-062","Medium","Fair","2026-06-12","2026-11-21","Operational"
"AST-0369","TD-OHE-0369","OHE Mast","Traction Distribution","LOC-062","High","Poor","2026-07-13","2026-09-22","Operational"
"AST-0370","TD-TSS-0370","Traction Substation","Traction Distribution","LOC-062","High","Critical","2026-03-14","2026-10-23","Under Observation"
"AST-0371","ST-SIG-0371","Signal","Signal & Telecommunication","LOC-062","Critical","Good","2026-04-15","2026-11-24","Maintenance In Progress"
"AST-0372","ST-AXC-0372","Axle Counter","Signal & Telecommunication","LOC-062","Medium","Fair","2026-05-16","2026-09-25","Operational"
"AST-0373","ENG-TRK-0373","Track","Engineering","LOC-063","High","Poor","2026-06-17","2026-10-26","Operational"
"AST-0374","ENG-TO-0374","Turnout","Engineering","LOC-063","High","Critical","2026-07-18","2026-11-27","Under Observation"
"AST-0375","TD-OHE-0375","OHE Mast","Traction Distribution","LOC-063","Critical","Good","2026-03-19","2026-09-03","Maintenance In Progress"
"AST-0376","TD-TSS-0376","Traction Substation","Traction Distribution","LOC-063","Medium","Fair","2026-04-20","2026-10-04","Operational"
"AST-0377","ST-SIG-0377","Signal","Signal & Telecommunication","LOC-063","High","Poor","2026-05-21","2026-11-05","Operational"
"AST-0378","ST-AXC-0378","Axle Counter","Signal & Telecommunication","LOC-063","High","Critical","2026-06-22","2026-09-06","Under Observation"
"AST-0379","ENG-TRK-0379","Track","Engineering","LOC-064","Critical","Good","2026-07-23","2026-10-07","Maintenance In Progress"
"AST-0380","ENG-TO-0380","Turnout","Engineering","LOC-064","Medium","Fair","2026-03-24","2026-11-08","Operational"
"AST-0381","TD-OHE-0381","OHE Mast","Traction Distribution","LOC-064","High","Poor","2026-04-25","2026-09-09","Operational"
"AST-0382","TD-TSS-0382","Traction Substation","Traction Distribution","LOC-064","High","Critical","2026-05-26","2026-10-10","Under Observation"
"AST-0383","ST-SIG-0383","Signal","Signal & Telecommunication","LOC-064","Critical","Good","2026-06-27","2026-11-11","Maintenance In Progress"
"AST-0384","ST-AXC-0384","Axle Counter","Signal & Telecommunication","LOC-064","Medium","Fair","2026-07-04","2026-09-12","Operational"
"AST-0385","ENG-TRK-0385","Track","Engineering","LOC-065","High","Poor","2026-03-05","2026-10-13","Operational"
"AST-0386","ENG-TO-0386","Turnout","Engineering","LOC-065","High","Critical","2026-04-06","2026-11-14","Under Observation"
"AST-0387","TD-OHE-0387","OHE Mast","Traction Distribution","LOC-065","Critical","Good","2026-05-07","2026-09-15","Maintenance In Progress"
"AST-0388","TD-TSS-0388","Traction Substation","Traction Distribution","LOC-065","Medium","Fair","2026-06-08","2026-10-16","Operational"
"AST-0389","ST-SIG-0389","Signal","Signal & Telecommunication","LOC-065","High","Poor","2026-07-09","2026-11-17","Operational"
"AST-0390","ST-AXC-0390","Axle Counter","Signal & Telecommunication","LOC-065","High","Critical","2026-03-10","2026-09-18","Under Observation"
"AST-0391","ENG-TRK-0391","Track","Engineering","LOC-066","Critical","Good","2026-04-11","2026-10-19","Maintenance In Progress"
"AST-0392","ENG-TO-0392","Turnout","Engineering","LOC-066","Medium","Fair","2026-05-12","2026-11-20","Operational"
"AST-0393","TD-OHE-0393","OHE Mast","Traction Distribution","LOC-066","High","Poor","2026-06-13","2026-09-21","Operational"
"AST-0394","TD-TSS-0394","Traction Substation","Traction Distribution","LOC-066","High","Critical","2026-07-14","2026-10-22","Under Observation"
"AST-0395","ST-SIG-0395","Signal","Signal & Telecommunication","LOC-066","Critical","Good","2026-03-15","2026-11-23","Maintenance In Progress"
"AST-0396","ST-AXC-0396","Axle Counter","Signal & Telecommunication","LOC-066","Medium","Fair","2026-04-16","2026-09-24","Operational"
"AST-0397","ENG-TRK-0397","Track","Engineering","LOC-067","High","Poor","2026-05-17","2026-10-25","Operational"
"AST-0398","ENG-TO-0398","Turnout","Engineering","LOC-067","High","Critical","2026-06-18","2026-11-26","Under Observation"
"AST-0399","TD-OHE-0399","OHE Mast","Traction Distribution","LOC-067","Critical","Good","2026-07-19","2026-09-27","Maintenance In Progress"
"AST-0400","TD-TSS-0400","Traction Substation","Traction Distribution","LOC-067","Medium","Fair","2026-03-20","2026-10-03","Operational"
"AST-0401","ST-SIG-0401","Signal","Signal & Telecommunication","LOC-067","High","Poor","2026-04-21","2026-11-04","Operational"
"AST-0402","ST-AXC-0402","Axle Counter","Signal & Telecommunication","LOC-067","High","Critical","2026-05-22","2026-09-05","Under Observation"
"AST-0403","ENG-TRK-0403","Track","Engineering","LOC-068","Critical","Good","2026-06-23","2026-10-06","Maintenance In Progress"
"AST-0404","ENG-TO-0404","Turnout","Engineering","LOC-068","Medium","Fair","2026-07-24","2026-11-07","Operational"
"AST-0405","TD-OHE-0405","OHE Mast","Traction Distribution","LOC-068","High","Poor","2026-03-25","2026-09-08","Operational"
"AST-0406","TD-TSS-0406","Traction Substation","Traction Distribution","LOC-068","High","Critical","2026-04-26","2026-10-09","Under Observation"
"AST-0407","ST-SIG-0407","Signal","Signal & Telecommunication","LOC-068","Critical","Good","2026-05-27","2026-11-10","Maintenance In Progress"
"AST-0408","ST-AXC-0408","Axle Counter","Signal & Telecommunication","LOC-068","Medium","Fair","2026-06-04","2026-09-11","Operational"
"AST-0409","ENG-TRK-0409","Track","Engineering","LOC-069","High","Poor","2026-07-05","2026-10-12","Operational"
"AST-0410","ENG-TO-0410","Turnout","Engineering","LOC-069","High","Critical","2026-03-06","2026-11-13","Under Observation"
"AST-0411","TD-OHE-0411","OHE Mast","Traction Distribution","LOC-069","Critical","Good","2026-04-07","2026-09-14","Maintenance In Progress"
"AST-0412","TD-TSS-0412","Traction Substation","Traction Distribution","LOC-069","Medium","Fair","2026-05-08","2026-10-15","Operational"
"AST-0413","ST-SIG-0413","Signal","Signal & Telecommunication","LOC-069","High","Poor","2026-06-09","2026-11-16","Operational"
"AST-0414","ST-AXC-0414","Axle Counter","Signal & Telecommunication","LOC-069","High","Critical","2026-07-10","2026-09-17","Under Observation"
"AST-0415","ENG-TRK-0415","Track","Engineering","LOC-070","Critical","Good","2026-03-11","2026-10-18","Maintenance In Progress"
"AST-0416","ENG-TO-0416","Turnout","Engineering","LOC-070","Medium","Fair","2026-04-12","2026-11-19","Operational"
"AST-0417","TD-OHE-0417","OHE Mast","Traction Distribution","LOC-070","High","Poor","2026-05-13","2026-09-20","Operational"
"AST-0418","TD-TSS-0418","Traction Substation","Traction Distribution","LOC-070","High","Critical","2026-06-14","2026-10-21","Under Observation"
"AST-0419","ST-SIG-0419","Signal","Signal & Telecommunication","LOC-070","Critical","Good","2026-07-15","2026-11-22","Maintenance In Progress"
"AST-0420","ST-AXC-0420","Axle Counter","Signal & Telecommunication","LOC-070","Medium","Fair","2026-03-16","2026-09-23","Operational"
"AST-0421","ENG-TRK-0421","Track","Engineering","LOC-071","High","Poor","2026-04-17","2026-10-24","Operational"
"AST-0422","ENG-TO-0422","Turnout","Engineering","LOC-071","High","Critical","2026-05-18","2026-11-25","Under Observation"
"AST-0423","TD-OHE-0423","OHE Mast","Traction Distribution","LOC-071","Critical","Good","2026-06-19","2026-09-26","Maintenance In Progress"
"AST-0424","TD-TSS-0424","Traction Substation","Traction Distribution","LOC-071","Medium","Fair","2026-07-20","2026-10-27","Operational"
"AST-0425","ST-SIG-0425","Signal","Signal & Telecommunication","LOC-071","High","Poor","2026-03-21","2026-11-03","Operational"
"AST-0426","ST-AXC-0426","Axle Counter","Signal & Telecommunication","LOC-071","High","Critical","2026-04-22","2026-09-04","Under Observation"
"AST-0427","ENG-TRK-0427","Track","Engineering","LOC-072","Critical","Good","2026-05-23","2026-10-05","Maintenance In Progress"
"AST-0428","ENG-TO-0428","Turnout","Engineering","LOC-072","Medium","Fair","2026-06-24","2026-11-06","Operational"
"AST-0429","TD-OHE-0429","OHE Mast","Traction Distribution","LOC-072","High","Poor","2026-07-25","2026-09-07","Operational"
"AST-0430","TD-TSS-0430","Traction Substation","Traction Distribution","LOC-072","High","Critical","2026-03-26","2026-10-08","Under Observation"
"AST-0431","ST-SIG-0431","Signal","Signal & Telecommunication","LOC-072","Critical","Good","2026-04-27","2026-11-09","Maintenance In Progress"
"AST-0432","ST-AXC-0432","Axle Counter","Signal & Telecommunication","LOC-072","Medium","Fair","2026-05-04","2026-09-10","Operational"
"AST-0433","ENG-TRK-0433","Track","Engineering","LOC-073","High","Poor","2026-06-05","2026-10-11","Operational"
"AST-0434","ENG-TO-0434","Turnout","Engineering","LOC-073","High","Critical","2026-07-06","2026-11-12","Under Observation"
"AST-0435","TD-OHE-0435","OHE Mast","Traction Distribution","LOC-073","Critical","Good","2026-03-07","2026-09-13","Maintenance In Progress"
"AST-0436","TD-TSS-0436","Traction Substation","Traction Distribution","LOC-073","Medium","Fair","2026-04-08","2026-10-14","Operational"
"AST-0437","ST-SIG-0437","Signal","Signal & Telecommunication","LOC-073","High","Poor","2026-05-09","2026-11-15","Operational"
"AST-0438","ST-AXC-0438","Axle Counter","Signal & Telecommunication","LOC-073","High","Critical","2026-06-10","2026-09-16","Under Observation"
"AST-0439","ENG-TRK-0439","Track","Engineering","LOC-074","Critical","Good","2026-07-11","2026-10-17","Maintenance In Progress"
"AST-0440","ENG-TO-0440","Turnout","Engineering","LOC-074","Medium","Fair","2026-03-12","2026-11-18","Operational"
"AST-0441","TD-OHE-0441","OHE Mast","Traction Distribution","LOC-074","High","Poor","2026-04-13","2026-09-19","Operational"
"AST-0442","TD-TSS-0442","Traction Substation","Traction Distribution","LOC-074","High","Critical","2026-05-14","2026-10-20","Under Observation"
"AST-0443","ST-SIG-0443","Signal","Signal & Telecommunication","LOC-074","Critical","Good","2026-06-15","2026-11-21","Maintenance In Progress"
"AST-0444","ST-AXC-0444","Axle Counter","Signal & Telecommunication","LOC-074","Medium","Fair","2026-07-16","2026-09-22","Operational"
"AST-0445","ENG-TRK-0445","Track","Engineering","LOC-075","High","Poor","2026-03-17","2026-10-23","Operational"
"AST-0446","ENG-TO-0446","Turnout","Engineering","LOC-075","High","Critical","2026-04-18","2026-11-24","Under Observation"
"AST-0447","TD-OHE-0447","OHE Mast","Traction Distribution","LOC-075","Critical","Good","2026-05-19","2026-09-25","Maintenance In Progress"
"AST-0448","TD-TSS-0448","Traction Substation","Traction Distribution","LOC-075","Medium","Fair","2026-06-20","2026-10-26","Operational"
"AST-0449","ST-SIG-0449","Signal","Signal & Telecommunication","LOC-075","High","Poor","2026-07-21","2026-11-27","Operational"
"AST-0450","ST-AXC-0450","Axle Counter","Signal & Telecommunication","LOC-075","High","Critical","2026-03-22","2026-09-03","Under Observation"
"AST-0451","ENG-TRK-0451","Track","Engineering","LOC-076","Critical","Good","2026-04-23","2026-10-04","Maintenance In Progress"
"AST-0452","ENG-TO-0452","Turnout","Engineering","LOC-076","Medium","Fair","2026-05-24","2026-11-05","Operational"
"AST-0453","TD-OHE-0453","OHE Mast","Traction Distribution","LOC-076","High","Poor","2026-06-25","2026-09-06","Operational"
"AST-0454","TD-TSS-0454","Traction Substation","Traction Distribution","LOC-076","High","Critical","2026-07-26","2026-10-07","Under Observation"
"AST-0455","ST-SIG-0455","Signal","Signal & Telecommunication","LOC-076","Critical","Good","2026-03-27","2026-11-08","Maintenance In Progress"
"AST-0456","ST-AXC-0456","Axle Counter","Signal & Telecommunication","LOC-076","Medium","Fair","2026-04-04","2026-09-09","Operational"
"AST-0457","ENG-TRK-0457","Track","Engineering","LOC-077","High","Poor","2026-05-05","2026-10-10","Operational"
"AST-0458","ENG-TO-0458","Turnout","Engineering","LOC-077","High","Critical","2026-06-06","2026-11-11","Under Observation"
"AST-0459","TD-OHE-0459","OHE Mast","Traction Distribution","LOC-077","Critical","Good","2026-07-07","2026-09-12","Maintenance In Progress"
"AST-0460","TD-TSS-0460","Traction Substation","Traction Distribution","LOC-077","Medium","Fair","2026-03-08","2026-10-13","Operational"
"AST-0461","ST-SIG-0461","Signal","Signal & Telecommunication","LOC-077","High","Poor","2026-04-09","2026-11-14","Operational"
"AST-0462","ST-AXC-0462","Axle Counter","Signal & Telecommunication","LOC-077","High","Critical","2026-05-10","2026-09-15","Under Observation"
"AST-0463","ENG-TRK-0463","Track","Engineering","LOC-078","Critical","Good","2026-06-11","2026-10-16","Maintenance In Progress"
"AST-0464","ENG-TO-0464","Turnout","Engineering","LOC-078","Medium","Fair","2026-07-12","2026-11-17","Operational"
"AST-0465","TD-OHE-0465","OHE Mast","Traction Distribution","LOC-078","High","Poor","2026-03-13","2026-09-18","Operational"
"AST-0466","TD-TSS-0466","Traction Substation","Traction Distribution","LOC-078","High","Critical","2026-04-14","2026-10-19","Under Observation"
"AST-0467","ST-SIG-0467","Signal","Signal & Telecommunication","LOC-078","Critical","Good","2026-05-15","2026-11-20","Maintenance In Progress"
"AST-0468","ST-AXC-0468","Axle Counter","Signal & Telecommunication","LOC-078","Medium","Fair","2026-06-16","2026-09-21","Operational"
"AST-0469","ENG-TRK-0469","Track","Engineering","LOC-079","High","Poor","2026-07-17","2026-10-22","Operational"
"AST-0470","ENG-TO-0470","Turnout","Engineering","LOC-079","High","Critical","2026-03-18","2026-11-23","Under Observation"
"AST-0471","TD-OHE-0471","OHE Mast","Traction Distribution","LOC-079","Critical","Good","2026-04-19","2026-09-24","Maintenance In Progress"
"AST-0472","TD-TSS-0472","Traction Substation","Traction Distribution","LOC-079","Medium","Fair","2026-05-20","2026-10-25","Operational"
"AST-0473","ST-SIG-0473","Signal","Signal & Telecommunication","LOC-079","High","Poor","2026-06-21","2026-11-26","Operational"
"AST-0474","ST-AXC-0474","Axle Counter","Signal & Telecommunication","LOC-079","High","Critical","2026-07-22","2026-09-27","Under Observation"
"AST-0475","ENG-TRK-0475","Track","Engineering","LOC-080","Critical","Good","2026-03-23","2026-10-03","Maintenance In Progress"
"AST-0476","ENG-TO-0476","Turnout","Engineering","LOC-080","Medium","Fair","2026-04-24","2026-11-04","Operational"
"AST-0477","TD-OHE-0477","OHE Mast","Traction Distribution","LOC-080","High","Poor","2026-05-25","2026-09-05","Operational"
"AST-0478","TD-TSS-0478","Traction Substation","Traction Distribution","LOC-080","High","Critical","2026-06-26","2026-10-06","Under Observation"
"AST-0479","ST-SIG-0479","Signal","Signal & Telecommunication","LOC-080","Critical","Good","2026-07-27","2026-11-07","Maintenance In Progress"
"AST-0480","ST-AXC-0480","Axle Counter","Signal & Telecommunication","LOC-080","Medium","Fair","2026-03-04","2026-09-08","Operational"
"AST-0481","ENG-TRK-0481","Track","Engineering","LOC-081","High","Poor","2026-04-05","2026-10-09","Operational"
"AST-0482","ENG-TO-0482","Turnout","Engineering","LOC-081","High","Critical","2026-05-06","2026-11-10","Under Observation"
"AST-0483","TD-OHE-0483","OHE Mast","Traction Distribution","LOC-081","Critical","Good","2026-06-07","2026-09-11","Maintenance In Progress"
"AST-0484","TD-TSS-0484","Traction Substation","Traction Distribution","LOC-081","Medium","Fair","2026-07-08","2026-10-12","Operational"
"AST-0485","ST-SIG-0485","Signal","Signal & Telecommunication","LOC-081","High","Poor","2026-03-09","2026-11-13","Operational"
"AST-0486","ST-AXC-0486","Axle Counter","Signal & Telecommunication","LOC-081","High","Critical","2026-04-10","2026-09-14","Under Observation"
"AST-0487","ENG-TRK-0487","Track","Engineering","LOC-082","Critical","Good","2026-05-11","2026-10-15","Maintenance In Progress"
"AST-0488","ENG-TO-0488","Turnout","Engineering","LOC-082","Medium","Fair","2026-06-12","2026-11-16","Operational"
"AST-0489","TD-OHE-0489","OHE Mast","Traction Distribution","LOC-082","High","Poor","2026-07-13","2026-09-17","Operational"
"AST-0490","TD-TSS-0490","Traction Substation","Traction Distribution","LOC-082","High","Critical","2026-03-14","2026-10-18","Under Observation"
"AST-0491","ST-SIG-0491","Signal","Signal & Telecommunication","LOC-082","Critical","Good","2026-04-15","2026-11-19","Maintenance In Progress"
"AST-0492","ST-AXC-0492","Axle Counter","Signal & Telecommunication","LOC-082","Medium","Fair","2026-05-16","2026-09-20","Operational"
"AST-0493","ENG-TRK-0493","Track","Engineering","LOC-083","High","Poor","2026-06-17","2026-10-21","Operational"
"AST-0494","ENG-TO-0494","Turnout","Engineering","LOC-083","High","Critical","2026-07-18","2026-11-22","Under Observation"
"AST-0495","TD-OHE-0495","OHE Mast","Traction Distribution","LOC-083","Critical","Good","2026-03-19","2026-09-23","Maintenance In Progress"
"AST-0496","TD-TSS-0496","Traction Substation","Traction Distribution","LOC-083","Medium","Fair","2026-04-20","2026-10-24","Operational"
"AST-0497","ST-SIG-0497","Signal","Signal & Telecommunication","LOC-083","High","Poor","2026-05-21","2026-11-25","Operational"
"AST-0498","ST-AXC-0498","Axle Counter","Signal & Telecommunication","LOC-083","High","Critical","2026-06-22","2026-09-26","Under Observation"
"AST-0499","ENG-TRK-0499","Track","Engineering","LOC-084","Critical","Good","2026-07-23","2026-10-27","Maintenance In Progress"
"AST-0500","ENG-TO-0500","Turnout","Engineering","LOC-084","Medium","Fair","2026-03-24","2026-11-03","Operational"
"AST-0501","TD-OHE-0501","OHE Mast","Traction Distribution","LOC-084","High","Poor","2026-04-25","2026-09-04","Operational"
"AST-0502","TD-TSS-0502","Traction Substation","Traction Distribution","LOC-084","High","Critical","2026-05-26","2026-10-05","Under Observation"
"AST-0503","ST-SIG-0503","Signal","Signal & Telecommunication","LOC-084","Critical","Good","2026-06-27","2026-11-06","Maintenance In Progress"
"AST-0504","ST-AXC-0504","Axle Counter","Signal & Telecommunication","LOC-084","Medium","Fair","2026-07-04","2026-09-07","Operational"
"AST-0505","ENG-TRK-0505","Track","Engineering","LOC-085","High","Poor","2026-03-05","2026-10-08","Operational"
"AST-0506","ENG-TO-0506","Turnout","Engineering","LOC-085","High","Critical","2026-04-06","2026-11-09","Under Observation"
"AST-0507","TD-OHE-0507","OHE Mast","Traction Distribution","LOC-085","Critical","Good","2026-05-07","2026-09-10","Maintenance In Progress"
"AST-0508","TD-TSS-0508","Traction Substation","Traction Distribution","LOC-085","Medium","Fair","2026-06-08","2026-10-11","Operational"
"AST-0509","ST-SIG-0509","Signal","Signal & Telecommunication","LOC-085","High","Poor","2026-07-09","2026-11-12","Operational"
"AST-0510","ST-AXC-0510","Axle Counter","Signal & Telecommunication","LOC-085","High","Critical","2026-03-10","2026-09-13","Under Observation"
"AST-0511","ENG-TRK-0511","Track","Engineering","LOC-086","Critical","Good","2026-04-11","2026-10-14","Maintenance In Progress"
"AST-0512","ENG-TO-0512","Turnout","Engineering","LOC-086","Medium","Fair","2026-05-12","2026-11-15","Operational"
"AST-0513","TD-OHE-0513","OHE Mast","Traction Distribution","LOC-086","High","Poor","2026-06-13","2026-09-16","Operational"
"AST-0514","TD-TSS-0514","Traction Substation","Traction Distribution","LOC-086","High","Critical","2026-07-14","2026-10-17","Under Observation"
"AST-0515","ST-SIG-0515","Signal","Signal & Telecommunication","LOC-086","Critical","Good","2026-03-15","2026-11-18","Maintenance In Progress"
"AST-0516","ST-AXC-0516","Axle Counter","Signal & Telecommunication","LOC-086","Medium","Fair","2026-04-16","2026-09-19","Operational"
"AST-0517","ENG-TRK-0517","Track","Engineering","LOC-087","High","Poor","2026-05-17","2026-10-20","Operational"
"AST-0518","ENG-TO-0518","Turnout","Engineering","LOC-087","High","Critical","2026-06-18","2026-11-21","Under Observation"
"AST-0519","TD-OHE-0519","OHE Mast","Traction Distribution","LOC-087","Critical","Good","2026-07-19","2026-09-22","Maintenance In Progress"
"AST-0520","TD-TSS-0520","Traction Substation","Traction Distribution","LOC-087","Medium","Fair","2026-03-20","2026-10-23","Operational"
"AST-0521","ST-SIG-0521","Signal","Signal & Telecommunication","LOC-087","High","Poor","2026-04-21","2026-11-24","Operational"
"AST-0522","ST-AXC-0522","Axle Counter","Signal & Telecommunication","LOC-087","High","Critical","2026-05-22","2026-09-25","Under Observation"
"AST-0523","ENG-TRK-0523","Track","Engineering","LOC-088","Critical","Good","2026-06-23","2026-10-26","Maintenance In Progress"
"AST-0524","ENG-TO-0524","Turnout","Engineering","LOC-088","Medium","Fair","2026-07-24","2026-11-27","Operational"
"AST-0525","TD-OHE-0525","OHE Mast","Traction Distribution","LOC-088","High","Poor","2026-03-25","2026-09-03","Operational"
"AST-0526","TD-TSS-0526","Traction Substation","Traction Distribution","LOC-088","High","Critical","2026-04-26","2026-10-04","Under Observation"
"AST-0527","ST-SIG-0527","Signal","Signal & Telecommunication","LOC-088","Critical","Good","2026-05-27","2026-11-05","Maintenance In Progress"
"AST-0528","ST-AXC-0528","Axle Counter","Signal & Telecommunication","LOC-088","Medium","Fair","2026-06-04","2026-09-06","Operational"
"AST-0529","ENG-TRK-0529","Track","Engineering","LOC-089","High","Poor","2026-07-05","2026-10-07","Operational"
"AST-0530","ENG-TO-0530","Turnout","Engineering","LOC-089","High","Critical","2026-03-06","2026-11-08","Under Observation"
"AST-0531","TD-OHE-0531","OHE Mast","Traction Distribution","LOC-089","Critical","Good","2026-04-07","2026-09-09","Maintenance In Progress"
"AST-0532","TD-TSS-0532","Traction Substation","Traction Distribution","LOC-089","Medium","Fair","2026-05-08","2026-10-10","Operational"
"AST-0533","ST-SIG-0533","Signal","Signal & Telecommunication","LOC-089","High","Poor","2026-06-09","2026-11-11","Operational"
"AST-0534","ST-AXC-0534","Axle Counter","Signal & Telecommunication","LOC-089","High","Critical","2026-07-10","2026-09-12","Under Observation"
"AST-0535","ENG-TRK-0535","Track","Engineering","LOC-090","Critical","Good","2026-03-11","2026-10-13","Maintenance In Progress"
"AST-0536","ENG-TO-0536","Turnout","Engineering","LOC-090","Medium","Fair","2026-04-12","2026-11-14","Operational"
"AST-0537","TD-OHE-0537","OHE Mast","Traction Distribution","LOC-090","High","Poor","2026-05-13","2026-09-15","Operational"
"AST-0538","TD-TSS-0538","Traction Substation","Traction Distribution","LOC-090","High","Critical","2026-06-14","2026-10-16","Under Observation"
"AST-0539","ST-SIG-0539","Signal","Signal & Telecommunication","LOC-090","Critical","Good","2026-07-15","2026-11-17","Maintenance In Progress"
"AST-0540","ST-AXC-0540","Axle Counter","Signal & Telecommunication","LOC-090","Medium","Fair","2026-03-16","2026-09-18","Operational"
"AST-0541","ENG-TRK-0541","Track","Engineering","LOC-091","High","Poor","2026-04-17","2026-10-19","Operational"
"AST-0542","ENG-TO-0542","Turnout","Engineering","LOC-091","High","Critical","2026-05-18","2026-11-20","Under Observation"
"AST-0543","TD-OHE-0543","OHE Mast","Traction Distribution","LOC-091","Critical","Good","2026-06-19","2026-09-21","Maintenance In Progress"
"AST-0544","TD-TSS-0544","Traction Substation","Traction Distribution","LOC-091","Medium","Fair","2026-07-20","2026-10-22","Operational"
"AST-0545","ST-SIG-0545","Signal","Signal & Telecommunication","LOC-091","High","Poor","2026-03-21","2026-11-23","Operational"
"AST-0546","ST-AXC-0546","Axle Counter","Signal & Telecommunication","LOC-091","High","Critical","2026-04-22","2026-09-24","Under Observation"
"AST-0547","ENG-TRK-0547","Track","Engineering","LOC-092","Critical","Good","2026-05-23","2026-10-25","Maintenance In Progress"
"AST-0548","ENG-TO-0548","Turnout","Engineering","LOC-092","Medium","Fair","2026-06-24","2026-11-26","Operational"
"AST-0549","TD-OHE-0549","OHE Mast","Traction Distribution","LOC-092","High","Poor","2026-07-25","2026-09-27","Operational"
"AST-0550","TD-TSS-0550","Traction Substation","Traction Distribution","LOC-092","High","Critical","2026-03-26","2026-10-03","Under Observation"
"AST-0551","ST-SIG-0551","Signal","Signal & Telecommunication","LOC-092","Critical","Good","2026-04-27","2026-11-04","Maintenance In Progress"
"AST-0552","ST-AXC-0552","Axle Counter","Signal & Telecommunication","LOC-092","Medium","Fair","2026-05-04","2026-09-05","Operational"
"AST-0553","ENG-TRK-0553","Track","Engineering","LOC-093","High","Poor","2026-06-05","2026-10-06","Operational"
"AST-0554","ENG-TO-0554","Turnout","Engineering","LOC-093","High","Critical","2026-07-06","2026-11-07","Under Observation"
"AST-0555","TD-OHE-0555","OHE Mast","Traction Distribution","LOC-093","Critical","Good","2026-03-07","2026-09-08","Maintenance In Progress"
"AST-0556","TD-TSS-0556","Traction Substation","Traction Distribution","LOC-093","Medium","Fair","2026-04-08","2026-10-09","Operational"
"AST-0557","ST-SIG-0557","Signal","Signal & Telecommunication","LOC-093","High","Poor","2026-05-09","2026-11-10","Operational"
"AST-0558","ST-AXC-0558","Axle Counter","Signal & Telecommunication","LOC-093","High","Critical","2026-06-10","2026-09-11","Under Observation"
"AST-0559","ENG-TRK-0559","Track","Engineering","LOC-094","Critical","Good","2026-07-11","2026-10-12","Maintenance In Progress"
"AST-0560","ENG-TO-0560","Turnout","Engineering","LOC-094","Medium","Fair","2026-03-12","2026-11-13","Operational"
"AST-0561","TD-OHE-0561","OHE Mast","Traction Distribution","LOC-094","High","Poor","2026-04-13","2026-09-14","Operational"
"AST-0562","TD-TSS-0562","Traction Substation","Traction Distribution","LOC-094","High","Critical","2026-05-14","2026-10-15","Under Observation"
"AST-0563","ST-SIG-0563","Signal","Signal & Telecommunication","LOC-094","Critical","Good","2026-06-15","2026-11-16","Maintenance In Progress"
"AST-0564","ST-AXC-0564","Axle Counter","Signal & Telecommunication","LOC-094","Medium","Fair","2026-07-16","2026-09-17","Operational"
"AST-0565","ENG-TRK-0565","Track","Engineering","LOC-095","High","Poor","2026-03-17","2026-10-18","Operational"
"AST-0566","ENG-TO-0566","Turnout","Engineering","LOC-095","High","Critical","2026-04-18","2026-11-19","Under Observation"
"AST-0567","TD-OHE-0567","OHE Mast","Traction Distribution","LOC-095","Critical","Good","2026-05-19","2026-09-20","Maintenance In Progress"
"AST-0568","TD-TSS-0568","Traction Substation","Traction Distribution","LOC-095","Medium","Fair","2026-06-20","2026-10-21","Operational"
"AST-0569","ST-SIG-0569","Signal","Signal & Telecommunication","LOC-095","High","Poor","2026-07-21","2026-11-22","Operational"
"AST-0570","ST-AXC-0570","Axle Counter","Signal & Telecommunication","LOC-095","High","Critical","2026-03-22","2026-09-23","Under Observation"
"AST-0571","ENG-TRK-0571","Track","Engineering","LOC-096","Critical","Good","2026-04-23","2026-10-24","Maintenance In Progress"
"AST-0572","ENG-TO-0572","Turnout","Engineering","LOC-096","Medium","Fair","2026-05-24","2026-11-25","Operational"
"AST-0573","TD-OHE-0573","OHE Mast","Traction Distribution","LOC-096","High","Poor","2026-06-25","2026-09-26","Operational"
"AST-0574","TD-TSS-0574","Traction Substation","Traction Distribution","LOC-096","High","Critical","2026-07-26","2026-10-27","Under Observation"
"AST-0575","ST-SIG-0575","Signal","Signal & Telecommunication","LOC-096","Critical","Good","2026-03-27","2026-11-03","Maintenance In Progress"
"AST-0576","ST-AXC-0576","Axle Counter","Signal & Telecommunication","LOC-096","Medium","Fair","2026-04-04","2026-09-04","Operational"
"AST-0577","ENG-TRK-0577","Track","Engineering","LOC-097","High","Poor","2026-05-05","2026-10-05","Operational"
"AST-0578","ENG-TO-0578","Turnout","Engineering","LOC-097","High","Critical","2026-06-06","2026-11-06","Under Observation"
"AST-0579","TD-OHE-0579","OHE Mast","Traction Distribution","LOC-097","Critical","Good","2026-07-07","2026-09-07","Maintenance In Progress"
"AST-0580","TD-TSS-0580","Traction Substation","Traction Distribution","LOC-097","Medium","Fair","2026-03-08","2026-10-08","Operational"
"AST-0581","ST-SIG-0581","Signal","Signal & Telecommunication","LOC-097","High","Poor","2026-04-09","2026-11-09","Operational"
"AST-0582","ST-AXC-0582","Axle Counter","Signal & Telecommunication","LOC-097","High","Critical","2026-05-10","2026-09-10","Under Observation"
"AST-0583","ENG-TRK-0583","Track","Engineering","LOC-098","Critical","Good","2026-06-11","2026-10-11","Maintenance In Progress"
"AST-0584","ENG-TO-0584","Turnout","Engineering","LOC-098","Medium","Fair","2026-07-12","2026-11-12","Operational"
"AST-0585","TD-OHE-0585","OHE Mast","Traction Distribution","LOC-098","High","Poor","2026-03-13","2026-09-13","Operational"
"AST-0586","TD-TSS-0586","Traction Substation","Traction Distribution","LOC-098","High","Critical","2026-04-14","2026-10-14","Under Observation"
"AST-0587","ST-SIG-0587","Signal","Signal & Telecommunication","LOC-098","Critical","Good","2026-05-15","2026-11-15","Maintenance In Progress"
"AST-0588","ST-AXC-0588","Axle Counter","Signal & Telecommunication","LOC-098","Medium","Fair","2026-06-16","2026-09-16","Operational"
"AST-0589","ENG-TRK-0589","Track","Engineering","LOC-099","High","Poor","2026-07-17","2026-10-17","Operational"
"AST-0590","ENG-TO-0590","Turnout","Engineering","LOC-099","High","Critical","2026-03-18","2026-11-18","Under Observation"
"AST-0591","TD-OHE-0591","OHE Mast","Traction Distribution","LOC-099","Critical","Good","2026-04-19","2026-09-19","Maintenance In Progress"
"AST-0592","TD-TSS-0592","Traction Substation","Traction Distribution","LOC-099","Medium","Fair","2026-05-20","2026-10-20","Operational"
"AST-0593","ST-SIG-0593","Signal","Signal & Telecommunication","LOC-099","High","Poor","2026-06-21","2026-11-21","Operational"
"AST-0594","ST-AXC-0594","Axle Counter","Signal & Telecommunication","LOC-099","High","Critical","2026-07-22","2026-09-22","Under Observation"
"AST-0595","ENG-TRK-0595","Track","Engineering","LOC-100","Critical","Good","2026-03-23","2026-10-23","Maintenance In Progress"
"AST-0596","ENG-TO-0596","Turnout","Engineering","LOC-100","Medium","Fair","2026-04-24","2026-11-24","Operational"
"AST-0597","TD-OHE-0597","OHE Mast","Traction Distribution","LOC-100","High","Poor","2026-05-25","2026-09-25","Operational"
"AST-0598","TD-TSS-0598","Traction Substation","Traction Distribution","LOC-100","High","Critical","2026-06-26","2026-10-26","Under Observation"
"AST-0599","ST-SIG-0599","Signal","Signal & Telecommunication","LOC-100","Critical","Good","2026-07-27","2026-11-27","Maintenance In Progress"
"AST-0600","ST-AXC-0600","Axle Counter","Signal & Telecommunication","LOC-100","Medium","Fair","2026-03-04","2026-09-03","Operational"
"AST-0601","ENG-TRK-0601","Track","Engineering","LOC-101","High","Poor","2026-04-05","2026-10-04","Operational"
"AST-0602","ENG-TO-0602","Turnout","Engineering","LOC-101","High","Critical","2026-05-06","2026-11-05","Under Observation"
"AST-0603","TD-OHE-0603","OHE Mast","Traction Distribution","LOC-101","Critical","Good","2026-06-07","2026-09-06","Maintenance In Progress"
"AST-0604","TD-TSS-0604","Traction Substation","Traction Distribution","LOC-101","Medium","Fair","2026-07-08","2026-10-07","Operational"
"AST-0605","ST-SIG-0605","Signal","Signal & Telecommunication","LOC-101","High","Poor","2026-03-09","2026-11-08","Operational"
"AST-0606","ST-AXC-0606","Axle Counter","Signal & Telecommunication","LOC-101","High","Critical","2026-04-10","2026-09-09","Under Observation"
"AST-0607","ENG-TRK-0607","Track","Engineering","LOC-102","Critical","Good","2026-05-11","2026-10-10","Maintenance In Progress"
"AST-0608","ENG-TO-0608","Turnout","Engineering","LOC-102","Medium","Fair","2026-06-12","2026-11-11","Operational"
"AST-0609","TD-OHE-0609","OHE Mast","Traction Distribution","LOC-102","High","Poor","2026-07-13","2026-09-12","Operational"
"AST-0610","TD-TSS-0610","Traction Substation","Traction Distribution","LOC-102","High","Critical","2026-03-14","2026-10-13","Under Observation"
"AST-0611","ST-SIG-0611","Signal","Signal & Telecommunication","LOC-102","Critical","Good","2026-04-15","2026-11-14","Maintenance In Progress"
"AST-0612","ST-AXC-0612","Axle Counter","Signal & Telecommunication","LOC-102","Medium","Fair","2026-05-16","2026-09-15","Operational"
"AST-0613","ENG-TRK-0613","Track","Engineering","LOC-103","High","Poor","2026-06-17","2026-10-16","Operational"
"AST-0614","ENG-TO-0614","Turnout","Engineering","LOC-103","High","Critical","2026-07-18","2026-11-17","Under Observation"
"AST-0615","TD-OHE-0615","OHE Mast","Traction Distribution","LOC-103","Critical","Good","2026-03-19","2026-09-18","Maintenance In Progress"
"AST-0616","TD-TSS-0616","Traction Substation","Traction Distribution","LOC-103","Medium","Fair","2026-04-20","2026-10-19","Operational"
"AST-0617","ST-SIG-0617","Signal","Signal & Telecommunication","LOC-103","High","Poor","2026-05-21","2026-11-20","Operational"
"AST-0618","ST-AXC-0618","Axle Counter","Signal & Telecommunication","LOC-103","High","Critical","2026-06-22","2026-09-21","Under Observation"
"AST-0619","ENG-TRK-0619","Track","Engineering","LOC-104","Critical","Good","2026-07-23","2026-10-22","Maintenance In Progress"
"AST-0620","ENG-TO-0620","Turnout","Engineering","LOC-104","Medium","Fair","2026-03-24","2026-11-23","Operational"
"AST-0621","TD-OHE-0621","OHE Mast","Traction Distribution","LOC-104","High","Poor","2026-04-25","2026-09-24","Operational"
"AST-0622","TD-TSS-0622","Traction Substation","Traction Distribution","LOC-104","High","Critical","2026-05-26","2026-10-25","Under Observation"
"AST-0623","ST-SIG-0623","Signal","Signal & Telecommunication","LOC-104","Critical","Good","2026-06-27","2026-11-26","Maintenance In Progress"
"AST-0624","ST-AXC-0624","Axle Counter","Signal & Telecommunication","LOC-104","Medium","Fair","2026-07-04","2026-09-27","Operational"
"AST-0625","ENG-TRK-0625","Track","Engineering","LOC-105","High","Poor","2026-03-05","2026-10-03","Operational"
"AST-0626","ENG-TO-0626","Turnout","Engineering","LOC-105","High","Critical","2026-04-06","2026-11-04","Under Observation"
"AST-0627","TD-OHE-0627","OHE Mast","Traction Distribution","LOC-105","Critical","Good","2026-05-07","2026-09-05","Maintenance In Progress"
"AST-0628","TD-TSS-0628","Traction Substation","Traction Distribution","LOC-105","Medium","Fair","2026-06-08","2026-10-06","Operational"
"AST-0629","ST-SIG-0629","Signal","Signal & Telecommunication","LOC-105","High","Poor","2026-07-09","2026-11-07","Operational"
"AST-0630","ST-AXC-0630","Axle Counter","Signal & Telecommunication","LOC-105","High","Critical","2026-03-10","2026-09-08","Under Observation"
"AST-0631","ENG-TRK-0631","Track","Engineering","LOC-106","Critical","Good","2026-04-11","2026-10-09","Maintenance In Progress"
"AST-0632","ENG-TO-0632","Turnout","Engineering","LOC-106","Medium","Fair","2026-05-12","2026-11-10","Operational"
"AST-0633","TD-OHE-0633","OHE Mast","Traction Distribution","LOC-106","High","Poor","2026-06-13","2026-09-11","Operational"
"AST-0634","TD-TSS-0634","Traction Substation","Traction Distribution","LOC-106","High","Critical","2026-07-14","2026-10-12","Under Observation"
"AST-0635","ST-SIG-0635","Signal","Signal & Telecommunication","LOC-106","Critical","Good","2026-03-15","2026-11-13","Maintenance In Progress"
"AST-0636","ST-AXC-0636","Axle Counter","Signal & Telecommunication","LOC-106","Medium","Fair","2026-04-16","2026-09-14","Operational"
"AST-0637","ENG-TRK-0637","Track","Engineering","LOC-107","High","Poor","2026-05-17","2026-10-15","Operational"
"AST-0638","ENG-TO-0638","Turnout","Engineering","LOC-107","High","Critical","2026-06-18","2026-11-16","Under Observation"
"AST-0639","TD-OHE-0639","OHE Mast","Traction Distribution","LOC-107","Critical","Good","2026-07-19","2026-09-17","Maintenance In Progress"
"AST-0640","TD-TSS-0640","Traction Substation","Traction Distribution","LOC-107","Medium","Fair","2026-03-20","2026-10-18","Operational"
"AST-0641","ST-SIG-0641","Signal","Signal & Telecommunication","LOC-107","High","Poor","2026-04-21","2026-11-19","Operational"
"AST-0642","ST-AXC-0642","Axle Counter","Signal & Telecommunication","LOC-107","High","Critical","2026-05-22","2026-09-20","Under Observation"
"AST-0643","ENG-TRK-0643","Track","Engineering","LOC-108","Critical","Good","2026-06-23","2026-10-21","Maintenance In Progress"
"AST-0644","ENG-TO-0644","Turnout","Engineering","LOC-108","Medium","Fair","2026-07-24","2026-11-22","Operational"
"AST-0645","TD-OHE-0645","OHE Mast","Traction Distribution","LOC-108","High","Poor","2026-03-25","2026-09-23","Operational"
"AST-0646","TD-TSS-0646","Traction Substation","Traction Distribution","LOC-108","High","Critical","2026-04-26","2026-10-24","Under Observation"
"AST-0647","ST-SIG-0647","Signal","Signal & Telecommunication","LOC-108","Critical","Good","2026-05-27","2026-11-25","Maintenance In Progress"
"AST-0648","ST-AXC-0648","Axle Counter","Signal & Telecommunication","LOC-108","Medium","Fair","2026-06-04","2026-09-26","Operational"
"AST-0649","ENG-TRK-0649","Track","Engineering","LOC-109","High","Poor","2026-07-05","2026-10-27","Operational"
"AST-0650","ENG-TO-0650","Turnout","Engineering","LOC-109","High","Critical","2026-03-06","2026-11-03","Under Observation"
"AST-0651","TD-OHE-0651","OHE Mast","Traction Distribution","LOC-109","Critical","Good","2026-04-07","2026-09-04","Maintenance In Progress"
"AST-0652","TD-TSS-0652","Traction Substation","Traction Distribution","LOC-109","Medium","Fair","2026-05-08","2026-10-05","Operational"
"AST-0653","ST-SIG-0653","Signal","Signal & Telecommunication","LOC-109","High","Poor","2026-06-09","2026-11-06","Operational"
"AST-0654","ST-AXC-0654","Axle Counter","Signal & Telecommunication","LOC-109","High","Critical","2026-07-10","2026-09-07","Under Observation"
"AST-0655","ENG-TRK-0655","Track","Engineering","LOC-110","Critical","Good","2026-03-11","2026-10-08","Maintenance In Progress"
"AST-0656","ENG-TO-0656","Turnout","Engineering","LOC-110","Medium","Fair","2026-04-12","2026-11-09","Operational"
"AST-0657","TD-OHE-0657","OHE Mast","Traction Distribution","LOC-110","High","Poor","2026-05-13","2026-09-10","Operational"
"AST-0658","TD-TSS-0658","Traction Substation","Traction Distribution","LOC-110","High","Critical","2026-06-14","2026-10-11","Under Observation"
"AST-0659","ST-SIG-0659","Signal","Signal & Telecommunication","LOC-110","Critical","Good","2026-07-15","2026-11-12","Maintenance In Progress"
"AST-0660","ST-AXC-0660","Axle Counter","Signal & Telecommunication","LOC-110","Medium","Fair","2026-03-16","2026-09-13","Operational"
"AST-0661","ENG-TRK-0661","Track","Engineering","LOC-111","High","Poor","2026-04-17","2026-10-14","Operational"
"AST-0662","ENG-TO-0662","Turnout","Engineering","LOC-111","High","Critical","2026-05-18","2026-11-15","Under Observation"
"AST-0663","TD-OHE-0663","OHE Mast","Traction Distribution","LOC-111","Critical","Good","2026-06-19","2026-09-16","Maintenance In Progress"
"AST-0664","TD-TSS-0664","Traction Substation","Traction Distribution","LOC-111","Medium","Fair","2026-07-20","2026-10-17","Operational"
"AST-0665","ST-SIG-0665","Signal","Signal & Telecommunication","LOC-111","High","Poor","2026-03-21","2026-11-18","Operational"
"AST-0666","ST-AXC-0666","Axle Counter","Signal & Telecommunication","LOC-111","High","Critical","2026-04-22","2026-09-19","Under Observation"
"AST-0667","ENG-TRK-0667","Track","Engineering","LOC-112","Critical","Good","2026-05-23","2026-10-20","Maintenance In Progress"
"AST-0668","ENG-TO-0668","Turnout","Engineering","LOC-112","Medium","Fair","2026-06-24","2026-11-21","Operational"
"AST-0669","TD-OHE-0669","OHE Mast","Traction Distribution","LOC-112","High","Poor","2026-07-25","2026-09-22","Operational"
"AST-0670","TD-TSS-0670","Traction Substation","Traction Distribution","LOC-112","High","Critical","2026-03-26","2026-10-23","Under Observation"
"AST-0671","ST-SIG-0671","Signal","Signal & Telecommunication","LOC-112","Critical","Good","2026-04-27","2026-11-24","Maintenance In Progress"
"AST-0672","ST-AXC-0672","Axle Counter","Signal & Telecommunication","LOC-112","Medium","Fair","2026-05-04","2026-09-25","Operational"
"AST-0673","ENG-TRK-0673","Track","Engineering","LOC-113","High","Poor","2026-06-05","2026-10-26","Operational"
"AST-0674","ENG-TO-0674","Turnout","Engineering","LOC-113","High","Critical","2026-07-06","2026-11-27","Under Observation"
"AST-0675","TD-OHE-0675","OHE Mast","Traction Distribution","LOC-113","Critical","Good","2026-03-07","2026-09-03","Maintenance In Progress"
"AST-0676","TD-TSS-0676","Traction Substation","Traction Distribution","LOC-113","Medium","Fair","2026-04-08","2026-10-04","Operational"
"AST-0677","ST-SIG-0677","Signal","Signal & Telecommunication","LOC-113","High","Poor","2026-05-09","2026-11-05","Operational"
"AST-0678","ST-AXC-0678","Axle Counter","Signal & Telecommunication","LOC-113","High","Critical","2026-06-10","2026-09-06","Under Observation"
"AST-0679","ENG-TRK-0679","Track","Engineering","LOC-114","Critical","Good","2026-07-11","2026-10-07","Maintenance In Progress"
"AST-0680","ENG-TO-0680","Turnout","Engineering","LOC-114","Medium","Fair","2026-03-12","2026-11-08","Operational"
"AST-0681","TD-OHE-0681","OHE Mast","Traction Distribution","LOC-114","High","Poor","2026-04-13","2026-09-09","Operational"
"AST-0682","TD-TSS-0682","Traction Substation","Traction Distribution","LOC-114","High","Critical","2026-05-14","2026-10-10","Under Observation"
"AST-0683","ST-SIG-0683","Signal","Signal & Telecommunication","LOC-114","Critical","Good","2026-06-15","2026-11-11","Maintenance In Progress"
"AST-0684","ST-AXC-0684","Axle Counter","Signal & Telecommunication","LOC-114","Medium","Fair","2026-07-16","2026-09-12","Operational"
"AST-0685","ENG-TRK-0685","Track","Engineering","LOC-115","High","Poor","2026-03-17","2026-10-13","Operational"
"AST-0686","ENG-TO-0686","Turnout","Engineering","LOC-115","High","Critical","2026-04-18","2026-11-14","Under Observation"
"AST-0687","TD-OHE-0687","OHE Mast","Traction Distribution","LOC-115","Critical","Good","2026-05-19","2026-09-15","Maintenance In Progress"
"AST-0688","TD-TSS-0688","Traction Substation","Traction Distribution","LOC-115","Medium","Fair","2026-06-20","2026-10-16","Operational"
"AST-0689","ST-SIG-0689","Signal","Signal & Telecommunication","LOC-115","High","Poor","2026-07-21","2026-11-17","Operational"
"AST-0690","ST-AXC-0690","Axle Counter","Signal & Telecommunication","LOC-115","High","Critical","2026-03-22","2026-09-18","Under Observation"
"AST-0691","ENG-TRK-0691","Track","Engineering","LOC-116","Critical","Good","2026-04-23","2026-10-19","Maintenance In Progress"
"AST-0692","ENG-TO-0692","Turnout","Engineering","LOC-116","Medium","Fair","2026-05-24","2026-11-20","Operational"
"AST-0693","TD-OHE-0693","OHE Mast","Traction Distribution","LOC-116","High","Poor","2026-06-25","2026-09-21","Operational"
"AST-0694","TD-TSS-0694","Traction Substation","Traction Distribution","LOC-116","High","Critical","2026-07-26","2026-10-22","Under Observation"
"AST-0695","ST-SIG-0695","Signal","Signal & Telecommunication","LOC-116","Critical","Good","2026-03-27","2026-11-23","Maintenance In Progress"
"AST-0696","ST-AXC-0696","Axle Counter","Signal & Telecommunication","LOC-116","Medium","Fair","2026-04-04","2026-09-24","Operational"
"AST-0697","ENG-TRK-0697","Track","Engineering","LOC-117","High","Poor","2026-05-05","2026-10-25","Operational"
"AST-0698","ENG-TO-0698","Turnout","Engineering","LOC-117","High","Critical","2026-06-06","2026-11-26","Under Observation"
"AST-0699","TD-OHE-0699","OHE Mast","Traction Distribution","LOC-117","Critical","Good","2026-07-07","2026-09-27","Maintenance In Progress"
"AST-0700","TD-TSS-0700","Traction Substation","Traction Distribution","LOC-117","Medium","Fair","2026-03-08","2026-10-03","Operational"
"AST-0701","ST-SIG-0701","Signal","Signal & Telecommunication","LOC-117","High","Poor","2026-04-09","2026-11-04","Operational"
"AST-0702","ST-AXC-0702","Axle Counter","Signal & Telecommunication","LOC-117","High","Critical","2026-05-10","2026-09-05","Under Observation"
"AST-0703","ENG-TRK-0703","Track","Engineering","LOC-118","Critical","Good","2026-06-11","2026-10-06","Maintenance In Progress"
"AST-0704","ENG-TO-0704","Turnout","Engineering","LOC-118","Medium","Fair","2026-07-12","2026-11-07","Operational"
"AST-0705","TD-OHE-0705","OHE Mast","Traction Distribution","LOC-118","High","Poor","2026-03-13","2026-09-08","Operational"
"AST-0706","TD-TSS-0706","Traction Substation","Traction Distribution","LOC-118","High","Critical","2026-04-14","2026-10-09","Under Observation"
"AST-0707","ST-SIG-0707","Signal","Signal & Telecommunication","LOC-118","Critical","Good","2026-05-15","2026-11-10","Maintenance In Progress"
"AST-0708","ST-AXC-0708","Axle Counter","Signal & Telecommunication","LOC-118","Medium","Fair","2026-06-16","2026-09-11","Operational"
"AST-0709","ENG-TRK-0709","Track","Engineering","LOC-119","High","Poor","2026-07-17","2026-10-12","Operational"
"AST-0710","ENG-TO-0710","Turnout","Engineering","LOC-119","High","Critical","2026-03-18","2026-11-13","Under Observation"
"AST-0711","TD-OHE-0711","OHE Mast","Traction Distribution","LOC-119","Critical","Good","2026-04-19","2026-09-14","Maintenance In Progress"
"AST-0712","TD-TSS-0712","Traction Substation","Traction Distribution","LOC-119","Medium","Fair","2026-05-20","2026-10-15","Operational"
"AST-0713","ST-SIG-0713","Signal","Signal & Telecommunication","LOC-119","High","Poor","2026-06-21","2026-11-16","Operational"
"AST-0714","ST-AXC-0714","Axle Counter","Signal & Telecommunication","LOC-119","High","Critical","2026-07-22","2026-09-17","Under Observation"
"AST-0715","ENG-TRK-0715","Track","Engineering","LOC-120","Critical","Good","2026-03-23","2026-10-18","Maintenance In Progress"
"AST-0716","ENG-TO-0716","Turnout","Engineering","LOC-120","Medium","Fair","2026-04-24","2026-11-19","Operational"
"AST-0717","TD-OHE-0717","OHE Mast","Traction Distribution","LOC-120","High","Poor","2026-05-25","2026-09-20","Operational"
"AST-0718","TD-TSS-0718","Traction Substation","Traction Distribution","LOC-120","High","Critical","2026-06-26","2026-10-21","Under Observation"
"AST-0719","ST-SIG-0719","Signal","Signal & Telecommunication","LOC-120","Critical","Good","2026-07-27","2026-11-22","Maintenance In Progress"
"AST-0720","ST-AXC-0720","Axle Counter","Signal & Telecommunication","LOC-120","Medium","Fair","2026-03-04","2026-09-23","Operational"
"AST-0721","ENG-TRK-0721","Track","Engineering","LOC-121","High","Poor","2026-04-05","2026-10-24","Operational"
"AST-0722","ENG-TO-0722","Turnout","Engineering","LOC-121","High","Critical","2026-05-06","2026-11-25","Under Observation"
"AST-0723","TD-OHE-0723","OHE Mast","Traction Distribution","LOC-121","Critical","Good","2026-06-07","2026-09-26","Maintenance In Progress"
"AST-0724","TD-TSS-0724","Traction Substation","Traction Distribution","LOC-121","Medium","Fair","2026-07-08","2026-10-27","Operational"
"AST-0725","ST-SIG-0725","Signal","Signal & Telecommunication","LOC-121","High","Poor","2026-03-09","2026-11-03","Operational"
"AST-0726","ST-AXC-0726","Axle Counter","Signal & Telecommunication","LOC-121","High","Critical","2026-04-10","2026-09-04","Under Observation"
"AST-0727","ENG-TRK-0727","Track","Engineering","LOC-122","Critical","Good","2026-05-11","2026-10-05","Maintenance In Progress"
"AST-0728","ENG-TO-0728","Turnout","Engineering","LOC-122","Medium","Fair","2026-06-12","2026-11-06","Operational"
"AST-0729","TD-OHE-0729","OHE Mast","Traction Distribution","LOC-122","High","Poor","2026-07-13","2026-09-07","Operational"
"AST-0730","TD-TSS-0730","Traction Substation","Traction Distribution","LOC-122","High","Critical","2026-03-14","2026-10-08","Under Observation"
"AST-0731","ST-SIG-0731","Signal","Signal & Telecommunication","LOC-122","Critical","Good","2026-04-15","2026-11-09","Maintenance In Progress"
"AST-0732","ST-AXC-0732","Axle Counter","Signal & Telecommunication","LOC-122","Medium","Fair","2026-05-16","2026-09-10","Operational"
"AST-0733","ENG-TRK-0733","Track","Engineering","LOC-123","High","Poor","2026-06-17","2026-10-11","Operational"
"AST-0734","ENG-TO-0734","Turnout","Engineering","LOC-123","High","Critical","2026-07-18","2026-11-12","Under Observation"
"AST-0735","TD-OHE-0735","OHE Mast","Traction Distribution","LOC-123","Critical","Good","2026-03-19","2026-09-13","Maintenance In Progress"
"AST-0736","TD-TSS-0736","Traction Substation","Traction Distribution","LOC-123","Medium","Fair","2026-04-20","2026-10-14","Operational"
"AST-0737","ST-SIG-0737","Signal","Signal & Telecommunication","LOC-123","High","Poor","2026-05-21","2026-11-15","Operational"
"AST-0738","ST-AXC-0738","Axle Counter","Signal & Telecommunication","LOC-123","High","Critical","2026-06-22","2026-09-16","Under Observation"
"AST-0739","ENG-TRK-0739","Track","Engineering","LOC-124","Critical","Good","2026-07-23","2026-10-17","Maintenance In Progress"
"AST-0740","ENG-TO-0740","Turnout","Engineering","LOC-124","Medium","Fair","2026-03-24","2026-11-18","Operational"
"AST-0741","TD-OHE-0741","OHE Mast","Traction Distribution","LOC-124","High","Poor","2026-04-25","2026-09-19","Operational"
"AST-0742","TD-TSS-0742","Traction Substation","Traction Distribution","LOC-124","High","Critical","2026-05-26","2026-10-20","Under Observation"
"AST-0743","ST-SIG-0743","Signal","Signal & Telecommunication","LOC-124","Critical","Good","2026-06-27","2026-11-21","Maintenance In Progress"
"AST-0744","ST-AXC-0744","Axle Counter","Signal & Telecommunication","LOC-124","Medium","Fair","2026-07-04","2026-09-22","Operational"
"AST-0745","ENG-TRK-0745","Track","Engineering","LOC-125","High","Poor","2026-03-05","2026-10-23","Operational"
"AST-0746","ENG-TO-0746","Turnout","Engineering","LOC-125","High","Critical","2026-04-06","2026-11-24","Under Observation"
"AST-0747","TD-OHE-0747","OHE Mast","Traction Distribution","LOC-125","Critical","Good","2026-05-07","2026-09-25","Maintenance In Progress"
"AST-0748","TD-TSS-0748","Traction Substation","Traction Distribution","LOC-125","Medium","Fair","2026-06-08","2026-10-26","Operational"
"AST-0749","ST-SIG-0749","Signal","Signal & Telecommunication","LOC-125","High","Poor","2026-07-09","2026-11-27","Operational"
"AST-0750","ST-AXC-0750","Axle Counter","Signal & Telecommunication","LOC-125","High","Critical","2026-03-10","2026-09-03","Under Observation"
"AST-0751","ENG-TRK-0751","Track","Engineering","LOC-126","Critical","Good","2026-04-11","2026-10-04","Maintenance In Progress"
"AST-0752","ENG-TO-0752","Turnout","Engineering","LOC-126","Medium","Fair","2026-05-12","2026-11-05","Operational"
"AST-0753","TD-OHE-0753","OHE Mast","Traction Distribution","LOC-126","High","Poor","2026-06-13","2026-09-06","Operational"
"AST-0754","TD-TSS-0754","Traction Substation","Traction Distribution","LOC-126","High","Critical","2026-07-14","2026-10-07","Under Observation"
"AST-0755","ST-SIG-0755","Signal","Signal & Telecommunication","LOC-126","Critical","Good","2026-03-15","2026-11-08","Maintenance In Progress"
"AST-0756","ST-AXC-0756","Axle Counter","Signal & Telecommunication","LOC-126","Medium","Fair","2026-04-16","2026-09-09","Operational"
"AST-0757","ENG-TRK-0757","Track","Engineering","LOC-127","High","Poor","2026-05-17","2026-10-10","Operational"
"AST-0758","ENG-TO-0758","Turnout","Engineering","LOC-127","High","Critical","2026-06-18","2026-11-11","Under Observation"
"AST-0759","TD-OHE-0759","OHE Mast","Traction Distribution","LOC-127","Critical","Good","2026-07-19","2026-09-12","Maintenance In Progress"
"AST-0760","TD-TSS-0760","Traction Substation","Traction Distribution","LOC-127","Medium","Fair","2026-03-20","2026-10-13","Operational"
"AST-0761","ST-SIG-0761","Signal","Signal & Telecommunication","LOC-127","High","Poor","2026-04-21","2026-11-14","Operational"
"AST-0762","ST-AXC-0762","Axle Counter","Signal & Telecommunication","LOC-127","High","Critical","2026-05-22","2026-09-15","Under Observation"
"AST-0763","ENG-TRK-0763","Track","Engineering","LOC-128","Critical","Good","2026-06-23","2026-10-16","Maintenance In Progress"
"AST-0764","ENG-TO-0764","Turnout","Engineering","LOC-128","Medium","Fair","2026-07-24","2026-11-17","Operational"
"AST-0765","TD-OHE-0765","OHE Mast","Traction Distribution","LOC-128","High","Poor","2026-03-25","2026-09-18","Operational"
"AST-0766","TD-TSS-0766","Traction Substation","Traction Distribution","LOC-128","High","Critical","2026-04-26","2026-10-19","Under Observation"
"AST-0767","ST-SIG-0767","Signal","Signal & Telecommunication","LOC-128","Critical","Good","2026-05-27","2026-11-20","Maintenance In Progress"
"AST-0768","ST-AXC-0768","Axle Counter","Signal & Telecommunication","LOC-128","Medium","Fair","2026-06-04","2026-09-21","Operational"
"AST-0769","ENG-TRK-0769","Track","Engineering","LOC-129","High","Poor","2026-07-05","2026-10-22","Operational"
"AST-0770","ENG-TO-0770","Turnout","Engineering","LOC-129","High","Critical","2026-03-06","2026-11-23","Under Observation"
"AST-0771","TD-OHE-0771","OHE Mast","Traction Distribution","LOC-129","Critical","Good","2026-04-07","2026-09-24","Maintenance In Progress"
"AST-0772","TD-TSS-0772","Traction Substation","Traction Distribution","LOC-129","Medium","Fair","2026-05-08","2026-10-25","Operational"
"AST-0773","ST-SIG-0773","Signal","Signal & Telecommunication","LOC-129","High","Poor","2026-06-09","2026-11-26","Operational"
"AST-0774","ST-AXC-0774","Axle Counter","Signal & Telecommunication","LOC-129","High","Critical","2026-07-10","2026-09-27","Under Observation"
"AST-0775","ENG-TRK-0775","Track","Engineering","LOC-130","Critical","Good","2026-03-11","2026-10-03","Maintenance In Progress"
"AST-0776","ENG-TO-0776","Turnout","Engineering","LOC-130","Medium","Fair","2026-04-12","2026-11-04","Operational"
"AST-0777","TD-OHE-0777","OHE Mast","Traction Distribution","LOC-130","High","Poor","2026-05-13","2026-09-05","Operational"
"AST-0778","TD-TSS-0778","Traction Substation","Traction Distribution","LOC-130","High","Critical","2026-06-14","2026-10-06","Under Observation"
"AST-0779","ST-SIG-0779","Signal","Signal & Telecommunication","LOC-130","Critical","Good","2026-07-15","2026-11-07","Maintenance In Progress"
"AST-0780","ST-AXC-0780","Axle Counter","Signal & Telecommunication","LOC-130","Medium","Fair","2026-03-16","2026-09-08","Operational"
"AST-0781","ENG-TRK-0781","Track","Engineering","LOC-131","High","Poor","2026-04-17","2026-10-09","Operational"
"AST-0782","ENG-TO-0782","Turnout","Engineering","LOC-131","High","Critical","2026-05-18","2026-11-10","Under Observation"
"AST-0783","TD-OHE-0783","OHE Mast","Traction Distribution","LOC-131","Critical","Good","2026-06-19","2026-09-11","Maintenance In Progress"
"AST-0784","TD-TSS-0784","Traction Substation","Traction Distribution","LOC-131","Medium","Fair","2026-07-20","2026-10-12","Operational"
"AST-0785","ST-SIG-0785","Signal","Signal & Telecommunication","LOC-131","High","Poor","2026-03-21","2026-11-13","Operational"
"AST-0786","ST-AXC-0786","Axle Counter","Signal & Telecommunication","LOC-131","High","Critical","2026-04-22","2026-09-14","Under Observation"
"AST-0787","ENG-TRK-0787","Track","Engineering","LOC-132","Critical","Good","2026-05-23","2026-10-15","Maintenance In Progress"
"AST-0788","ENG-TO-0788","Turnout","Engineering","LOC-132","Medium","Fair","2026-06-24","2026-11-16","Operational"
"AST-0789","TD-OHE-0789","OHE Mast","Traction Distribution","LOC-132","High","Poor","2026-07-25","2026-09-17","Operational"
"AST-0790","TD-TSS-0790","Traction Substation","Traction Distribution","LOC-132","High","Critical","2026-03-26","2026-10-18","Under Observation"
"AST-0791","ST-SIG-0791","Signal","Signal & Telecommunication","LOC-132","Critical","Good","2026-04-27","2026-11-19","Maintenance In Progress"
"AST-0792","ST-AXC-0792","Axle Counter","Signal & Telecommunication","LOC-132","Medium","Fair","2026-05-04","2026-09-20","Operational"
"AST-0793","ENG-TRK-0793","Track","Engineering","LOC-133","High","Poor","2026-06-05","2026-10-21","Operational"
"AST-0794","ENG-TO-0794","Turnout","Engineering","LOC-133","High","Critical","2026-07-06","2026-11-22","Under Observation"
"AST-0795","TD-OHE-0795","OHE Mast","Traction Distribution","LOC-133","Critical","Good","2026-03-07","2026-09-23","Maintenance In Progress"
"AST-0796","TD-TSS-0796","Traction Substation","Traction Distribution","LOC-133","Medium","Fair","2026-04-08","2026-10-24","Operational"
"AST-0797","ST-SIG-0797","Signal","Signal & Telecommunication","LOC-133","High","Poor","2026-05-09","2026-11-25","Operational"
"AST-0798","ST-AXC-0798","Axle Counter","Signal & Telecommunication","LOC-133","High","Critical","2026-06-10","2026-09-26","Under Observation"
"AST-0799","ENG-TRK-0799","Track","Engineering","LOC-134","Critical","Good","2026-07-11","2026-10-27","Maintenance In Progress"
"AST-0800","ENG-TO-0800","Turnout","Engineering","LOC-134","Medium","Fair","2026-03-12","2026-11-03","Operational"
"AST-0801","TD-OHE-0801","OHE Mast","Traction Distribution","LOC-134","High","Poor","2026-04-13","2026-09-04","Operational"
"AST-0802","TD-TSS-0802","Traction Substation","Traction Distribution","LOC-134","High","Critical","2026-05-14","2026-10-05","Under Observation"
"AST-0803","ST-SIG-0803","Signal","Signal & Telecommunication","LOC-134","Critical","Good","2026-06-15","2026-11-06","Maintenance In Progress"
"AST-0804","ST-AXC-0804","Axle Counter","Signal & Telecommunication","LOC-134","Medium","Fair","2026-07-16","2026-09-07","Operational"
"AST-0805","ENG-TRK-0805","Track","Engineering","LOC-135","High","Poor","2026-03-17","2026-10-08","Operational"
"AST-0806","ENG-TO-0806","Turnout","Engineering","LOC-135","High","Critical","2026-04-18","2026-11-09","Under Observation"
"AST-0807","TD-OHE-0807","OHE Mast","Traction Distribution","LOC-135","Critical","Good","2026-05-19","2026-09-10","Maintenance In Progress"
"AST-0808","TD-TSS-0808","Traction Substation","Traction Distribution","LOC-135","Medium","Fair","2026-06-20","2026-10-11","Operational"
"AST-0809","ST-SIG-0809","Signal","Signal & Telecommunication","LOC-135","High","Poor","2026-07-21","2026-11-12","Operational"
"AST-0810","ST-AXC-0810","Axle Counter","Signal & Telecommunication","LOC-135","High","Critical","2026-03-22","2026-09-13","Under Observation"
"AST-0811","ENG-TRK-0811","Track","Engineering","LOC-136","Critical","Good","2026-04-23","2026-10-14","Maintenance In Progress"
"AST-0812","ENG-TO-0812","Turnout","Engineering","LOC-136","Medium","Fair","2026-05-24","2026-11-15","Operational"
"AST-0813","TD-OHE-0813","OHE Mast","Traction Distribution","LOC-136","High","Poor","2026-06-25","2026-09-16","Operational"
"AST-0814","TD-TSS-0814","Traction Substation","Traction Distribution","LOC-136","High","Critical","2026-07-26","2026-10-17","Under Observation"
"AST-0815","ST-SIG-0815","Signal","Signal & Telecommunication","LOC-136","Critical","Good","2026-03-27","2026-11-18","Maintenance In Progress"
"AST-0816","ST-AXC-0816","Axle Counter","Signal & Telecommunication","LOC-136","Medium","Fair","2026-04-04","2026-09-19","Operational"
"AST-0817","ENG-TRK-0817","Track","Engineering","LOC-137","High","Poor","2026-05-05","2026-10-20","Operational"
"AST-0818","ENG-TO-0818","Turnout","Engineering","LOC-137","High","Critical","2026-06-06","2026-11-21","Under Observation"
"AST-0819","TD-OHE-0819","OHE Mast","Traction Distribution","LOC-137","Critical","Good","2026-07-07","2026-09-22","Maintenance In Progress"
"AST-0820","TD-TSS-0820","Traction Substation","Traction Distribution","LOC-137","Medium","Fair","2026-03-08","2026-10-23","Operational"
"AST-0821","ST-SIG-0821","Signal","Signal & Telecommunication","LOC-137","High","Poor","2026-04-09","2026-11-24","Operational"
"AST-0822","ST-AXC-0822","Axle Counter","Signal & Telecommunication","LOC-137","High","Critical","2026-05-10","2026-09-25","Under Observation"
"AST-0823","ENG-TRK-0823","Track","Engineering","LOC-138","Critical","Good","2026-06-11","2026-10-26","Maintenance In Progress"
"AST-0824","ENG-TO-0824","Turnout","Engineering","LOC-138","Medium","Fair","2026-07-12","2026-11-27","Operational"
"AST-0825","TD-OHE-0825","OHE Mast","Traction Distribution","LOC-138","High","Poor","2026-03-13","2026-09-03","Operational"
"AST-0826","TD-TSS-0826","Traction Substation","Traction Distribution","LOC-138","High","Critical","2026-04-14","2026-10-04","Under Observation"
"AST-0827","ST-SIG-0827","Signal","Signal & Telecommunication","LOC-138","Critical","Good","2026-05-15","2026-11-05","Maintenance In Progress"
"AST-0828","ST-AXC-0828","Axle Counter","Signal & Telecommunication","LOC-138","Medium","Fair","2026-06-16","2026-09-06","Operational"
"AST-0829","ENG-TRK-0829","Track","Engineering","LOC-139","High","Poor","2026-07-17","2026-10-07","Operational"
"AST-0830","ENG-TO-0830","Turnout","Engineering","LOC-139","High","Critical","2026-03-18","2026-11-08","Under Observation"
"AST-0831","TD-OHE-0831","OHE Mast","Traction Distribution","LOC-139","Critical","Good","2026-04-19","2026-09-09","Maintenance In Progress"
"AST-0832","TD-TSS-0832","Traction Substation","Traction Distribution","LOC-139","Medium","Fair","2026-05-20","2026-10-10","Operational"
"AST-0833","ST-SIG-0833","Signal","Signal & Telecommunication","LOC-139","High","Poor","2026-06-21","2026-11-11","Operational"
"AST-0834","ST-AXC-0834","Axle Counter","Signal & Telecommunication","LOC-139","High","Critical","2026-07-22","2026-09-12","Under Observation"
"AST-0835","ENG-TRK-0835","Track","Engineering","LOC-140","Critical","Good","2026-03-23","2026-10-13","Maintenance In Progress"
"AST-0836","ENG-TO-0836","Turnout","Engineering","LOC-140","Medium","Fair","2026-04-24","2026-11-14","Operational"
"AST-0837","TD-OHE-0837","OHE Mast","Traction Distribution","LOC-140","High","Poor","2026-05-25","2026-09-15","Operational"
"AST-0838","TD-TSS-0838","Traction Substation","Traction Distribution","LOC-140","High","Critical","2026-06-26","2026-10-16","Under Observation"
"AST-0839","ST-SIG-0839","Signal","Signal & Telecommunication","LOC-140","Critical","Good","2026-07-27","2026-11-17","Maintenance In Progress"
"AST-0840","ST-AXC-0840","Axle Counter","Signal & Telecommunication","LOC-140","Medium","Fair","2026-03-04","2026-09-18","Operational"
"AST-0841","ENG-TRK-0841","Track","Engineering","LOC-141","High","Poor","2026-04-05","2026-10-19","Operational"
"AST-0842","ENG-TO-0842","Turnout","Engineering","LOC-141","High","Critical","2026-05-06","2026-11-20","Under Observation"
"AST-0843","TD-OHE-0843","OHE Mast","Traction Distribution","LOC-141","Critical","Good","2026-06-07","2026-09-21","Maintenance In Progress"
"AST-0844","TD-TSS-0844","Traction Substation","Traction Distribution","LOC-141","Medium","Fair","2026-07-08","2026-10-22","Operational"
"AST-0845","ST-SIG-0845","Signal","Signal & Telecommunication","LOC-141","High","Poor","2026-03-09","2026-11-23","Operational"
"AST-0846","ST-AXC-0846","Axle Counter","Signal & Telecommunication","LOC-141","High","Critical","2026-04-10","2026-09-24","Under Observation"
"AST-0847","ENG-TRK-0847","Track","Engineering","LOC-142","Critical","Good","2026-05-11","2026-10-25","Maintenance In Progress"
"AST-0848","ENG-TO-0848","Turnout","Engineering","LOC-142","Medium","Fair","2026-06-12","2026-11-26","Operational"
"AST-0849","TD-OHE-0849","OHE Mast","Traction Distribution","LOC-142","High","Poor","2026-07-13","2026-09-27","Operational"
"AST-0850","TD-TSS-0850","Traction Substation","Traction Distribution","LOC-142","High","Critical","2026-03-14","2026-10-03","Under Observation"
"AST-0851","ST-SIG-0851","Signal","Signal & Telecommunication","LOC-142","Critical","Good","2026-04-15","2026-11-04","Maintenance In Progress"
"AST-0852","ST-AXC-0852","Axle Counter","Signal & Telecommunication","LOC-142","Medium","Fair","2026-05-16","2026-09-05","Operational"
"AST-0853","ENG-TRK-0853","Track","Engineering","LOC-143","High","Poor","2026-06-17","2026-10-06","Operational"
"AST-0854","ENG-TO-0854","Turnout","Engineering","LOC-143","High","Critical","2026-07-18","2026-11-07","Under Observation"
"AST-0855","TD-OHE-0855","OHE Mast","Traction Distribution","LOC-143","Critical","Good","2026-03-19","2026-09-08","Maintenance In Progress"
"AST-0856","TD-TSS-0856","Traction Substation","Traction Distribution","LOC-143","Medium","Fair","2026-04-20","2026-10-09","Operational"
"AST-0857","ST-SIG-0857","Signal","Signal & Telecommunication","LOC-143","High","Poor","2026-05-21","2026-11-10","Operational"
"AST-0858","ST-AXC-0858","Axle Counter","Signal & Telecommunication","LOC-143","High","Critical","2026-06-22","2026-09-11","Under Observation"
"AST-0859","ENG-TRK-0859","Track","Engineering","LOC-144","Critical","Good","2026-07-23","2026-10-12","Maintenance In Progress"
"AST-0860","ENG-TO-0860","Turnout","Engineering","LOC-144","Medium","Fair","2026-03-24","2026-11-13","Operational"
"AST-0861","TD-OHE-0861","OHE Mast","Traction Distribution","LOC-144","High","Poor","2026-04-25","2026-09-14","Operational"
"AST-0862","TD-TSS-0862","Traction Substation","Traction Distribution","LOC-144","High","Critical","2026-05-26","2026-10-15","Under Observation"
"AST-0863","ST-SIG-0863","Signal","Signal & Telecommunication","LOC-144","Critical","Good","2026-06-27","2026-11-16","Maintenance In Progress"
"AST-0864","ST-AXC-0864","Axle Counter","Signal & Telecommunication","LOC-144","Medium","Fair","2026-07-04","2026-09-17","Operational"
"AST-0865","ENG-TRK-0865","Track","Engineering","LOC-145","High","Poor","2026-03-05","2026-10-18","Operational"
"AST-0866","ENG-TO-0866","Turnout","Engineering","LOC-145","High","Critical","2026-04-06","2026-11-19","Under Observation"
"AST-0867","TD-OHE-0867","OHE Mast","Traction Distribution","LOC-145","Critical","Good","2026-05-07","2026-09-20","Maintenance In Progress"
"AST-0868","TD-TSS-0868","Traction Substation","Traction Distribution","LOC-145","Medium","Fair","2026-06-08","2026-10-21","Operational"
"AST-0869","ST-SIG-0869","Signal","Signal & Telecommunication","LOC-145","High","Poor","2026-07-09","2026-11-22","Operational"
"AST-0870","ST-AXC-0870","Axle Counter","Signal & Telecommunication","LOC-145","High","Critical","2026-03-10","2026-09-23","Under Observation"
"AST-0871","ENG-TRK-0871","Track","Engineering","LOC-146","Critical","Good","2026-04-11","2026-10-24","Maintenance In Progress"
"AST-0872","ENG-TO-0872","Turnout","Engineering","LOC-146","Medium","Fair","2026-05-12","2026-11-25","Operational"
"AST-0873","TD-OHE-0873","OHE Mast","Traction Distribution","LOC-146","High","Poor","2026-06-13","2026-09-26","Operational"
"AST-0874","TD-TSS-0874","Traction Substation","Traction Distribution","LOC-146","High","Critical","2026-07-14","2026-10-27","Under Observation"
"AST-0875","ST-SIG-0875","Signal","Signal & Telecommunication","LOC-146","Critical","Good","2026-03-15","2026-11-03","Maintenance In Progress"
"AST-0876","ST-AXC-0876","Axle Counter","Signal & Telecommunication","LOC-146","Medium","Fair","2026-04-16","2026-09-04","Operational"
"AST-0877","ENG-TRK-0877","Track","Engineering","LOC-147","High","Poor","2026-05-17","2026-10-05","Operational"
"AST-0878","ENG-TO-0878","Turnout","Engineering","LOC-147","High","Critical","2026-06-18","2026-11-06","Under Observation"
"AST-0879","TD-OHE-0879","OHE Mast","Traction Distribution","LOC-147","Critical","Good","2026-07-19","2026-09-07","Maintenance In Progress"
"AST-0880","TD-TSS-0880","Traction Substation","Traction Distribution","LOC-147","Medium","Fair","2026-03-20","2026-10-08","Operational"
"AST-0881","ST-SIG-0881","Signal","Signal & Telecommunication","LOC-147","High","Poor","2026-04-21","2026-11-09","Operational"
"AST-0882","ST-AXC-0882","Axle Counter","Signal & Telecommunication","LOC-147","High","Critical","2026-05-22","2026-09-10","Under Observation"
"AST-0883","ENG-TRK-0883","Track","Engineering","LOC-148","Critical","Good","2026-06-23","2026-10-11","Maintenance In Progress"
"AST-0884","ENG-TO-0884","Turnout","Engineering","LOC-148","Medium","Fair","2026-07-24","2026-11-12","Operational"
"AST-0885","TD-OHE-0885","OHE Mast","Traction Distribution","LOC-148","High","Poor","2026-03-25","2026-09-13","Operational"
"AST-0886","TD-TSS-0886","Traction Substation","Traction Distribution","LOC-148","High","Critical","2026-04-26","2026-10-14","Under Observation"
"AST-0887","ST-SIG-0887","Signal","Signal & Telecommunication","LOC-148","Critical","Good","2026-05-27","2026-11-15","Maintenance In Progress"
"AST-0888","ST-AXC-0888","Axle Counter","Signal & Telecommunication","LOC-148","Medium","Fair","2026-06-04","2026-09-16","Operational"
"AST-0889","ENG-TRK-0889","Track","Engineering","LOC-149","High","Poor","2026-07-05","2026-10-17","Operational"
"AST-0890","ENG-TO-0890","Turnout","Engineering","LOC-149","High","Critical","2026-03-06","2026-11-18","Under Observation"
"AST-0891","TD-OHE-0891","OHE Mast","Traction Distribution","LOC-149","Critical","Good","2026-04-07","2026-09-19","Maintenance In Progress"
"AST-0892","TD-TSS-0892","Traction Substation","Traction Distribution","LOC-149","Medium","Fair","2026-05-08","2026-10-20","Operational"
"AST-0893","ST-SIG-0893","Signal","Signal & Telecommunication","LOC-149","High","Poor","2026-06-09","2026-11-21","Operational"
"AST-0894","ST-AXC-0894","Axle Counter","Signal & Telecommunication","LOC-149","High","Critical","2026-07-10","2026-09-22","Under Observation"
"AST-0895","ENG-TRK-0895","Track","Engineering","LOC-150","Critical","Good","2026-03-11","2026-10-23","Maintenance In Progress"
"AST-0896","ENG-TO-0896","Turnout","Engineering","LOC-150","Medium","Fair","2026-04-12","2026-11-24","Operational"
"AST-0897","TD-OHE-0897","OHE Mast","Traction Distribution","LOC-150","High","Poor","2026-05-13","2026-09-25","Operational"
"AST-0898","TD-TSS-0898","Traction Substation","Traction Distribution","LOC-150","High","Critical","2026-06-14","2026-10-26","Under Observation"
"AST-0899","ST-SIG-0899","Signal","Signal & Telecommunication","LOC-150","Critical","Good","2026-07-15","2026-11-27","Maintenance In Progress"
"AST-0900","ST-AXC-0900","Axle Counter","Signal & Telecommunication","LOC-150","Medium","Fair","2026-03-16","2026-09-03","Operational"
"AST-0901","ENG-TRK-0901","Track","Engineering","LOC-151","High","Poor","2026-04-17","2026-10-04","Operational"
"AST-0902","ENG-TO-0902","Turnout","Engineering","LOC-151","High","Critical","2026-05-18","2026-11-05","Under Observation"
"AST-0903","TD-OHE-0903","OHE Mast","Traction Distribution","LOC-151","Critical","Good","2026-06-19","2026-09-06","Maintenance In Progress"
"AST-0904","TD-TSS-0904","Traction Substation","Traction Distribution","LOC-151","Medium","Fair","2026-07-20","2026-10-07","Operational"
"AST-0905","ST-SIG-0905","Signal","Signal & Telecommunication","LOC-151","High","Poor","2026-03-21","2026-11-08","Operational"
"AST-0906","ST-AXC-0906","Axle Counter","Signal & Telecommunication","LOC-151","High","Critical","2026-04-22","2026-09-09","Under Observation"
"AST-0907","ENG-TRK-0907","Track","Engineering","LOC-152","Critical","Good","2026-05-23","2026-10-10","Maintenance In Progress"
"AST-0908","ENG-TO-0908","Turnout","Engineering","LOC-152","Medium","Fair","2026-06-24","2026-11-11","Operational"
"AST-0909","TD-OHE-0909","OHE Mast","Traction Distribution","LOC-152","High","Poor","2026-07-25","2026-09-12","Operational"
"AST-0910","TD-TSS-0910","Traction Substation","Traction Distribution","LOC-152","High","Critical","2026-03-26","2026-10-13","Under Observation"
"AST-0911","ST-SIG-0911","Signal","Signal & Telecommunication","LOC-152","Critical","Good","2026-04-27","2026-11-14","Maintenance In Progress"
"AST-0912","ST-AXC-0912","Axle Counter","Signal & Telecommunication","LOC-152","Medium","Fair","2026-05-04","2026-09-15","Operational"
"AST-0913","ENG-TRK-0913","Track","Engineering","LOC-153","High","Poor","2026-06-05","2026-10-16","Operational"
"AST-0914","ENG-TO-0914","Turnout","Engineering","LOC-153","High","Critical","2026-07-06","2026-11-17","Under Observation"
"AST-0915","TD-OHE-0915","OHE Mast","Traction Distribution","LOC-153","Critical","Good","2026-03-07","2026-09-18","Maintenance In Progress"
"AST-0916","TD-TSS-0916","Traction Substation","Traction Distribution","LOC-153","Medium","Fair","2026-04-08","2026-10-19","Operational"
"AST-0917","ST-SIG-0917","Signal","Signal & Telecommunication","LOC-153","High","Poor","2026-05-09","2026-11-20","Operational"
"AST-0918","ST-AXC-0918","Axle Counter","Signal & Telecommunication","LOC-153","High","Critical","2026-06-10","2026-09-21","Under Observation"
"AST-0919","ENG-TRK-0919","Track","Engineering","LOC-154","Critical","Good","2026-07-11","2026-10-22","Maintenance In Progress"
"AST-0920","ENG-TO-0920","Turnout","Engineering","LOC-154","Medium","Fair","2026-03-12","2026-11-23","Operational"
"AST-0921","TD-OHE-0921","OHE Mast","Traction Distribution","LOC-154","High","Poor","2026-04-13","2026-09-24","Operational"
"AST-0922","TD-TSS-0922","Traction Substation","Traction Distribution","LOC-154","High","Critical","2026-05-14","2026-10-25","Under Observation"
"AST-0923","ST-SIG-0923","Signal","Signal & Telecommunication","LOC-154","Critical","Good","2026-06-15","2026-11-26","Maintenance In Progress"
"AST-0924","ST-AXC-0924","Axle Counter","Signal & Telecommunication","LOC-154","Medium","Fair","2026-07-16","2026-09-27","Operational"
"AST-0925","ENG-TRK-0925","Track","Engineering","LOC-155","High","Poor","2026-03-17","2026-10-03","Operational"
"AST-0926","ENG-TO-0926","Turnout","Engineering","LOC-155","High","Critical","2026-04-18","2026-11-04","Under Observation"
"AST-0927","TD-OHE-0927","OHE Mast","Traction Distribution","LOC-155","Critical","Good","2026-05-19","2026-09-05","Maintenance In Progress"
"AST-0928","TD-TSS-0928","Traction Substation","Traction Distribution","LOC-155","Medium","Fair","2026-06-20","2026-10-06","Operational"
"AST-0929","ST-SIG-0929","Signal","Signal & Telecommunication","LOC-155","High","Poor","2026-07-21","2026-11-07","Operational"
"AST-0930","ST-AXC-0930","Axle Counter","Signal & Telecommunication","LOC-155","High","Critical","2026-03-22","2026-09-08","Under Observation"
"AST-0931","ENG-TRK-0931","Track","Engineering","LOC-156","Critical","Good","2026-04-23","2026-10-09","Maintenance In Progress"
"AST-0932","ENG-TO-0932","Turnout","Engineering","LOC-156","Medium","Fair","2026-05-24","2026-11-10","Operational"
"AST-0933","TD-OHE-0933","OHE Mast","Traction Distribution","LOC-156","High","Poor","2026-06-25","2026-09-11","Operational"
"AST-0934","TD-TSS-0934","Traction Substation","Traction Distribution","LOC-156","High","Critical","2026-07-26","2026-10-12","Under Observation"
"AST-0935","ST-SIG-0935","Signal","Signal & Telecommunication","LOC-156","Critical","Good","2026-03-27","2026-11-13","Maintenance In Progress"
"AST-0936","ST-AXC-0936","Axle Counter","Signal & Telecommunication","LOC-156","Medium","Fair","2026-04-04","2026-09-14","Operational"
"AST-0937","ENG-TRK-0937","Track","Engineering","LOC-157","High","Poor","2026-05-05","2026-10-15","Operational"
"AST-0938","ENG-TO-0938","Turnout","Engineering","LOC-157","High","Critical","2026-06-06","2026-11-16","Under Observation"
"AST-0939","TD-OHE-0939","OHE Mast","Traction Distribution","LOC-157","Critical","Good","2026-07-07","2026-09-17","Maintenance In Progress"
"AST-0940","TD-TSS-0940","Traction Substation","Traction Distribution","LOC-157","Medium","Fair","2026-03-08","2026-10-18","Operational"
"AST-0941","ST-SIG-0941","Signal","Signal & Telecommunication","LOC-157","High","Poor","2026-04-09","2026-11-19","Operational"
"AST-0942","ST-AXC-0942","Axle Counter","Signal & Telecommunication","LOC-157","High","Critical","2026-05-10","2026-09-20","Under Observation"
"AST-0943","ENG-TRK-0943","Track","Engineering","LOC-158","Critical","Good","2026-06-11","2026-10-21","Maintenance In Progress"
"AST-0944","ENG-TO-0944","Turnout","Engineering","LOC-158","Medium","Fair","2026-07-12","2026-11-22","Operational"
"AST-0945","TD-OHE-0945","OHE Mast","Traction Distribution","LOC-158","High","Poor","2026-03-13","2026-09-23","Operational"
"AST-0946","TD-TSS-0946","Traction Substation","Traction Distribution","LOC-158","High","Critical","2026-04-14","2026-10-24","Under Observation"
"AST-0947","ST-SIG-0947","Signal","Signal & Telecommunication","LOC-158","Critical","Good","2026-05-15","2026-11-25","Maintenance In Progress"
"AST-0948","ST-AXC-0948","Axle Counter","Signal & Telecommunication","LOC-158","Medium","Fair","2026-06-16","2026-09-26","Operational"
"AST-0949","ENG-TRK-0949","Track","Engineering","LOC-159","High","Poor","2026-07-17","2026-10-27","Operational"
"AST-0950","ENG-TO-0950","Turnout","Engineering","LOC-159","High","Critical","2026-03-18","2026-11-03","Under Observation"
"AST-0951","TD-OHE-0951","OHE Mast","Traction Distribution","LOC-159","Critical","Good","2026-04-19","2026-09-04","Maintenance In Progress"
"AST-0952","TD-TSS-0952","Traction Substation","Traction Distribution","LOC-159","Medium","Fair","2026-05-20","2026-10-05","Operational"
"AST-0953","ST-SIG-0953","Signal","Signal & Telecommunication","LOC-159","High","Poor","2026-06-21","2026-11-06","Operational"
"AST-0954","ST-AXC-0954","Axle Counter","Signal & Telecommunication","LOC-159","High","Critical","2026-07-22","2026-09-07","Under Observation"
"AST-0955","ENG-TRK-0955","Track","Engineering","LOC-160","Critical","Good","2026-03-23","2026-10-08","Maintenance In Progress"
"AST-0956","ENG-TO-0956","Turnout","Engineering","LOC-160","Medium","Fair","2026-04-24","2026-11-09","Operational"
"AST-0957","TD-OHE-0957","OHE Mast","Traction Distribution","LOC-160","High","Poor","2026-05-25","2026-09-10","Operational"
"AST-0958","TD-TSS-0958","Traction Substation","Traction Distribution","LOC-160","High","Critical","2026-06-26","2026-10-11","Under Observation"
"AST-0959","ST-SIG-0959","Signal","Signal & Telecommunication","LOC-160","Critical","Good","2026-07-27","2026-11-12","Maintenance In Progress"
"AST-0960","ST-AXC-0960","Axle Counter","Signal & Telecommunication","LOC-160","Medium","Fair","2026-03-04","2026-09-13","Operational"
"AST-0961","ENG-TRK-0961","Track","Engineering","LOC-161","High","Poor","2026-04-05","2026-10-14","Operational"
"AST-0962","ENG-TO-0962","Turnout","Engineering","LOC-161","High","Critical","2026-05-06","2026-11-15","Under Observation"
"AST-0963","TD-OHE-0963","OHE Mast","Traction Distribution","LOC-161","Critical","Good","2026-06-07","2026-09-16","Maintenance In Progress"
"AST-0964","TD-TSS-0964","Traction Substation","Traction Distribution","LOC-161","Medium","Fair","2026-07-08","2026-10-17","Operational"
"AST-0965","ST-SIG-0965","Signal","Signal & Telecommunication","LOC-161","High","Poor","2026-03-09","2026-11-18","Operational"
"AST-0966","ST-AXC-0966","Axle Counter","Signal & Telecommunication","LOC-161","High","Critical","2026-04-10","2026-09-19","Under Observation"
"AST-0967","ENG-TRK-0967","Track","Engineering","LOC-162","Critical","Good","2026-05-11","2026-10-20","Maintenance In Progress"
"AST-0968","ENG-TO-0968","Turnout","Engineering","LOC-162","Medium","Fair","2026-06-12","2026-11-21","Operational"
"AST-0969","TD-OHE-0969","OHE Mast","Traction Distribution","LOC-162","High","Poor","2026-07-13","2026-09-22","Operational"
"AST-0970","TD-TSS-0970","Traction Substation","Traction Distribution","LOC-162","High","Critical","2026-03-14","2026-10-23","Under Observation"
"AST-0971","ST-SIG-0971","Signal","Signal & Telecommunication","LOC-162","Critical","Good","2026-04-15","2026-11-24","Maintenance In Progress"
"AST-0972","ST-AXC-0972","Axle Counter","Signal & Telecommunication","LOC-162","Medium","Fair","2026-05-16","2026-09-25","Operational"
"AST-0973","ENG-TRK-0973","Track","Engineering","LOC-163","High","Poor","2026-06-17","2026-10-26","Operational"
"AST-0974","ENG-TO-0974","Turnout","Engineering","LOC-163","High","Critical","2026-07-18","2026-11-27","Under Observation"
"AST-0975","TD-OHE-0975","OHE Mast","Traction Distribution","LOC-163","Critical","Good","2026-03-19","2026-09-03","Maintenance In Progress"
"AST-0976","TD-TSS-0976","Traction Substation","Traction Distribution","LOC-163","Medium","Fair","2026-04-20","2026-10-04","Operational"
"AST-0977","ST-SIG-0977","Signal","Signal & Telecommunication","LOC-163","High","Poor","2026-05-21","2026-11-05","Operational"
"AST-0978","ST-AXC-0978","Axle Counter","Signal & Telecommunication","LOC-163","High","Critical","2026-06-22","2026-09-06","Under Observation"
"AST-0979","ENG-TRK-0979","Track","Engineering","LOC-164","Critical","Good","2026-07-23","2026-10-07","Maintenance In Progress"
"AST-0980","ENG-TO-0980","Turnout","Engineering","LOC-164","Medium","Fair","2026-03-24","2026-11-08","Operational"
"AST-0981","TD-OHE-0981","OHE Mast","Traction Distribution","LOC-164","High","Poor","2026-04-25","2026-09-09","Operational"
"AST-0982","TD-TSS-0982","Traction Substation","Traction Distribution","LOC-164","High","Critical","2026-05-26","2026-10-10","Under Observation"
"AST-0983","ST-SIG-0983","Signal","Signal & Telecommunication","LOC-164","Critical","Good","2026-06-27","2026-11-11","Maintenance In Progress"
"AST-0984","ST-AXC-0984","Axle Counter","Signal & Telecommunication","LOC-164","Medium","Fair","2026-07-04","2026-09-12","Operational"
"AST-0985","ENG-TRK-0985","Track","Engineering","LOC-165","High","Poor","2026-03-05","2026-10-13","Operational"
"AST-0986","ENG-TO-0986","Turnout","Engineering","LOC-165","High","Critical","2026-04-06","2026-11-14","Under Observation"
"AST-0987","TD-OHE-0987","OHE Mast","Traction Distribution","LOC-165","Critical","Good","2026-05-07","2026-09-15","Maintenance In Progress"
"AST-0988","TD-TSS-0988","Traction Substation","Traction Distribution","LOC-165","Medium","Fair","2026-06-08","2026-10-16","Operational"
"AST-0989","ST-SIG-0989","Signal","Signal & Telecommunication","LOC-165","High","Poor","2026-07-09","2026-11-17","Operational"
"AST-0990","ST-AXC-0990","Axle Counter","Signal & Telecommunication","LOC-165","High","Critical","2026-03-10","2026-09-18","Under Observation"
"AST-0991","ENG-TRK-0991","Track","Engineering","LOC-166","Critical","Good","2026-04-11","2026-10-19","Maintenance In Progress"
"AST-0992","ENG-TO-0992","Turnout","Engineering","LOC-166","Medium","Fair","2026-05-12","2026-11-20","Operational"
"AST-0993","TD-OHE-0993","OHE Mast","Traction Distribution","LOC-166","High","Poor","2026-06-13","2026-09-21","Operational"
"AST-0994","TD-TSS-0994","Traction Substation","Traction Distribution","LOC-166","High","Critical","2026-07-14","2026-10-22","Under Observation"
"AST-0995","ST-SIG-0995","Signal","Signal & Telecommunication","LOC-166","Critical","Good","2026-03-15","2026-11-23","Maintenance In Progress"
"AST-0996","ST-AXC-0996","Axle Counter","Signal & Telecommunication","LOC-166","Medium","Fair","2026-04-16","2026-09-24","Operational"
"AST-0997","ENG-TRK-0997","Track","Engineering","LOC-167","High","Poor","2026-05-17","2026-10-25","Operational"
"AST-0998","ENG-TO-0998","Turnout","Engineering","LOC-167","High","Critical","2026-06-18","2026-11-26","Under Observation"
"AST-0999","TD-OHE-0999","OHE Mast","Traction Distribution","LOC-167","Critical","Good","2026-07-19","2026-09-27","Maintenance In Progress"
"AST-1000","TD-TSS-1000","Traction Substation","Traction Distribution","LOC-167","Medium","Fair","2026-03-20","2026-10-03","Operational"
"AST-1001","ST-SIG-1001","Signal","Signal & Telecommunication","LOC-167","High","Poor","2026-04-21","2026-11-04","Operational"
"AST-1002","ST-AXC-1002","Axle Counter","Signal & Telecommunication","LOC-167","High","Critical","2026-05-22","2026-09-05","Under Observation"
"AST-1003","ENG-TRK-1003","Track","Engineering","LOC-168","Critical","Good","2026-06-23","2026-10-06","Maintenance In Progress"
"AST-1004","ENG-TO-1004","Turnout","Engineering","LOC-168","Medium","Fair","2026-07-24","2026-11-07","Operational"
"AST-1005","TD-OHE-1005","OHE Mast","Traction Distribution","LOC-168","High","Poor","2026-03-25","2026-09-08","Operational"
"AST-1006","TD-TSS-1006","Traction Substation","Traction Distribution","LOC-168","High","Critical","2026-04-26","2026-10-09","Under Observation"
"AST-1007","ST-SIG-1007","Signal","Signal & Telecommunication","LOC-168","Critical","Good","2026-05-27","2026-11-10","Maintenance In Progress"
"AST-1008","ST-AXC-1008","Axle Counter","Signal & Telecommunication","LOC-168","Medium","Fair","2026-06-04","2026-09-11","Operational"
"AST-1009","NET-JNC-1009","Network Junction","Network Operations","NET-169","Medium","Good","2026-06-01","2026-12-01","Operational"
"AST-1010","NET-JNC-1010","Network Junction","Network Operations","NET-170","Medium","Good","2026-06-01","2026-12-01","Operational"
"AST-1011","NET-JNC-1011","Network Junction","Network Operations","NET-171","Medium","Good","2026-06-01","2026-12-01","Operational"
"AST-1012","NET-JNC-1012","Network Junction","Network Operations","NET-172","Medium","Good","2026-06-01","2026-12-01","Operational"
"AST-1013","NET-JNC-1013","Network Junction","Network Operations","NET-173","Medium","Good","2026-06-01","2026-12-01","Operational"
"AST-1014","NET-JNC-1014","Network Junction","Network Operations","NET-174","Medium","Good","2026-06-01","2026-12-01","Operational"
"AST-1015","NET-JNC-1015","Network Junction","Network Operations","NET-175","Medium","Good","2026-06-01","2026-12-01","Operational"
"AST-1016","NET-JNC-1016","Network Junction","Network Operations","NET-176","Medium","Good","2026-06-01","2026-12-01","Operational"
"AST-1017","NET-JNC-1017","Network Junction","Network Operations","NET-177","Medium","Good","2026-06-01","2026-12-01","Operational"
"AST-1018","NET-JNC-1018","Network Junction","Network Operations","NET-178","Medium","Good","2026-06-01","2026-12-01","Operational"
"AST-1019","NET-JNC-1019","Network Junction","Network Operations","NET-179","Medium","Good","2026-06-01","2026-12-01","Operational"
"AST-1020","NET-JNC-1020","Network Junction","Network Operations","NET-180","Medium","Good","2026-06-01","2026-12-01","Operational"
"AST-1021","NET-JNC-1021","Network Junction","Network Operations","NET-181","Medium","Good","2026-06-01","2026-12-01","Operational"
"AST-1022","NET-JNC-1022","Network Junction","Network Operations","NET-182","Medium","Good","2026-06-01","2026-12-01","Operational"
"AST-1023","NET-JNC-1023","Network Junction","Network Operations","NET-183","Medium","Good","2026-06-01","2026-12-01","Operational"
"AST-1024","NET-JNC-1024","Network Junction","Network Operations","NET-184","Medium","Good","2026-06-01","2026-12-01","Operational"
"AST-1025","NET-JNC-1025","Network Junction","Network Operations","NET-185","Medium","Good","2026-06-01","2026-12-01","Operational"
"AST-1026","NET-JNC-1026","Network Junction","Network Operations","NET-186","Medium","Good","2026-06-01","2026-12-01","Operational"
"AST-1027","NET-JNC-1027","Network Junction","Network Operations","NET-187","Medium","Good","2026-06-01","2026-12-01","Operational"
"AST-1028","NET-JNC-1028","Network Junction","Network Operations","NET-188","Medium","Good","2026-06-01","2026-12-01","Operational"
"AST-1029","NET-JNC-1029","Network Junction","Network Operations","NET-189","Medium","Good","2026-06-01","2026-12-01","Operational"
"AST-1030","NET-JNC-1030","Network Junction","Network Operations","NET-190","Medium","Good","2026-06-01","2026-12-01","Operational"
"AST-1031","NET-JNC-1031","Network Junction","Network Operations","NET-191","Medium","Good","2026-06-01","2026-12-01","Operational"
"AST-1032","NET-JNC-1032","Network Junction","Network Operations","NET-192","Medium","Good","2026-06-01","2026-12-01","Operational"
"AST-1033","NET-JNC-1033","Network Junction","Network Operations","NET-193","Medium","Good","2026-06-01","2026-12-01","Operational"
"AST-1034","NET-JNC-1034","Network Junction","Network Operations","NET-194","Medium","Good","2026-06-01","2026-12-01","Operational"
"AST-1035","NET-JNC-1035","Network Junction","Network Operations","NET-195","Medium","Good","2026-06-01","2026-12-01","Operational"
"AST-1036","NET-JNC-1036","Network Junction","Network Operations","NET-196","Medium","Good","2026-06-01","2026-12-01","Operational"
