"task_id","asset_id","location_id","corridor","task_type","description","severity","failure_probability","asset_criticality","traffic_impact","estimated_duration_minutes","required_department","earliest_start","deadline","status","priority_score"
"TSK-0001","AST-0001","LOC-001","Andhra Pradesh: Vijayawada-Visakhapatnam","Preventive Maintenance","Synthetic demo: Track at LOC-001","Medium","0.13","High","Medium","52","Engineering","2026-09-01 03:00:00","2026-09-04 03:00:00","Pending",""
"TSK-0002","AST-0001","LOC-001","Andhra Pradesh: Vijayawada-Visakhapatnam","Condition Monitoring","Synthetic demo: Track at LOC-001","Critical","0.14","High","High","69","Engineering","2026-09-01 06:00:00","2026-09-05 06:00:00","Pending",""
"TSK-0003","AST-0002","LOC-001","Andhra Pradesh: Vijayawada-Visakhapatnam","Corrective Maintenance","Synthetic demo: Turnout at LOC-001","Critical","0.15","High","Low","86","Engineering","2026-09-01 09:00:00","2026-09-06 09:00:00","Pending",""
"TSK-0004","AST-0002","LOC-001","Andhra Pradesh: Vijayawada-Visakhapatnam","Inspection","Synthetic demo: Turnout at LOC-001","Medium","0.16","High","Medium","103","Engineering","2026-09-01 12:00:00","2026-09-07 12:00:00","Pending",""
"TSK-0005","AST-0003","LOC-001","Andhra Pradesh: Vijayawada-Visakhapatnam","Preventive Maintenance","Synthetic demo: OHE Mast at LOC-001","Medium","0.17","Critical","High","49","Traction Distribution","2026-09-01 15:00:00","2026-09-08 15:00:00","Pending",""
"TSK-0006","AST-0003","LOC-001","Andhra Pradesh: Vijayawada-Visakhapatnam","Condition Monitoring","Synthetic demo: OHE Mast at LOC-001","Critical","0.18","Critical","Low","66","Traction Distribution","2026-09-01 18:00:00","2026-09-09 18:00:00","Pending",""
"TSK-0007","AST-0004","LOC-001","Andhra Pradesh: Vijayawada-Visakhapatnam","Corrective Maintenance","Synthetic demo: Traction Substation at LOC-001","Critical","0.19","Medium","Medium","83","Traction Distribution","2026-09-01 21:00:00","2026-09-10 21:00:00","Pending",""
"TSK-0008","AST-0004","LOC-001","Andhra Pradesh: Vijayawada-Visakhapatnam","Inspection","Synthetic demo: Traction Substation at LOC-001","Medium","0.2","Medium","High","100","Traction Distribution","2026-09-02 00:00:00","2026-09-12 00:00:00","Pending",""
"TSK-0009","AST-0005","LOC-001","Andhra Pradesh: Vijayawada-Visakhapatnam","Preventive Maintenance","Synthetic demo: Signal at LOC-001","Medium","0.21","High","Low","46","Signal & Telecommunication","2026-09-02 03:00:00","2026-09-13 03:00:00","Pending",""
"TSK-0010","AST-0005","LOC-001","Andhra Pradesh: Vijayawada-Visakhapatnam","Condition Monitoring","Synthetic demo: Signal at LOC-001","Critical","0.22","High","Medium","63","Signal & Telecommunication","2026-09-02 06:00:00","2026-09-14 06:00:00","Pending",""
"TSK-0011","AST-0006","LOC-001","Andhra Pradesh: Vijayawada-Visakhapatnam","Corrective Maintenance","Synthetic demo: Axle Counter at LOC-001","Critical","0.23","High","High","80","Signal & Telecommunication","2026-09-02 09:00:00","2026-09-15 09:00:00","Pending",""
"TSK-0012","AST-0006","LOC-001","Andhra Pradesh: Vijayawada-Visakhapatnam","Inspection","Synthetic demo: Axle Counter at LOC-001","Medium","0.24","High","Low","97","Signal & Telecommunication","2026-09-02 12:00:00","2026-09-16 12:00:00","Pending",""
"TSK-0013","AST-0007","LOC-002","Andhra Pradesh: Vijayawada-Visakhapatnam","Preventive Maintenance","Synthetic demo: Track at LOC-002","Medium","0.25","Critical","Medium","43","Engineering","2026-09-02 15:00:00","2026-09-17 15:00:00","In Progress",""
"TSK-0014","AST-0007","LOC-002","Andhra Pradesh: Vijayawada-Visakhapatnam","Condition Monitoring","Synthetic demo: Track at LOC-002","Critical","0.26","Critical","High","60","Engineering","2026-09-02 18:00:00","2026-09-04 18:00:00","Pending",""
"TSK-0015","AST-0008","LOC-002","Andhra Pradesh: Vijayawada-Visakhapatnam","Corrective Maintenance","Synthetic demo: Turnout at LOC-002","Critical","0.27","Medium","Low","77","Engineering","2026-09-02 21:00:00","2026-09-05 21:00:00","Pending",""
"TSK-0016","AST-0008","LOC-002","Andhra Pradesh: Vijayawada-Visakhapatnam","Inspection","Synthetic demo: Turnout at LOC-002","Medium","0.28","Medium","Medium","94","Engineering","2026-09-03 00:00:00","2026-09-07 00:00:00","Pending",""
"TSK-0017","AST-0009","LOC-002","Andhra Pradesh: Vijayawada-Visakhapatnam","Preventive Maintenance","Synthetic demo: OHE Mast at LOC-002","Medium","0.29","High","High","40","Traction Distribution","2026-09-03 03:00:00","2026-09-08 03:00:00","Scheduled",""
"TSK-0018","AST-0009","LOC-002","Andhra Pradesh: Vijayawada-Visakhapatnam","Condition Monitoring","Synthetic demo: OHE Mast at LOC-002","Critical","0.3","High","Low","57","Traction Distribution","2026-09-03 06:00:00","2026-09-09 06:00:00","Pending",""
"TSK-0019","AST-0010","LOC-002","Andhra Pradesh: Vijayawada-Visakhapatnam","Corrective Maintenance","Synthetic demo: Traction Substation at LOC-002","Critical","0.31","High","Medium","74","Traction Distribution","2026-09-03 09:00:00","2026-09-10 09:00:00","Pending",""
"TSK-0020","AST-0010","LOC-002","Andhra Pradesh: Vijayawada-Visakhapatnam","Inspection","Synthetic demo: Traction Substation at LOC-002","Medium","0.32","High","High","91","Traction Distribution","2026-09-03 12:00:00","2026-09-11 12:00:00","Pending",""
"TSK-0021","AST-0011","LOC-002","Andhra Pradesh: Vijayawada-Visakhapatnam","Preventive Maintenance","Synthetic demo: Signal at LOC-002","Medium","0.33","Critical","Low","37","Signal & Telecommunication","2026-09-03 15:00:00","2026-09-12 15:00:00","Pending",""
"TSK-0022","AST-0011","LOC-002","Andhra Pradesh: Vijayawada-Visakhapatnam","Condition Monitoring","Synthetic demo: Signal at LOC-002","Critical","0.34","Critical","Medium","54","Signal & Telecommunication","2026-09-03 18:00:00","2026-09-13 18:00:00","Pending",""
"TSK-0023","AST-0012","LOC-002","Andhra Pradesh: Vijayawada-Visakhapatnam","Corrective Maintenance","Synthetic demo: Axle Counter at LOC-002","Critical","0.35","Medium","High","71","Signal & Telecommunication","2026-09-03 21:00:00","2026-09-14 21:00:00","Pending",""
"TSK-0024","AST-0012","LOC-002","Andhra Pradesh: Vijayawada-Visakhapatnam","Inspection","Synthetic demo: Axle Counter at LOC-002","Medium","0.36","Medium","Low","88","Signal & Telecommunication","2026-09-04 00:00:00","2026-09-16 00:00:00","Pending",""
"TSK-0025","AST-0013","LOC-003","Andhra Pradesh: Vijayawada-Visakhapatnam","Preventive Maintenance","Synthetic demo: Track at LOC-003","Medium","0.37","High","Medium","105","Engineering","2026-09-04 03:00:00","2026-09-17 03:00:00","Pending",""
"TSK-0026","AST-0013","LOC-003","Andhra Pradesh: Vijayawada-Visakhapatnam","Condition Monitoring","Synthetic demo: Track at LOC-003","Critical","0.38","High","High","51","Engineering","2026-09-04 06:00:00","2026-09-18 06:00:00","In Progress",""
"TSK-0027","AST-0014","LOC-003","Andhra Pradesh: Vijayawada-Visakhapatnam","Corrective Maintenance","Synthetic demo: Turnout at LOC-003","Critical","0.39","High","Low","68","Engineering","2026-09-04 09:00:00","2026-09-19 09:00:00","Pending",""
"TSK-0028","AST-0014","LOC-003","Andhra Pradesh: Vijayawada-Visakhapatnam","Inspection","Synthetic demo: Turnout at LOC-003","Medium","0.4","High","Medium","85","Engineering","2026-09-04 12:00:00","2026-09-06 12:00:00","Pending",""
"TSK-0029","AST-0015","LOC-003","Andhra Pradesh: Vijayawada-Visakhapatnam","Preventive Maintenance","Synthetic demo: OHE Mast at LOC-003","Medium","0.41","Critical","High","102","Traction Distribution","2026-09-04 15:00:00","2026-09-07 15:00:00","Pending",""
"TSK-0030","AST-0015","LOC-003","Andhra Pradesh: Vijayawada-Visakhapatnam","Condition Monitoring","Synthetic demo: OHE Mast at LOC-003","Critical","0.42","Critical","Low","48","Traction Distribution","2026-09-04 18:00:00","2026-09-08 18:00:00","Pending",""
"TSK-0031","AST-0016","LOC-003","Andhra Pradesh: Vijayawada-Visakhapatnam","Corrective Maintenance","Synthetic demo: Traction Substation at LOC-003","Critical","0.43","Medium","Medium","65","Traction Distribution","2026-09-04 21:00:00","2026-09-09 21:00:00","Pending",""
"TSK-0032","AST-0016","LOC-003","Andhra Pradesh: Vijayawada-Visakhapatnam","Inspection","Synthetic demo: Traction Substation at LOC-003","Medium","0.44","Medium","High","82","Traction Distribution","2026-09-05 00:00:00","2026-09-11 00:00:00","Pending",""
"TSK-0033","AST-0017","LOC-003","Andhra Pradesh: Vijayawada-Visakhapatnam","Preventive Maintenance","Synthetic demo: Signal at LOC-003","Medium","0.45","High","Low","99","Signal & Telecommunication","2026-09-05 03:00:00","2026-09-12 03:00:00","Pending",""
"TSK-0034","AST-0017","LOC-003","Andhra Pradesh: Vijayawada-Visakhapatnam","Condition Monitoring","Synthetic demo: Signal at LOC-003","Critical","0.46","High","Medium","45","Signal & Telecommunication","2026-09-05 06:00:00","2026-09-13 06:00:00","Scheduled",""
"TSK-0035","AST-0018","LOC-003","Andhra Pradesh: Vijayawada-Visakhapatnam","Corrective Maintenance","Synthetic demo: Axle Counter at LOC-003","Critical","0.47","High","High","62","Signal & Telecommunication","2026-09-05 09:00:00","2026-09-14 09:00:00","Pending",""
"TSK-0036","AST-0018","LOC-003","Andhra Pradesh: Vijayawada-Visakhapatnam","Inspection","Synthetic demo: Axle Counter at LOC-003","Medium","0.48","High","Low","79","Signal & Telecommunication","2026-09-05 12:00:00","2026-09-15 12:00:00","Pending",""
"TSK-0037","AST-0019","LOC-004","Andhra Pradesh: Vijayawada-Visakhapatnam","Preventive Maintenance","Synthetic demo: Track at LOC-004","Medium","0.49","Critical","Medium","96","Engineering","2026-09-05 15:00:00","2026-09-16 15:00:00","Pending",""
"TSK-0038","AST-0019","LOC-004","Andhra Pradesh: Vijayawada-Visakhapatnam","Condition Monitoring","Synthetic demo: Track at LOC-004","Critical","0.5","Critical","High","42","Engineering","2026-09-05 18:00:00","2026-09-17 18:00:00","Pending",""
"TSK-0039","AST-0020","LOC-004","Andhra Pradesh: Vijayawada-Visakhapatnam","Corrective Maintenance","Synthetic demo: Turnout at LOC-004","Critical","0.51","Medium","Low","59","Engineering","2026-09-05 21:00:00","2026-09-18 21:00:00","In Progress",""
"TSK-0040","AST-0020","LOC-004","Andhra Pradesh: Vijayawada-Visakhapatnam","Inspection","Synthetic demo: Turnout at LOC-004","Medium","0.52","Medium","Medium","76","Engineering","2026-09-06 00:00:00","2026-09-20 00:00:00","Pending",""
"TSK-0041","AST-0021","LOC-004","Andhra Pradesh: Vijayawada-Visakhapatnam","Preventive Maintenance","Synthetic demo: OHE Mast at LOC-004","Medium","0.53","High","High","93","Traction Distribution","2026-09-06 03:00:00","2026-09-21 03:00:00","Pending",""
"TSK-0042","AST-0021","LOC-004","Andhra Pradesh: Vijayawada-Visakhapatnam","Condition Monitoring","Synthetic demo: OHE Mast at LOC-004","Critical","0.54","High","Low","39","Traction Distribution","2026-09-06 06:00:00","2026-09-08 06:00:00","Pending",""
"TSK-0043","AST-0022","LOC-004","Andhra Pradesh: Vijayawada-Visakhapatnam","Corrective Maintenance","Synthetic demo: Traction Substation at LOC-004","Critical","0.55","High","Medium","56","Traction Distribution","2026-09-06 09:00:00","2026-09-09 09:00:00","Pending",""
"TSK-0044","AST-0022","LOC-004","Andhra Pradesh: Vijayawada-Visakhapatnam","Inspection","Synthetic demo: Traction Substation at LOC-004","Medium","0.56","High","High","73","Traction Distribution","2026-09-06 12:00:00","2026-09-10 12:00:00","Pending",""
"TSK-0045","AST-0023","LOC-004","Andhra Pradesh: Vijayawada-Visakhapatnam","Preventive Maintenance","Synthetic demo: Signal at LOC-004","Medium","0.57","Critical","Low","90","Signal & Telecommunication","2026-09-06 15:00:00","2026-09-11 15:00:00","Pending",""
"TSK-0046","AST-0023","LOC-004","Andhra Pradesh: Vijayawada-Visakhapatnam","Condition Monitoring","Synthetic demo: Signal at LOC-004","Critical","0.58","Critical","Medium","36","Signal & Telecommunication","2026-09-06 18:00:00","2026-09-12 18:00:00","Pending",""
"TSK-0047","AST-0024","LOC-004","Andhra Pradesh: Vijayawada-Visakhapatnam","Corrective Maintenance","Synthetic demo: Axle Counter at LOC-004","Critical","0.59","Medium","High","53","Signal & Telecommunication","2026-09-06 21:00:00","2026-09-13 21:00:00","Pending",""
"TSK-0048","AST-0024","LOC-004","Andhra Pradesh: Vijayawada-Visakhapatnam","Inspection","Synthetic demo: Axle Counter at LOC-004","Medium","0.6","Medium","Low","70","Signal & Telecommunication","2026-09-07 00:00:00","2026-09-15 00:00:00","Pending",""
"TSK-0049","AST-0025","LOC-005","Andhra Pradesh: Vijayawada-Visakhapatnam","Preventive Maintenance","Synthetic demo: Track at LOC-005","Medium","0.61","High","Medium","87","Engineering","2026-09-07 03:00:00","2026-09-16 03:00:00","Pending",""
"TSK-0050","AST-0025","LOC-005","Andhra Pradesh: Vijayawada-Visakhapatnam","Condition Monitoring","Synthetic demo: Track at LOC-005","Critical","0.62","High","High","104","Engineering","2026-09-07 06:00:00","2026-09-17 06:00:00","Pending",""
"TSK-0051","AST-0026","LOC-005","Andhra Pradesh: Vijayawada-Visakhapatnam","Corrective Maintenance","Synthetic demo: Turnout at LOC-005","Critical","0.63","High","Low","50","Engineering","2026-09-07 09:00:00","2026-09-18 09:00:00","Scheduled",""
"TSK-0052","AST-0026","LOC-005","Andhra Pradesh: Vijayawada-Visakhapatnam","Inspection","Synthetic demo: Turnout at LOC-005","Medium","0.64","High","Medium","67","Engineering","2026-09-07 12:00:00","2026-09-19 12:00:00","In Progress",""
"TSK-0053","AST-0027","LOC-005","Andhra Pradesh: Vijayawada-Visakhapatnam","Preventive Maintenance","Synthetic demo: OHE Mast at LOC-005","Medium","0.65","Critical","High","84","Traction Distribution","2026-09-07 15:00:00","2026-09-20 15:00:00","Pending",""
"TSK-0054","AST-0027","LOC-005","Andhra Pradesh: Vijayawada-Visakhapatnam","Condition Monitoring","Synthetic demo: OHE Mast at LOC-005","Critical","0.66","Critical","Low","101","Traction Distribution","2026-09-07 18:00:00","2026-09-21 18:00:00","Pending",""
"TSK-0055","AST-0028","LOC-005","Andhra Pradesh: Vijayawada-Visakhapatnam","Corrective Maintenance","Synthetic demo: Traction Substation at LOC-005","Critical","0.67","Medium","Medium","47","Traction Distribution","2026-09-07 21:00:00","2026-09-22 21:00:00","Pending",""
"TSK-0056","AST-0028","LOC-005","Andhra Pradesh: Vijayawada-Visakhapatnam","Inspection","Synthetic demo: Traction Substation at LOC-005","Medium","0.68","Medium","High","64","Traction Distribution","2026-09-08 00:00:00","2026-09-10 00:00:00","Pending",""
"TSK-0057","AST-0029","LOC-005","Andhra Pradesh: Vijayawada-Visakhapatnam","Preventive Maintenance","Synthetic demo: Signal at LOC-005","Medium","0.69","High","Low","81","Signal & Telecommunication","2026-09-08 03:00:00","2026-09-11 03:00:00","Pending",""
"TSK-0058","AST-0029","LOC-005","Andhra Pradesh: Vijayawada-Visakhapatnam","Condition Monitoring","Synthetic demo: Signal at LOC-005","Critical","0.7","High","Medium","98","Signal & Telecommunication","2026-09-08 06:00:00","2026-09-12 06:00:00","Pending",""
"TSK-0059","AST-0030","LOC-005","Andhra Pradesh: Vijayawada-Visakhapatnam","Corrective Maintenance","Synthetic demo: Axle Counter at LOC-005","Critical","0.71","High","High","44","Signal & Telecommunication","2026-09-08 09:00:00","2026-09-13 09:00:00","Pending",""
"TSK-0060","AST-0030","LOC-005","Andhra Pradesh: Vijayawada-Visakhapatnam","Inspection","Synthetic demo: Axle Counter at LOC-005","Medium","0.72","High","Low","61","Signal & Telecommunication","2026-09-08 12:00:00","2026-09-14 12:00:00","Pending",""
"TSK-0061","AST-0031","LOC-006","Andhra Pradesh: Vijayawada-Visakhapatnam","Preventive Maintenance","Synthetic demo: Track at LOC-006","Medium","0.73","Critical","Medium","78","Engineering","2026-09-08 15:00:00","2026-09-15 15:00:00","Pending",""
"TSK-0062","AST-0031","LOC-006","Andhra Pradesh: Vijayawada-Visakhapatnam","Condition Monitoring","Synthetic demo: Track at LOC-006","Critical","0.74","Critical","High","95","Engineering","2026-09-08 18:00:00","2026-09-16 18:00:00","Pending",""
"TSK-0063","AST-0032","LOC-006","Andhra Pradesh: Vijayawada-Visakhapatnam","Corrective Maintenance","Synthetic demo: Turnout at LOC-006","Critical","0.75","Medium","Low","41","Engineering","2026-09-08 21:00:00","2026-09-17 21:00:00","Pending",""
"TSK-0064","AST-0032","LOC-006","Andhra Pradesh: Vijayawada-Visakhapatnam","Inspection","Synthetic demo: Turnout at LOC-006","Medium","0.76","Medium","Medium","58","Engineering","2026-09-09 00:00:00","2026-09-19 00:00:00","Pending",""
"TSK-0065","AST-0033","LOC-006","Andhra Pradesh: Vijayawada-Visakhapatnam","Preventive Maintenance","Synthetic demo: OHE Mast at LOC-006","Medium","0.77","High","High","75","Traction Distribution","2026-09-09 03:00:00","2026-09-20 03:00:00","In Progress",""
"TSK-0066","AST-0033","LOC-006","Andhra Pradesh: Vijayawada-Visakhapatnam","Condition Monitoring","Synthetic demo: OHE Mast at LOC-006","Critical","0.78","High","Low","92","Traction Distribution","2026-09-09 06:00:00","2026-09-21 06:00:00","Pending",""
"TSK-0067","AST-0034","LOC-006","Andhra Pradesh: Vijayawada-Visakhapatnam","Corrective Maintenance","Synthetic demo: Traction Substation at LOC-006","Critical","0.79","High","Medium","38","Traction Distribution","2026-09-09 09:00:00","2026-09-22 09:00:00","Pending",""
"TSK-0068","AST-0034","LOC-006","Andhra Pradesh: Vijayawada-Visakhapatnam","Inspection","Synthetic demo: Traction Substation at LOC-006","Medium","0.8","High","High","55","Traction Distribution","2026-09-09 12:00:00","2026-09-23 12:00:00","Scheduled",""
"TSK-0069","AST-0035","LOC-006","Andhra Pradesh: Vijayawada-Visakhapatnam","Preventive Maintenance","Synthetic demo: Signal at LOC-006","Medium","0.81","Critical","Low","72","Signal & Telecommunication","2026-09-09 15:00:00","2026-09-24 15:00:00","Pending",""
"TSK-0070","AST-0035","LOC-006","Andhra Pradesh: Vijayawada-Visakhapatnam","Condition Monitoring","Synthetic demo: Signal at LOC-006","Critical","0.82","Critical","Medium","89","Signal & Telecommunication","2026-09-09 18:00:00","2026-09-11 18:00:00","Pending",""
"TSK-0071","AST-0036","LOC-006","Andhra Pradesh: Vijayawada-Visakhapatnam","Corrective Maintenance","Synthetic demo: Axle Counter at LOC-006","Critical","0.83","Medium","High","35","Signal & Telecommunication","2026-09-09 21:00:00","2026-09-12 21:00:00","Pending",""
"TSK-0072","AST-0036","LOC-006","Andhra Pradesh: Vijayawada-Visakhapatnam","Inspection","Synthetic demo: Axle Counter at LOC-006","Medium","0.84","Medium","Low","52","Signal & Telecommunication","2026-09-10 00:00:00","2026-09-14 00:00:00","Pending",""
"TSK-0073","AST-0037","LOC-007","Arunachal Pradesh: Itanagar-Naharlagun","Preventive Maintenance","Synthetic demo: Track at LOC-007","Medium","0.85","High","Medium","69","Engineering","2026-09-10 03:00:00","2026-09-15 03:00:00","Pending",""
"TSK-0074","AST-0037","LOC-007","Arunachal Pradesh: Itanagar-Naharlagun","Condition Monitoring","Synthetic demo: Track at LOC-007","Critical","0.86","High","High","86","Engineering","2026-09-10 06:00:00","2026-09-16 06:00:00","Pending",""
"TSK-0075","AST-0038","LOC-007","Arunachal Pradesh: Itanagar-Naharlagun","Corrective Maintenance","Synthetic demo: Turnout at LOC-007","Critical","0.87","High","Low","103","Engineering","2026-09-10 09:00:00","2026-09-17 09:00:00","Pending",""
"TSK-0076","AST-0038","LOC-007","Arunachal Pradesh: Itanagar-Naharlagun","Inspection","Synthetic demo: Turnout at LOC-007","Medium","0.88","High","Medium","49","Engineering","2026-09-10 12:00:00","2026-09-18 12:00:00","Pending",""
"TSK-0077","AST-0039","LOC-007","Arunachal Pradesh: Itanagar-Naharlagun","Preventive Maintenance","Synthetic demo: OHE Mast at LOC-007","Medium","0.89","Critical","High","66","Traction Distribution","2026-09-10 15:00:00","2026-09-19 15:00:00","Pending",""
"TSK-0078","AST-0039","LOC-007","Arunachal Pradesh: Itanagar-Naharlagun","Condition Monitoring","Synthetic demo: OHE Mast at LOC-007","Critical","0.9","Critical","Low","83","Traction Distribution","2026-09-10 18:00:00","2026-09-20 18:00:00","In Progress",""
"TSK-0079","AST-0040","LOC-007","Arunachal Pradesh: Itanagar-Naharlagun","Corrective Maintenance","Synthetic demo: Traction Substation at LOC-007","Critical","0.12","Medium","Medium","100","Traction Distribution","2026-09-10 21:00:00","2026-09-21 21:00:00","Pending",""
"TSK-0080","AST-0040","LOC-007","Arunachal Pradesh: Itanagar-Naharlagun","Inspection","Synthetic demo: Traction Substation at LOC-007","Medium","0.13","Medium","High","46","Traction Distribution","2026-09-11 00:00:00","2026-09-23 00:00:00","Pending",""
"TSK-0081","AST-0041","LOC-007","Arunachal Pradesh: Itanagar-Naharlagun","Preventive Maintenance","Synthetic demo: Signal at LOC-007","Medium","0.14","High","Low","63","Signal & Telecommunication","2026-09-11 03:00:00","2026-09-24 03:00:00","Pending",""
"TSK-0082","AST-0041","LOC-007","Arunachal Pradesh: Itanagar-Naharlagun","Condition Monitoring","Synthetic demo: Signal at LOC-007","Critical","0.15","High","Medium","80","Signal & Telecommunication","2026-09-11 06:00:00","2026-09-25 06:00:00","Pending",""
"TSK-0083","AST-0042","LOC-007","Arunachal Pradesh: Itanagar-Naharlagun","Corrective Maintenance","Synthetic demo: Axle Counter at LOC-007","Critical","0.16","High","High","97","Signal & Telecommunication","2026-09-11 09:00:00","2026-09-26 09:00:00","Pending",""
"TSK-0084","AST-0042","LOC-007","Arunachal Pradesh: Itanagar-Naharlagun","Inspection","Synthetic demo: Axle Counter at LOC-007","Medium","0.17","High","Low","43","Signal & Telecommunication","2026-09-11 12:00:00","2026-09-13 12:00:00","Pending",""
"TSK-0085","AST-0043","LOC-008","Arunachal Pradesh: Itanagar-Naharlagun","Preventive Maintenance","Synthetic demo: Track at LOC-008","Medium","0.18","Critical","Medium","60","Engineering","2026-09-11 15:00:00","2026-09-14 15:00:00","Scheduled",""
"TSK-0086","AST-0043","LOC-008","Arunachal Pradesh: Itanagar-Naharlagun","Condition Monitoring","Synthetic demo: Track at LOC-008","Critical","0.19","Critical","High","77","Engineering","2026-09-11 18:00:00","2026-09-15 18:00:00","Pending",""
"TSK-0087","AST-0044","LOC-008","Arunachal Pradesh: Itanagar-Naharlagun","Corrective Maintenance","Synthetic demo: Turnout at LOC-008","Critical","0.2","Medium","Low","94","Engineering","2026-09-11 21:00:00","2026-09-16 21:00:00","Pending",""
"TSK-0088","AST-0044","LOC-008","Arunachal Pradesh: Itanagar-Naharlagun","Inspection","Synthetic demo: Turnout at LOC-008","Medium","0.21","Medium","Medium","40","Engineering","2026-09-12 00:00:00","2026-09-18 00:00:00","Pending",""
"TSK-0089","AST-0045","LOC-008","Arunachal Pradesh: Itanagar-Naharlagun","Preventive Maintenance","Synthetic demo: OHE Mast at LOC-008","Medium","0.22","High","High","57","Traction Distribution","2026-09-12 03:00:00","2026-09-19 03:00:00","Pending",""
"TSK-0090","AST-0045","LOC-008","Arunachal Pradesh: Itanagar-Naharlagun","Condition Monitoring","Synthetic demo: OHE Mast at LOC-008","Critical","0.23","High","Low","74","Traction Distribution","2026-09-12 06:00:00","2026-09-20 06:00:00","Pending",""
"TSK-0091","AST-0046","LOC-008","Arunachal Pradesh: Itanagar-Naharlagun","Corrective Maintenance","Synthetic demo: Traction Substation at LOC-008","Critical","0.24","High","Medium","91","Traction Distribution","2026-09-12 09:00:00","2026-09-21 09:00:00","In Progress",""
"TSK-0092","AST-0046","LOC-008","Arunachal Pradesh: Itanagar-Naharlagun","Inspection","Synthetic demo: Traction Substation at LOC-008","Medium","0.25","High","High","37","Traction Distribution","2026-09-12 12:00:00","2026-09-22 12:00:00","Pending",""
"TSK-0093","AST-0047","LOC-008","Arunachal Pradesh: Itanagar-Naharlagun","Preventive Maintenance","Synthetic demo: Signal at LOC-008","Medium","0.26","Critical","Low","54","Signal & Telecommunication","2026-09-12 15:00:00","2026-09-23 15:00:00","Pending",""
"TSK-0094","AST-0047","LOC-008","Arunachal Pradesh: Itanagar-Naharlagun","Condition Monitoring","Synthetic demo: Signal at LOC-008","Critical","0.27","Critical","Medium","71","Signal & Telecommunication","2026-09-12 18:00:00","2026-09-24 18:00:00","Pending",""
"TSK-0095","AST-0048","LOC-008","Arunachal Pradesh: Itanagar-Naharlagun","Corrective Maintenance","Synthetic demo: Axle Counter at LOC-008","Critical","0.28","Medium","High","88","Signal & Telecommunication","2026-09-12 21:00:00","2026-09-25 21:00:00","Pending",""
"TSK-0096","AST-0048","LOC-008","Arunachal Pradesh: Itanagar-Naharlagun","Inspection","Synthetic demo: Axle Counter at LOC-008","Medium","0.29","Medium","Low","105","Signal & Telecommunication","2026-09-13 00:00:00","2026-09-27 00:00:00","Pending",""
"TSK-0097","AST-0049","LOC-009","Arunachal Pradesh: Itanagar-Naharlagun","Preventive Maintenance","Synthetic demo: Track at LOC-009","Medium","0.3","High","Medium","51","Engineering","2026-09-13 03:00:00","2026-09-28 03:00:00","Pending",""
"TSK-0098","AST-0049","LOC-009","Arunachal Pradesh: Itanagar-Naharlagun","Condition Monitoring","Synthetic demo: Track at LOC-009","Critical","0.31","High","High","68","Engineering","2026-09-13 06:00:00","2026-09-15 06:00:00","Pending",""
"TSK-0099","AST-0050","LOC-009","Arunachal Pradesh: Itanagar-Naharlagun","Corrective Maintenance","Synthetic demo: Turnout at LOC-009","Critical","0.32","High","Low","85","Engineering","2026-09-13 09:00:00","2026-09-16 09:00:00","Pending",""
"TSK-0100","AST-0050","LOC-009","Arunachal Pradesh: Itanagar-Naharlagun","Inspection","Synthetic demo: Turnout at LOC-009","Medium","0.33","High","Medium","102","Engineering","2026-09-13 12:00:00","2026-09-17 12:00:00","Pending",""
"TSK-0101","AST-0051","LOC-009","Arunachal Pradesh: Itanagar-Naharlagun","Preventive Maintenance","Synthetic demo: OHE Mast at LOC-009","Medium","0.34","Critical","High","48","Traction Distribution","2026-09-13 15:00:00","2026-09-18 15:00:00","Pending",""
"TSK-0102","AST-0051","LOC-009","Arunachal Pradesh: Itanagar-Naharlagun","Condition Monitoring","Synthetic demo: OHE Mast at LOC-009","Critical","0.35","Critical","Low","65","Traction Distribution","2026-09-13 18:00:00","2026-09-19 18:00:00","Scheduled",""
"TSK-0103","AST-0052","LOC-009","Arunachal Pradesh: Itanagar-Naharlagun","Corrective Maintenance","Synthetic demo: Traction Substation at LOC-009","Critical","0.36","Medium","Medium","82","Traction Distribution","2026-09-13 21:00:00","2026-09-20 21:00:00","Pending",""
"TSK-0104","AST-0052","LOC-009","Arunachal Pradesh: Itanagar-Naharlagun","Inspection","Synthetic demo: Traction Substation at LOC-009","Medium","0.37","Medium","High","99","Traction Distribution","2026-09-14 00:00:00","2026-09-22 00:00:00","In Progress",""
"TSK-0105","AST-0053","LOC-009","Arunachal Pradesh: Itanagar-Naharlagun","Preventive Maintenance","Synthetic demo: Signal at LOC-009","Medium","0.38","High","Low","45","Signal & Telecommunication","2026-09-14 03:00:00","2026-09-23 03:00:00","Pending",""
"TSK-0106","AST-0053","LOC-009","Arunachal Pradesh: Itanagar-Naharlagun","Condition Monitoring","Synthetic demo: Signal at LOC-009","Critical","0.39","High","Medium","62","Signal & Telecommunication","2026-09-14 06:00:00","2026-09-24 06:00:00","Pending",""
"TSK-0107","AST-0054","LOC-009","Arunachal Pradesh: Itanagar-Naharlagun","Corrective Maintenance","Synthetic demo: Axle Counter at LOC-009","Critical","0.4","High","High","79","Signal & Telecommunication","2026-09-14 09:00:00","2026-09-25 09:00:00","Pending",""
"TSK-0108","AST-0054","LOC-009","Arunachal Pradesh: Itanagar-Naharlagun","Inspection","Synthetic demo: Axle Counter at LOC-009","Medium","0.41","High","Low","96","Signal & Telecommunication","2026-09-14 12:00:00","2026-09-26 12:00:00","Pending",""
"TSK-0109","AST-0055","LOC-010","Arunachal Pradesh: Itanagar-Naharlagun","Preventive Maintenance","Synthetic demo: Track at LOC-010","Medium","0.42","Critical","Medium","42","Engineering","2026-09-14 15:00:00","2026-09-27 15:00:00","Pending",""
"TSK-0110","AST-0055","LOC-010","Arunachal Pradesh: Itanagar-Naharlagun","Condition Monitoring","Synthetic demo: Track at LOC-010","Critical","0.43","Critical","High","59","Engineering","2026-09-14 18:00:00","2026-09-28 18:00:00","Pending",""
"TSK-0111","AST-0056","LOC-010","Arunachal Pradesh: Itanagar-Naharlagun","Corrective Maintenance","Synthetic demo: Turnout at LOC-010","Critical","0.44","Medium","Low","76","Engineering","2026-09-14 21:00:00","2026-09-29 21:00:00","Pending",""
"TSK-0112","AST-0056","LOC-010","Arunachal Pradesh: Itanagar-Naharlagun","Inspection","Synthetic demo: Turnout at LOC-010","Medium","0.45","Medium","Medium","93","Engineering","2026-09-15 00:00:00","2026-09-17 00:00:00","Pending",""
"TSK-0113","AST-0057","LOC-010","Arunachal Pradesh: Itanagar-Naharlagun","Preventive Maintenance","Synthetic demo: OHE Mast at LOC-010","Medium","0.46","High","High","39","Traction Distribution","2026-09-15 03:00:00","2026-09-18 03:00:00","Pending",""
"TSK-0114","AST-0057","LOC-010","Arunachal Pradesh: Itanagar-Naharlagun","Condition Monitoring","Synthetic demo: OHE Mast at LOC-010","Critical","0.47","High","Low","56","Traction Distribution","2026-09-15 06:00:00","2026-09-19 06:00:00","Pending",""
"TSK-0115","AST-0058","LOC-010","Arunachal Pradesh: Itanagar-Naharlagun","Corrective Maintenance","Synthetic demo: Traction Substation at LOC-010","Critical","0.48","High","Medium","73","Traction Distribution","2026-09-15 09:00:00","2026-09-20 09:00:00","Pending",""
"TSK-0116","AST-0058","LOC-010","Arunachal Pradesh: Itanagar-Naharlagun","Inspection","Synthetic demo: Traction Substation at LOC-010","Medium","0.49","High","High","90","Traction Distribution","2026-09-15 12:00:00","2026-09-21 12:00:00","Pending",""
"TSK-0117","AST-0059","LOC-010","Arunachal Pradesh: Itanagar-Naharlagun","Preventive Maintenance","Synthetic demo: Signal at LOC-010","Medium","0.5","Critical","Low","36","Signal & Telecommunication","2026-09-15 15:00:00","2026-09-22 15:00:00","In Progress",""
"TSK-0118","AST-0059","LOC-010","Arunachal Pradesh: Itanagar-Naharlagun","Condition Monitoring","Synthetic demo: Signal at LOC-010","Critical","0.51","Critical","Medium","53","Signal & Telecommunication","2026-09-15 18:00:00","2026-09-23 18:00:00","Pending",""
"TSK-0119","AST-0060","LOC-010","Arunachal Pradesh: Itanagar-Naharlagun","Corrective Maintenance","Synthetic demo: Axle Counter at LOC-010","Critical","0.52","Medium","High","70","Signal & Telecommunication","2026-09-15 21:00:00","2026-09-24 21:00:00","Scheduled",""
"TSK-0120","AST-0060","LOC-010","Arunachal Pradesh: Itanagar-Naharlagun","Inspection","Synthetic demo: Axle Counter at LOC-010","Medium","0.53","Medium","Low","87","Signal & Telecommunication","2026-09-16 00:00:00","2026-09-26 00:00:00","Pending",""
"TSK-0121","AST-0061","LOC-011","Arunachal Pradesh: Itanagar-Naharlagun","Preventive Maintenance","Synthetic demo: Track at LOC-011","Medium","0.54","High","Medium","104","Engineering","2026-09-16 03:00:00","2026-09-27 03:00:00","Pending",""
"TSK-0122","AST-0061","LOC-011","Arunachal Pradesh: Itanagar-Naharlagun","Condition Monitoring","Synthetic demo: Track at LOC-011","Critical","0.55","High","High","50","Engineering","2026-09-16 06:00:00","2026-09-28 06:00:00","Pending",""
"TSK-0123","AST-0062","LOC-011","Arunachal Pradesh: Itanagar-Naharlagun","Corrective Maintenance","Synthetic demo: Turnout at LOC-011","Critical","0.56","High","Low","67","Engineering","2026-09-16 09:00:00","2026-09-29 09:00:00","Pending",""
"TSK-0124","AST-0062","LOC-011","Arunachal Pradesh: Itanagar-Naharlagun","Inspection","Synthetic demo: Turnout at LOC-011","Medium","0.57","High","Medium","84","Engineering","2026-09-16 12:00:00","2026-09-30 12:00:00","Pending",""
"TSK-0125","AST-0063","LOC-011","Arunachal Pradesh: Itanagar-Naharlagun","Preventive Maintenance","Synthetic demo: OHE Mast at LOC-011","Medium","0.58","Critical","High","101","Traction Distribution","2026-09-16 15:00:00","2026-10-01 15:00:00","Pending",""
"TSK-0126","AST-0063","LOC-011","Arunachal Pradesh: Itanagar-Naharlagun","Condition Monitoring","Synthetic demo: OHE Mast at LOC-011","Critical","0.59","Critical","Low","47","Traction Distribution","2026-09-16 18:00:00","2026-09-18 18:00:00","Pending",""
"TSK-0127","AST-0064","LOC-011","Arunachal Pradesh: Itanagar-Naharlagun","Corrective Maintenance","Synthetic demo: Traction Substation at LOC-011","Critical","0.6","Medium","Medium","64","Traction Distribution","2026-09-16 21:00:00","2026-09-19 21:00:00","Pending",""
"TSK-0128","AST-0064","LOC-011","Arunachal Pradesh: Itanagar-Naharlagun","Inspection","Synthetic demo: Traction Substation at LOC-011","Medium","0.61","Medium","High","81","Traction Distribution","2026-09-17 00:00:00","2026-09-21 00:00:00","Pending",""
"TSK-0129","AST-0065","LOC-011","Arunachal Pradesh: Itanagar-Naharlagun","Preventive Maintenance","Synthetic demo: Signal at LOC-011","Medium","0.62","High","Low","98","Signal & Telecommunication","2026-09-17 03:00:00","2026-09-22 03:00:00","Pending",""
"TSK-0130","AST-0065","LOC-011","Arunachal Pradesh: Itanagar-Naharlagun","Condition Monitoring","Synthetic demo: Signal at LOC-011","Critical","0.63","High","Medium","44","Signal & Telecommunication","2026-09-17 06:00:00","2026-09-23 06:00:00","In Progress",""
"TSK-0131","AST-0066","LOC-011","Arunachal Pradesh: Itanagar-Naharlagun","Corrective Maintenance","Synthetic demo: Axle Counter at LOC-011","Critical","0.64","High","High","61","Signal & Telecommunication","2026-09-17 09:00:00","2026-09-24 09:00:00","Pending",""
"TSK-0132","AST-0066","LOC-011","Arunachal Pradesh: Itanagar-Naharlagun","Inspection","Synthetic demo: Axle Counter at LOC-011","Medium","0.65","High","Low","78","Signal & Telecommunication","2026-09-17 12:00:00","2026-09-25 12:00:00","Pending",""
"TSK-0133","AST-0067","LOC-012","Arunachal Pradesh: Itanagar-Naharlagun","Preventive Maintenance","Synthetic demo: Track at LOC-012","Medium","0.66","Critical","Medium","95","Engineering","2026-09-17 15:00:00","2026-09-26 15:00:00","Pending",""
"TSK-0134","AST-0067","LOC-012","Arunachal Pradesh: Itanagar-Naharlagun","Condition Monitoring","Synthetic demo: Track at LOC-012","Critical","0.67","Critical","High","41","Engineering","2026-09-17 18:00:00","2026-09-27 18:00:00","Pending",""
"TSK-0135","AST-0068","LOC-012","Arunachal Pradesh: Itanagar-Naharlagun","Corrective Maintenance","Synthetic demo: Turnout at LOC-012","Critical","0.68","Medium","Low","58","Engineering","2026-09-17 21:00:00","2026-09-28 21:00:00","Pending",""
"TSK-0136","AST-0068","LOC-012","Arunachal Pradesh: Itanagar-Naharlagun","Inspection","Synthetic demo: Turnout at LOC-012","Medium","0.69","Medium","Medium","75","Engineering","2026-09-18 00:00:00","2026-09-30 00:00:00","Scheduled",""
"TSK-0137","AST-0069","LOC-012","Arunachal Pradesh: Itanagar-Naharlagun","Preventive Maintenance","Synthetic demo: OHE Mast at LOC-012","Medium","0.7","High","High","92","Traction Distribution","2026-09-18 03:00:00","2026-10-01 03:00:00","Pending",""
"TSK-0138","AST-0069","LOC-012","Arunachal Pradesh: Itanagar-Naharlagun","Condition Monitoring","Synthetic demo: OHE Mast at LOC-012","Critical","0.71","High","Low","38","Traction Distribution","2026-09-18 06:00:00","2026-10-02 06:00:00","Pending",""
"TSK-0139","AST-0070","LOC-012","Arunachal Pradesh: Itanagar-Naharlagun","Corrective Maintenance","Synthetic demo: Traction Substation at LOC-012","Critical","0.72","High","Medium","55","Traction Distribution","2026-09-18 09:00:00","2026-10-03 09:00:00","Pending",""
"TSK-0140","AST-0070","LOC-012","Arunachal Pradesh: Itanagar-Naharlagun","Inspection","Synthetic demo: Traction Substation at LOC-012","Medium","0.73","High","High","72","Traction Distribution","2026-09-18 12:00:00","2026-09-20 12:00:00","Pending",""
"TSK-0141","AST-0071","LOC-012","Arunachal Pradesh: Itanagar-Naharlagun","Preventive Maintenance","Synthetic demo: Signal at LOC-012","Medium","0.74","Critical","Low","89","Signal & Telecommunication","2026-09-18 15:00:00","2026-09-21 15:00:00","Pending",""
"TSK-0142","AST-0071","LOC-012","Arunachal Pradesh: Itanagar-Naharlagun","Condition Monitoring","Synthetic demo: Signal at LOC-012","Critical","0.75","Critical","Medium","35","Signal & Telecommunication","2026-09-18 18:00:00","2026-09-22 18:00:00","Pending",""
"TSK-0143","AST-0072","LOC-012","Arunachal Pradesh: Itanagar-Naharlagun","Corrective Maintenance","Synthetic demo: Axle Counter at LOC-012","Critical","0.76","Medium","High","52","Signal & Telecommunication","2026-09-18 21:00:00","2026-09-23 21:00:00","In Progress",""
"TSK-0144","AST-0072","LOC-012","Arunachal Pradesh: Itanagar-Naharlagun","Inspection","Synthetic demo: Axle Counter at LOC-012","Medium","0.77","Medium","Low","69","Signal & Telecommunication","2026-09-19 00:00:00","2026-09-25 00:00:00","Pending",""
"TSK-0145","AST-0073","LOC-013","Assam: Guwahati-Dibrugarh","Preventive Maintenance","Synthetic demo: Track at LOC-013","Medium","0.78","High","Medium","86","Engineering","2026-09-19 03:00:00","2026-09-26 03:00:00","Pending",""
"TSK-0146","AST-0073","LOC-013","Assam: Guwahati-Dibrugarh","Condition Monitoring","Synthetic demo: Track at LOC-013","Critical","0.79","High","High","103","Engineering","2026-09-19 06:00:00","2026-09-27 06:00:00","Pending",""
"TSK-0147","AST-0074","LOC-013","Assam: Guwahati-Dibrugarh","Corrective Maintenance","Synthetic demo: Turnout at LOC-013","Critical","0.8","High","Low","49","Engineering","2026-09-19 09:00:00","2026-09-28 09:00:00","Pending",""
"TSK-0148","AST-0074","LOC-013","Assam: Guwahati-Dibrugarh","Inspection","Synthetic demo: Turnout at LOC-013","Medium","0.81","High","Medium","66","Engineering","2026-09-19 12:00:00","2026-09-29 12:00:00","Pending",""
"TSK-0149","AST-0075","LOC-013","Assam: Guwahati-Dibrugarh","Preventive Maintenance","Synthetic demo: OHE Mast at LOC-013","Medium","0.82","Critical","High","83","Traction Distribution","2026-09-19 15:00:00","2026-09-30 15:00:00","Pending",""
"TSK-0150","AST-0075","LOC-013","Assam: Guwahati-Dibrugarh","Condition Monitoring","Synthetic demo: OHE Mast at LOC-013","Critical","0.83","Critical","Low","100","Traction Distribution","2026-09-19 18:00:00","2026-10-01 18:00:00","Pending",""
"TSK-0151","AST-0076","LOC-013","Assam: Guwahati-Dibrugarh","Corrective Maintenance","Synthetic demo: Traction Substation at LOC-013","Critical","0.84","Medium","Medium","46","Traction Distribution","2026-09-19 21:00:00","2026-10-02 21:00:00","Pending",""
"TSK-0152","AST-0076","LOC-013","Assam: Guwahati-Dibrugarh","Inspection","Synthetic demo: Traction Substation at LOC-013","Medium","0.85","Medium","High","63","Traction Distribution","2026-09-20 00:00:00","2026-10-04 00:00:00","Pending",""
"TSK-0153","AST-0077","LOC-013","Assam: Guwahati-Dibrugarh","Preventive Maintenance","Synthetic demo: Signal at LOC-013","Medium","0.86","High","Low","80","Signal & Telecommunication","2026-09-20 03:00:00","2026-10-05 03:00:00","Scheduled",""
"TSK-0154","AST-0077","LOC-013","Assam: Guwahati-Dibrugarh","Condition Monitoring","Synthetic demo: Signal at LOC-013","Critical","0.87","High","Medium","97","Signal & Telecommunication","2026-09-20 06:00:00","2026-09-22 06:00:00","Pending",""
"TSK-0155","AST-0078","LOC-013","Assam: Guwahati-Dibrugarh","Corrective Maintenance","Synthetic demo: Axle Counter at LOC-013","Critical","0.88","High","High","43","Signal & Telecommunication","2026-09-20 09:00:00","2026-09-23 09:00:00","Pending",""
"TSK-0156","AST-0078","LOC-013","Assam: Guwahati-Dibrugarh","Inspection","Synthetic demo: Axle Counter at LOC-013","Medium","0.89","High","Low","60","Signal & Telecommunication","2026-09-20 12:00:00","2026-09-24 12:00:00","In Progress",""
"TSK-0157","AST-0079","LOC-014","Assam: Guwahati-Dibrugarh","Preventive Maintenance","Synthetic demo: Track at LOC-014","Medium","0.9","Critical","Medium","77","Engineering","2026-09-20 15:00:00","2026-09-25 15:00:00","Pending",""
"TSK-0158","AST-0079","LOC-014","Assam: Guwahati-Dibrugarh","Condition Monitoring","Synthetic demo: Track at LOC-014","Critical","0.12","Critical","High","94","Engineering","2026-09-20 18:00:00","2026-09-26 18:00:00","Pending",""
"TSK-0159","AST-0080","LOC-014","Assam: Guwahati-Dibrugarh","Corrective Maintenance","Synthetic demo: Turnout at LOC-014","Critical","0.13","Medium","Low","40","Engineering","2026-09-20 21:00:00","2026-09-27 21:00:00","Pending",""
"TSK-0160","AST-0080","LOC-014","Assam: Guwahati-Dibrugarh","Inspection","Synthetic demo: Turnout at LOC-014","Medium","0.14","Medium","Medium","57","Engineering","2026-09-21 00:00:00","2026-09-29 00:00:00","Pending",""
"TSK-0161","AST-0081","LOC-014","Assam: Guwahati-Dibrugarh","Preventive Maintenance","Synthetic demo: OHE Mast at LOC-014","Medium","0.15","High","High","74","Traction Distribution","2026-09-21 03:00:00","2026-09-30 03:00:00","Pending",""
"TSK-0162","AST-0081","LOC-014","Assam: Guwahati-Dibrugarh","Condition Monitoring","Synthetic demo: OHE Mast at LOC-014","Critical","0.16","High","Low","91","Traction Distribution","2026-09-21 06:00:00","2026-10-01 06:00:00","Pending",""
"TSK-0163","AST-0082","LOC-014","Assam: Guwahati-Dibrugarh","Corrective Maintenance","Synthetic demo: Traction Substation at LOC-014","Critical","0.17","High","Medium","37","Traction Distribution","2026-09-21 09:00:00","2026-10-02 09:00:00","Pending",""
"TSK-0164","AST-0082","LOC-014","Assam: Guwahati-Dibrugarh","Inspection","Synthetic demo: Traction Substation at LOC-014","Medium","0.18","High","High","54","Traction Distribution","2026-09-21 12:00:00","2026-10-03 12:00:00","Pending",""
"TSK-0165","AST-0083","LOC-014","Assam: Guwahati-Dibrugarh","Preventive Maintenance","Synthetic demo: Signal at LOC-014","Medium","0.19","Critical","Low","71","Signal & Telecommunication","2026-09-21 15:00:00","2026-10-04 15:00:00","Pending",""
"TSK-0166","AST-0083","LOC-014","Assam: Guwahati-Dibrugarh","Condition Monitoring","Synthetic demo: Signal at LOC-014","Critical","0.2","Critical","Medium","88","Signal & Telecommunication","2026-09-21 18:00:00","2026-10-05 18:00:00","Pending",""
"TSK-0167","AST-0084","LOC-014","Assam: Guwahati-Dibrugarh","Corrective Maintenance","Synthetic demo: Axle Counter at LOC-014","Critical","0.21","Medium","High","105","Signal & Telecommunication","2026-09-21 21:00:00","2026-10-06 21:00:00","Pending",""
"TSK-0168","AST-0084","LOC-014","Assam: Guwahati-Dibrugarh","Inspection","Synthetic demo: Axle Counter at LOC-014","Medium","0.22","Medium","Low","51","Signal & Telecommunication","2026-09-01 00:00:00","2026-09-03 00:00:00","Pending",""
"TSK-0169","AST-0085","LOC-015","Assam: Guwahati-Dibrugarh","Preventive Maintenance","Synthetic demo: Track at LOC-015","Medium","0.23","High","Medium","68","Engineering","2026-09-01 03:00:00","2026-09-04 03:00:00","In Progress",""
"TSK-0170","AST-0085","LOC-015","Assam: Guwahati-Dibrugarh","Condition Monitoring","Synthetic demo: Track at LOC-015","Critical","0.24","High","High","85","Engineering","2026-09-01 06:00:00","2026-09-05 06:00:00","Scheduled",""
"TSK-0171","AST-0086","LOC-015","Assam: Guwahati-Dibrugarh","Corrective Maintenance","Synthetic demo: Turnout at LOC-015","Critical","0.25","High","Low","102","Engineering","2026-09-01 09:00:00","2026-09-06 09:00:00","Pending",""
"TSK-0172","AST-0086","LOC-015","Assam: Guwahati-Dibrugarh","Inspection","Synthetic demo: Turnout at LOC-015","Medium","0.26","High","Medium","48","Engineering","2026-09-01 12:00:00","2026-09-07 12:00:00","Pending",""
"TSK-0173","AST-0087","LOC-015","Assam: Guwahati-Dibrugarh","Preventive Maintenance","Synthetic demo: OHE Mast at LOC-015","Medium","0.27","Critical","High","65","Traction Distribution","2026-09-01 15:00:00","2026-09-08 15:00:00","Pending",""
"TSK-0174","AST-0087","LOC-015","Assam: Guwahati-Dibrugarh","Condition Monitoring","Synthetic demo: OHE Mast at LOC-015","Critical","0.28","Critical","Low","82","Traction Distribution","2026-09-01 18:00:00","2026-09-09 18:00:00","Pending",""
"TSK-0175","AST-0088","LOC-015","Assam: Guwahati-Dibrugarh","Corrective Maintenance","Synthetic demo: Traction Substation at LOC-015","Critical","0.29","Medium","Medium","99","Traction Distribution","2026-09-01 21:00:00","2026-09-10 21:00:00","Pending",""
"TSK-0176","AST-0088","LOC-015","Assam: Guwahati-Dibrugarh","Inspection","Synthetic demo: Traction Substation at LOC-015","Medium","0.3","Medium","High","45","Traction Distribution","2026-09-02 00:00:00","2026-09-12 00:00:00","Pending",""
"TSK-0177","AST-0089","LOC-015","Assam: Guwahati-Dibrugarh","Preventive Maintenance","Synthetic demo: Signal at LOC-015","Medium","0.31","High","Low","62","Signal & Telecommunication","2026-09-02 03:00:00","2026-09-13 03:00:00","Pending",""
"TSK-0178","AST-0089","LOC-015","Assam: Guwahati-Dibrugarh","Condition Monitoring","Synthetic demo: Signal at LOC-015","Critical","0.32","High","Medium","79","Signal & Telecommunication","2026-09-02 06:00:00","2026-09-14 06:00:00","Pending",""
"TSK-0179","AST-0090","LOC-015","Assam: Guwahati-Dibrugarh","Corrective Maintenance","Synthetic demo: Axle Counter at LOC-015","Critical","0.33","High","High","96","Signal & Telecommunication","2026-09-02 09:00:00","2026-09-15 09:00:00","Pending",""
"TSK-0180","AST-0090","LOC-015","Assam: Guwahati-Dibrugarh","Inspection","Synthetic demo: Axle Counter at LOC-015","Medium","0.34","High","Low","42","Signal & Telecommunication","2026-09-02 12:00:00","2026-09-16 12:00:00","Pending",""
"TSK-0181","AST-0091","LOC-016","Assam: Guwahati-Dibrugarh","Preventive Maintenance","Synthetic demo: Track at LOC-016","Medium","0.35","Critical","Medium","59","Engineering","2026-09-02 15:00:00","2026-09-17 15:00:00","Pending",""
"TSK-0182","AST-0091","LOC-016","Assam: Guwahati-Dibrugarh","Condition Monitoring","Synthetic demo: Track at LOC-016","Critical","0.36","Critical","High","76","Engineering","2026-09-02 18:00:00","2026-09-04 18:00:00","In Progress",""
"TSK-0183","AST-0092","LOC-016","Assam: Guwahati-Dibrugarh","Corrective Maintenance","Synthetic demo: Turnout at LOC-016","Critical","0.37","Medium","Low","93","Engineering","2026-09-02 21:00:00","2026-09-05 21:00:00","Pending",""
"TSK-0184","AST-0092","LOC-016","Assam: Guwahati-Dibrugarh","Inspection","Synthetic demo: Turnout at LOC-016","Medium","0.38","Medium","Medium","39","Engineering","2026-09-03 00:00:00","2026-09-07 00:00:00","Pending",""
"TSK-0185","AST-0093","LOC-016","Assam: Guwahati-Dibrugarh","Preventive Maintenance","Synthetic demo: OHE Mast at LOC-016","Medium","0.39","High","High","56","Traction Distribution","2026-09-03 03:00:00","2026-09-08 03:00:00","Pending",""
"TSK-0186","AST-0093","LOC-016","Assam: Guwahati-Dibrugarh","Condition Monitoring","Synthetic demo: OHE Mast at LOC-016","Critical","0.4","High","Low","73","Traction Distribution","2026-09-03 06:00:00","2026-09-09 06:00:00","Pending",""
"TSK-0187","AST-0094","LOC-016","Assam: Guwahati-Dibrugarh","Corrective Maintenance","Synthetic demo: Traction Substation at LOC-016","Critical","0.41","High","Medium","90","Traction Distribution","2026-09-03 09:00:00","2026-09-10 09:00:00","Scheduled",""
"TSK-0188","AST-0094","LOC-016","Assam: Guwahati-Dibrugarh","Inspection","Synthetic demo: Traction Substation at LOC-016","Medium","0.42","High","High","36","Traction Distribution","2026-09-03 12:00:00","2026-09-11 12:00:00","Pending",""
"TSK-0189","AST-0095","LOC-016","Assam: Guwahati-Dibrugarh","Preventive Maintenance","Synthetic demo: Signal at LOC-016","Medium","0.43","Critical","Low","53","Signal & Telecommunication","2026-09-03 15:00:00","2026-09-12 15:00:00","Pending",""
"TSK-0190","AST-0095","LOC-016","Assam: Guwahati-Dibrugarh","Condition Monitoring","Synthetic demo: Signal at LOC-016","Critical","0.44","Critical","Medium","70","Signal & Telecommunication","2026-09-03 18:00:00","2026-09-13 18:00:00","Pending",""
"TSK-0191","AST-0096","LOC-016","Assam: Guwahati-Dibrugarh","Corrective Maintenance","Synthetic demo: Axle Counter at LOC-016","Critical","0.45","Medium","High","87","Signal & Telecommunication","2026-09-03 21:00:00","2026-09-14 21:00:00","Pending",""
"TSK-0192","AST-0096","LOC-016","Assam: Guwahati-Dibrugarh","Inspection","Synthetic demo: Axle Counter at LOC-016","Medium","0.46","Medium","Low","104","Signal & Telecommunication","2026-09-04 00:00:00","2026-09-16 00:00:00","Pending",""
"TSK-0193","AST-0097","LOC-017","Assam: Guwahati-Dibrugarh","Preventive Maintenance","Synthetic demo: Track at LOC-017","Medium","0.47","High","Medium","50","Engineering","2026-09-04 03:00:00","2026-09-17 03:00:00","Pending",""
"TSK-0194","AST-0097","LOC-017","Assam: Guwahati-Dibrugarh","Condition Monitoring","Synthetic demo: Track at LOC-017","Critical","0.48","High","High","67","Engineering","2026-09-04 06:00:00","2026-09-18 06:00:00","Pending",""
"TSK-0195","AST-0098","LOC-017","Assam: Guwahati-Dibrugarh","Corrective Maintenance","Synthetic demo: Turnout at LOC-017","Critical","0.49","High","Low","84","Engineering","2026-09-04 09:00:00","2026-09-19 09:00:00","In Progress",""
"TSK-0196","AST-0098","LOC-017","Assam: Guwahati-Dibrugarh","Inspection","Synthetic demo: Turnout at LOC-017","Medium","0.5","High","Medium","101","Engineering","2026-09-04 12:00:00","2026-09-06 12:00:00","Pending",""
"TSK-0197","AST-0099","LOC-017","Assam: Guwahati-Dibrugarh","Preventive Maintenance","Synthetic demo: OHE Mast at LOC-017","Medium","0.51","Critical","High","47","Traction Distribution","2026-09-04 15:00:00","2026-09-07 15:00:00","Pending",""
"TSK-0198","AST-0099","LOC-017","Assam: Guwahati-Dibrugarh","Condition Monitoring","Synthetic demo: OHE Mast at LOC-017","Critical","0.52","Critical","Low","64","Traction Distribution","2026-09-04 18:00:00","2026-09-08 18:00:00","Pending",""
"TSK-0199","AST-0100","LOC-017","Assam: Guwahati-Dibrugarh","Corrective Maintenance","Synthetic demo: Traction Substation at LOC-017","Critical","0.53","Medium","Medium","81","Traction Distribution","2026-09-04 21:00:00","2026-09-09 21:00:00","Pending",""
"TSK-0200","AST-0100","LOC-017","Assam: Guwahati-Dibrugarh","Inspection","Synthetic demo: Traction Substation at LOC-017","Medium","0.54","Medium","High","98","Traction Distribution","2026-09-05 00:00:00","2026-09-11 00:00:00","Pending",""
"TSK-0201","AST-0101","LOC-017","Assam: Guwahati-Dibrugarh","Preventive Maintenance","Synthetic demo: Signal at LOC-017","Medium","0.55","High","Low","44","Signal & Telecommunication","2026-09-05 03:00:00","2026-09-12 03:00:00","Pending",""
"TSK-0202","AST-0101","LOC-017","Assam: Guwahati-Dibrugarh","Condition Monitoring","Synthetic demo: Signal at LOC-017","Critical","0.56","High","Medium","61","Signal & Telecommunication","2026-09-05 06:00:00","2026-09-13 06:00:00","Pending",""
"TSK-0203","AST-0102","LOC-017","Assam: Guwahati-Dibrugarh","Corrective Maintenance","Synthetic demo: Axle Counter at LOC-017","Critical","0.57","High","High","78","Signal & Telecommunication","2026-09-05 09:00:00","2026-09-14 09:00:00","Pending",""
"TSK-0204","AST-0102","LOC-017","Assam: Guwahati-Dibrugarh","Inspection","Synthetic demo: Axle Counter at LOC-017","Medium","0.58","High","Low","95","Signal & Telecommunication","2026-09-05 12:00:00","2026-09-15 12:00:00","Scheduled",""
"TSK-0205","AST-0103","LOC-018","Assam: Guwahati-Dibrugarh","Preventive Maintenance","Synthetic demo: Track at LOC-018","Medium","0.59","Critical","Medium","41","Engineering","2026-09-05 15:00:00","2026-09-16 15:00:00","Pending",""
"TSK-0206","AST-0103","LOC-018","Assam: Guwahati-Dibrugarh","Condition Monitoring","Synthetic demo: Track at LOC-018","Critical","0.6","Critical","High","58","Engineering","2026-09-05 18:00:00","2026-09-17 18:00:00","Pending",""
"TSK-0207","AST-0104","LOC-018","Assam: Guwahati-Dibrugarh","Corrective Maintenance","Synthetic demo: Turnout at LOC-018","Critical","0.61","Medium","Low","75","Engineering","2026-09-05 21:00:00","2026-09-18 21:00:00","Pending",""
"TSK-0208","AST-0104","LOC-018","Assam: Guwahati-Dibrugarh","Inspection","Synthetic demo: Turnout at LOC-018","Medium","0.62","Medium","Medium","92","Engineering","2026-09-06 00:00:00","2026-09-20 00:00:00","In Progress",""
"TSK-0209","AST-0105","LOC-018","Assam: Guwahati-Dibrugarh","Preventive Maintenance","Synthetic demo: OHE Mast at LOC-018","Medium","0.63","High","High","38","Traction Distribution","2026-09-06 03:00:00","2026-09-21 03:00:00","Pending",""
"TSK-0210","AST-0105","LOC-018","Assam: Guwahati-Dibrugarh","Condition Monitoring","Synthetic demo: OHE Mast at LOC-018","Critical","0.64","High","Low","55","Traction Distribution","2026-09-06 06:00:00","2026-09-08 06:00:00","Pending",""
"TSK-0211","AST-0106","LOC-018","Assam: Guwahati-Dibrugarh","Corrective Maintenance","Synthetic demo: Traction Substation at LOC-018","Critical","0.65","High","Medium","72","Traction Distribution","2026-09-06 09:00:00","2026-09-09 09:00:00","Pending",""
"TSK-0212","AST-0106","LOC-018","Assam: Guwahati-Dibrugarh","Inspection","Synthetic demo: Traction Substation at LOC-018","Medium","0.66","High","High","89","Traction Distribution","2026-09-06 12:00:00","2026-09-10 12:00:00","Pending",""
"TSK-0213","AST-0107","LOC-018","Assam: Guwahati-Dibrugarh","Preventive Maintenance","Synthetic demo: Signal at LOC-018","Medium","0.67","Critical","Low","35","Signal & Telecommunication","2026-09-06 15:00:00","2026-09-11 15:00:00","Pending",""
"TSK-0214","AST-0107","LOC-018","Assam: Guwahati-Dibrugarh","Condition Monitoring","Synthetic demo: Signal at LOC-018","Critical","0.68","Critical","Medium","52","Signal & Telecommunication","2026-09-06 18:00:00","2026-09-12 18:00:00","Pending",""
"TSK-0215","AST-0108","LOC-018","Assam: Guwahati-Dibrugarh","Corrective Maintenance","Synthetic demo: Axle Counter at LOC-018","Critical","0.69","Medium","High","69","Signal & Telecommunication","2026-09-06 21:00:00","2026-09-13 21:00:00","Pending",""
"TSK-0216","AST-0108","LOC-018","Assam: Guwahati-Dibrugarh","Inspection","Synthetic demo: Axle Counter at LOC-018","Medium","0.7","Medium","Low","86","Signal & Telecommunication","2026-09-07 00:00:00","2026-09-15 00:00:00","Pending",""
"TSK-0217","AST-0109","LOC-019","Bihar: Patna-Gaya","Preventive Maintenance","Synthetic demo: Track at LOC-019","Medium","0.71","High","Medium","103","Engineering","2026-09-07 03:00:00","2026-09-16 03:00:00","Pending",""
"TSK-0218","AST-0109","LOC-019","Bihar: Patna-Gaya","Condition Monitoring","Synthetic demo: Track at LOC-019","Critical","0.72","High","High","49","Engineering","2026-09-07 06:00:00","2026-09-17 06:00:00","Pending",""
"TSK-0219","AST-0110","LOC-019","Bihar: Patna-Gaya","Corrective Maintenance","Synthetic demo: Turnout at LOC-019","Critical","0.73","High","Low","66","Engineering","2026-09-07 09:00:00","2026-09-18 09:00:00","Pending",""
"TSK-0220","AST-0110","LOC-019","Bihar: Patna-Gaya","Inspection","Synthetic demo: Turnout at LOC-019","Medium","0.74","High","Medium","83","Engineering","2026-09-07 12:00:00","2026-09-19 12:00:00","Pending",""
"TSK-0221","AST-0111","LOC-019","Bihar: Patna-Gaya","Preventive Maintenance","Synthetic demo: OHE Mast at LOC-019","Medium","0.75","Critical","High","100","Traction Distribution","2026-09-07 15:00:00","2026-09-20 15:00:00","In Progress",""
"TSK-0222","AST-0111","LOC-019","Bihar: Patna-Gaya","Condition Monitoring","Synthetic demo: OHE Mast at LOC-019","Critical","0.76","Critical","Low","46","Traction Distribution","2026-09-07 18:00:00","2026-09-21 18:00:00","Pending",""
"TSK-0223","AST-0112","LOC-019","Bihar: Patna-Gaya","Corrective Maintenance","Synthetic demo: Traction Substation at LOC-019","Critical","0.77","Medium","Medium","63","Traction Distribution","2026-09-07 21:00:00","2026-09-22 21:00:00","Pending",""
"TSK-0224","AST-0112","LOC-019","Bihar: Patna-Gaya","Inspection","Synthetic demo: Traction Substation at LOC-019","Medium","0.78","Medium","High","80","Traction Distribution","2026-09-08 00:00:00","2026-09-10 00:00:00","Pending",""
"TSK-0225","AST-0113","LOC-019","Bihar: Patna-Gaya","Preventive Maintenance","Synthetic demo: Signal at LOC-019","Medium","0.79","High","Low","97","Signal & Telecommunication","2026-09-08 03:00:00","2026-09-11 03:00:00","Pending",""
"TSK-0226","AST-0113","LOC-019","Bihar: Patna-Gaya","Condition Monitoring","Synthetic demo: Signal at LOC-019","Critical","0.8","High","Medium","43","Signal & Telecommunication","2026-09-08 06:00:00","2026-09-12 06:00:00","Pending",""
"TSK-0227","AST-0114","LOC-019","Bihar: Patna-Gaya","Corrective Maintenance","Synthetic demo: Axle Counter at LOC-019","Critical","0.81","High","High","60","Signal & Telecommunication","2026-09-08 09:00:00","2026-09-13 09:00:00","Pending",""
"TSK-0228","AST-0114","LOC-019","Bihar: Patna-Gaya","Inspection","Synthetic demo: Axle Counter at LOC-019","Medium","0.82","High","Low","77","Signal & Telecommunication","2026-09-08 12:00:00","2026-09-14 12:00:00","Pending",""
"TSK-0229","AST-0115","LOC-020","Bihar: Patna-Gaya","Preventive Maintenance","Synthetic demo: Track at LOC-020","Medium","0.83","Critical","Medium","94","Engineering","2026-09-08 15:00:00","2026-09-15 15:00:00","Pending",""
"TSK-0230","AST-0115","LOC-020","Bihar: Patna-Gaya","Condition Monitoring","Synthetic demo: Track at LOC-020","Critical","0.84","Critical","High","40","Engineering","2026-09-08 18:00:00","2026-09-16 18:00:00","Pending",""
"TSK-0231","AST-0116","LOC-020","Bihar: Patna-Gaya","Corrective Maintenance","Synthetic demo: Turnout at LOC-020","Critical","0.85","Medium","Low","57","Engineering","2026-09-08 21:00:00","2026-09-17 21:00:00","Pending",""
"TSK-0232","AST-0116","LOC-020","Bihar: Patna-Gaya","Inspection","Synthetic demo: Turnout at LOC-020","Medium","0.86","Medium","Medium","74","Engineering","2026-09-09 00:00:00","2026-09-19 00:00:00","Pending",""
"TSK-0233","AST-0117","LOC-020","Bihar: Patna-Gaya","Preventive Maintenance","Synthetic demo: OHE Mast at LOC-020","Medium","0.87","High","High","91","Traction Distribution","2026-09-09 03:00:00","2026-09-20 03:00:00","Pending",""
"TSK-0234","AST-0117","LOC-020","Bihar: Patna-Gaya","Condition Monitoring","Synthetic demo: OHE Mast at LOC-020","Critical","0.88","High","Low","37","Traction Distribution","2026-09-09 06:00:00","2026-09-21 06:00:00","In Progress",""
"TSK-0235","AST-0118","LOC-020","Bihar: Patna-Gaya","Corrective Maintenance","Synthetic demo: Traction Substation at LOC-020","Critical","0.89","High","Medium","54","Traction Distribution","2026-09-09 09:00:00","2026-09-22 09:00:00","Pending",""
"TSK-0236","AST-0118","LOC-020","Bihar: Patna-Gaya","Inspection","Synthetic demo: Traction Substation at LOC-020","Medium","0.9","High","High","71","Traction Distribution","2026-09-09 12:00:00","2026-09-23 12:00:00","Pending",""
"TSK-0237","AST-0119","LOC-020","Bihar: Patna-Gaya","Preventive Maintenance","Synthetic demo: Signal at LOC-020","Medium","0.12","Critical","Low","88","Signal & Telecommunication","2026-09-09 15:00:00","2026-09-24 15:00:00","Pending",""
"TSK-0238","AST-0119","LOC-020","Bihar: Patna-Gaya","Condition Monitoring","Synthetic demo: Signal at LOC-020","Critical","0.13","Critical","Medium","105","Signal & Telecommunication","2026-09-09 18:00:00","2026-09-11 18:00:00","Scheduled",""
"TSK-0239","AST-0120","LOC-020","Bihar: Patna-Gaya","Corrective Maintenance","Synthetic demo: Axle Counter at LOC-020","Critical","0.14","Medium","High","51","Signal & Telecommunication","2026-09-09 21:00:00","2026-09-12 21:00:00","Pending",""
"TSK-0240","AST-0120","LOC-020","Bihar: Patna-Gaya","Inspection","Synthetic demo: Axle Counter at LOC-020","Medium","0.15","Medium","Low","68","Signal & Telecommunication","2026-09-10 00:00:00","2026-09-14 00:00:00","Pending",""
"TSK-0241","AST-0121","LOC-021","Bihar: Patna-Gaya","Preventive Maintenance","Synthetic demo: Track at LOC-021","Medium","0.16","High","Medium","85","Engineering","2026-09-10 03:00:00","2026-09-15 03:00:00","Pending",""
"TSK-0242","AST-0121","LOC-021","Bihar: Patna-Gaya","Condition Monitoring","Synthetic demo: Track at LOC-021","Critical","0.17","High","High","102","Engineering","2026-09-10 06:00:00","2026-09-16 06:00:00","Pending",""
"TSK-0243","AST-0122","LOC-021","Bihar: Patna-Gaya","Corrective Maintenance","Synthetic demo: Turnout at LOC-021","Critical","0.18","High","Low","48","Engineering","2026-09-10 09:00:00","2026-09-17 09:00:00","Pending",""
"TSK-0244","AST-0122","LOC-021","Bihar: Patna-Gaya","Inspection","Synthetic demo: Turnout at LOC-021","Medium","0.19","High","Medium","65","Engineering","2026-09-10 12:00:00","2026-09-18 12:00:00","Pending",""
"TSK-0245","AST-0123","LOC-021","Bihar: Patna-Gaya","Preventive Maintenance","Synthetic demo: OHE Mast at LOC-021","Medium","0.2","Critical","High","82","Traction Distribution","2026-09-10 15:00:00","2026-09-19 15:00:00","Pending",""
"TSK-0246","AST-0123","LOC-021","Bihar: Patna-Gaya","Condition Monitoring","Synthetic demo: OHE Mast at LOC-021","Critical","0.21","Critical","Low","99","Traction Distribution","2026-09-10 18:00:00","2026-09-20 18:00:00","Pending",""
"TSK-0247","AST-0124","LOC-021","Bihar: Patna-Gaya","Corrective Maintenance","Synthetic demo: Traction Substation at LOC-021","Critical","0.22","Medium","Medium","45","Traction Distribution","2026-09-10 21:00:00","2026-09-21 21:00:00","In Progress",""
"TSK-0248","AST-0124","LOC-021","Bihar: Patna-Gaya","Inspection","Synthetic demo: Traction Substation at LOC-021","Medium","0.23","Medium","High","62","Traction Distribution","2026-09-11 00:00:00","2026-09-23 00:00:00","Pending",""
"TSK-0249","AST-0125","LOC-021","Bihar: Patna-Gaya","Preventive Maintenance","Synthetic demo: Signal at LOC-021","Medium","0.24","High","Low","79","Signal & Telecommunication","2026-09-11 03:00:00","2026-09-24 03:00:00","Pending",""
"TSK-0250","AST-0125","LOC-021","Bihar: Patna-Gaya","Condition Monitoring","Synthetic demo: Signal at LOC-021","Critical","0.25","High","Medium","96","Signal & Telecommunication","2026-09-11 06:00:00","2026-09-25 06:00:00","Pending",""
"TSK-0251","AST-0126","LOC-021","Bihar: Patna-Gaya","Corrective Maintenance","Synthetic demo: Axle Counter at LOC-021","Critical","0.26","High","High","42","Signal & Telecommunication","2026-09-11 09:00:00","2026-09-26 09:00:00","Pending",""
"TSK-0252","AST-0126","LOC-021","Bihar: Patna-Gaya","Inspection","Synthetic demo: Axle Counter at LOC-021","Medium","0.27","High","Low","59","Signal & Telecommunication","2026-09-11 12:00:00","2026-09-13 12:00:00","Pending",""
"TSK-0253","AST-0127","LOC-022","Bihar: Patna-Gaya","Preventive Maintenance","Synthetic demo: Track at LOC-022","Medium","0.28","Critical","Medium","76","Engineering","2026-09-11 15:00:00","2026-09-14 15:00:00","Pending",""
"TSK-0254","AST-0127","LOC-022","Bihar: Patna-Gaya","Condition Monitoring","Synthetic demo: Track at LOC-022","Critical","0.29","Critical","High","93","Engineering","2026-09-11 18:00:00","2026-09-15 18:00:00","Pending",""
"TSK-0255","AST-0128","LOC-022","Bihar: Patna-Gaya","Corrective Maintenance","Synthetic demo: Turnout at LOC-022","Critical","0.3","Medium","Low","39","Engineering","2026-09-11 21:00:00","2026-09-16 21:00:00","Scheduled",""
"TSK-0256","AST-0128","LOC-022","Bihar: Patna-Gaya","Inspection","Synthetic demo: Turnout at LOC-022","Medium","0.31","Medium","Medium","56","Engineering","2026-09-12 00:00:00","2026-09-18 00:00:00","Pending",""
"TSK-0257","AST-0129","LOC-022","Bihar: Patna-Gaya","Preventive Maintenance","Synthetic demo: OHE Mast at LOC-022","Medium","0.32","High","High","73","Traction Distribution","2026-09-12 03:00:00","2026-09-19 03:00:00","Pending",""
"TSK-0258","AST-0129","LOC-022","Bihar: Patna-Gaya","Condition Monitoring","Synthetic demo: OHE Mast at LOC-022","Critical","0.33","High","Low","90","Traction Distribution","2026-09-12 06:00:00","2026-09-20 06:00:00","Pending",""
"TSK-0259","AST-0130","LOC-022","Bihar: Patna-Gaya","Corrective Maintenance","Synthetic demo: Traction Substation at LOC-022","Critical","0.34","High","Medium","36","Traction Distribution","2026-09-12 09:00:00","2026-09-21 09:00:00","Pending",""
"TSK-0260","AST-0130","LOC-022","Bihar: Patna-Gaya","Inspection","Synthetic demo: Traction Substation at LOC-022","Medium","0.35","High","High","53","Traction Distribution","2026-09-12 12:00:00","2026-09-22 12:00:00","In Progress",""
"TSK-0261","AST-0131","LOC-022","Bihar: Patna-Gaya","Preventive Maintenance","Synthetic demo: Signal at LOC-022","Medium","0.36","Critical","Low","70","Signal & Telecommunication","2026-09-12 15:00:00","2026-09-23 15:00:00","Pending",""
"TSK-0262","AST-0131","LOC-022","Bihar: Patna-Gaya","Condition Monitoring","Synthetic demo: Signal at LOC-022","Critical","0.37","Critical","Medium","87","Signal & Telecommunication","2026-09-12 18:00:00","2026-09-24 18:00:00","Pending",""
"TSK-0263","AST-0132","LOC-022","Bihar: Patna-Gaya","Corrective Maintenance","Synthetic demo: Axle Counter at LOC-022","Critical","0.38","Medium","High","104","Signal & Telecommunication","2026-09-12 21:00:00","2026-09-25 21:00:00","Pending",""
"TSK-0264","AST-0132","LOC-022","Bihar: Patna-Gaya","Inspection","Synthetic demo: Axle Counter at LOC-022","Medium","0.39","Medium","Low","50","Signal & Telecommunication","2026-09-13 00:00:00","2026-09-27 00:00:00","Pending",""
"TSK-0265","AST-0133","LOC-023","Bihar: Patna-Gaya","Preventive Maintenance","Synthetic demo: Track at LOC-023","Medium","0.4","High","Medium","67","Engineering","2026-09-13 03:00:00","2026-09-28 03:00:00","Pending",""
"TSK-0266","AST-0133","LOC-023","Bihar: Patna-Gaya","Condition Monitoring","Synthetic demo: Track at LOC-023","Critical","0.41","High","High","84","Engineering","2026-09-13 06:00:00","2026-09-15 06:00:00","Pending",""
"TSK-0267","AST-0134","LOC-023","Bihar: Patna-Gaya","Corrective Maintenance","Synthetic demo: Turnout at LOC-023","Critical","0.42","High","Low","101","Engineering","2026-09-13 09:00:00","2026-09-16 09:00:00","Pending",""
"TSK-0268","AST-0134","LOC-023","Bihar: Patna-Gaya","Inspection","Synthetic demo: Turnout at LOC-023","Medium","0.43","High","Medium","47","Engineering","2026-09-13 12:00:00","2026-09-17 12:00:00","Pending",""
"TSK-0269","AST-0135","LOC-023","Bihar: Patna-Gaya","Preventive Maintenance","Synthetic demo: OHE Mast at LOC-023","Medium","0.44","Critical","High","64","Traction Distribution","2026-09-13 15:00:00","2026-09-18 15:00:00","Pending",""
"TSK-0270","AST-0135","LOC-023","Bihar: Patna-Gaya","Condition Monitoring","Synthetic demo: OHE Mast at LOC-023","Critical","0.45","Critical","Low","81","Traction Distribution","2026-09-13 18:00:00","2026-09-19 18:00:00","Pending",""
"TSK-0271","AST-0136","LOC-023","Bihar: Patna-Gaya","Corrective Maintenance","Synthetic demo: Traction Substation at LOC-023","Critical","0.46","Medium","Medium","98","Traction Distribution","2026-09-13 21:00:00","2026-09-20 21:00:00","Pending",""
"TSK-0272","AST-0136","LOC-023","Bihar: Patna-Gaya","Inspection","Synthetic demo: Traction Substation at LOC-023","Medium","0.47","Medium","High","44","Traction Distribution","2026-09-14 00:00:00","2026-09-22 00:00:00","Scheduled",""
"TSK-0273","AST-0137","LOC-023","Bihar: Patna-Gaya","Preventive Maintenance","Synthetic demo: Signal at LOC-023","Medium","0.48","High","Low","61","Signal & Telecommunication","2026-09-14 03:00:00","2026-09-23 03:00:00","In Progress",""
"TSK-0274","AST-0137","LOC-023","Bihar: Patna-Gaya","Condition Monitoring","Synthetic demo: Signal at LOC-023","Critical","0.49","High","Medium","78","Signal & Telecommunication","2026-09-14 06:00:00","2026-09-24 06:00:00","Pending",""
"TSK-0275","AST-0138","LOC-023","Bihar: Patna-Gaya","Corrective Maintenance","Synthetic demo: Axle Counter at LOC-023","Critical","0.5","High","High","95","Signal & Telecommunication","2026-09-14 09:00:00","2026-09-25 09:00:00","Pending",""
"TSK-0276","AST-0138","LOC-023","Bihar: Patna-Gaya","Inspection","Synthetic demo: Axle Counter at LOC-023","Medium","0.51","High","Low","41","Signal & Telecommunication","2026-09-14 12:00:00","2026-09-26 12:00:00","Pending",""
"TSK-0277","AST-0139","LOC-024","Bihar: Patna-Gaya","Preventive Maintenance","Synthetic demo: Track at LOC-024","Medium","0.52","Critical","Medium","58","Engineering","2026-09-14 15:00:00","2026-09-27 15:00:00","Pending",""
"TSK-0278","AST-0139","LOC-024","Bihar: Patna-Gaya","Condition Monitoring","Synthetic demo: Track at LOC-024","Critical","0.53","Critical","High","75","Engineering","2026-09-14 18:00:00","2026-09-28 18:00:00","Pending",""
"TSK-0279","AST-0140","LOC-024","Bihar: Patna-Gaya","Corrective Maintenance","Synthetic demo: Turnout at LOC-024","Critical","0.54","Medium","Low","92","Engineering","2026-09-14 21:00:00","2026-09-29 21:00:00","Pending",""
"TSK-0280","AST-0140","LOC-024","Bihar: Patna-Gaya","Inspection","Synthetic demo: Turnout at LOC-024","Medium","0.55","Medium","Medium","38","Engineering","2026-09-15 00:00:00","2026-09-17 00:00:00","Pending",""
"TSK-0281","AST-0141","LOC-024","Bihar: Patna-Gaya","Preventive Maintenance","Synthetic demo: OHE Mast at LOC-024","Medium","0.56","High","High","55","Traction Distribution","2026-09-15 03:00:00","2026-09-18 03:00:00","Pending",""
"TSK-0282","AST-0141","LOC-024","Bihar: Patna-Gaya","Condition Monitoring","Synthetic demo: OHE Mast at LOC-024","Critical","0.57","High","Low","72","Traction Distribution","2026-09-15 06:00:00","2026-09-19 06:00:00","Pending",""
"TSK-0283","AST-0142","LOC-024","Bihar: Patna-Gaya","Corrective Maintenance","Synthetic demo: Traction Substation at LOC-024","Critical","0.58","High","Medium","89","Traction Distribution","2026-09-15 09:00:00","2026-09-20 09:00:00","Pending",""
"TSK-0284","AST-0142","LOC-024","Bihar: Patna-Gaya","Inspection","Synthetic demo: Traction Substation at LOC-024","Medium","0.59","High","High","35","Traction Distribution","2026-09-15 12:00:00","2026-09-21 12:00:00","Pending",""
"TSK-0285","AST-0143","LOC-024","Bihar: Patna-Gaya","Preventive Maintenance","Synthetic demo: Signal at LOC-024","Medium","0.6","Critical","Low","52","Signal & Telecommunication","2026-09-15 15:00:00","2026-09-22 15:00:00","Pending",""
"TSK-0286","AST-0143","LOC-024","Bihar: Patna-Gaya","Condition Monitoring","Synthetic demo: Signal at LOC-024","Critical","0.61","Critical","Medium","69","Signal & Telecommunication","2026-09-15 18:00:00","2026-09-23 18:00:00","In Progress",""
"TSK-0287","AST-0144","LOC-024","Bihar: Patna-Gaya","Corrective Maintenance","Synthetic demo: Axle Counter at LOC-024","Critical","0.62","Medium","High","86","Signal & Telecommunication","2026-09-15 21:00:00","2026-09-24 21:00:00","Pending",""
"TSK-0288","AST-0144","LOC-024","Bihar: Patna-Gaya","Inspection","Synthetic demo: Axle Counter at LOC-024","Medium","0.63","Medium","Low","103","Signal & Telecommunication","2026-09-16 00:00:00","2026-09-26 00:00:00","Pending",""
"TSK-0289","AST-0145","LOC-025","Chhattisgarh: Raipur-Bilaspur","Preventive Maintenance","Synthetic demo: Track at LOC-025","Medium","0.64","High","Medium","49","Engineering","2026-09-16 03:00:00","2026-09-27 03:00:00","Scheduled",""
"TSK-0290","AST-0145","LOC-025","Chhattisgarh: Raipur-Bilaspur","Condition Monitoring","Synthetic demo: Track at LOC-025","Critical","0.65","High","High","66","Engineering","2026-09-16 06:00:00","2026-09-28 06:00:00","Pending",""
"TSK-0291","AST-0146","LOC-025","Chhattisgarh: Raipur-Bilaspur","Corrective Maintenance","Synthetic demo: Turnout at LOC-025","Critical","0.66","High","Low","83","Engineering","2026-09-16 09:00:00","2026-09-29 09:00:00","Pending",""
"TSK-0292","AST-0146","LOC-025","Chhattisgarh: Raipur-Bilaspur","Inspection","Synthetic demo: Turnout at LOC-025","Medium","0.67","High","Medium","100","Engineering","2026-09-16 12:00:00","2026-09-30 12:00:00","Pending",""
"TSK-0293","AST-0147","LOC-025","Chhattisgarh: Raipur-Bilaspur","Preventive Maintenance","Synthetic demo: OHE Mast at LOC-025","Medium","0.68","Critical","High","46","Traction Distribution","2026-09-16 15:00:00","2026-10-01 15:00:00","Pending",""
"TSK-0294","AST-0147","LOC-025","Chhattisgarh: Raipur-Bilaspur","Condition Monitoring","Synthetic demo: OHE Mast at LOC-025","Critical","0.69","Critical","Low","63","Traction Distribution","2026-09-16 18:00:00","2026-09-18 18:00:00","Pending",""
"TSK-0295","AST-0148","LOC-025","Chhattisgarh: Raipur-Bilaspur","Corrective Maintenance","Synthetic demo: Traction Substation at LOC-025","Critical","0.7","Medium","Medium","80","Traction Distribution","2026-09-16 21:00:00","2026-09-19 21:00:00","Pending",""
"TSK-0296","AST-0148","LOC-025","Chhattisgarh: Raipur-Bilaspur","Inspection","Synthetic demo: Traction Substation at LOC-025","Medium","0.71","Medium","High","97","Traction Distribution","2026-09-17 00:00:00","2026-09-21 00:00:00","Pending",""
"TSK-0297","AST-0149","LOC-025","Chhattisgarh: Raipur-Bilaspur","Preventive Maintenance","Synthetic demo: Signal at LOC-025","Medium","0.72","High","Low","43","Signal & Telecommunication","2026-09-17 03:00:00","2026-09-22 03:00:00","Pending",""
"TSK-0298","AST-0149","LOC-025","Chhattisgarh: Raipur-Bilaspur","Condition Monitoring","Synthetic demo: Signal at LOC-025","Critical","0.73","High","Medium","60","Signal & Telecommunication","2026-09-17 06:00:00","2026-09-23 06:00:00","Pending",""
"TSK-0299","AST-0150","LOC-025","Chhattisgarh: Raipur-Bilaspur","Corrective Maintenance","Synthetic demo: Axle Counter at LOC-025","Critical","0.74","High","High","77","Signal & Telecommunication","2026-09-17 09:00:00","2026-09-24 09:00:00","In Progress",""
"TSK-0300","AST-0150","LOC-025","Chhattisgarh: Raipur-Bilaspur","Inspection","Synthetic demo: Axle Counter at LOC-025","Medium","0.75","High","Low","94","Signal & Telecommunication","2026-09-17 12:00:00","2026-09-25 12:00:00","Pending",""
"TSK-0301","AST-0151","LOC-026","Chhattisgarh: Raipur-Bilaspur","Preventive Maintenance","Synthetic demo: Track at LOC-026","Medium","0.76","Critical","Medium","40","Engineering","2026-09-17 15:00:00","2026-09-26 15:00:00","Pending",""
"TSK-0302","AST-0151","LOC-026","Chhattisgarh: Raipur-Bilaspur","Condition Monitoring","Synthetic demo: Track at LOC-026","Critical","0.77","Critical","High","57","Engineering","2026-09-17 18:00:00","2026-09-27 18:00:00","Pending",""
"TSK-0303","AST-0152","LOC-026","Chhattisgarh: Raipur-Bilaspur","Corrective Maintenance","Synthetic demo: Turnout at LOC-026","Critical","0.78","Medium","Low","74","Engineering","2026-09-17 21:00:00","2026-09-28 21:00:00","Pending",""
"TSK-0304","AST-0152","LOC-026","Chhattisgarh: Raipur-Bilaspur","Inspection","Synthetic demo: Turnout at LOC-026","Medium","0.79","Medium","Medium","91","Engineering","2026-09-18 00:00:00","2026-09-30 00:00:00","Pending",""
"TSK-0305","AST-0153","LOC-026","Chhattisgarh: Raipur-Bilaspur","Preventive Maintenance","Synthetic demo: OHE Mast at LOC-026","Medium","0.8","High","High","37","Traction Distribution","2026-09-18 03:00:00","2026-10-01 03:00:00","Pending",""
"TSK-0306","AST-0153","LOC-026","Chhattisgarh: Raipur-Bilaspur","Condition Monitoring","Synthetic demo: OHE Mast at LOC-026","Critical","0.81","High","Low","54","Traction Distribution","2026-09-18 06:00:00","2026-10-02 06:00:00","Scheduled",""
"TSK-0307","AST-0154","LOC-026","Chhattisgarh: Raipur-Bilaspur","Corrective Maintenance","Synthetic demo: Traction Substation at LOC-026","Critical","0.82","High","Medium","71","Traction Distribution","2026-09-18 09:00:00","2026-10-03 09:00:00","Pending",""
"TSK-0308","AST-0154","LOC-026","Chhattisgarh: Raipur-Bilaspur","Inspection","Synthetic demo: Traction Substation at LOC-026","Medium","0.83","High","High","88","Traction Distribution","2026-09-18 12:00:00","2026-09-20 12:00:00","Pending",""
"TSK-0309","AST-0155","LOC-026","Chhattisgarh: Raipur-Bilaspur","Preventive Maintenance","Synthetic demo: Signal at LOC-026","Medium","0.84","Critical","Low","105","Signal & Telecommunication","2026-09-18 15:00:00","2026-09-21 15:00:00","Pending",""
"TSK-0310","AST-0155","LOC-026","Chhattisgarh: Raipur-Bilaspur","Condition Monitoring","Synthetic demo: Signal at LOC-026","Critical","0.85","Critical","Medium","51","Signal & Telecommunication","2026-09-18 18:00:00","2026-09-22 18:00:00","Pending",""
"TSK-0311","AST-0156","LOC-026","Chhattisgarh: Raipur-Bilaspur","Corrective Maintenance","Synthetic demo: Axle Counter at LOC-026","Critical","0.86","Medium","High","68","Signal & Telecommunication","2026-09-18 21:00:00","2026-09-23 21:00:00","Pending",""
"TSK-0312","AST-0156","LOC-026","Chhattisgarh: Raipur-Bilaspur","Inspection","Synthetic demo: Axle Counter at LOC-026","Medium","0.87","Medium","Low","85","Signal & Telecommunication","2026-09-19 00:00:00","2026-09-25 00:00:00","In Progress",""
"TSK-0313","AST-0157","LOC-027","Chhattisgarh: Raipur-Bilaspur","Preventive Maintenance","Synthetic demo: Track at LOC-027","Medium","0.88","High","Medium","102","Engineering","2026-09-19 03:00:00","2026-09-26 03:00:00","Pending",""
"TSK-0314","AST-0157","LOC-027","Chhattisgarh: Raipur-Bilaspur","Condition Monitoring","Synthetic demo: Track at LOC-027","Critical","0.89","High","High","48","Engineering","2026-09-19 06:00:00","2026-09-27 06:00:00","Pending",""
"TSK-0315","AST-0158","LOC-027","Chhattisgarh: Raipur-Bilaspur","Corrective Maintenance","Synthetic demo: Turnout at LOC-027","Critical","0.9","High","Low","65","Engineering","2026-09-19 09:00:00","2026-09-28 09:00:00","Pending",""
"TSK-0316","AST-0158","LOC-027","Chhattisgarh: Raipur-Bilaspur","Inspection","Synthetic demo: Turnout at LOC-027","Medium","0.12","High","Medium","82","Engineering","2026-09-19 12:00:00","2026-09-29 12:00:00","Pending",""
"TSK-0317","AST-0159","LOC-027","Chhattisgarh: Raipur-Bilaspur","Preventive Maintenance","Synthetic demo: OHE Mast at LOC-027","Medium","0.13","Critical","High","99","Traction Distribution","2026-09-19 15:00:00","2026-09-30 15:00:00","Pending",""
"TSK-0318","AST-0159","LOC-027","Chhattisgarh: Raipur-Bilaspur","Condition Monitoring","Synthetic demo: OHE Mast at LOC-027","Critical","0.14","Critical","Low","45","Traction Distribution","2026-09-19 18:00:00","2026-10-01 18:00:00","Pending",""
"TSK-0319","AST-0160","LOC-027","Chhattisgarh: Raipur-Bilaspur","Corrective Maintenance","Synthetic demo: Traction Substation at LOC-027","Critical","0.15","Medium","Medium","62","Traction Distribution","2026-09-19 21:00:00","2026-10-02 21:00:00","Pending",""
"TSK-0320","AST-0160","LOC-027","Chhattisgarh: Raipur-Bilaspur","Inspection","Synthetic demo: Traction Substation at LOC-027","Medium","0.16","Medium","High","79","Traction Distribution","2026-09-20 00:00:00","2026-10-04 00:00:00","Pending",""
"TSK-0321","AST-0161","LOC-027","Chhattisgarh: Raipur-Bilaspur","Preventive Maintenance","Synthetic demo: Signal at LOC-027","Medium","0.17","High","Low","96","Signal & Telecommunication","2026-09-20 03:00:00","2026-10-05 03:00:00","Pending",""
"TSK-0322","AST-0161","LOC-027","Chhattisgarh: Raipur-Bilaspur","Condition Monitoring","Synthetic demo: Signal at LOC-027","Critical","0.18","High","Medium","42","Signal & Telecommunication","2026-09-20 06:00:00","2026-09-22 06:00:00","Pending",""
"TSK-0323","AST-0162","LOC-027","Chhattisgarh: Raipur-Bilaspur","Corrective Maintenance","Synthetic demo: Axle Counter at LOC-027","Critical","0.19","High","High","59","Signal & Telecommunication","2026-09-20 09:00:00","2026-09-23 09:00:00","Scheduled",""
"TSK-0324","AST-0162","LOC-027","Chhattisgarh: Raipur-Bilaspur","Inspection","Synthetic demo: Axle Counter at LOC-027","Medium","0.2","High","Low","76","Signal & Telecommunication","2026-09-20 12:00:00","2026-09-24 12:00:00","Pending",""
"TSK-0325","AST-0163","LOC-028","Chhattisgarh: Raipur-Bilaspur","Preventive Maintenance","Synthetic demo: Track at LOC-028","Medium","0.21","Critical","Medium","93","Engineering","2026-09-20 15:00:00","2026-09-25 15:00:00","In Progress",""
"TSK-0326","AST-0163","LOC-028","Chhattisgarh: Raipur-Bilaspur","Condition Monitoring","Synthetic demo: Track at LOC-028","Critical","0.22","Critical","High","39","Engineering","2026-09-20 18:00:00","2026-09-26 18:00:00","Pending",""
"TSK-0327","AST-0164","LOC-028","Chhattisgarh: Raipur-Bilaspur","Corrective Maintenance","Synthetic demo: Turnout at LOC-028","Critical","0.23","Medium","Low","56","Engineering","2026-09-20 21:00:00","2026-09-27 21:00:00","Pending",""
"TSK-0328","AST-0164","LOC-028","Chhattisgarh: Raipur-Bilaspur","Inspection","Synthetic demo: Turnout at LOC-028","Medium","0.24","Medium","Medium","73","Engineering","2026-09-21 00:00:00","2026-09-29 00:00:00","Pending",""
"TSK-0329","AST-0165","LOC-028","Chhattisgarh: Raipur-Bilaspur","Preventive Maintenance","Synthetic demo: OHE Mast at LOC-028","Medium","0.25","High","High","90","Traction Distribution","2026-09-21 03:00:00","2026-09-30 03:00:00","Pending",""
"TSK-0330","AST-0165","LOC-028","Chhattisgarh: Raipur-Bilaspur","Condition Monitoring","Synthetic demo: OHE Mast at LOC-028","Critical","0.26","High","Low","36","Traction Distribution","2026-09-21 06:00:00","2026-10-01 06:00:00","Pending",""
"TSK-0331","AST-0166","LOC-028","Chhattisgarh: Raipur-Bilaspur","Corrective Maintenance","Synthetic demo: Traction Substation at LOC-028","Critical","0.27","High","Medium","53","Traction Distribution","2026-09-21 09:00:00","2026-10-02 09:00:00","Pending",""
"TSK-0332","AST-0166","LOC-028","Chhattisgarh: Raipur-Bilaspur","Inspection","Synthetic demo: Traction Substation at LOC-028","Medium","0.28","High","High","70","Traction Distribution","2026-09-21 12:00:00","2026-10-03 12:00:00","Pending",""
"TSK-0333","AST-0167","LOC-028","Chhattisgarh: Raipur-Bilaspur","Preventive Maintenance","Synthetic demo: Signal at LOC-028","Medium","0.29","Critical","Low","87","Signal & Telecommunication","2026-09-21 15:00:00","2026-10-04 15:00:00","Pending",""
"TSK-0334","AST-0167","LOC-028","Chhattisgarh: Raipur-Bilaspur","Condition Monitoring","Synthetic demo: Signal at LOC-028","Critical","0.3","Critical","Medium","104","Signal & Telecommunication","2026-09-21 18:00:00","2026-10-05 18:00:00","Pending",""
"TSK-0335","AST-0168","LOC-028","Chhattisgarh: Raipur-Bilaspur","Corrective Maintenance","Synthetic demo: Axle Counter at LOC-028","Critical","0.31","Medium","High","50","Signal & Telecommunication","2026-09-21 21:00:00","2026-10-06 21:00:00","Pending",""
"TSK-0336","AST-0168","LOC-028","Chhattisgarh: Raipur-Bilaspur","Inspection","Synthetic demo: Axle Counter at LOC-028","Medium","0.32","Medium","Low","67","Signal & Telecommunication","2026-09-01 00:00:00","2026-09-03 00:00:00","Pending",""
"TSK-0337","AST-0169","LOC-029","Chhattisgarh: Raipur-Bilaspur","Preventive Maintenance","Synthetic demo: Track at LOC-029","Medium","0.33","High","Medium","84","Engineering","2026-09-01 03:00:00","2026-09-04 03:00:00","Pending",""
"TSK-0338","AST-0169","LOC-029","Chhattisgarh: Raipur-Bilaspur","Condition Monitoring","Synthetic demo: Track at LOC-029","Critical","0.34","High","High","101","Engineering","2026-09-01 06:00:00","2026-09-05 06:00:00","In Progress",""
"TSK-0339","AST-0170","LOC-029","Chhattisgarh: Raipur-Bilaspur","Corrective Maintenance","Synthetic demo: Turnout at LOC-029","Critical","0.35","High","Low","47","Engineering","2026-09-01 09:00:00","2026-09-06 09:00:00","Pending",""
"TSK-0340","AST-0170","LOC-029","Chhattisgarh: Raipur-Bilaspur","Inspection","Synthetic demo: Turnout at LOC-029","Medium","0.36","High","Medium","64","Engineering","2026-09-01 12:00:00","2026-09-07 12:00:00","Scheduled",""
"TSK-0341","AST-0171","LOC-029","Chhattisgarh: Raipur-Bilaspur","Preventive Maintenance","Synthetic demo: OHE Mast at LOC-029","Medium","0.37","Critical","High","81","Traction Distribution","2026-09-01 15:00:00","2026-09-08 15:00:00","Pending",""
"TSK-0342","AST-0171","LOC-029","Chhattisgarh: Raipur-Bilaspur","Condition Monitoring","Synthetic demo: OHE Mast at LOC-029","Critical","0.38","Critical","Low","98","Traction Distribution","2026-09-01 18:00:00","2026-09-09 18:00:00","Pending",""
"TSK-0343","AST-0172","LOC-029","Chhattisgarh: Raipur-Bilaspur","Corrective Maintenance","Synthetic demo: Traction Substation at LOC-029","Critical","0.39","Medium","Medium","44","Traction Distribution","2026-09-01 21:00:00","2026-09-10 21:00:00","Pending",""
"TSK-0344","AST-0172","LOC-029","Chhattisgarh: Raipur-Bilaspur","Inspection","Synthetic demo: Traction Substation at LOC-029","Medium","0.4","Medium","High","61","Traction Distribution","2026-09-02 00:00:00","2026-09-12 00:00:00","Pending",""
"TSK-0345","AST-0173","LOC-029","Chhattisgarh: Raipur-Bilaspur","Preventive Maintenance","Synthetic demo: Signal at LOC-029","Medium","0.41","High","Low","78","Signal & Telecommunication","2026-09-02 03:00:00","2026-09-13 03:00:00","Pending",""
"TSK-0346","AST-0173","LOC-029","Chhattisgarh: Raipur-Bilaspur","Condition Monitoring","Synthetic demo: Signal at LOC-029","Critical","0.42","High","Medium","95","Signal & Telecommunication","2026-09-02 06:00:00","2026-09-14 06:00:00","Pending",""
"TSK-0347","AST-0174","LOC-029","Chhattisgarh: Raipur-Bilaspur","Corrective Maintenance","Synthetic demo: Axle Counter at LOC-029","Critical","0.43","High","High","41","Signal & Telecommunication","2026-09-02 09:00:00","2026-09-15 09:00:00","Pending",""
"TSK-0348","AST-0174","LOC-029","Chhattisgarh: Raipur-Bilaspur","Inspection","Synthetic demo: Axle Counter at LOC-029","Medium","0.44","High","Low","58","Signal & Telecommunication","2026-09-02 12:00:00","2026-09-16 12:00:00","Pending",""
"TSK-0349","AST-0175","LOC-030","Chhattisgarh: Raipur-Bilaspur","Preventive Maintenance","Synthetic demo: Track at LOC-030","Medium","0.45","Critical","Medium","75","Engineering","2026-09-02 15:00:00","2026-09-17 15:00:00","Pending",""
"TSK-0350","AST-0175","LOC-030","Chhattisgarh: Raipur-Bilaspur","Condition Monitoring","Synthetic demo: Track at LOC-030","Critical","0.46","Critical","High","92","Engineering","2026-09-02 18:00:00","2026-09-04 18:00:00","Pending",""
"TSK-0351","AST-0176","LOC-030","Chhattisgarh: Raipur-Bilaspur","Corrective Maintenance","Synthetic demo: Turnout at LOC-030","Critical","0.47","Medium","Low","38","Engineering","2026-09-02 21:00:00","2026-09-05 21:00:00","In Progress",""
"TSK-0352","AST-0176","LOC-030","Chhattisgarh: Raipur-Bilaspur","Inspection","Synthetic demo: Turnout at LOC-030","Medium","0.48","Medium","Medium","55","Engineering","2026-09-03 00:00:00","2026-09-07 00:00:00","Pending",""
"TSK-0353","AST-0177","LOC-030","Chhattisgarh: Raipur-Bilaspur","Preventive Maintenance","Synthetic demo: OHE Mast at LOC-030","Medium","0.49","High","High","72","Traction Distribution","2026-09-03 03:00:00","2026-09-08 03:00:00","Pending",""
"TSK-0354","AST-0177","LOC-030","Chhattisgarh: Raipur-Bilaspur","Condition Monitoring","Synthetic demo: OHE Mast at LOC-030","Critical","0.5","High","Low","89","Traction Distribution","2026-09-03 06:00:00","2026-09-09 06:00:00","Pending",""
"TSK-0355","AST-0178","LOC-030","Chhattisgarh: Raipur-Bilaspur","Corrective Maintenance","Synthetic demo: Traction Substation at LOC-030","Critical","0.51","High","Medium","35","Traction Distribution","2026-09-03 09:00:00","2026-09-10 09:00:00","Pending",""
"TSK-0356","AST-0178","LOC-030","Chhattisgarh: Raipur-Bilaspur","Inspection","Synthetic demo: Traction Substation at LOC-030","Medium","0.52","High","High","52","Traction Distribution","2026-09-03 12:00:00","2026-09-11 12:00:00","Pending",""
"TSK-0357","AST-0179","LOC-030","Chhattisgarh: Raipur-Bilaspur","Preventive Maintenance","Synthetic demo: Signal at LOC-030","Medium","0.53","Critical","Low","69","Signal & Telecommunication","2026-09-03 15:00:00","2026-09-12 15:00:00","Scheduled",""
"TSK-0358","AST-0179","LOC-030","Chhattisgarh: Raipur-Bilaspur","Condition Monitoring","Synthetic demo: Signal at LOC-030","Critical","0.54","Critical","Medium","86","Signal & Telecommunication","2026-09-03 18:00:00","2026-09-13 18:00:00","Pending",""
"TSK-0359","AST-0180","LOC-030","Chhattisgarh: Raipur-Bilaspur","Corrective Maintenance","Synthetic demo: Axle Counter at LOC-030","Critical","0.55","Medium","High","103","Signal & Telecommunication","2026-09-03 21:00:00","2026-09-14 21:00:00","Pending",""
"TSK-0360","AST-0180","LOC-030","Chhattisgarh: Raipur-Bilaspur","Inspection","Synthetic demo: Axle Counter at LOC-030","Medium","0.56","Medium","Low","49","Signal & Telecommunication","2026-09-04 00:00:00","2026-09-16 00:00:00","Pending",""
"TSK-0361","AST-0181","LOC-031","Goa: Madgaon-Vasco","Preventive Maintenance","Synthetic demo: Track at LOC-031","Medium","0.57","High","Medium","66","Engineering","2026-09-04 03:00:00","2026-09-17 03:00:00","Pending",""
"TSK-0362","AST-0181","LOC-031","Goa: Madgaon-Vasco","Condition Monitoring","Synthetic demo: Track at LOC-031","Critical","0.58","High","High","83","Engineering","2026-09-04 06:00:00","2026-09-18 06:00:00","Pending",""
"TSK-0363","AST-0182","LOC-031","Goa: Madgaon-Vasco","Corrective Maintenance","Synthetic demo: Turnout at LOC-031","Critical","0.59","High","Low","100","Engineering","2026-09-04 09:00:00","2026-09-19 09:00:00","Pending",""
"TSK-0364","AST-0182","LOC-031","Goa: Madgaon-Vasco","Inspection","Synthetic demo: Turnout at LOC-031","Medium","0.6","High","Medium","46","Engineering","2026-09-04 12:00:00","2026-09-06 12:00:00","In Progress",""
"TSK-0365","AST-0183","LOC-031","Goa: Madgaon-Vasco","Preventive Maintenance","Synthetic demo: OHE Mast at LOC-031","Medium","0.61","Critical","High","63","Traction Distribution","2026-09-04 15:00:00","2026-09-07 15:00:00","Pending",""
"TSK-0366","AST-0183","LOC-031","Goa: Madgaon-Vasco","Condition Monitoring","Synthetic demo: OHE Mast at LOC-031","Critical","0.62","Critical","Low","80","Traction Distribution","2026-09-04 18:00:00","2026-09-08 18:00:00","Pending",""
"TSK-0367","AST-0184","LOC-031","Goa: Madgaon-Vasco","Corrective Maintenance","Synthetic demo: Traction Substation at LOC-031","Critical","0.63","Medium","Medium","97","Traction Distribution","2026-09-04 21:00:00","2026-09-09 21:00:00","Pending",""
"TSK-0368","AST-0184","LOC-031","Goa: Madgaon-Vasco","Inspection","Synthetic demo: Traction Substation at LOC-031","Medium","0.64","Medium","High","43","Traction Distribution","2026-09-05 00:00:00","2026-09-11 00:00:00","Pending",""
"TSK-0369","AST-0185","LOC-031","Goa: Madgaon-Vasco","Preventive Maintenance","Synthetic demo: Signal at LOC-031","Medium","0.65","High","Low","60","Signal & Telecommunication","2026-09-05 03:00:00","2026-09-12 03:00:00","Pending",""
"TSK-0370","AST-0185","LOC-031","Goa: Madgaon-Vasco","Condition Monitoring","Synthetic demo: Signal at LOC-031","Critical","0.66","High","Medium","77","Signal & Telecommunication","2026-09-05 06:00:00","2026-09-13 06:00:00","Pending",""
"TSK-0371","AST-0186","LOC-031","Goa: Madgaon-Vasco","Corrective Maintenance","Synthetic demo: Axle Counter at LOC-031","Critical","0.67","High","High","94","Signal & Telecommunication","2026-09-05 09:00:00","2026-09-14 09:00:00","Pending",""
"TSK-0372","AST-0186","LOC-031","Goa: Madgaon-Vasco","Inspection","Synthetic demo: Axle Counter at LOC-031","Medium","0.68","High","Low","40","Signal & Telecommunication","2026-09-05 12:00:00","2026-09-15 12:00:00","Pending",""
"TSK-0373","AST-0187","LOC-032","Goa: Madgaon-Vasco","Preventive Maintenance","Synthetic demo: Track at LOC-032","Medium","0.69","Critical","Medium","57","Engineering","2026-09-05 15:00:00","2026-09-16 15:00:00","Pending",""
"TSK-0374","AST-0187","LOC-032","Goa: Madgaon-Vasco","Condition Monitoring","Synthetic demo: Track at LOC-032","Critical","0.7","Critical","High","74","Engineering","2026-09-05 18:00:00","2026-09-17 18:00:00","Scheduled",""
"TSK-0375","AST-0188","LOC-032","Goa: Madgaon-Vasco","Corrective Maintenance","Synthetic demo: Turnout at LOC-032","Critical","0.71","Medium","Low","91","Engineering","2026-09-05 21:00:00","2026-09-18 21:00:00","Pending",""
"TSK-0376","AST-0188","LOC-032","Goa: Madgaon-Vasco","Inspection","Synthetic demo: Turnout at LOC-032","Medium","0.72","Medium","Medium","37","Engineering","2026-09-06 00:00:00","2026-09-20 00:00:00","Pending",""
"TSK-0377","AST-0189","LOC-032","Goa: Madgaon-Vasco","Preventive Maintenance","Synthetic demo: OHE Mast at LOC-032","Medium","0.73","High","High","54","Traction Distribution","2026-09-06 03:00:00","2026-09-21 03:00:00","In Progress",""
"TSK-0378","AST-0189","LOC-032","Goa: Madgaon-Vasco","Condition Monitoring","Synthetic demo: OHE Mast at LOC-032","Critical","0.74","High","Low","71","Traction Distribution","2026-09-06 06:00:00","2026-09-08 06:00:00","Pending",""
"TSK-0379","AST-0190","LOC-032","Goa: Madgaon-Vasco","Corrective Maintenance","Synthetic demo: Traction Substation at LOC-032","Critical","0.75","High","Medium","88","Traction Distribution","2026-09-06 09:00:00","2026-09-09 09:00:00","Pending",""
"TSK-0380","AST-0190","LOC-032","Goa: Madgaon-Vasco","Inspection","Synthetic demo: Traction Substation at LOC-032","Medium","0.76","High","High","105","Traction Distribution","2026-09-06 12:00:00","2026-09-10 12:00:00","Pending",""
"TSK-0381","AST-0191","LOC-032","Goa: Madgaon-Vasco","Preventive Maintenance","Synthetic demo: Signal at LOC-032","Medium","0.77","Critical","Low","51","Signal & Telecommunication","2026-09-06 15:00:00","2026-09-11 15:00:00","Pending",""
"TSK-0382","AST-0191","LOC-032","Goa: Madgaon-Vasco","Condition Monitoring","Synthetic demo: Signal at LOC-032","Critical","0.78","Critical","Medium","68","Signal & Telecommunication","2026-09-06 18:00:00","2026-09-12 18:00:00","Pending",""
"TSK-0383","AST-0192","LOC-032","Goa: Madgaon-Vasco","Corrective Maintenance","Synthetic demo: Axle Counter at LOC-032","Critical","0.79","Medium","High","85","Signal & Telecommunication","2026-09-06 21:00:00","2026-09-13 21:00:00","Pending",""
"TSK-0384","AST-0192","LOC-032","Goa: Madgaon-Vasco","Inspection","Synthetic demo: Axle Counter at LOC-032","Medium","0.8","Medium","Low","102","Signal & Telecommunication","2026-09-07 00:00:00","2026-09-15 00:00:00","Pending",""
"TSK-0385","AST-0193","LOC-033","Goa: Madgaon-Vasco","Preventive Maintenance","Synthetic demo: Track at LOC-033","Medium","0.81","High","Medium","48","Engineering","2026-09-07 03:00:00","2026-09-16 03:00:00","Pending",""
"TSK-0386","AST-0193","LOC-033","Goa: Madgaon-Vasco","Condition Monitoring","Synthetic demo: Track at LOC-033","Critical","0.82","High","High","65","Engineering","2026-09-07 06:00:00","2026-09-17 06:00:00","Pending",""
"TSK-0387","AST-0194","LOC-033","Goa: Madgaon-Vasco","Corrective Maintenance","Synthetic demo: Turnout at LOC-033","Critical","0.83","High","Low","82","Engineering","2026-09-07 09:00:00","2026-09-18 09:00:00","Pending",""
"TSK-0388","AST-0194","LOC-033","Goa: Madgaon-Vasco","Inspection","Synthetic demo: Turnout at LOC-033","Medium","0.84","High","Medium","99","Engineering","2026-09-07 12:00:00","2026-09-19 12:00:00","Pending",""
"TSK-0389","AST-0195","LOC-033","Goa: Madgaon-Vasco","Preventive Maintenance","Synthetic demo: OHE Mast at LOC-033","Medium","0.85","Critical","High","45","Traction Distribution","2026-09-07 15:00:00","2026-09-20 15:00:00","Pending",""
"TSK-0390","AST-0195","LOC-033","Goa: Madgaon-Vasco","Condition Monitoring","Synthetic demo: OHE Mast at LOC-033","Critical","0.86","Critical","Low","62","Traction Distribution","2026-09-07 18:00:00","2026-09-21 18:00:00","In Progress",""
"TSK-0391","AST-0196","LOC-033","Goa: Madgaon-Vasco","Corrective Maintenance","Synthetic demo: Traction Substation at LOC-033","Critical","0.87","Medium","Medium","79","Traction Distribution","2026-09-07 21:00:00","2026-09-22 21:00:00","Scheduled",""
"TSK-0392","AST-0196","LOC-033","Goa: Madgaon-Vasco","Inspection","Synthetic demo: Traction Substation at LOC-033","Medium","0.88","Medium","High","96","Traction Distribution","2026-09-08 00:00:00","2026-09-10 00:00:00","Pending",""
"TSK-0393","AST-0197","LOC-033","Goa: Madgaon-Vasco","Preventive Maintenance","Synthetic demo: Signal at LOC-033","Medium","0.89","High","Low","42","Signal & Telecommunication","2026-09-08 03:00:00","2026-09-11 03:00:00","Pending",""
"TSK-0394","AST-0197","LOC-033","Goa: Madgaon-Vasco","Condition Monitoring","Synthetic demo: Signal at LOC-033","Critical","0.9","High","Medium","59","Signal & Telecommunication","2026-09-08 06:00:00","2026-09-12 06:00:00","Pending",""
"TSK-0395","AST-0198","LOC-033","Goa: Madgaon-Vasco","Corrective Maintenance","Synthetic demo: Axle Counter at LOC-033","Critical","0.12","High","High","76","Signal & Telecommunication","2026-09-08 09:00:00","2026-09-13 09:00:00","Pending",""
"TSK-0396","AST-0198","LOC-033","Goa: Madgaon-Vasco","Inspection","Synthetic demo: Axle Counter at LOC-033","Medium","0.13","High","Low","93","Signal & Telecommunication","2026-09-08 12:00:00","2026-09-14 12:00:00","Pending",""
"TSK-0397","AST-0199","LOC-034","Goa: Madgaon-Vasco","Preventive Maintenance","Synthetic demo: Track at LOC-034","Medium","0.14","Critical","Medium","39","Engineering","2026-09-08 15:00:00","2026-09-15 15:00:00","Pending",""
"TSK-0398","AST-0199","LOC-034","Goa: Madgaon-Vasco","Condition Monitoring","Synthetic demo: Track at LOC-034","Critical","0.15","Critical","High","56","Engineering","2026-09-08 18:00:00","2026-09-16 18:00:00","Pending",""
"TSK-0399","AST-0200","LOC-034","Goa: Madgaon-Vasco","Corrective Maintenance","Synthetic demo: Turnout at LOC-034","Critical","0.16","Medium","Low","73","Engineering","2026-09-08 21:00:00","2026-09-17 21:00:00","Pending",""
"TSK-0400","AST-0200","LOC-034","Goa: Madgaon-Vasco","Inspection","Synthetic demo: Turnout at LOC-034","Medium","0.17","Medium","Medium","90","Engineering","2026-09-09 00:00:00","2026-09-19 00:00:00","Pending",""
"TSK-0401","AST-0201","LOC-034","Goa: Madgaon-Vasco","Preventive Maintenance","Synthetic demo: OHE Mast at LOC-034","Medium","0.18","High","High","36","Traction Distribution","2026-09-09 03:00:00","2026-09-20 03:00:00","Pending",""
"TSK-0402","AST-0201","LOC-034","Goa: Madgaon-Vasco","Condition Monitoring","Synthetic demo: OHE Mast at LOC-034","Critical","0.19","High","Low","53","Traction Distribution","2026-09-09 06:00:00","2026-09-21 06:00:00","Pending",""
"TSK-0403","AST-0202","LOC-034","Goa: Madgaon-Vasco","Corrective Maintenance","Synthetic demo: Traction Substation at LOC-034","Critical","0.2","High","Medium","70","Traction Distribution","2026-09-09 09:00:00","2026-09-22 09:00:00","In Progress",""
"TSK-0404","AST-0202","LOC-034","Goa: Madgaon-Vasco","Inspection","Synthetic demo: Traction Substation at LOC-034","Medium","0.21","High","High","87","Traction Distribution","2026-09-09 12:00:00","2026-09-23 12:00:00","Pending",""
"TSK-0405","AST-0203","LOC-034","Goa: Madgaon-Vasco","Preventive Maintenance","Synthetic demo: Signal at LOC-034","Medium","0.22","Critical","Low","104","Signal & Telecommunication","2026-09-09 15:00:00","2026-09-24 15:00:00","Pending",""
"TSK-0406","AST-0203","LOC-034","Goa: Madgaon-Vasco","Condition Monitoring","Synthetic demo: Signal at LOC-034","Critical","0.23","Critical","Medium","50","Signal & Telecommunication","2026-09-09 18:00:00","2026-09-11 18:00:00","Pending",""
"TSK-0407","AST-0204","LOC-034","Goa: Madgaon-Vasco","Corrective Maintenance","Synthetic demo: Axle Counter at LOC-034","Critical","0.24","Medium","High","67","Signal & Telecommunication","2026-09-09 21:00:00","2026-09-12 21:00:00","Pending",""
"TSK-0408","AST-0204","LOC-034","Goa: Madgaon-Vasco","Inspection","Synthetic demo: Axle Counter at LOC-034","Medium","0.25","Medium","Low","84","Signal & Telecommunication","2026-09-10 00:00:00","2026-09-14 00:00:00","Scheduled",""
"TSK-0409","AST-0205","LOC-035","Goa: Madgaon-Vasco","Preventive Maintenance","Synthetic demo: Track at LOC-035","Medium","0.26","High","Medium","101","Engineering","2026-09-10 03:00:00","2026-09-15 03:00:00","Pending",""
"TSK-0410","AST-0205","LOC-035","Goa: Madgaon-Vasco","Condition Monitoring","Synthetic demo: Track at LOC-035","Critical","0.27","High","High","47","Engineering","2026-09-10 06:00:00","2026-09-16 06:00:00","Pending",""
"TSK-0411","AST-0206","LOC-035","Goa: Madgaon-Vasco","Corrective Maintenance","Synthetic demo: Turnout at LOC-035","Critical","0.28","High","Low","64","Engineering","2026-09-10 09:00:00","2026-09-17 09:00:00","Pending",""
"TSK-0412","AST-0206","LOC-035","Goa: Madgaon-Vasco","Inspection","Synthetic demo: Turnout at LOC-035","Medium","0.29","High","Medium","81","Engineering","2026-09-10 12:00:00","2026-09-18 12:00:00","Pending",""
"TSK-0413","AST-0207","LOC-035","Goa: Madgaon-Vasco","Preventive Maintenance","Synthetic demo: OHE Mast at LOC-035","Medium","0.3","Critical","High","98","Traction Distribution","2026-09-10 15:00:00","2026-09-19 15:00:00","Pending",""
"TSK-0414","AST-0207","LOC-035","Goa: Madgaon-Vasco","Condition Monitoring","Synthetic demo: OHE Mast at LOC-035","Critical","0.31","Critical","Low","44","Traction Distribution","2026-09-10 18:00:00","2026-09-20 18:00:00","Pending",""
"TSK-0415","AST-0208","LOC-035","Goa: Madgaon-Vasco","Corrective Maintenance","Synthetic demo: Traction Substation at LOC-035","Critical","0.32","Medium","Medium","61","Traction Distribution","2026-09-10 21:00:00","2026-09-21 21:00:00","Pending",""
"TSK-0416","AST-0208","LOC-035","Goa: Madgaon-Vasco","Inspection","Synthetic demo: Traction Substation at LOC-035","Medium","0.33","Medium","High","78","Traction Distribution","2026-09-11 00:00:00","2026-09-23 00:00:00","In Progress",""
"TSK-0417","AST-0209","LOC-035","Goa: Madgaon-Vasco","Preventive Maintenance","Synthetic demo: Signal at LOC-035","Medium","0.34","High","Low","95","Signal & Telecommunication","2026-09-11 03:00:00","2026-09-24 03:00:00","Pending",""
"TSK-0418","AST-0209","LOC-035","Goa: Madgaon-Vasco","Condition Monitoring","Synthetic demo: Signal at LOC-035","Critical","0.35","High","Medium","41","Signal & Telecommunication","2026-09-11 06:00:00","2026-09-25 06:00:00","Pending",""
"TSK-0419","AST-0210","LOC-035","Goa: Madgaon-Vasco","Corrective Maintenance","Synthetic demo: Axle Counter at LOC-035","Critical","0.36","High","High","58","Signal & Telecommunication","2026-09-11 09:00:00","2026-09-26 09:00:00","Pending",""
"TSK-0420","AST-0210","LOC-035","Goa: Madgaon-Vasco","Inspection","Synthetic demo: Axle Counter at LOC-035","Medium","0.37","High","Low","75","Signal & Telecommunication","2026-09-11 12:00:00","2026-09-13 12:00:00","Pending",""
"TSK-0421","AST-0211","LOC-036","Goa: Madgaon-Vasco","Preventive Maintenance","Synthetic demo: Track at LOC-036","Medium","0.38","Critical","Medium","92","Engineering","2026-09-11 15:00:00","2026-09-14 15:00:00","Pending",""
"TSK-0422","AST-0211","LOC-036","Goa: Madgaon-Vasco","Condition Monitoring","Synthetic demo: Track at LOC-036","Critical","0.39","Critical","High","38","Engineering","2026-09-11 18:00:00","2026-09-15 18:00:00","Pending",""
"TSK-0423","AST-0212","LOC-036","Goa: Madgaon-Vasco","Corrective Maintenance","Synthetic demo: Turnout at LOC-036","Critical","0.4","Medium","Low","55","Engineering","2026-09-11 21:00:00","2026-09-16 21:00:00","Pending",""
"TSK-0424","AST-0212","LOC-036","Goa: Madgaon-Vasco","Inspection","Synthetic demo: Turnout at LOC-036","Medium","0.41","Medium","Medium","72","Engineering","2026-09-12 00:00:00","2026-09-18 00:00:00","Pending",""
"TSK-0425","AST-0213","LOC-036","Goa: Madgaon-Vasco","Preventive Maintenance","Synthetic demo: OHE Mast at LOC-036","Medium","0.42","High","High","89","Traction Distribution","2026-09-12 03:00:00","2026-09-19 03:00:00","Scheduled",""
"TSK-0426","AST-0213","LOC-036","Goa: Madgaon-Vasco","Condition Monitoring","Synthetic demo: OHE Mast at LOC-036","Critical","0.43","High","Low","35","Traction Distribution","2026-09-12 06:00:00","2026-09-20 06:00:00","Pending",""
"TSK-0427","AST-0214","LOC-036","Goa: Madgaon-Vasco","Corrective Maintenance","Synthetic demo: Traction Substation at LOC-036","Critical","0.44","High","Medium","52","Traction Distribution","2026-09-12 09:00:00","2026-09-21 09:00:00","Pending",""
"TSK-0428","AST-0214","LOC-036","Goa: Madgaon-Vasco","Inspection","Synthetic demo: Traction Substation at LOC-036","Medium","0.45","High","High","69","Traction Distribution","2026-09-12 12:00:00","2026-09-22 12:00:00","Pending",""
"TSK-0429","AST-0215","LOC-036","Goa: Madgaon-Vasco","Preventive Maintenance","Synthetic demo: Signal at LOC-036","Medium","0.46","Critical","Low","86","Signal & Telecommunication","2026-09-12 15:00:00","2026-09-23 15:00:00","In Progress",""
"TSK-0430","AST-0215","LOC-036","Goa: Madgaon-Vasco","Condition Monitoring","Synthetic demo: Signal at LOC-036","Critical","0.47","Critical","Medium","103","Signal & Telecommunication","2026-09-12 18:00:00","2026-09-24 18:00:00","Pending",""
"TSK-0431","AST-0216","LOC-036","Goa: Madgaon-Vasco","Corrective Maintenance","Synthetic demo: Axle Counter at LOC-036","Critical","0.48","Medium","High","49","Signal & Telecommunication","2026-09-12 21:00:00","2026-09-25 21:00:00","Pending",""
"TSK-0432","AST-0216","LOC-036","Goa: Madgaon-Vasco","Inspection","Synthetic demo: Axle Counter at LOC-036","Medium","0.49","Medium","Low","66","Signal & Telecommunication","2026-09-13 00:00:00","2026-09-27 00:00:00","Pending",""
"TSK-0433","AST-0217","LOC-037","Gujarat: Ahmedabad-Vadodara","Preventive Maintenance","Synthetic demo: Track at LOC-037","Medium","0.5","High","Medium","83","Engineering","2026-09-13 03:00:00","2026-09-28 03:00:00","Pending",""
"TSK-0434","AST-0217","LOC-037","Gujarat: Ahmedabad-Vadodara","Condition Monitoring","Synthetic demo: Track at LOC-037","Critical","0.51","High","High","100","Engineering","2026-09-13 06:00:00","2026-09-15 06:00:00","Pending",""
"TSK-0435","AST-0218","LOC-037","Gujarat: Ahmedabad-Vadodara","Corrective Maintenance","Synthetic demo: Turnout at LOC-037","Critical","0.52","High","Low","46","Engineering","2026-09-13 09:00:00","2026-09-16 09:00:00","Pending",""
"TSK-0436","AST-0218","LOC-037","Gujarat: Ahmedabad-Vadodara","Inspection","Synthetic demo: Turnout at LOC-037","Medium","0.53","High","Medium","63","Engineering","2026-09-13 12:00:00","2026-09-17 12:00:00","Pending",""
"TSK-0437","AST-0219","LOC-037","Gujarat: Ahmedabad-Vadodara","Preventive Maintenance","Synthetic demo: OHE Mast at LOC-037","Medium","0.54","Critical","High","80","Traction Distribution","2026-09-13 15:00:00","2026-09-18 15:00:00","Pending",""
"TSK-0438","AST-0219","LOC-037","Gujarat: Ahmedabad-Vadodara","Condition Monitoring","Synthetic demo: OHE Mast at LOC-037","Critical","0.55","Critical","Low","97","Traction Distribution","2026-09-13 18:00:00","2026-09-19 18:00:00","Pending",""
"TSK-0439","AST-0220","LOC-037","Gujarat: Ahmedabad-Vadodara","Corrective Maintenance","Synthetic demo: Traction Substation at LOC-037","Critical","0.56","Medium","Medium","43","Traction Distribution","2026-09-13 21:00:00","2026-09-20 21:00:00","Pending",""
"TSK-0440","AST-0220","LOC-037","Gujarat: Ahmedabad-Vadodara","Inspection","Synthetic demo: Traction Substation at LOC-037","Medium","0.57","Medium","High","60","Traction Distribution","2026-09-14 00:00:00","2026-09-22 00:00:00","Pending",""
"TSK-0441","AST-0221","LOC-037","Gujarat: Ahmedabad-Vadodara","Preventive Maintenance","Synthetic demo: Signal at LOC-037","Medium","0.58","High","Low","77","Signal & Telecommunication","2026-09-14 03:00:00","2026-09-23 03:00:00","Pending",""
"TSK-0442","AST-0221","LOC-037","Gujarat: Ahmedabad-Vadodara","Condition Monitoring","Synthetic demo: Signal at LOC-037","Critical","0.59","High","Medium","94","Signal & Telecommunication","2026-09-14 06:00:00","2026-09-24 06:00:00","In Progress",""
"TSK-0443","AST-0222","LOC-037","Gujarat: Ahmedabad-Vadodara","Corrective Maintenance","Synthetic demo: Axle Counter at LOC-037","Critical","0.6","High","High","40","Signal & Telecommunication","2026-09-14 09:00:00","2026-09-25 09:00:00","Pending",""
"TSK-0444","AST-0222","LOC-037","Gujarat: Ahmedabad-Vadodara","Inspection","Synthetic demo: Axle Counter at LOC-037","Medium","0.61","High","Low","57","Signal & Telecommunication","2026-09-14 12:00:00","2026-09-26 12:00:00","Pending",""
"TSK-0445","AST-0223","LOC-038","Gujarat: Ahmedabad-Vadodara","Preventive Maintenance","Synthetic demo: Track at LOC-038","Medium","0.62","Critical","Medium","74","Engineering","2026-09-14 15:00:00","2026-09-27 15:00:00","Pending",""
"TSK-0446","AST-0223","LOC-038","Gujarat: Ahmedabad-Vadodara","Condition Monitoring","Synthetic demo: Track at LOC-038","Critical","0.63","Critical","High","91","Engineering","2026-09-14 18:00:00","2026-09-28 18:00:00","Pending",""
"TSK-0447","AST-0224","LOC-038","Gujarat: Ahmedabad-Vadodara","Corrective Maintenance","Synthetic demo: Turnout at LOC-038","Critical","0.64","Medium","Low","37","Engineering","2026-09-14 21:00:00","2026-09-29 21:00:00","Pending",""
"TSK-0448","AST-0224","LOC-038","Gujarat: Ahmedabad-Vadodara","Inspection","Synthetic demo: Turnout at LOC-038","Medium","0.65","Medium","Medium","54","Engineering","2026-09-15 00:00:00","2026-09-17 00:00:00","Pending",""
"TSK-0449","AST-0225","LOC-038","Gujarat: Ahmedabad-Vadodara","Preventive Maintenance","Synthetic demo: OHE Mast at LOC-038","Medium","0.66","High","High","71","Traction Distribution","2026-09-15 03:00:00","2026-09-18 03:00:00","Pending",""
"TSK-0450","AST-0225","LOC-038","Gujarat: Ahmedabad-Vadodara","Condition Monitoring","Synthetic demo: OHE Mast at LOC-038","Critical","0.67","High","Low","88","Traction Distribution","2026-09-15 06:00:00","2026-09-19 06:00:00","Pending",""
"TSK-0451","AST-0226","LOC-038","Gujarat: Ahmedabad-Vadodara","Corrective Maintenance","Synthetic demo: Traction Substation at LOC-038","Critical","0.68","High","Medium","105","Traction Distribution","2026-09-15 09:00:00","2026-09-20 09:00:00","Pending",""
"TSK-0452","AST-0226","LOC-038","Gujarat: Ahmedabad-Vadodara","Inspection","Synthetic demo: Traction Substation at LOC-038","Medium","0.69","High","High","51","Traction Distribution","2026-09-15 12:00:00","2026-09-21 12:00:00","Pending",""
"TSK-0453","AST-0227","LOC-038","Gujarat: Ahmedabad-Vadodara","Preventive Maintenance","Synthetic demo: Signal at LOC-038","Medium","0.7","Critical","Low","68","Signal & Telecommunication","2026-09-15 15:00:00","2026-09-22 15:00:00","Pending",""
"TSK-0454","AST-0227","LOC-038","Gujarat: Ahmedabad-Vadodara","Condition Monitoring","Synthetic demo: Signal at LOC-038","Critical","0.71","Critical","Medium","85","Signal & Telecommunication","2026-09-15 18:00:00","2026-09-23 18:00:00","Pending",""
"TSK-0455","AST-0228","LOC-038","Gujarat: Ahmedabad-Vadodara","Corrective Maintenance","Synthetic demo: Axle Counter at LOC-038","Critical","0.72","Medium","High","102","Signal & Telecommunication","2026-09-15 21:00:00","2026-09-24 21:00:00","In Progress",""
"TSK-0456","AST-0228","LOC-038","Gujarat: Ahmedabad-Vadodara","Inspection","Synthetic demo: Axle Counter at LOC-038","Medium","0.73","Medium","Low","48","Signal & Telecommunication","2026-09-16 00:00:00","2026-09-26 00:00:00","Pending",""
"TSK-0457","AST-0229","LOC-039","Gujarat: Ahmedabad-Vadodara","Preventive Maintenance","Synthetic demo: Track at LOC-039","Medium","0.74","High","Medium","65","Engineering","2026-09-16 03:00:00","2026-09-27 03:00:00","Pending",""
"TSK-0458","AST-0229","LOC-039","Gujarat: Ahmedabad-Vadodara","Condition Monitoring","Synthetic demo: Track at LOC-039","Critical","0.75","High","High","82","Engineering","2026-09-16 06:00:00","2026-09-28 06:00:00","Pending",""
"TSK-0459","AST-0230","LOC-039","Gujarat: Ahmedabad-Vadodara","Corrective Maintenance","Synthetic demo: Turnout at LOC-039","Critical","0.76","High","Low","99","Engineering","2026-09-16 09:00:00","2026-09-29 09:00:00","Scheduled",""
"TSK-0460","AST-0230","LOC-039","Gujarat: Ahmedabad-Vadodara","Inspection","Synthetic demo: Turnout at LOC-039","Medium","0.77","High","Medium","45","Engineering","2026-09-16 12:00:00","2026-09-30 12:00:00","Pending",""
"TSK-0461","AST-0231","LOC-039","Gujarat: Ahmedabad-Vadodara","Preventive Maintenance","Synthetic demo: OHE Mast at LOC-039","Medium","0.78","Critical","High","62","Traction Distribution","2026-09-16 15:00:00","2026-10-01 15:00:00","Pending",""
"TSK-0462","AST-0231","LOC-039","Gujarat: Ahmedabad-Vadodara","Condition Monitoring","Synthetic demo: OHE Mast at LOC-039","Critical","0.79","Critical","Low","79","Traction Distribution","2026-09-16 18:00:00","2026-09-18 18:00:00","Pending",""
"TSK-0463","AST-0232","LOC-039","Gujarat: Ahmedabad-Vadodara","Corrective Maintenance","Synthetic demo: Traction Substation at LOC-039","Critical","0.8","Medium","Medium","96","Traction Distribution","2026-09-16 21:00:00","2026-09-19 21:00:00","Pending",""
"TSK-0464","AST-0232","LOC-039","Gujarat: Ahmedabad-Vadodara","Inspection","Synthetic demo: Traction Substation at LOC-039","Medium","0.81","Medium","High","42","Traction Distribution","2026-09-17 00:00:00","2026-09-21 00:00:00","Pending",""
"TSK-0465","AST-0233","LOC-039","Gujarat: Ahmedabad-Vadodara","Preventive Maintenance","Synthetic demo: Signal at LOC-039","Medium","0.82","High","Low","59","Signal & Telecommunication","2026-09-17 03:00:00","2026-09-22 03:00:00","Pending",""
"TSK-0466","AST-0233","LOC-039","Gujarat: Ahmedabad-Vadodara","Condition Monitoring","Synthetic demo: Signal at LOC-039","Critical","0.83","High","Medium","76","Signal & Telecommunication","2026-09-17 06:00:00","2026-09-23 06:00:00","Pending",""
"TSK-0467","AST-0234","LOC-039","Gujarat: Ahmedabad-Vadodara","Corrective Maintenance","Synthetic demo: Axle Counter at LOC-039","Critical","0.84","High","High","93","Signal & Telecommunication","2026-09-17 09:00:00","2026-09-24 09:00:00","Pending",""
"TSK-0468","AST-0234","LOC-039","Gujarat: Ahmedabad-Vadodara","Inspection","Synthetic demo: Axle Counter at LOC-039","Medium","0.85","High","Low","39","Signal & Telecommunication","2026-09-17 12:00:00","2026-09-25 12:00:00","In Progress",""
"TSK-0469","AST-0235","LOC-040","Gujarat: Ahmedabad-Vadodara","Preventive Maintenance","Synthetic demo: Track at LOC-040","Medium","0.86","Critical","Medium","56","Engineering","2026-09-17 15:00:00","2026-09-26 15:00:00","Pending",""
"TSK-0470","AST-0235","LOC-040","Gujarat: Ahmedabad-Vadodara","Condition Monitoring","Synthetic demo: Track at LOC-040","Critical","0.87","Critical","High","73","Engineering","2026-09-17 18:00:00","2026-09-27 18:00:00","Pending",""
"TSK-0471","AST-0236","LOC-040","Gujarat: Ahmedabad-Vadodara","Corrective Maintenance","Synthetic demo: Turnout at LOC-040","Critical","0.88","Medium","Low","90","Engineering","2026-09-17 21:00:00","2026-09-28 21:00:00","Pending",""
"TSK-0472","AST-0236","LOC-040","Gujarat: Ahmedabad-Vadodara","Inspection","Synthetic demo: Turnout at LOC-040","Medium","0.89","Medium","Medium","36","Engineering","2026-09-18 00:00:00","2026-09-30 00:00:00","Pending",""
"TSK-0473","AST-0237","LOC-040","Gujarat: Ahmedabad-Vadodara","Preventive Maintenance","Synthetic demo: OHE Mast at LOC-040","Medium","0.9","High","High","53","Traction Distribution","2026-09-18 03:00:00","2026-10-01 03:00:00","Pending",""
"TSK-0474","AST-0237","LOC-040","Gujarat: Ahmedabad-Vadodara","Condition Monitoring","Synthetic demo: OHE Mast at LOC-040","Critical","0.12","High","Low","70","Traction Distribution","2026-09-18 06:00:00","2026-10-02 06:00:00","Pending",""
"TSK-0475","AST-0238","LOC-040","Gujarat: Ahmedabad-Vadodara","Corrective Maintenance","Synthetic demo: Traction Substation at LOC-040","Critical","0.13","High","Medium","87","Traction Distribution","2026-09-18 09:00:00","2026-10-03 09:00:00","Pending",""
"TSK-0476","AST-0238","LOC-040","Gujarat: Ahmedabad-Vadodara","Inspection","Synthetic demo: Traction Substation at LOC-040","Medium","0.14","High","High","104","Traction Distribution","2026-09-18 12:00:00","2026-09-20 12:00:00","Scheduled",""
"TSK-0477","AST-0239","LOC-040","Gujarat: Ahmedabad-Vadodara","Preventive Maintenance","Synthetic demo: Signal at LOC-040","Medium","0.15","Critical","Low","50","Signal & Telecommunication","2026-09-18 15:00:00","2026-09-21 15:00:00","Pending",""
"TSK-0478","AST-0239","LOC-040","Gujarat: Ahmedabad-Vadodara","Condition Monitoring","Synthetic demo: Signal at LOC-040","Critical","0.16","Critical","Medium","67","Signal & Telecommunication","2026-09-18 18:00:00","2026-09-22 18:00:00","Pending",""
"TSK-0479","AST-0240","LOC-040","Gujarat: Ahmedabad-Vadodara","Corrective Maintenance","Synthetic demo: Axle Counter at LOC-040","Critical","0.17","Medium","High","84","Signal & Telecommunication","2026-09-18 21:00:00","2026-09-23 21:00:00","Pending",""
"TSK-0480","AST-0240","LOC-040","Gujarat: Ahmedabad-Vadodara","Inspection","Synthetic demo: Axle Counter at LOC-040","Medium","0.18","Medium","Low","101","Signal & Telecommunication","2026-09-19 00:00:00","2026-09-25 00:00:00","Pending",""
"TSK-0481","AST-0241","LOC-041","Gujarat: Ahmedabad-Vadodara","Preventive Maintenance","Synthetic demo: Track at LOC-041","Medium","0.19","High","Medium","47","Engineering","2026-09-19 03:00:00","2026-09-26 03:00:00","In Progress",""
"TSK-0482","AST-0241","LOC-041","Gujarat: Ahmedabad-Vadodara","Condition Monitoring","Synthetic demo: Track at LOC-041","Critical","0.2","High","High","64","Engineering","2026-09-19 06:00:00","2026-09-27 06:00:00","Pending",""
"TSK-0483","AST-0242","LOC-041","Gujarat: Ahmedabad-Vadodara","Corrective Maintenance","Synthetic demo: Turnout at LOC-041","Critical","0.21","High","Low","81","Engineering","2026-09-19 09:00:00","2026-09-28 09:00:00","Pending",""
"TSK-0484","AST-0242","LOC-041","Gujarat: Ahmedabad-Vadodara","Inspection","Synthetic demo: Turnout at LOC-041","Medium","0.22","High","Medium","98","Engineering","2026-09-19 12:00:00","2026-09-29 12:00:00","Pending",""
"TSK-0485","AST-0243","LOC-041","Gujarat: Ahmedabad-Vadodara","Preventive Maintenance","Synthetic demo: OHE Mast at LOC-041","Medium","0.23","Critical","High","44","Traction Distribution","2026-09-19 15:00:00","2026-09-30 15:00:00","Pending",""
"TSK-0486","AST-0243","LOC-041","Gujarat: Ahmedabad-Vadodara","Condition Monitoring","Synthetic demo: OHE Mast at LOC-041","Critical","0.24","Critical","Low","61","Traction Distribution","2026-09-19 18:00:00","2026-10-01 18:00:00","Pending",""
"TSK-0487","AST-0244","LOC-041","Gujarat: Ahmedabad-Vadodara","Corrective Maintenance","Synthetic demo: Traction Substation at LOC-041","Critical","0.25","Medium","Medium","78","Traction Distribution","2026-09-19 21:00:00","2026-10-02 21:00:00","Pending",""
"TSK-0488","AST-0244","LOC-041","Gujarat: Ahmedabad-Vadodara","Inspection","Synthetic demo: Traction Substation at LOC-041","Medium","0.26","Medium","High","95","Traction Distribution","2026-09-20 00:00:00","2026-10-04 00:00:00","Pending",""
"TSK-0489","AST-0245","LOC-041","Gujarat: Ahmedabad-Vadodara","Preventive Maintenance","Synthetic demo: Signal at LOC-041","Medium","0.27","High","Low","41","Signal & Telecommunication","2026-09-20 03:00:00","2026-10-05 03:00:00","Pending",""
"TSK-0490","AST-0245","LOC-041","Gujarat: Ahmedabad-Vadodara","Condition Monitoring","Synthetic demo: Signal at LOC-041","Critical","0.28","High","Medium","58","Signal & Telecommunication","2026-09-20 06:00:00","2026-09-22 06:00:00","Pending",""
"TSK-0491","AST-0246","LOC-041","Gujarat: Ahmedabad-Vadodara","Corrective Maintenance","Synthetic demo: Axle Counter at LOC-041","Critical","0.29","High","High","75","Signal & Telecommunication","2026-09-20 09:00:00","2026-09-23 09:00:00","Pending",""
"TSK-0492","AST-0246","LOC-041","Gujarat: Ahmedabad-Vadodara","Inspection","Synthetic demo: Axle Counter at LOC-041","Medium","0.3","High","Low","92","Signal & Telecommunication","2026-09-20 12:00:00","2026-09-24 12:00:00","Pending",""
"TSK-0493","AST-0247","LOC-042","Gujarat: Ahmedabad-Vadodara","Preventive Maintenance","Synthetic demo: Track at LOC-042","Medium","0.31","Critical","Medium","38","Engineering","2026-09-20 15:00:00","2026-09-25 15:00:00","Scheduled",""
"TSK-0494","AST-0247","LOC-042","Gujarat: Ahmedabad-Vadodara","Condition Monitoring","Synthetic demo: Track at LOC-042","Critical","0.32","Critical","High","55","Engineering","2026-09-20 18:00:00","2026-09-26 18:00:00","In Progress",""
"TSK-0495","AST-0248","LOC-042","Gujarat: Ahmedabad-Vadodara","Corrective Maintenance","Synthetic demo: Turnout at LOC-042","Critical","0.33","Medium","Low","72","Engineering","2026-09-20 21:00:00","2026-09-27 21:00:00","Pending",""
"TSK-0496","AST-0248","LOC-042","Gujarat: Ahmedabad-Vadodara","Inspection","Synthetic demo: Turnout at LOC-042","Medium","0.34","Medium","Medium","89","Engineering","2026-09-21 00:00:00","2026-09-29 00:00:00","Pending",""
"TSK-0497","AST-0249","LOC-042","Gujarat: Ahmedabad-Vadodara","Preventive Maintenance","Synthetic demo: OHE Mast at LOC-042","Medium","0.35","High","High","35","Traction Distribution","2026-09-21 03:00:00","2026-09-30 03:00:00","Pending",""
"TSK-0498","AST-0249","LOC-042","Gujarat: Ahmedabad-Vadodara","Condition Monitoring","Synthetic demo: OHE Mast at LOC-042","Critical","0.36","High","Low","52","Traction Distribution","2026-09-21 06:00:00","2026-10-01 06:00:00","Pending",""
"TSK-0499","AST-0250","LOC-042","Gujarat: Ahmedabad-Vadodara","Corrective Maintenance","Synthetic demo: Traction Substation at LOC-042","Critical","0.37","High","Medium","69","Traction Distribution","2026-09-21 09:00:00","2026-10-02 09:00:00","Pending",""
"TSK-0500","AST-0250","LOC-042","Gujarat: Ahmedabad-Vadodara","Inspection","Synthetic demo: Traction Substation at LOC-042","Medium","0.38","High","High","86","Traction Distribution","2026-09-21 12:00:00","2026-10-03 12:00:00","Pending",""
"TSK-0501","AST-0251","LOC-042","Gujarat: Ahmedabad-Vadodara","Preventive Maintenance","Synthetic demo: Signal at LOC-042","Medium","0.39","Critical","Low","103","Signal & Telecommunication","2026-09-21 15:00:00","2026-10-04 15:00:00","Pending",""
"TSK-0502","AST-0251","LOC-042","Gujarat: Ahmedabad-Vadodara","Condition Monitoring","Synthetic demo: Signal at LOC-042","Critical","0.4","Critical","Medium","49","Signal & Telecommunication","2026-09-21 18:00:00","2026-10-05 18:00:00","Pending",""
"TSK-0503","AST-0252","LOC-042","Gujarat: Ahmedabad-Vadodara","Corrective Maintenance","Synthetic demo: Axle Counter at LOC-042","Critical","0.41","Medium","High","66","Signal & Telecommunication","2026-09-21 21:00:00","2026-10-06 21:00:00","Pending",""
"TSK-0504","AST-0252","LOC-042","Gujarat: Ahmedabad-Vadodara","Inspection","Synthetic demo: Axle Counter at LOC-042","Medium","0.42","Medium","Low","83","Signal & Telecommunication","2026-09-01 00:00:00","2026-09-03 00:00:00","Pending",""
"TSK-0505","AST-0253","LOC-043","Haryana: Ambala-Faridabad","Preventive Maintenance","Synthetic demo: Track at LOC-043","Medium","0.43","High","Medium","100","Engineering","2026-09-01 03:00:00","2026-09-04 03:00:00","Pending",""
"TSK-0506","AST-0253","LOC-043","Haryana: Ambala-Faridabad","Condition Monitoring","Synthetic demo: Track at LOC-043","Critical","0.44","High","High","46","Engineering","2026-09-01 06:00:00","2026-09-05 06:00:00","Pending",""
"TSK-0507","AST-0254","LOC-043","Haryana: Ambala-Faridabad","Corrective Maintenance","Synthetic demo: Turnout at LOC-043","Critical","0.45","High","Low","63","Engineering","2026-09-01 09:00:00","2026-09-06 09:00:00","In Progress",""
"TSK-0508","AST-0254","LOC-043","Haryana: Ambala-Faridabad","Inspection","Synthetic demo: Turnout at LOC-043","Medium","0.46","High","Medium","80","Engineering","2026-09-01 12:00:00","2026-09-07 12:00:00","Pending",""
"TSK-0509","AST-0255","LOC-043","Haryana: Ambala-Faridabad","Preventive Maintenance","Synthetic demo: OHE Mast at LOC-043","Medium","0.47","Critical","High","97","Traction Distribution","2026-09-01 15:00:00","2026-09-08 15:00:00","Pending",""
"TSK-0510","AST-0255","LOC-043","Haryana: Ambala-Faridabad","Condition Monitoring","Synthetic demo: OHE Mast at LOC-043","Critical","0.48","Critical","Low","43","Traction Distribution","2026-09-01 18:00:00","2026-09-09 18:00:00","Scheduled",""
"TSK-0511","AST-0256","LOC-043","Haryana: Ambala-Faridabad","Corrective Maintenance","Synthetic demo: Traction Substation at LOC-043","Critical","0.49","Medium","Medium","60","Traction Distribution","2026-09-01 21:00:00","2026-09-10 21:00:00","Pending",""
"TSK-0512","AST-0256","LOC-043","Haryana: Ambala-Faridabad","Inspection","Synthetic demo: Traction Substation at LOC-043","Medium","0.5","Medium","High","77","Traction Distribution","2026-09-02 00:00:00","2026-09-12 00:00:00","Pending",""
"TSK-0513","AST-0257","LOC-043","Haryana: Ambala-Faridabad","Preventive Maintenance","Synthetic demo: Signal at LOC-043","Medium","0.51","High","Low","94","Signal & Telecommunication","2026-09-02 03:00:00","2026-09-13 03:00:00","Pending",""
"TSK-0514","AST-0257","LOC-043","Haryana: Ambala-Faridabad","Condition Monitoring","Synthetic demo: Signal at LOC-043","Critical","0.52","High","Medium","40","Signal & Telecommunication","2026-09-02 06:00:00","2026-09-14 06:00:00","Pending",""
"TSK-0515","AST-0258","LOC-043","Haryana: Ambala-Faridabad","Corrective Maintenance","Synthetic demo: Axle Counter at LOC-043","Critical","0.53","High","High","57","Signal & Telecommunication","2026-09-02 09:00:00","2026-09-15 09:00:00","Pending",""
"TSK-0516","AST-0258","LOC-043","Haryana: Ambala-Faridabad","Inspection","Synthetic demo: Axle Counter at LOC-043","Medium","0.54","High","Low","74","Signal & Telecommunication","2026-09-02 12:00:00","2026-09-16 12:00:00","Pending",""
"TSK-0517","AST-0259","LOC-044","Haryana: Ambala-Faridabad","Preventive Maintenance","Synthetic demo: Track at LOC-044","Medium","0.55","Critical","Medium","91","Engineering","2026-09-02 15:00:00","2026-09-17 15:00:00","Pending",""
"TSK-0518","AST-0259","LOC-044","Haryana: Ambala-Faridabad","Condition Monitoring","Synthetic demo: Track at LOC-044","Critical","0.56","Critical","High","37","Engineering","2026-09-02 18:00:00","2026-09-04 18:00:00","Pending",""
"TSK-0519","AST-0260","LOC-044","Haryana: Ambala-Faridabad","Corrective Maintenance","Synthetic demo: Turnout at LOC-044","Critical","0.57","Medium","Low","54","Engineering","2026-09-02 21:00:00","2026-09-05 21:00:00","Pending",""
"TSK-0520","AST-0260","LOC-044","Haryana: Ambala-Faridabad","Inspection","Synthetic demo: Turnout at LOC-044","Medium","0.58","Medium","Medium","71","Engineering","2026-09-03 00:00:00","2026-09-07 00:00:00","In Progress",""
"TSK-0521","AST-0261","LOC-044","Haryana: Ambala-Faridabad","Preventive Maintenance","Synthetic demo: OHE Mast at LOC-044","Medium","0.59","High","High","88","Traction Distribution","2026-09-03 03:00:00","2026-09-08 03:00:00","Pending",""
"TSK-0522","AST-0261","LOC-044","Haryana: Ambala-Faridabad","Condition Monitoring","Synthetic demo: OHE Mast at LOC-044","Critical","0.6","High","Low","105","Traction Distribution","2026-09-03 06:00:00","2026-09-09 06:00:00","Pending",""
"TSK-0523","AST-0262","LOC-044","Haryana: Ambala-Faridabad","Corrective Maintenance","Synthetic demo: Traction Substation at LOC-044","Critical","0.61","High","Medium","51","Traction Distribution","2026-09-03 09:00:00","2026-09-10 09:00:00","Pending",""
"TSK-0524","AST-0262","LOC-044","Haryana: Ambala-Faridabad","Inspection","Synthetic demo: Traction Substation at LOC-044","Medium","0.62","High","High","68","Traction Distribution","2026-09-03 12:00:00","2026-09-11 12:00:00","Pending",""
"TSK-0525","AST-0263","LOC-044","Haryana: Ambala-Faridabad","Preventive Maintenance","Synthetic demo: Signal at LOC-044","Medium","0.63","Critical","Low","85","Signal & Telecommunication","2026-09-03 15:00:00","2026-09-12 15:00:00","Pending",""
"TSK-0526","AST-0263","LOC-044","Haryana: Ambala-Faridabad","Condition Monitoring","Synthetic demo: Signal at LOC-044","Critical","0.64","Critical","Medium","102","Signal & Telecommunication","2026-09-03 18:00:00","2026-09-13 18:00:00","Pending",""
"TSK-0527","AST-0264","LOC-044","Haryana: Ambala-Faridabad","Corrective Maintenance","Synthetic demo: Axle Counter at LOC-044","Critical","0.65","Medium","High","48","Signal & Telecommunication","2026-09-03 21:00:00","2026-09-14 21:00:00","Scheduled",""
"TSK-0528","AST-0264","LOC-044","Haryana: Ambala-Faridabad","Inspection","Synthetic demo: Axle Counter at LOC-044","Medium","0.66","Medium","Low","65","Signal & Telecommunication","2026-09-04 00:00:00","2026-09-16 00:00:00","Pending",""
"TSK-0529","AST-0265","LOC-045","Haryana: Ambala-Faridabad","Preventive Maintenance","Synthetic demo: Track at LOC-045","Medium","0.67","High","Medium","82","Engineering","2026-09-04 03:00:00","2026-09-17 03:00:00","Pending",""
"TSK-0530","AST-0265","LOC-045","Haryana: Ambala-Faridabad","Condition Monitoring","Synthetic demo: Track at LOC-045","Critical","0.68","High","High","99","Engineering","2026-09-04 06:00:00","2026-09-18 06:00:00","Pending",""
"TSK-0531","AST-0266","LOC-045","Haryana: Ambala-Faridabad","Corrective Maintenance","Synthetic demo: Turnout at LOC-045","Critical","0.69","High","Low","45","Engineering","2026-09-04 09:00:00","2026-09-19 09:00:00","Pending",""
"TSK-0532","AST-0266","LOC-045","Haryana: Ambala-Faridabad","Inspection","Synthetic demo: Turnout at LOC-045","Medium","0.7","High","Medium","62","Engineering","2026-09-04 12:00:00","2026-09-06 12:00:00","Pending",""
"TSK-0533","AST-0267","LOC-045","Haryana: Ambala-Faridabad","Preventive Maintenance","Synthetic demo: OHE Mast at LOC-045","Medium","0.71","Critical","High","79","Traction Distribution","2026-09-04 15:00:00","2026-09-07 15:00:00","In Progress",""
"TSK-0534","AST-0267","LOC-045","Haryana: Ambala-Faridabad","Condition Monitoring","Synthetic demo: OHE Mast at LOC-045","Critical","0.72","Critical","Low","96","Traction Distribution","2026-09-04 18:00:00","2026-09-08 18:00:00","Pending",""
"TSK-0535","AST-0268","LOC-045","Haryana: Ambala-Faridabad","Corrective Maintenance","Synthetic demo: Traction Substation at LOC-045","Critical","0.73","Medium","Medium","42","Traction Distribution","2026-09-04 21:00:00","2026-09-09 21:00:00","Pending",""
"TSK-0536","AST-0268","LOC-045","Haryana: Ambala-Faridabad","Inspection","Synthetic demo: Traction Substation at LOC-045","Medium","0.74","Medium","High","59","Traction Distribution","2026-09-05 00:00:00","2026-09-11 00:00:00","Pending",""
"TSK-0537","AST-0269","LOC-045","Haryana: Ambala-Faridabad","Preventive Maintenance","Synthetic demo: Signal at LOC-045","Medium","0.75","High","Low","76","Signal & Telecommunication","2026-09-05 03:00:00","2026-09-12 03:00:00","Pending",""
"TSK-0538","AST-0269","LOC-045","Haryana: Ambala-Faridabad","Condition Monitoring","Synthetic demo: Signal at LOC-045","Critical","0.76","High","Medium","93","Signal & Telecommunication","2026-09-05 06:00:00","2026-09-13 06:00:00","Pending",""
"TSK-0539","AST-0270","LOC-045","Haryana: Ambala-Faridabad","Corrective Maintenance","Synthetic demo: Axle Counter at LOC-045","Critical","0.77","High","High","39","Signal & Telecommunication","2026-09-05 09:00:00","2026-09-14 09:00:00","Pending",""
"TSK-0540","AST-0270","LOC-045","Haryana: Ambala-Faridabad","Inspection","Synthetic demo: Axle Counter at LOC-045","Medium","0.78","High","Low","56","Signal & Telecommunication","2026-09-05 12:00:00","2026-09-15 12:00:00","Pending",""
"TSK-0541","AST-0271","LOC-046","Haryana: Ambala-Faridabad","Preventive Maintenance","Synthetic demo: Track at LOC-046","Medium","0.79","Critical","Medium","73","Engineering","2026-09-05 15:00:00","2026-09-16 15:00:00","Pending",""
"TSK-0542","AST-0271","LOC-046","Haryana: Ambala-Faridabad","Condition Monitoring","Synthetic demo: Track at LOC-046","Critical","0.8","Critical","High","90","Engineering","2026-09-05 18:00:00","2026-09-17 18:00:00","Pending",""
"TSK-0543","AST-0272","LOC-046","Haryana: Ambala-Faridabad","Corrective Maintenance","Synthetic demo: Turnout at LOC-046","Critical","0.81","Medium","Low","36","Engineering","2026-09-05 21:00:00","2026-09-18 21:00:00","Pending",""
"TSK-0544","AST-0272","LOC-046","Haryana: Ambala-Faridabad","Inspection","Synthetic demo: Turnout at LOC-046","Medium","0.82","Medium","Medium","53","Engineering","2026-09-06 00:00:00","2026-09-20 00:00:00","Scheduled",""
"TSK-0545","AST-0273","LOC-046","Haryana: Ambala-Faridabad","Preventive Maintenance","Synthetic demo: OHE Mast at LOC-046","Medium","0.83","High","High","70","Traction Distribution","2026-09-06 03:00:00","2026-09-21 03:00:00","Pending",""
"TSK-0546","AST-0273","LOC-046","Haryana: Ambala-Faridabad","Condition Monitoring","Synthetic demo: OHE Mast at LOC-046","Critical","0.84","High","Low","87","Traction Distribution","2026-09-06 06:00:00","2026-09-08 06:00:00","In Progress",""
"TSK-0547","AST-0274","LOC-046","Haryana: Ambala-Faridabad","Corrective Maintenance","Synthetic demo: Traction Substation at LOC-046","Critical","0.85","High","Medium","104","Traction Distribution","2026-09-06 09:00:00","2026-09-09 09:00:00","Pending",""
"TSK-0548","AST-0274","LOC-046","Haryana: Ambala-Faridabad","Inspection","Synthetic demo: Traction Substation at LOC-046","Medium","0.86","High","High","50","Traction Distribution","2026-09-06 12:00:00","2026-09-10 12:00:00","Pending",""
"TSK-0549","AST-0275","LOC-046","Haryana: Ambala-Faridabad","Preventive Maintenance","Synthetic demo: Signal at LOC-046","Medium","0.87","Critical","Low","67","Signal & Telecommunication","2026-09-06 15:00:00","2026-09-11 15:00:00","Pending",""
"TSK-0550","AST-0275","LOC-046","Haryana: Ambala-Faridabad","Condition Monitoring","Synthetic demo: Signal at LOC-046","Critical","0.88","Critical","Medium","84","Signal & Telecommunication","2026-09-06 18:00:00","2026-09-12 18:00:00","Pending",""
"TSK-0551","AST-0276","LOC-046","Haryana: Ambala-Faridabad","Corrective Maintenance","Synthetic demo: Axle Counter at LOC-046","Critical","0.89","Medium","High","101","Signal & Telecommunication","2026-09-06 21:00:00","2026-09-13 21:00:00","Pending",""
"TSK-0552","AST-0276","LOC-046","Haryana: Ambala-Faridabad","Inspection","Synthetic demo: Axle Counter at LOC-046","Medium","0.9","Medium","Low","47","Signal & Telecommunication","2026-09-07 00:00:00","2026-09-15 00:00:00","Pending",""
"TSK-0553","AST-0277","LOC-047","Haryana: Ambala-Faridabad","Preventive Maintenance","Synthetic demo: Track at LOC-047","Medium","0.12","High","Medium","64","Engineering","2026-09-07 03:00:00","2026-09-16 03:00:00","Pending",""
"TSK-0554","AST-0277","LOC-047","Haryana: Ambala-Faridabad","Condition Monitoring","Synthetic demo: Track at LOC-047","Critical","0.13","High","High","81","Engineering","2026-09-07 06:00:00","2026-09-17 06:00:00","Pending",""
"TSK-0555","AST-0278","LOC-047","Haryana: Ambala-Faridabad","Corrective Maintenance","Synthetic demo: Turnout at LOC-047","Critical","0.14","High","Low","98","Engineering","2026-09-07 09:00:00","2026-09-18 09:00:00","Pending",""
"TSK-0556","AST-0278","LOC-047","Haryana: Ambala-Faridabad","Inspection","Synthetic demo: Turnout at LOC-047","Medium","0.15","High","Medium","44","Engineering","2026-09-07 12:00:00","2026-09-19 12:00:00","Pending",""
"TSK-0557","AST-0279","LOC-047","Haryana: Ambala-Faridabad","Preventive Maintenance","Synthetic demo: OHE Mast at LOC-047","Medium","0.16","Critical","High","61","Traction Distribution","2026-09-07 15:00:00","2026-09-20 15:00:00","Pending",""
"TSK-0558","AST-0279","LOC-047","Haryana: Ambala-Faridabad","Condition Monitoring","Synthetic demo: OHE Mast at LOC-047","Critical","0.17","Critical","Low","78","Traction Distribution","2026-09-07 18:00:00","2026-09-21 18:00:00","Pending",""
"TSK-0559","AST-0280","LOC-047","Haryana: Ambala-Faridabad","Corrective Maintenance","Synthetic demo: Traction Substation at LOC-047","Critical","0.18","Medium","Medium","95","Traction Distribution","2026-09-07 21:00:00","2026-09-22 21:00:00","In Progress",""
"TSK-0560","AST-0280","LOC-047","Haryana: Ambala-Faridabad","Inspection","Synthetic demo: Traction Substation at LOC-047","Medium","0.19","Medium","High","41","Traction Distribution","2026-09-08 00:00:00","2026-09-10 00:00:00","Pending",""
"TSK-0561","AST-0281","LOC-047","Haryana: Ambala-Faridabad","Preventive Maintenance","Synthetic demo: Signal at LOC-047","Medium","0.2","High","Low","58","Signal & Telecommunication","2026-09-08 03:00:00","2026-09-11 03:00:00","Scheduled",""
"TSK-0562","AST-0281","LOC-047","Haryana: Ambala-Faridabad","Condition Monitoring","Synthetic demo: Signal at LOC-047","Critical","0.21","High","Medium","75","Signal & Telecommunication","2026-09-08 06:00:00","2026-09-12 06:00:00","Pending",""
"TSK-0563","AST-0282","LOC-047","Haryana: Ambala-Faridabad","Corrective Maintenance","Synthetic demo: Axle Counter at LOC-047","Critical","0.22","High","High","92","Signal & Telecommunication","2026-09-08 09:00:00","2026-09-13 09:00:00","Pending",""
"TSK-0564","AST-0282","LOC-047","Haryana: Ambala-Faridabad","Inspection","Synthetic demo: Axle Counter at LOC-047","Medium","0.23","High","Low","38","Signal & Telecommunication","2026-09-08 12:00:00","2026-09-14 12:00:00","Pending",""
"TSK-0565","AST-0283","LOC-048","Haryana: Ambala-Faridabad","Preventive Maintenance","Synthetic demo: Track at LOC-048","Medium","0.24","Critical","Medium","55","Engineering","2026-09-08 15:00:00","2026-09-15 15:00:00","Pending",""
"TSK-0566","AST-0283","LOC-048","Haryana: Ambala-Faridabad","Condition Monitoring","Synthetic demo: Track at LOC-048","Critical","0.25","Critical","High","72","Engineering","2026-09-08 18:00:00","2026-09-16 18:00:00","Pending",""
"TSK-0567","AST-0284","LOC-048","Haryana: Ambala-Faridabad","Corrective Maintenance","Synthetic demo: Turnout at LOC-048","Critical","0.26","Medium","Low","89","Engineering","2026-09-08 21:00:00","2026-09-17 21:00:00","Pending",""
"TSK-0568","AST-0284","LOC-048","Haryana: Ambala-Faridabad","Inspection","Synthetic demo: Turnout at LOC-048","Medium","0.27","Medium","Medium","35","Engineering","2026-09-09 00:00:00","2026-09-19 00:00:00","Pending",""
"TSK-0569","AST-0285","LOC-048","Haryana: Ambala-Faridabad","Preventive Maintenance","Synthetic demo: OHE Mast at LOC-048","Medium","0.28","High","High","52","Traction Distribution","2026-09-09 03:00:00","2026-09-20 03:00:00","Pending",""
"TSK-0570","AST-0285","LOC-048","Haryana: Ambala-Faridabad","Condition Monitoring","Synthetic demo: OHE Mast at LOC-048","Critical","0.29","High","Low","69","Traction Distribution","2026-09-09 06:00:00","2026-09-21 06:00:00","Pending",""
"TSK-0571","AST-0286","LOC-048","Haryana: Ambala-Faridabad","Corrective Maintenance","Synthetic demo: Traction Substation at LOC-048","Critical","0.3","High","Medium","86","Traction Distribution","2026-09-09 09:00:00","2026-09-22 09:00:00","Pending",""
"TSK-0572","AST-0286","LOC-048","Haryana: Ambala-Faridabad","Inspection","Synthetic demo: Traction Substation at LOC-048","Medium","0.31","High","High","103","Traction Distribution","2026-09-09 12:00:00","2026-09-23 12:00:00","In Progress",""
"TSK-0573","AST-0287","LOC-048","Haryana: Ambala-Faridabad","Preventive Maintenance","Synthetic demo: Signal at LOC-048","Medium","0.32","Critical","Low","49","Signal & Telecommunication","2026-09-09 15:00:00","2026-09-24 15:00:00","Pending",""
"TSK-0574","AST-0287","LOC-048","Haryana: Ambala-Faridabad","Condition Monitoring","Synthetic demo: Signal at LOC-048","Critical","0.33","Critical","Medium","66","Signal & Telecommunication","2026-09-09 18:00:00","2026-09-11 18:00:00","Pending",""
"TSK-0575","AST-0288","LOC-048","Haryana: Ambala-Faridabad","Corrective Maintenance","Synthetic demo: Axle Counter at LOC-048","Critical","0.34","Medium","High","83","Signal & Telecommunication","2026-09-09 21:00:00","2026-09-12 21:00:00","Pending",""
"TSK-0576","AST-0288","LOC-048","Haryana: Ambala-Faridabad","Inspection","Synthetic demo: Axle Counter at LOC-048","Medium","0.35","Medium","Low","100","Signal & Telecommunication","2026-09-10 00:00:00","2026-09-14 00:00:00","Pending",""
"TSK-0577","AST-0289","LOC-049","Himachal Pradesh: Shimla-Kalka","Preventive Maintenance","Synthetic demo: Track at LOC-049","Medium","0.36","High","Medium","46","Engineering","2026-09-10 03:00:00","2026-09-15 03:00:00","Pending",""
"TSK-0578","AST-0289","LOC-049","Himachal Pradesh: Shimla-Kalka","Condition Monitoring","Synthetic demo: Track at LOC-049","Critical","0.37","High","High","63","Engineering","2026-09-10 06:00:00","2026-09-16 06:00:00","Scheduled",""
"TSK-0579","AST-0290","LOC-049","Himachal Pradesh: Shimla-Kalka","Corrective Maintenance","Synthetic demo: Turnout at LOC-049","Critical","0.38","High","Low","80","Engineering","2026-09-10 09:00:00","2026-09-17 09:00:00","Pending",""
"TSK-0580","AST-0290","LOC-049","Himachal Pradesh: Shimla-Kalka","Inspection","Synthetic demo: Turnout at LOC-049","Medium","0.39","High","Medium","97","Engineering","2026-09-10 12:00:00","2026-09-18 12:00:00","Pending",""
"TSK-0581","AST-0291","LOC-049","Himachal Pradesh: Shimla-Kalka","Preventive Maintenance","Synthetic demo: OHE Mast at LOC-049","Medium","0.4","Critical","High","43","Traction Distribution","2026-09-10 15:00:00","2026-09-19 15:00:00","Pending",""
"TSK-0582","AST-0291","LOC-049","Himachal Pradesh: Shimla-Kalka","Condition Monitoring","Synthetic demo: OHE Mast at LOC-049","Critical","0.41","Critical","Low","60","Traction Distribution","2026-09-10 18:00:00","2026-09-20 18:00:00","Pending",""
"TSK-0583","AST-0292","LOC-049","Himachal Pradesh: Shimla-Kalka","Corrective Maintenance","Synthetic demo: Traction Substation at LOC-049","Critical","0.42","Medium","Medium","77","Traction Distribution","2026-09-10 21:00:00","2026-09-21 21:00:00","Pending",""
"TSK-0584","AST-0292","LOC-049","Himachal Pradesh: Shimla-Kalka","Inspection","Synthetic demo: Traction Substation at LOC-049","Medium","0.43","Medium","High","94","Traction Distribution","2026-09-11 00:00:00","2026-09-23 00:00:00","Pending",""
"TSK-0585","AST-0293","LOC-049","Himachal Pradesh: Shimla-Kalka","Preventive Maintenance","Synthetic demo: Signal at LOC-049","Medium","0.44","High","Low","40","Signal & Telecommunication","2026-09-11 03:00:00","2026-09-24 03:00:00","In Progress",""
"TSK-0586","AST-0293","LOC-049","Himachal Pradesh: Shimla-Kalka","Condition Monitoring","Synthetic demo: Signal at LOC-049","Critical","0.45","High","Medium","57","Signal & Telecommunication","2026-09-11 06:00:00","2026-09-25 06:00:00","Pending",""
"TSK-0587","AST-0294","LOC-049","Himachal Pradesh: Shimla-Kalka","Corrective Maintenance","Synthetic demo: Axle Counter at LOC-049","Critical","0.46","High","High","74","Signal & Telecommunication","2026-09-11 09:00:00","2026-09-26 09:00:00","Pending",""
"TSK-0588","AST-0294","LOC-049","Himachal Pradesh: Shimla-Kalka","Inspection","Synthetic demo: Axle Counter at LOC-049","Medium","0.47","High","Low","91","Signal & Telecommunication","2026-09-11 12:00:00","2026-09-13 12:00:00","Pending",""
"TSK-0589","AST-0295","LOC-050","Himachal Pradesh: Shimla-Kalka","Preventive Maintenance","Synthetic demo: Track at LOC-050","Medium","0.48","Critical","Medium","37","Engineering","2026-09-11 15:00:00","2026-09-14 15:00:00","Pending",""
"TSK-0590","AST-0295","LOC-050","Himachal Pradesh: Shimla-Kalka","Condition Monitoring","Synthetic demo: Track at LOC-050","Critical","0.49","Critical","High","54","Engineering","2026-09-11 18:00:00","2026-09-15 18:00:00","Pending",""
"TSK-0591","AST-0296","LOC-050","Himachal Pradesh: Shimla-Kalka","Corrective Maintenance","Synthetic demo: Turnout at LOC-050","Critical","0.5","Medium","Low","71","Engineering","2026-09-11 21:00:00","2026-09-16 21:00:00","Pending",""
"TSK-0592","AST-0296","LOC-050","Himachal Pradesh: Shimla-Kalka","Inspection","Synthetic demo: Turnout at LOC-050","Medium","0.51","Medium","Medium","88","Engineering","2026-09-12 00:00:00","2026-09-18 00:00:00","Pending",""
"TSK-0593","AST-0297","LOC-050","Himachal Pradesh: Shimla-Kalka","Preventive Maintenance","Synthetic demo: OHE Mast at LOC-050","Medium","0.52","High","High","105","Traction Distribution","2026-09-12 03:00:00","2026-09-19 03:00:00","Pending",""
"TSK-0594","AST-0297","LOC-050","Himachal Pradesh: Shimla-Kalka","Condition Monitoring","Synthetic demo: OHE Mast at LOC-050","Critical","0.53","High","Low","51","Traction Distribution","2026-09-12 06:00:00","2026-09-20 06:00:00","Pending",""
"TSK-0595","AST-0298","LOC-050","Himachal Pradesh: Shimla-Kalka","Corrective Maintenance","Synthetic demo: Traction Substation at LOC-050","Critical","0.54","High","Medium","68","Traction Distribution","2026-09-12 09:00:00","2026-09-21 09:00:00","Scheduled",""
"TSK-0596","AST-0298","LOC-050","Himachal Pradesh: Shimla-Kalka","Inspection","Synthetic demo: Traction Substation at LOC-050","Medium","0.55","High","High","85","Traction Distribution","2026-09-12 12:00:00","2026-09-22 12:00:00","Pending",""
"TSK-0597","AST-0299","LOC-050","Himachal Pradesh: Shimla-Kalka","Preventive Maintenance","Synthetic demo: Signal at LOC-050","Medium","0.56","Critical","Low","102","Signal & Telecommunication","2026-09-12 15:00:00","2026-09-23 15:00:00","Pending",""
"TSK-0598","AST-0299","LOC-050","Himachal Pradesh: Shimla-Kalka","Condition Monitoring","Synthetic demo: Signal at LOC-050","Critical","0.57","Critical","Medium","48","Signal & Telecommunication","2026-09-12 18:00:00","2026-09-24 18:00:00","In Progress",""
"TSK-0599","AST-0300","LOC-050","Himachal Pradesh: Shimla-Kalka","Corrective Maintenance","Synthetic demo: Axle Counter at LOC-050","Critical","0.58","Medium","High","65","Signal & Telecommunication","2026-09-12 21:00:00","2026-09-25 21:00:00","Pending",""
"TSK-0600","AST-0300","LOC-050","Himachal Pradesh: Shimla-Kalka","Inspection","Synthetic demo: Axle Counter at LOC-050","Medium","0.59","Medium","Low","82","Signal & Telecommunication","2026-09-13 00:00:00","2026-09-27 00:00:00","Pending",""
"TSK-0601","AST-0301","LOC-051","Himachal Pradesh: Shimla-Kalka","Preventive Maintenance","Synthetic demo: Track at LOC-051","Medium","0.6","High","Medium","99","Engineering","2026-09-13 03:00:00","2026-09-28 03:00:00","Pending",""
"TSK-0602","AST-0301","LOC-051","Himachal Pradesh: Shimla-Kalka","Condition Monitoring","Synthetic demo: Track at LOC-051","Critical","0.61","High","High","45","Engineering","2026-09-13 06:00:00","2026-09-15 06:00:00","Pending",""
"TSK-0603","AST-0302","LOC-051","Himachal Pradesh: Shimla-Kalka","Corrective Maintenance","Synthetic demo: Turnout at LOC-051","Critical","0.62","High","Low","62","Engineering","2026-09-13 09:00:00","2026-09-16 09:00:00","Pending",""
"TSK-0604","AST-0302","LOC-051","Himachal Pradesh: Shimla-Kalka","Inspection","Synthetic demo: Turnout at LOC-051","Medium","0.63","High","Medium","79","Engineering","2026-09-13 12:00:00","2026-09-17 12:00:00","Pending",""
"TSK-0605","AST-0303","LOC-051","Himachal Pradesh: Shimla-Kalka","Preventive Maintenance","Synthetic demo: OHE Mast at LOC-051","Medium","0.64","Critical","High","96","Traction Distribution","2026-09-13 15:00:00","2026-09-18 15:00:00","Pending",""
"TSK-0606","AST-0303","LOC-051","Himachal Pradesh: Shimla-Kalka","Condition Monitoring","Synthetic demo: OHE Mast at LOC-051","Critical","0.65","Critical","Low","42","Traction Distribution","2026-09-13 18:00:00","2026-09-19 18:00:00","Pending",""
"TSK-0607","AST-0304","LOC-051","Himachal Pradesh: Shimla-Kalka","Corrective Maintenance","Synthetic demo: Traction Substation at LOC-051","Critical","0.66","Medium","Medium","59","Traction Distribution","2026-09-13 21:00:00","2026-09-20 21:00:00","Pending",""
"TSK-0608","AST-0304","LOC-051","Himachal Pradesh: Shimla-Kalka","Inspection","Synthetic demo: Traction Substation at LOC-051","Medium","0.67","Medium","High","76","Traction Distribution","2026-09-14 00:00:00","2026-09-22 00:00:00","Pending",""
"TSK-0609","AST-0305","LOC-051","Himachal Pradesh: Shimla-Kalka","Preventive Maintenance","Synthetic demo: Signal at LOC-051","Medium","0.68","High","Low","93","Signal & Telecommunication","2026-09-14 03:00:00","2026-09-23 03:00:00","Pending",""
"TSK-0610","AST-0305","LOC-051","Himachal Pradesh: Shimla-Kalka","Condition Monitoring","Synthetic demo: Signal at LOC-051","Critical","0.69","High","Medium","39","Signal & Telecommunication","2026-09-14 06:00:00","2026-09-24 06:00:00","Pending",""
"TSK-0611","AST-0306","LOC-051","Himachal Pradesh: Shimla-Kalka","Corrective Maintenance","Synthetic demo: Axle Counter at LOC-051","Critical","0.7","High","High","56","Signal & Telecommunication","2026-09-14 09:00:00","2026-09-25 09:00:00","In Progress",""
"TSK-0612","AST-0306","LOC-051","Himachal Pradesh: Shimla-Kalka","Inspection","Synthetic demo: Axle Counter at LOC-051","Medium","0.71","High","Low","73","Signal & Telecommunication","2026-09-14 12:00:00","2026-09-26 12:00:00","Scheduled",""
"TSK-0613","AST-0307","LOC-052","Himachal Pradesh: Shimla-Kalka","Preventive Maintenance","Synthetic demo: Track at LOC-052","Medium","0.72","Critical","Medium","90","Engineering","2026-09-14 15:00:00","2026-09-27 15:00:00","Pending",""
"TSK-0614","AST-0307","LOC-052","Himachal Pradesh: Shimla-Kalka","Condition Monitoring","Synthetic demo: Track at LOC-052","Critical","0.73","Critical","High","36","Engineering","2026-09-14 18:00:00","2026-09-28 18:00:00","Pending",""
"TSK-0615","AST-0308","LOC-052","Himachal Pradesh: Shimla-Kalka","Corrective Maintenance","Synthetic demo: Turnout at LOC-052","Critical","0.74","Medium","Low","53","Engineering","2026-09-14 21:00:00","2026-09-29 21:00:00","Pending",""
"TSK-0616","AST-0308","LOC-052","Himachal Pradesh: Shimla-Kalka","Inspection","Synthetic demo: Turnout at LOC-052","Medium","0.75","Medium","Medium","70","Engineering","2026-09-15 00:00:00","2026-09-17 00:00:00","Pending",""
"TSK-0617","AST-0309","LOC-052","Himachal Pradesh: Shimla-Kalka","Preventive Maintenance","Synthetic demo: OHE Mast at LOC-052","Medium","0.76","High","High","87","Traction Distribution","2026-09-15 03:00:00","2026-09-18 03:00:00","Pending",""
"TSK-0618","AST-0309","LOC-052","Himachal Pradesh: Shimla-Kalka","Condition Monitoring","Synthetic demo: OHE Mast at LOC-052","Critical","0.77","High","Low","104","Traction Distribution","2026-09-15 06:00:00","2026-09-19 06:00:00","Pending",""
"TSK-0619","AST-0310","LOC-052","Himachal Pradesh: Shimla-Kalka","Corrective Maintenance","Synthetic demo: Traction Substation at LOC-052","Critical","0.78","High","Medium","50","Traction Distribution","2026-09-15 09:00:00","2026-09-20 09:00:00","Pending",""
"TSK-0620","AST-0310","LOC-052","Himachal Pradesh: Shimla-Kalka","Inspection","Synthetic demo: Traction Substation at LOC-052","Medium","0.79","High","High","67","Traction Distribution","2026-09-15 12:00:00","2026-09-21 12:00:00","Pending",""
"TSK-0621","AST-0311","LOC-052","Himachal Pradesh: Shimla-Kalka","Preventive Maintenance","Synthetic demo: Signal at LOC-052","Medium","0.8","Critical","Low","84","Signal & Telecommunication","2026-09-15 15:00:00","2026-09-22 15:00:00","Pending",""
"TSK-0622","AST-0311","LOC-052","Himachal Pradesh: Shimla-Kalka","Condition Monitoring","Synthetic demo: Signal at LOC-052","Critical","0.81","Critical","Medium","101","Signal & Telecommunication","2026-09-15 18:00:00","2026-09-23 18:00:00","Pending",""
"TSK-0623","AST-0312","LOC-052","Himachal Pradesh: Shimla-Kalka","Corrective Maintenance","Synthetic demo: Axle Counter at LOC-052","Critical","0.82","Medium","High","47","Signal & Telecommunication","2026-09-15 21:00:00","2026-09-24 21:00:00","Pending",""
"TSK-0624","AST-0312","LOC-052","Himachal Pradesh: Shimla-Kalka","Inspection","Synthetic demo: Axle Counter at LOC-052","Medium","0.83","Medium","Low","64","Signal & Telecommunication","2026-09-16 00:00:00","2026-09-26 00:00:00","In Progress",""
"TSK-0625","AST-0313","LOC-053","Himachal Pradesh: Shimla-Kalka","Preventive Maintenance","Synthetic demo: Track at LOC-053","Medium","0.84","High","Medium","81","Engineering","2026-09-16 03:00:00","2026-09-27 03:00:00","Pending",""
"TSK-0626","AST-0313","LOC-053","Himachal Pradesh: Shimla-Kalka","Condition Monitoring","Synthetic demo: Track at LOC-053","Critical","0.85","High","High","98","Engineering","2026-09-16 06:00:00","2026-09-28 06:00:00","Pending",""
"TSK-0627","AST-0314","LOC-053","Himachal Pradesh: Shimla-Kalka","Corrective Maintenance","Synthetic demo: Turnout at LOC-053","Critical","0.86","High","Low","44","Engineering","2026-09-16 09:00:00","2026-09-29 09:00:00","Pending",""
"TSK-0628","AST-0314","LOC-053","Himachal Pradesh: Shimla-Kalka","Inspection","Synthetic demo: Turnout at LOC-053","Medium","0.87","High","Medium","61","Engineering","2026-09-16 12:00:00","2026-09-30 12:00:00","Pending",""
"TSK-0629","AST-0315","LOC-053","Himachal Pradesh: Shimla-Kalka","Preventive Maintenance","Synthetic demo: OHE Mast at LOC-053","Medium","0.88","Critical","High","78","Traction Distribution","2026-09-16 15:00:00","2026-10-01 15:00:00","Scheduled",""
"TSK-0630","AST-0315","LOC-053","Himachal Pradesh: Shimla-Kalka","Condition Monitoring","Synthetic demo: OHE Mast at LOC-053","Critical","0.89","Critical","Low","95","Traction Distribution","2026-09-16 18:00:00","2026-09-18 18:00:00","Pending",""
"TSK-0631","AST-0316","LOC-053","Himachal Pradesh: Shimla-Kalka","Corrective Maintenance","Synthetic demo: Traction Substation at LOC-053","Critical","0.9","Medium","Medium","41","Traction Distribution","2026-09-16 21:00:00","2026-09-19 21:00:00","Pending",""
"TSK-0632","AST-0316","LOC-053","Himachal Pradesh: Shimla-Kalka","Inspection","Synthetic demo: Traction Substation at LOC-053","Medium","0.12","Medium","High","58","Traction Distribution","2026-09-17 00:00:00","2026-09-21 00:00:00","Pending",""
"TSK-0633","AST-0317","LOC-053","Himachal Pradesh: Shimla-Kalka","Preventive Maintenance","Synthetic demo: Signal at LOC-053","Medium","0.13","High","Low","75","Signal & Telecommunication","2026-09-17 03:00:00","2026-09-22 03:00:00","Pending",""
"TSK-0634","AST-0317","LOC-053","Himachal Pradesh: Shimla-Kalka","Condition Monitoring","Synthetic demo: Signal at LOC-053","Critical","0.14","High","Medium","92","Signal & Telecommunication","2026-09-17 06:00:00","2026-09-23 06:00:00","Pending",""
"TSK-0635","AST-0318","LOC-053","Himachal Pradesh: Shimla-Kalka","Corrective Maintenance","Synthetic demo: Axle Counter at LOC-053","Critical","0.15","High","High","38","Signal & Telecommunication","2026-09-17 09:00:00","2026-09-24 09:00:00","Pending",""
"TSK-0636","AST-0318","LOC-053","Himachal Pradesh: Shimla-Kalka","Inspection","Synthetic demo: Axle Counter at LOC-053","Medium","0.16","High","Low","55","Signal & Telecommunication","2026-09-17 12:00:00","2026-09-25 12:00:00","Pending",""
"TSK-0637","AST-0319","LOC-054","Himachal Pradesh: Shimla-Kalka","Preventive Maintenance","Synthetic demo: Track at LOC-054","Medium","0.17","Critical","Medium","72","Engineering","2026-09-17 15:00:00","2026-09-26 15:00:00","In Progress",""
"TSK-0638","AST-0319","LOC-054","Himachal Pradesh: Shimla-Kalka","Condition Monitoring","Synthetic demo: Track at LOC-054","Critical","0.18","Critical","High","89","Engineering","2026-09-17 18:00:00","2026-09-27 18:00:00","Pending",""
"TSK-0639","AST-0320","LOC-054","Himachal Pradesh: Shimla-Kalka","Corrective Maintenance","Synthetic demo: Turnout at LOC-054","Critical","0.19","Medium","Low","35","Engineering","2026-09-17 21:00:00","2026-09-28 21:00:00","Pending",""
"TSK-0640","AST-0320","LOC-054","Himachal Pradesh: Shimla-Kalka","Inspection","Synthetic demo: Turnout at LOC-054","Medium","0.2","Medium","Medium","52","Engineering","2026-09-18 00:00:00","2026-09-30 00:00:00","Pending",""
"TSK-0641","AST-0321","LOC-054","Himachal Pradesh: Shimla-Kalka","Preventive Maintenance","Synthetic demo: OHE Mast at LOC-054","Medium","0.21","High","High","69","Traction Distribution","2026-09-18 03:00:00","2026-10-01 03:00:00","Pending",""
"TSK-0642","AST-0321","LOC-054","Himachal Pradesh: Shimla-Kalka","Condition Monitoring","Synthetic demo: OHE Mast at LOC-054","Critical","0.22","High","Low","86","Traction Distribution","2026-09-18 06:00:00","2026-10-02 06:00:00","Pending",""
"TSK-0643","AST-0322","LOC-054","Himachal Pradesh: Shimla-Kalka","Corrective Maintenance","Synthetic demo: Traction Substation at LOC-054","Critical","0.23","High","Medium","103","Traction Distribution","2026-09-18 09:00:00","2026-10-03 09:00:00","Pending",""
"TSK-0644","AST-0322","LOC-054","Himachal Pradesh: Shimla-Kalka","Inspection","Synthetic demo: Traction Substation at LOC-054","Medium","0.24","High","High","49","Traction Distribution","2026-09-18 12:00:00","2026-09-20 12:00:00","Pending",""
"TSK-0645","AST-0323","LOC-054","Himachal Pradesh: Shimla-Kalka","Preventive Maintenance","Synthetic demo: Signal at LOC-054","Medium","0.25","Critical","Low","66","Signal & Telecommunication","2026-09-18 15:00:00","2026-09-21 15:00:00","Pending",""
"TSK-0646","AST-0323","LOC-054","Himachal Pradesh: Shimla-Kalka","Condition Monitoring","Synthetic demo: Signal at LOC-054","Critical","0.26","Critical","Medium","83","Signal & Telecommunication","2026-09-18 18:00:00","2026-09-22 18:00:00","Scheduled",""
"TSK-0647","AST-0324","LOC-054","Himachal Pradesh: Shimla-Kalka","Corrective Maintenance","Synthetic demo: Axle Counter at LOC-054","Critical","0.27","Medium","High","100","Signal & Telecommunication","2026-09-18 21:00:00","2026-09-23 21:00:00","Pending",""
"TSK-0648","AST-0324","LOC-054","Himachal Pradesh: Shimla-Kalka","Inspection","Synthetic demo: Axle Counter at LOC-054","Medium","0.28","Medium","Low","46","Signal & Telecommunication","2026-09-19 00:00:00","2026-09-25 00:00:00","Pending",""
"TSK-0649","AST-0325","LOC-055","Jharkhand: Ranchi-Dhanbad","Preventive Maintenance","Synthetic demo: Track at LOC-055","Medium","0.29","High","Medium","63","Engineering","2026-09-19 03:00:00","2026-09-26 03:00:00","Pending",""
"TSK-0650","AST-0325","LOC-055","Jharkhand: Ranchi-Dhanbad","Condition Monitoring","Synthetic demo: Track at LOC-055","Critical","0.3","High","High","80","Engineering","2026-09-19 06:00:00","2026-09-27 06:00:00","In Progress",""
"TSK-0651","AST-0326","LOC-055","Jharkhand: Ranchi-Dhanbad","Corrective Maintenance","Synthetic demo: Turnout at LOC-055","Critical","0.31","High","Low","97","Engineering","2026-09-19 09:00:00","2026-09-28 09:00:00","Pending",""
"TSK-0652","AST-0326","LOC-055","Jharkhand: Ranchi-Dhanbad","Inspection","Synthetic demo: Turnout at LOC-055","Medium","0.32","High","Medium","43","Engineering","2026-09-19 12:00:00","2026-09-29 12:00:00","Pending",""
"TSK-0653","AST-0327","LOC-055","Jharkhand: Ranchi-Dhanbad","Preventive Maintenance","Synthetic demo: OHE Mast at LOC-055","Medium","0.33","Critical","High","60","Traction Distribution","2026-09-19 15:00:00","2026-09-30 15:00:00","Pending",""
"TSK-0654","AST-0327","LOC-055","Jharkhand: Ranchi-Dhanbad","Condition Monitoring","Synthetic demo: OHE Mast at LOC-055","Critical","0.34","Critical","Low","77","Traction Distribution","2026-09-19 18:00:00","2026-10-01 18:00:00","Pending",""
"TSK-0655","AST-0328","LOC-055","Jharkhand: Ranchi-Dhanbad","Corrective Maintenance","Synthetic demo: Traction Substation at LOC-055","Critical","0.35","Medium","Medium","94","Traction Distribution","2026-09-19 21:00:00","2026-10-02 21:00:00","Pending",""
"TSK-0656","AST-0328","LOC-055","Jharkhand: Ranchi-Dhanbad","Inspection","Synthetic demo: Traction Substation at LOC-055","Medium","0.36","Medium","High","40","Traction Distribution","2026-09-20 00:00:00","2026-10-04 00:00:00","Pending",""
"TSK-0657","AST-0329","LOC-055","Jharkhand: Ranchi-Dhanbad","Preventive Maintenance","Synthetic demo: Signal at LOC-055","Medium","0.37","High","Low","57","Signal & Telecommunication","2026-09-20 03:00:00","2026-10-05 03:00:00","Pending",""
"TSK-0658","AST-0329","LOC-055","Jharkhand: Ranchi-Dhanbad","Condition Monitoring","Synthetic demo: Signal at LOC-055","Critical","0.38","High","Medium","74","Signal & Telecommunication","2026-09-20 06:00:00","2026-09-22 06:00:00","Pending",""
"TSK-0659","AST-0330","LOC-055","Jharkhand: Ranchi-Dhanbad","Corrective Maintenance","Synthetic demo: Axle Counter at LOC-055","Critical","0.39","High","High","91","Signal & Telecommunication","2026-09-20 09:00:00","2026-09-23 09:00:00","Pending",""
"TSK-0660","AST-0330","LOC-055","Jharkhand: Ranchi-Dhanbad","Inspection","Synthetic demo: Axle Counter at LOC-055","Medium","0.4","High","Low","37","Signal & Telecommunication","2026-09-20 12:00:00","2026-09-24 12:00:00","Pending",""
"TSK-0661","AST-0331","LOC-056","Jharkhand: Ranchi-Dhanbad","Preventive Maintenance","Synthetic demo: Track at LOC-056","Medium","0.41","Critical","Medium","54","Engineering","2026-09-20 15:00:00","2026-09-25 15:00:00","Pending",""
"TSK-0662","AST-0331","LOC-056","Jharkhand: Ranchi-Dhanbad","Condition Monitoring","Synthetic demo: Track at LOC-056","Critical","0.42","Critical","High","71","Engineering","2026-09-20 18:00:00","2026-09-26 18:00:00","Pending",""
"TSK-0663","AST-0332","LOC-056","Jharkhand: Ranchi-Dhanbad","Corrective Maintenance","Synthetic demo: Turnout at LOC-056","Critical","0.43","Medium","Low","88","Engineering","2026-09-20 21:00:00","2026-09-27 21:00:00","In Progress",""
"TSK-0664","AST-0332","LOC-056","Jharkhand: Ranchi-Dhanbad","Inspection","Synthetic demo: Turnout at LOC-056","Medium","0.44","Medium","Medium","105","Engineering","2026-09-21 00:00:00","2026-09-29 00:00:00","Pending",""
"TSK-0665","AST-0333","LOC-056","Jharkhand: Ranchi-Dhanbad","Preventive Maintenance","Synthetic demo: OHE Mast at LOC-056","Medium","0.45","High","High","51","Traction Distribution","2026-09-21 03:00:00","2026-09-30 03:00:00","Pending",""
"TSK-0666","AST-0333","LOC-056","Jharkhand: Ranchi-Dhanbad","Condition Monitoring","Synthetic demo: OHE Mast at LOC-056","Critical","0.46","High","Low","68","Traction Distribution","2026-09-21 06:00:00","2026-10-01 06:00:00","Pending",""
"TSK-0667","AST-0334","LOC-056","Jharkhand: Ranchi-Dhanbad","Corrective Maintenance","Synthetic demo: Traction Substation at LOC-056","Critical","0.47","High","Medium","85","Traction Distribution","2026-09-21 09:00:00","2026-10-02 09:00:00","Pending",""
"TSK-0668","AST-0334","LOC-056","Jharkhand: Ranchi-Dhanbad","Inspection","Synthetic demo: Traction Substation at LOC-056","Medium","0.48","High","High","102","Traction Distribution","2026-09-21 12:00:00","2026-10-03 12:00:00","Pending",""
"TSK-0669","AST-0335","LOC-056","Jharkhand: Ranchi-Dhanbad","Preventive Maintenance","Synthetic demo: Signal at LOC-056","Medium","0.49","Critical","Low","48","Signal & Telecommunication","2026-09-21 15:00:00","2026-10-04 15:00:00","Pending",""
"TSK-0670","AST-0335","LOC-056","Jharkhand: Ranchi-Dhanbad","Condition Monitoring","Synthetic demo: Signal at LOC-056","Critical","0.5","Critical","Medium","65","Signal & Telecommunication","2026-09-21 18:00:00","2026-10-05 18:00:00","Pending",""
"TSK-0671","AST-0336","LOC-056","Jharkhand: Ranchi-Dhanbad","Corrective Maintenance","Synthetic demo: Axle Counter at LOC-056","Critical","0.51","Medium","High","82","Signal & Telecommunication","2026-09-21 21:00:00","2026-10-06 21:00:00","Pending",""
"TSK-0672","AST-0336","LOC-056","Jharkhand: Ranchi-Dhanbad","Inspection","Synthetic demo: Axle Counter at LOC-056","Medium","0.52","Medium","Low","99","Signal & Telecommunication","2026-09-01 00:00:00","2026-09-03 00:00:00","Pending",""
"TSK-0673","AST-0337","LOC-057","Jharkhand: Ranchi-Dhanbad","Preventive Maintenance","Synthetic demo: Track at LOC-057","Medium","0.53","High","Medium","45","Engineering","2026-09-01 03:00:00","2026-09-04 03:00:00","Pending",""
"TSK-0674","AST-0337","LOC-057","Jharkhand: Ranchi-Dhanbad","Condition Monitoring","Synthetic demo: Track at LOC-057","Critical","0.54","High","High","62","Engineering","2026-09-01 06:00:00","2026-09-05 06:00:00","Pending",""
"TSK-0675","AST-0338","LOC-057","Jharkhand: Ranchi-Dhanbad","Corrective Maintenance","Synthetic demo: Turnout at LOC-057","Critical","0.55","High","Low","79","Engineering","2026-09-01 09:00:00","2026-09-06 09:00:00","Pending",""
"TSK-0676","AST-0338","LOC-057","Jharkhand: Ranchi-Dhanbad","Inspection","Synthetic demo: Turnout at LOC-057","Medium","0.56","High","Medium","96","Engineering","2026-09-01 12:00:00","2026-09-07 12:00:00","In Progress",""
"TSK-0677","AST-0339","LOC-057","Jharkhand: Ranchi-Dhanbad","Preventive Maintenance","Synthetic demo: OHE Mast at LOC-057","Medium","0.57","Critical","High","42","Traction Distribution","2026-09-01 15:00:00","2026-09-08 15:00:00","Pending",""
"TSK-0678","AST-0339","LOC-057","Jharkhand: Ranchi-Dhanbad","Condition Monitoring","Synthetic demo: OHE Mast at LOC-057","Critical","0.58","Critical","Low","59","Traction Distribution","2026-09-01 18:00:00","2026-09-09 18:00:00","Pending",""
"TSK-0679","AST-0340","LOC-057","Jharkhand: Ranchi-Dhanbad","Corrective Maintenance","Synthetic demo: Traction Substation at LOC-057","Critical","0.59","Medium","Medium","76","Traction Distribution","2026-09-01 21:00:00","2026-09-10 21:00:00","Pending",""
"TSK-0680","AST-0340","LOC-057","Jharkhand: Ranchi-Dhanbad","Inspection","Synthetic demo: Traction Substation at LOC-057","Medium","0.6","Medium","High","93","Traction Distribution","2026-09-02 00:00:00","2026-09-12 00:00:00","Scheduled",""
"TSK-0681","AST-0341","LOC-057","Jharkhand: Ranchi-Dhanbad","Preventive Maintenance","Synthetic demo: Signal at LOC-057","Medium","0.61","High","Low","39","Signal & Telecommunication","2026-09-02 03:00:00","2026-09-13 03:00:00","Pending",""
"TSK-0682","AST-0341","LOC-057","Jharkhand: Ranchi-Dhanbad","Condition Monitoring","Synthetic demo: Signal at LOC-057","Critical","0.62","High","Medium","56","Signal & Telecommunication","2026-09-02 06:00:00","2026-09-14 06:00:00","Pending",""
"TSK-0683","AST-0342","LOC-057","Jharkhand: Ranchi-Dhanbad","Corrective Maintenance","Synthetic demo: Axle Counter at LOC-057","Critical","0.63","High","High","73","Signal & Telecommunication","2026-09-02 09:00:00","2026-09-15 09:00:00","Pending",""
"TSK-0684","AST-0342","LOC-057","Jharkhand: Ranchi-Dhanbad","Inspection","Synthetic demo: Axle Counter at LOC-057","Medium","0.64","High","Low","90","Signal & Telecommunication","2026-09-02 12:00:00","2026-09-16 12:00:00","Pending",""
"TSK-0685","AST-0343","LOC-058","Jharkhand: Ranchi-Dhanbad","Preventive Maintenance","Synthetic demo: Track at LOC-058","Medium","0.65","Critical","Medium","36","Engineering","2026-09-02 15:00:00","2026-09-17 15:00:00","Pending",""
"TSK-0686","AST-0343","LOC-058","Jharkhand: Ranchi-Dhanbad","Condition Monitoring","Synthetic demo: Track at LOC-058","Critical","0.66","Critical","High","53","Engineering","2026-09-02 18:00:00","2026-09-04 18:00:00","Pending",""
"TSK-0687","AST-0344","LOC-058","Jharkhand: Ranchi-Dhanbad","Corrective Maintenance","Synthetic demo: Turnout at LOC-058","Critical","0.67","Medium","Low","70","Engineering","2026-09-02 21:00:00","2026-09-05 21:00:00","Pending",""
"TSK-0688","AST-0344","LOC-058","Jharkhand: Ranchi-Dhanbad","Inspection","Synthetic demo: Turnout at LOC-058","Medium","0.68","Medium","Medium","87","Engineering","2026-09-03 00:00:00","2026-09-07 00:00:00","Pending",""
"TSK-0689","AST-0345","LOC-058","Jharkhand: Ranchi-Dhanbad","Preventive Maintenance","Synthetic demo: OHE Mast at LOC-058","Medium","0.69","High","High","104","Traction Distribution","2026-09-03 03:00:00","2026-09-08 03:00:00","In Progress",""
"TSK-0690","AST-0345","LOC-058","Jharkhand: Ranchi-Dhanbad","Condition Monitoring","Synthetic demo: OHE Mast at LOC-058","Critical","0.7","High","Low","50","Traction Distribution","2026-09-03 06:00:00","2026-09-09 06:00:00","Pending",""
"TSK-0691","AST-0346","LOC-058","Jharkhand: Ranchi-Dhanbad","Corrective Maintenance","Synthetic demo: Traction Substation at LOC-058","Critical","0.71","High","Medium","67","Traction Distribution","2026-09-03 09:00:00","2026-09-10 09:00:00","Pending",""
"TSK-0692","AST-0346","LOC-058","Jharkhand: Ranchi-Dhanbad","Inspection","Synthetic demo: Traction Substation at LOC-058","Medium","0.72","High","High","84","Traction Distribution","2026-09-03 12:00:00","2026-09-11 12:00:00","Pending",""
"TSK-0693","AST-0347","LOC-058","Jharkhand: Ranchi-Dhanbad","Preventive Maintenance","Synthetic demo: Signal at LOC-058","Medium","0.73","Critical","Low","101","Signal & Telecommunication","2026-09-03 15:00:00","2026-09-12 15:00:00","Pending",""
"TSK-0694","AST-0347","LOC-058","Jharkhand: Ranchi-Dhanbad","Condition Monitoring","Synthetic demo: Signal at LOC-058","Critical","0.74","Critical","Medium","47","Signal & Telecommunication","2026-09-03 18:00:00","2026-09-13 18:00:00","Pending",""
"TSK-0695","AST-0348","LOC-058","Jharkhand: Ranchi-Dhanbad","Corrective Maintenance","Synthetic demo: Axle Counter at LOC-058","Critical","0.75","Medium","High","64","Signal & Telecommunication","2026-09-03 21:00:00","2026-09-14 21:00:00","Pending",""
"TSK-0696","AST-0348","LOC-058","Jharkhand: Ranchi-Dhanbad","Inspection","Synthetic demo: Axle Counter at LOC-058","Medium","0.76","Medium","Low","81","Signal & Telecommunication","2026-09-04 00:00:00","2026-09-16 00:00:00","Pending",""
"TSK-0697","AST-0349","LOC-059","Jharkhand: Ranchi-Dhanbad","Preventive Maintenance","Synthetic demo: Track at LOC-059","Medium","0.77","High","Medium","98","Engineering","2026-09-04 03:00:00","2026-09-17 03:00:00","Scheduled",""
"TSK-0698","AST-0349","LOC-059","Jharkhand: Ranchi-Dhanbad","Condition Monitoring","Synthetic demo: Track at LOC-059","Critical","0.78","High","High","44","Engineering","2026-09-04 06:00:00","2026-09-18 06:00:00","Pending",""
"TSK-0699","AST-0350","LOC-059","Jharkhand: Ranchi-Dhanbad","Corrective Maintenance","Synthetic demo: Turnout at LOC-059","Critical","0.79","High","Low","61","Engineering","2026-09-04 09:00:00","2026-09-19 09:00:00","Pending",""
"TSK-0700","AST-0350","LOC-059","Jharkhand: Ranchi-Dhanbad","Inspection","Synthetic demo: Turnout at LOC-059","Medium","0.8","High","Medium","78","Engineering","2026-09-04 12:00:00","2026-09-06 12:00:00","Pending",""
"TSK-0701","AST-0351","LOC-059","Jharkhand: Ranchi-Dhanbad","Preventive Maintenance","Synthetic demo: OHE Mast at LOC-059","Medium","0.81","Critical","High","95","Traction Distribution","2026-09-04 15:00:00","2026-09-07 15:00:00","Pending",""
"TSK-0702","AST-0351","LOC-059","Jharkhand: Ranchi-Dhanbad","Condition Monitoring","Synthetic demo: OHE Mast at LOC-059","Critical","0.82","Critical","Low","41","Traction Distribution","2026-09-04 18:00:00","2026-09-08 18:00:00","In Progress",""
"TSK-0703","AST-0352","LOC-059","Jharkhand: Ranchi-Dhanbad","Corrective Maintenance","Synthetic demo: Traction Substation at LOC-059","Critical","0.83","Medium","Medium","58","Traction Distribution","2026-09-04 21:00:00","2026-09-09 21:00:00","Pending",""
"TSK-0704","AST-0352","LOC-059","Jharkhand: Ranchi-Dhanbad","Inspection","Synthetic demo: Traction Substation at LOC-059","Medium","0.84","Medium","High","75","Traction Distribution","2026-09-05 00:00:00","2026-09-11 00:00:00","Pending",""
"TSK-0705","AST-0353","LOC-059","Jharkhand: Ranchi-Dhanbad","Preventive Maintenance","Synthetic demo: Signal at LOC-059","Medium","0.85","High","Low","92","Signal & Telecommunication","2026-09-05 03:00:00","2026-09-12 03:00:00","Pending",""
"TSK-0706","AST-0353","LOC-059","Jharkhand: Ranchi-Dhanbad","Condition Monitoring","Synthetic demo: Signal at LOC-059","Critical","0.86","High","Medium","38","Signal & Telecommunication","2026-09-05 06:00:00","2026-09-13 06:00:00","Pending",""
"TSK-0707","AST-0354","LOC-059","Jharkhand: Ranchi-Dhanbad","Corrective Maintenance","Synthetic demo: Axle Counter at LOC-059","Critical","0.87","High","High","55","Signal & Telecommunication","2026-09-05 09:00:00","2026-09-14 09:00:00","Pending",""
"TSK-0708","AST-0354","LOC-059","Jharkhand: Ranchi-Dhanbad","Inspection","Synthetic demo: Axle Counter at LOC-059","Medium","0.88","High","Low","72","Signal & Telecommunication","2026-09-05 12:00:00","2026-09-15 12:00:00","Pending",""
"TSK-0709","AST-0355","LOC-060","Jharkhand: Ranchi-Dhanbad","Preventive Maintenance","Synthetic demo: Track at LOC-060","Medium","0.89","Critical","Medium","89","Engineering","2026-09-05 15:00:00","2026-09-16 15:00:00","Pending",""
"TSK-0710","AST-0355","LOC-060","Jharkhand: Ranchi-Dhanbad","Condition Monitoring","Synthetic demo: Track at LOC-060","Critical","0.9","Critical","High","35","Engineering","2026-09-05 18:00:00","2026-09-17 18:00:00","Pending",""
"TSK-0711","AST-0356","LOC-060","Jharkhand: Ranchi-Dhanbad","Corrective Maintenance","Synthetic demo: Turnout at LOC-060","Critical","0.12","Medium","Low","52","Engineering","2026-09-05 21:00:00","2026-09-18 21:00:00","Pending",""
"TSK-0712","AST-0356","LOC-060","Jharkhand: Ranchi-Dhanbad","Inspection","Synthetic demo: Turnout at LOC-060","Medium","0.13","Medium","Medium","69","Engineering","2026-09-06 00:00:00","2026-09-20 00:00:00","Pending",""
"TSK-0713","AST-0357","LOC-060","Jharkhand: Ranchi-Dhanbad","Preventive Maintenance","Synthetic demo: OHE Mast at LOC-060","Medium","0.14","High","High","86","Traction Distribution","2026-09-06 03:00:00","2026-09-21 03:00:00","Pending",""
"TSK-0714","AST-0357","LOC-060","Jharkhand: Ranchi-Dhanbad","Condition Monitoring","Synthetic demo: OHE Mast at LOC-060","Critical","0.15","High","Low","103","Traction Distribution","2026-09-06 06:00:00","2026-09-08 06:00:00","Scheduled",""
"TSK-0715","AST-0358","LOC-060","Jharkhand: Ranchi-Dhanbad","Corrective Maintenance","Synthetic demo: Traction Substation at LOC-060","Critical","0.16","High","Medium","49","Traction Distribution","2026-09-06 09:00:00","2026-09-09 09:00:00","In Progress",""
"TSK-0716","AST-0358","LOC-060","Jharkhand: Ranchi-Dhanbad","Inspection","Synthetic demo: Traction Substation at LOC-060","Medium","0.17","High","High","66","Traction Distribution","2026-09-06 12:00:00","2026-09-10 12:00:00","Pending",""
"TSK-0717","AST-0359","LOC-060","Jharkhand: Ranchi-Dhanbad","Preventive Maintenance","Synthetic demo: Signal at LOC-060","Medium","0.18","Critical","Low","83","Signal & Telecommunication","2026-09-06 15:00:00","2026-09-11 15:00:00","Pending",""
"TSK-0718","AST-0359","LOC-060","Jharkhand: Ranchi-Dhanbad","Condition Monitoring","Synthetic demo: Signal at LOC-060","Critical","0.19","Critical","Medium","100","Signal & Telecommunication","2026-09-06 18:00:00","2026-09-12 18:00:00","Pending",""
"TSK-0719","AST-0360","LOC-060","Jharkhand: Ranchi-Dhanbad","Corrective Maintenance","Synthetic demo: Axle Counter at LOC-060","Critical","0.2","Medium","High","46","Signal & Telecommunication","2026-09-06 21:00:00","2026-09-13 21:00:00","Pending",""
"TSK-0720","AST-0360","LOC-060","Jharkhand: Ranchi-Dhanbad","Inspection","Synthetic demo: Axle Counter at LOC-060","Medium","0.21","Medium","Low","63","Signal & Telecommunication","2026-09-07 00:00:00","2026-09-15 00:00:00","Pending",""
"TSK-0721","AST-0361","LOC-061","Karnataka: Bengaluru-Hubballi","Preventive Maintenance","Synthetic demo: Track at LOC-061","Medium","0.22","High","Medium","80","Engineering","2026-09-07 03:00:00","2026-09-16 03:00:00","Pending",""
"TSK-0722","AST-0361","LOC-061","Karnataka: Bengaluru-Hubballi","Condition Monitoring","Synthetic demo: Track at LOC-061","Critical","0.23","High","High","97","Engineering","2026-09-07 06:00:00","2026-09-17 06:00:00","Pending",""
"TSK-0723","AST-0362","LOC-061","Karnataka: Bengaluru-Hubballi","Corrective Maintenance","Synthetic demo: Turnout at LOC-061","Critical","0.24","High","Low","43","Engineering","2026-09-07 09:00:00","2026-09-18 09:00:00","Pending",""
"TSK-0724","AST-0362","LOC-061","Karnataka: Bengaluru-Hubballi","Inspection","Synthetic demo: Turnout at LOC-061","Medium","0.25","High","Medium","60","Engineering","2026-09-07 12:00:00","2026-09-19 12:00:00","Pending",""
"TSK-0725","AST-0363","LOC-061","Karnataka: Bengaluru-Hubballi","Preventive Maintenance","Synthetic demo: OHE Mast at LOC-061","Medium","0.26","Critical","High","77","Traction Distribution","2026-09-07 15:00:00","2026-09-20 15:00:00","Pending",""
"TSK-0726","AST-0363","LOC-061","Karnataka: Bengaluru-Hubballi","Condition Monitoring","Synthetic demo: OHE Mast at LOC-061","Critical","0.27","Critical","Low","94","Traction Distribution","2026-09-07 18:00:00","2026-09-21 18:00:00","Pending",""
"TSK-0727","AST-0364","LOC-061","Karnataka: Bengaluru-Hubballi","Corrective Maintenance","Synthetic demo: Traction Substation at LOC-061","Critical","0.28","Medium","Medium","40","Traction Distribution","2026-09-07 21:00:00","2026-09-22 21:00:00","Pending",""
"TSK-0728","AST-0364","LOC-061","Karnataka: Bengaluru-Hubballi","Inspection","Synthetic demo: Traction Substation at LOC-061","Medium","0.29","Medium","High","57","Traction Distribution","2026-09-08 00:00:00","2026-09-10 00:00:00","In Progress",""
"TSK-0729","AST-0365","LOC-061","Karnataka: Bengaluru-Hubballi","Preventive Maintenance","Synthetic demo: Signal at LOC-061","Medium","0.3","High","Low","74","Signal & Telecommunication","2026-09-08 03:00:00","2026-09-11 03:00:00","Pending",""
"TSK-0730","AST-0365","LOC-061","Karnataka: Bengaluru-Hubballi","Condition Monitoring","Synthetic demo: Signal at LOC-061","Critical","0.31","High","Medium","91","Signal & Telecommunication","2026-09-08 06:00:00","2026-09-12 06:00:00","Pending",""
"TSK-0731","AST-0366","LOC-061","Karnataka: Bengaluru-Hubballi","Corrective Maintenance","Synthetic demo: Axle Counter at LOC-061","Critical","0.32","High","High","37","Signal & Telecommunication","2026-09-08 09:00:00","2026-09-13 09:00:00","Scheduled",""
"TSK-0732","AST-0366","LOC-061","Karnataka: Bengaluru-Hubballi","Inspection","Synthetic demo: Axle Counter at LOC-061","Medium","0.33","High","Low","54","Signal & Telecommunication","2026-09-08 12:00:00","2026-09-14 12:00:00","Pending",""
"TSK-0733","AST-0367","LOC-062","Karnataka: Bengaluru-Hubballi","Preventive Maintenance","Synthetic demo: Track at LOC-062","Medium","0.34","Critical","Medium","71","Engineering","2026-09-08 15:00:00","2026-09-15 15:00:00","Pending",""
"TSK-0734","AST-0367","LOC-062","Karnataka: Bengaluru-Hubballi","Condition Monitoring","Synthetic demo: Track at LOC-062","Critical","0.35","Critical","High","88","Engineering","2026-09-08 18:00:00","2026-09-16 18:00:00","Pending",""
"TSK-0735","AST-0368","LOC-062","Karnataka: Bengaluru-Hubballi","Corrective Maintenance","Synthetic demo: Turnout at LOC-062","Critical","0.36","Medium","Low","105","Engineering","2026-09-08 21:00:00","2026-09-17 21:00:00","Pending",""
"TSK-0736","AST-0368","LOC-062","Karnataka: Bengaluru-Hubballi","Inspection","Synthetic demo: Turnout at LOC-062","Medium","0.37","Medium","Medium","51","Engineering","2026-09-09 00:00:00","2026-09-19 00:00:00","Pending",""
"TSK-0737","AST-0369","LOC-062","Karnataka: Bengaluru-Hubballi","Preventive Maintenance","Synthetic demo: OHE Mast at LOC-062","Medium","0.38","High","High","68","Traction Distribution","2026-09-09 03:00:00","2026-09-20 03:00:00","Pending",""
"TSK-0738","AST-0369","LOC-062","Karnataka: Bengaluru-Hubballi","Condition Monitoring","Synthetic demo: OHE Mast at LOC-062","Critical","0.39","High","Low","85","Traction Distribution","2026-09-09 06:00:00","2026-09-21 06:00:00","Pending",""
"TSK-0739","AST-0370","LOC-062","Karnataka: Bengaluru-Hubballi","Corrective Maintenance","Synthetic demo: Traction Substation at LOC-062","Critical","0.4","High","Medium","102","Traction Distribution","2026-09-09 09:00:00","2026-09-22 09:00:00","Pending",""
"TSK-0740","AST-0370","LOC-062","Karnataka: Bengaluru-Hubballi","Inspection","Synthetic demo: Traction Substation at LOC-062","Medium","0.41","High","High","48","Traction Distribution","2026-09-09 12:00:00","2026-09-23 12:00:00","Pending",""
"TSK-0741","AST-0371","LOC-062","Karnataka: Bengaluru-Hubballi","Preventive Maintenance","Synthetic demo: Signal at LOC-062","Medium","0.42","Critical","Low","65","Signal & Telecommunication","2026-09-09 15:00:00","2026-09-24 15:00:00","In Progress",""
"TSK-0742","AST-0371","LOC-062","Karnataka: Bengaluru-Hubballi","Condition Monitoring","Synthetic demo: Signal at LOC-062","Critical","0.43","Critical","Medium","82","Signal & Telecommunication","2026-09-09 18:00:00","2026-09-11 18:00:00","Pending",""
"TSK-0743","AST-0372","LOC-062","Karnataka: Bengaluru-Hubballi","Corrective Maintenance","Synthetic demo: Axle Counter at LOC-062","Critical","0.44","Medium","High","99","Signal & Telecommunication","2026-09-09 21:00:00","2026-09-12 21:00:00","Pending",""
"TSK-0744","AST-0372","LOC-062","Karnataka: Bengaluru-Hubballi","Inspection","Synthetic demo: Axle Counter at LOC-062","Medium","0.45","Medium","Low","45","Signal & Telecommunication","2026-09-10 00:00:00","2026-09-14 00:00:00","Pending",""
"TSK-0745","AST-0373","LOC-063","Karnataka: Bengaluru-Hubballi","Preventive Maintenance","Synthetic demo: Track at LOC-063","Medium","0.46","High","Medium","62","Engineering","2026-09-10 03:00:00","2026-09-15 03:00:00","Pending",""
"TSK-0746","AST-0373","LOC-063","Karnataka: Bengaluru-Hubballi","Condition Monitoring","Synthetic demo: Track at LOC-063","Critical","0.47","High","High","79","Engineering","2026-09-10 06:00:00","2026-09-16 06:00:00","Pending",""
"TSK-0747","AST-0374","LOC-063","Karnataka: Bengaluru-Hubballi","Corrective Maintenance","Synthetic demo: Turnout at LOC-063","Critical","0.48","High","Low","96","Engineering","2026-09-10 09:00:00","2026-09-17 09:00:00","Pending",""
"TSK-0748","AST-0374","LOC-063","Karnataka: Bengaluru-Hubballi","Inspection","Synthetic demo: Turnout at LOC-063","Medium","0.49","High","Medium","42","Engineering","2026-09-10 12:00:00","2026-09-18 12:00:00","Scheduled",""
"TSK-0749","AST-0375","LOC-063","Karnataka: Bengaluru-Hubballi","Preventive Maintenance","Synthetic demo: OHE Mast at LOC-063","Medium","0.5","Critical","High","59","Traction Distribution","2026-09-10 15:00:00","2026-09-19 15:00:00","Pending",""
"TSK-0750","AST-0375","LOC-063","Karnataka: Bengaluru-Hubballi","Condition Monitoring","Synthetic demo: OHE Mast at LOC-063","Critical","0.51","Critical","Low","76","Traction Distribution","2026-09-10 18:00:00","2026-09-20 18:00:00","Pending",""
"TSK-0751","AST-0376","LOC-063","Karnataka: Bengaluru-Hubballi","Corrective Maintenance","Synthetic demo: Traction Substation at LOC-063","Critical","0.52","Medium","Medium","93","Traction Distribution","2026-09-10 21:00:00","2026-09-21 21:00:00","Pending",""
"TSK-0752","AST-0376","LOC-063","Karnataka: Bengaluru-Hubballi","Inspection","Synthetic demo: Traction Substation at LOC-063","Medium","0.53","Medium","High","39","Traction Distribution","2026-09-11 00:00:00","2026-09-23 00:00:00","Pending",""
"TSK-0753","AST-0377","LOC-063","Karnataka: Bengaluru-Hubballi","Preventive Maintenance","Synthetic demo: Signal at LOC-063","Medium","0.54","High","Low","56","Signal & Telecommunication","2026-09-11 03:00:00","2026-09-24 03:00:00","Pending",""
"TSK-0754","AST-0377","LOC-063","Karnataka: Bengaluru-Hubballi","Condition Monitoring","Synthetic demo: Signal at LOC-063","Critical","0.55","High","Medium","73","Signal & Telecommunication","2026-09-11 06:00:00","2026-09-25 06:00:00","In Progress",""
"TSK-0755","AST-0378","LOC-063","Karnataka: Bengaluru-Hubballi","Corrective Maintenance","Synthetic demo: Axle Counter at LOC-063","Critical","0.56","High","High","90","Signal & Telecommunication","2026-09-11 09:00:00","2026-09-26 09:00:00","Pending",""
"TSK-0756","AST-0378","LOC-063","Karnataka: Bengaluru-Hubballi","Inspection","Synthetic demo: Axle Counter at LOC-063","Medium","0.57","High","Low","36","Signal & Telecommunication","2026-09-11 12:00:00","2026-09-13 12:00:00","Pending",""
"TSK-0757","AST-0379","LOC-064","Karnataka: Bengaluru-Hubballi","Preventive Maintenance","Synthetic demo: Track at LOC-064","Medium","0.58","Critical","Medium","53","Engineering","2026-09-11 15:00:00","2026-09-14 15:00:00","Pending",""
"TSK-0758","AST-0379","LOC-064","Karnataka: Bengaluru-Hubballi","Condition Monitoring","Synthetic demo: Track at LOC-064","Critical","0.59","Critical","High","70","Engineering","2026-09-11 18:00:00","2026-09-15 18:00:00","Pending",""
"TSK-0759","AST-0380","LOC-064","Karnataka: Bengaluru-Hubballi","Corrective Maintenance","Synthetic demo: Turnout at LOC-064","Critical","0.6","Medium","Low","87","Engineering","2026-09-11 21:00:00","2026-09-16 21:00:00","Pending",""
"TSK-0760","AST-0380","LOC-064","Karnataka: Bengaluru-Hubballi","Inspection","Synthetic demo: Turnout at LOC-064","Medium","0.61","Medium","Medium","104","Engineering","2026-09-12 00:00:00","2026-09-18 00:00:00","Pending",""
"TSK-0761","AST-0381","LOC-064","Karnataka: Bengaluru-Hubballi","Preventive Maintenance","Synthetic demo: OHE Mast at LOC-064","Medium","0.62","High","High","50","Traction Distribution","2026-09-12 03:00:00","2026-09-19 03:00:00","Pending",""
"TSK-0762","AST-0381","LOC-064","Karnataka: Bengaluru-Hubballi","Condition Monitoring","Synthetic demo: OHE Mast at LOC-064","Critical","0.63","High","Low","67","Traction Distribution","2026-09-12 06:00:00","2026-09-20 06:00:00","Pending",""
"TSK-0763","AST-0382","LOC-064","Karnataka: Bengaluru-Hubballi","Corrective Maintenance","Synthetic demo: Traction Substation at LOC-064","Critical","0.64","High","Medium","84","Traction Distribution","2026-09-12 09:00:00","2026-09-21 09:00:00","Pending",""
"TSK-0764","AST-0382","LOC-064","Karnataka: Bengaluru-Hubballi","Inspection","Synthetic demo: Traction Substation at LOC-064","Medium","0.65","High","High","101","Traction Distribution","2026-09-12 12:00:00","2026-09-22 12:00:00","Pending",""
"TSK-0765","AST-0383","LOC-064","Karnataka: Bengaluru-Hubballi","Preventive Maintenance","Synthetic demo: Signal at LOC-064","Medium","0.66","Critical","Low","47","Signal & Telecommunication","2026-09-12 15:00:00","2026-09-23 15:00:00","Scheduled",""
"TSK-0766","AST-0383","LOC-064","Karnataka: Bengaluru-Hubballi","Condition Monitoring","Synthetic demo: Signal at LOC-064","Critical","0.67","Critical","Medium","64","Signal & Telecommunication","2026-09-12 18:00:00","2026-09-24 18:00:00","Pending",""
"TSK-0767","AST-0384","LOC-064","Karnataka: Bengaluru-Hubballi","Corrective Maintenance","Synthetic demo: Axle Counter at LOC-064","Critical","0.68","Medium","High","81","Signal & Telecommunication","2026-09-12 21:00:00","2026-09-25 21:00:00","In Progress",""
"TSK-0768","AST-0384","LOC-064","Karnataka: Bengaluru-Hubballi","Inspection","Synthetic demo: Axle Counter at LOC-064","Medium","0.69","Medium","Low","98","Signal & Telecommunication","2026-09-13 00:00:00","2026-09-27 00:00:00","Pending",""
"TSK-0769","AST-0385","LOC-065","Karnataka: Bengaluru-Hubballi","Preventive Maintenance","Synthetic demo: Track at LOC-065","Medium","0.7","High","Medium","44","Engineering","2026-09-13 03:00:00","2026-09-28 03:00:00","Pending",""
"TSK-0770","AST-0385","LOC-065","Karnataka: Bengaluru-Hubballi","Condition Monitoring","Synthetic demo: Track at LOC-065","Critical","0.71","High","High","61","Engineering","2026-09-13 06:00:00","2026-09-15 06:00:00","Pending",""
"TSK-0771","AST-0386","LOC-065","Karnataka: Bengaluru-Hubballi","Corrective Maintenance","Synthetic demo: Turnout at LOC-065","Critical","0.72","High","Low","78","Engineering","2026-09-13 09:00:00","2026-09-16 09:00:00","Pending",""
"TSK-0772","AST-0386","LOC-065","Karnataka: Bengaluru-Hubballi","Inspection","Synthetic demo: Turnout at LOC-065","Medium","0.73","High","Medium","95","Engineering","2026-09-13 12:00:00","2026-09-17 12:00:00","Pending",""
"TSK-0773","AST-0387","LOC-065","Karnataka: Bengaluru-Hubballi","Preventive Maintenance","Synthetic demo: OHE Mast at LOC-065","Medium","0.74","Critical","High","41","Traction Distribution","2026-09-13 15:00:00","2026-09-18 15:00:00","Pending",""
"TSK-0774","AST-0387","LOC-065","Karnataka: Bengaluru-Hubballi","Condition Monitoring","Synthetic demo: OHE Mast at LOC-065","Critical","0.75","Critical","Low","58","Traction Distribution","2026-09-13 18:00:00","2026-09-19 18:00:00","Pending",""
"TSK-0775","AST-0388","LOC-065","Karnataka: Bengaluru-Hubballi","Corrective Maintenance","Synthetic demo: Traction Substation at LOC-065","Critical","0.76","Medium","Medium","75","Traction Distribution","2026-09-13 21:00:00","2026-09-20 21:00:00","Pending",""
"TSK-0776","AST-0388","LOC-065","Karnataka: Bengaluru-Hubballi","Inspection","Synthetic demo: Traction Substation at LOC-065","Medium","0.77","Medium","High","92","Traction Distribution","2026-09-14 00:00:00","2026-09-22 00:00:00","Pending",""
"TSK-0777","AST-0389","LOC-065","Karnataka: Bengaluru-Hubballi","Preventive Maintenance","Synthetic demo: Signal at LOC-065","Medium","0.78","High","Low","38","Signal & Telecommunication","2026-09-14 03:00:00","2026-09-23 03:00:00","Pending",""
"TSK-0778","AST-0389","LOC-065","Karnataka: Bengaluru-Hubballi","Condition Monitoring","Synthetic demo: Signal at LOC-065","Critical","0.79","High","Medium","55","Signal & Telecommunication","2026-09-14 06:00:00","2026-09-24 06:00:00","Pending",""
"TSK-0779","AST-0390","LOC-065","Karnataka: Bengaluru-Hubballi","Corrective Maintenance","Synthetic demo: Axle Counter at LOC-065","Critical","0.8","High","High","72","Signal & Telecommunication","2026-09-14 09:00:00","2026-09-25 09:00:00","Pending",""
"TSK-0780","AST-0390","LOC-065","Karnataka: Bengaluru-Hubballi","Inspection","Synthetic demo: Axle Counter at LOC-065","Medium","0.81","High","Low","89","Signal & Telecommunication","2026-09-14 12:00:00","2026-09-26 12:00:00","In Progress",""
"TSK-0781","AST-0391","LOC-066","Karnataka: Bengaluru-Hubballi","Preventive Maintenance","Synthetic demo: Track at LOC-066","Medium","0.82","Critical","Medium","35","Engineering","2026-09-14 15:00:00","2026-09-27 15:00:00","Pending",""
"TSK-0782","AST-0391","LOC-066","Karnataka: Bengaluru-Hubballi","Condition Monitoring","Synthetic demo: Track at LOC-066","Critical","0.83","Critical","High","52","Engineering","2026-09-14 18:00:00","2026-09-28 18:00:00","Scheduled",""
"TSK-0783","AST-0392","LOC-066","Karnataka: Bengaluru-Hubballi","Corrective Maintenance","Synthetic demo: Turnout at LOC-066","Critical","0.84","Medium","Low","69","Engineering","2026-09-14 21:00:00","2026-09-29 21:00:00","Pending",""
"TSK-0784","AST-0392","LOC-066","Karnataka: Bengaluru-Hubballi","Inspection","Synthetic demo: Turnout at LOC-066","Medium","0.85","Medium","Medium","86","Engineering","2026-09-15 00:00:00","2026-09-17 00:00:00","Pending",""
"TSK-0785","AST-0393","LOC-066","Karnataka: Bengaluru-Hubballi","Preventive Maintenance","Synthetic demo: OHE Mast at LOC-066","Medium","0.86","High","High","103","Traction Distribution","2026-09-15 03:00:00","2026-09-18 03:00:00","Pending",""
"TSK-0786","AST-0393","LOC-066","Karnataka: Bengaluru-Hubballi","Condition Monitoring","Synthetic demo: OHE Mast at LOC-066","Critical","0.87","High","Low","49","Traction Distribution","2026-09-15 06:00:00","2026-09-19 06:00:00","Pending",""
"TSK-0787","AST-0394","LOC-066","Karnataka: Bengaluru-Hubballi","Corrective Maintenance","Synthetic demo: Traction Substation at LOC-066","Critical","0.88","High","Medium","66","Traction Distribution","2026-09-15 09:00:00","2026-09-20 09:00:00","Pending",""
"TSK-0788","AST-0394","LOC-066","Karnataka: Bengaluru-Hubballi","Inspection","Synthetic demo: Traction Substation at LOC-066","Medium","0.89","High","High","83","Traction Distribution","2026-09-15 12:00:00","2026-09-21 12:00:00","Pending",""
"TSK-0789","AST-0395","LOC-066","Karnataka: Bengaluru-Hubballi","Preventive Maintenance","Synthetic demo: Signal at LOC-066","Medium","0.9","Critical","Low","100","Signal & Telecommunication","2026-09-15 15:00:00","2026-09-22 15:00:00","Pending",""
"TSK-0790","AST-0395","LOC-066","Karnataka: Bengaluru-Hubballi","Condition Monitoring","Synthetic demo: Signal at LOC-066","Critical","0.12","Critical","Medium","46","Signal & Telecommunication","2026-09-15 18:00:00","2026-09-23 18:00:00","Pending",""
"TSK-0791","AST-0396","LOC-066","Karnataka: Bengaluru-Hubballi","Corrective Maintenance","Synthetic demo: Axle Counter at LOC-066","Critical","0.13","Medium","High","63","Signal & Telecommunication","2026-09-15 21:00:00","2026-09-24 21:00:00","Pending",""
"TSK-0792","AST-0396","LOC-066","Karnataka: Bengaluru-Hubballi","Inspection","Synthetic demo: Axle Counter at LOC-066","Medium","0.14","Medium","Low","80","Signal & Telecommunication","2026-09-16 00:00:00","2026-09-26 00:00:00","Pending",""
"TSK-0793","AST-0397","LOC-067","Kerala: Ernakulam-Thiruvananthapuram","Preventive Maintenance","Synthetic demo: Track at LOC-067","Medium","0.15","High","Medium","97","Engineering","2026-09-16 03:00:00","2026-09-27 03:00:00","In Progress",""
"TSK-0794","AST-0397","LOC-067","Kerala: Ernakulam-Thiruvananthapuram","Condition Monitoring","Synthetic demo: Track at LOC-067","Critical","0.16","High","High","43","Engineering","2026-09-16 06:00:00","2026-09-28 06:00:00","Pending",""
"TSK-0795","AST-0398","LOC-067","Kerala: Ernakulam-Thiruvananthapuram","Corrective Maintenance","Synthetic demo: Turnout at LOC-067","Critical","0.17","High","Low","60","Engineering","2026-09-16 09:00:00","2026-09-29 09:00:00","Pending",""
"TSK-0796","AST-0398","LOC-067","Kerala: Ernakulam-Thiruvananthapuram","Inspection","Synthetic demo: Turnout at LOC-067","Medium","0.18","High","Medium","77","Engineering","2026-09-16 12:00:00","2026-09-30 12:00:00","Pending",""
"TSK-0797","AST-0399","LOC-067","Kerala: Ernakulam-Thiruvananthapuram","Preventive Maintenance","Synthetic demo: OHE Mast at LOC-067","Medium","0.19","Critical","High","94","Traction Distribution","2026-09-16 15:00:00","2026-10-01 15:00:00","Pending",""
"TSK-0798","AST-0399","LOC-067","Kerala: Ernakulam-Thiruvananthapuram","Condition Monitoring","Synthetic demo: OHE Mast at LOC-067","Critical","0.2","Critical","Low","40","Traction Distribution","2026-09-16 18:00:00","2026-09-18 18:00:00","Pending",""
"TSK-0799","AST-0400","LOC-067","Kerala: Ernakulam-Thiruvananthapuram","Corrective Maintenance","Synthetic demo: Traction Substation at LOC-067","Critical","0.21","Medium","Medium","57","Traction Distribution","2026-09-16 21:00:00","2026-09-19 21:00:00","Scheduled",""
"TSK-0800","AST-0400","LOC-067","Kerala: Ernakulam-Thiruvananthapuram","Inspection","Synthetic demo: Traction Substation at LOC-067","Medium","0.22","Medium","High","74","Traction Distribution","2026-09-17 00:00:00","2026-09-21 00:00:00","Pending",""
"TSK-0801","AST-0401","LOC-067","Kerala: Ernakulam-Thiruvananthapuram","Preventive Maintenance","Synthetic demo: Signal at LOC-067","Medium","0.23","High","Low","91","Signal & Telecommunication","2026-09-17 03:00:00","2026-09-22 03:00:00","Pending",""
"TSK-0802","AST-0401","LOC-067","Kerala: Ernakulam-Thiruvananthapuram","Condition Monitoring","Synthetic demo: Signal at LOC-067","Critical","0.24","High","Medium","37","Signal & Telecommunication","2026-09-17 06:00:00","2026-09-23 06:00:00","Pending",""
"TSK-0803","AST-0402","LOC-067","Kerala: Ernakulam-Thiruvananthapuram","Corrective Maintenance","Synthetic demo: Axle Counter at LOC-067","Critical","0.25","High","High","54","Signal & Telecommunication","2026-09-17 09:00:00","2026-09-24 09:00:00","Pending",""
"TSK-0804","AST-0402","LOC-067","Kerala: Ernakulam-Thiruvananthapuram","Inspection","Synthetic demo: Axle Counter at LOC-067","Medium","0.26","High","Low","71","Signal & Telecommunication","2026-09-17 12:00:00","2026-09-25 12:00:00","Pending",""
"TSK-0805","AST-0403","LOC-068","Kerala: Ernakulam-Thiruvananthapuram","Preventive Maintenance","Synthetic demo: Track at LOC-068","Medium","0.27","Critical","Medium","88","Engineering","2026-09-17 15:00:00","2026-09-26 15:00:00","Pending",""
"TSK-0806","AST-0403","LOC-068","Kerala: Ernakulam-Thiruvananthapuram","Condition Monitoring","Synthetic demo: Track at LOC-068","Critical","0.28","Critical","High","105","Engineering","2026-09-17 18:00:00","2026-09-27 18:00:00","In Progress",""
"TSK-0807","AST-0404","LOC-068","Kerala: Ernakulam-Thiruvananthapuram","Corrective Maintenance","Synthetic demo: Turnout at LOC-068","Critical","0.29","Medium","Low","51","Engineering","2026-09-17 21:00:00","2026-09-28 21:00:00","Pending",""
"TSK-0808","AST-0404","LOC-068","Kerala: Ernakulam-Thiruvananthapuram","Inspection","Synthetic demo: Turnout at LOC-068","Medium","0.3","Medium","Medium","68","Engineering","2026-09-18 00:00:00","2026-09-30 00:00:00","Pending",""
"TSK-0809","AST-0405","LOC-068","Kerala: Ernakulam-Thiruvananthapuram","Preventive Maintenance","Synthetic demo: OHE Mast at LOC-068","Medium","0.31","High","High","85","Traction Distribution","2026-09-18 03:00:00","2026-10-01 03:00:00","Pending",""
"TSK-0810","AST-0405","LOC-068","Kerala: Ernakulam-Thiruvananthapuram","Condition Monitoring","Synthetic demo: OHE Mast at LOC-068","Critical","0.32","High","Low","102","Traction Distribution","2026-09-18 06:00:00","2026-10-02 06:00:00","Pending",""
"TSK-0811","AST-0406","LOC-068","Kerala: Ernakulam-Thiruvananthapuram","Corrective Maintenance","Synthetic demo: Traction Substation at LOC-068","Critical","0.33","High","Medium","48","Traction Distribution","2026-09-18 09:00:00","2026-10-03 09:00:00","Pending",""
"TSK-0812","AST-0406","LOC-068","Kerala: Ernakulam-Thiruvananthapuram","Inspection","Synthetic demo: Traction Substation at LOC-068","Medium","0.34","High","High","65","Traction Distribution","2026-09-18 12:00:00","2026-09-20 12:00:00","Pending",""
"TSK-0813","AST-0407","LOC-068","Kerala: Ernakulam-Thiruvananthapuram","Preventive Maintenance","Synthetic demo: Signal at LOC-068","Medium","0.35","Critical","Low","82","Signal & Telecommunication","2026-09-18 15:00:00","2026-09-21 15:00:00","Pending",""
"TSK-0814","AST-0407","LOC-068","Kerala: Ernakulam-Thiruvananthapuram","Condition Monitoring","Synthetic demo: Signal at LOC-068","Critical","0.36","Critical","Medium","99","Signal & Telecommunication","2026-09-18 18:00:00","2026-09-22 18:00:00","Pending",""
"TSK-0815","AST-0408","LOC-068","Kerala: Ernakulam-Thiruvananthapuram","Corrective Maintenance","Synthetic demo: Axle Counter at LOC-068","Critical","0.37","Medium","High","45","Signal & Telecommunication","2026-09-18 21:00:00","2026-09-23 21:00:00","Pending",""
"TSK-0816","AST-0408","LOC-068","Kerala: Ernakulam-Thiruvananthapuram","Inspection","Synthetic demo: Axle Counter at LOC-068","Medium","0.38","Medium","Low","62","Signal & Telecommunication","2026-09-19 00:00:00","2026-09-25 00:00:00","Scheduled",""
"TSK-0817","AST-0409","LOC-069","Kerala: Ernakulam-Thiruvananthapuram","Preventive Maintenance","Synthetic demo: Track at LOC-069","Medium","0.39","High","Medium","79","Engineering","2026-09-19 03:00:00","2026-09-26 03:00:00","Pending",""
"TSK-0818","AST-0409","LOC-069","Kerala: Ernakulam-Thiruvananthapuram","Condition Monitoring","Synthetic demo: Track at LOC-069","Critical","0.4","High","High","96","Engineering","2026-09-19 06:00:00","2026-09-27 06:00:00","Pending",""
"TSK-0819","AST-0410","LOC-069","Kerala: Ernakulam-Thiruvananthapuram","Corrective Maintenance","Synthetic demo: Turnout at LOC-069","Critical","0.41","High","Low","42","Engineering","2026-09-19 09:00:00","2026-09-28 09:00:00","In Progress",""
"TSK-0820","AST-0410","LOC-069","Kerala: Ernakulam-Thiruvananthapuram","Inspection","Synthetic demo: Turnout at LOC-069","Medium","0.42","High","Medium","59","Engineering","2026-09-19 12:00:00","2026-09-29 12:00:00","Pending",""
"TSK-0821","AST-0411","LOC-069","Kerala: Ernakulam-Thiruvananthapuram","Preventive Maintenance","Synthetic demo: OHE Mast at LOC-069","Medium","0.43","Critical","High","76","Traction Distribution","2026-09-19 15:00:00","2026-09-30 15:00:00","Pending",""
"TSK-0822","AST-0411","LOC-069","Kerala: Ernakulam-Thiruvananthapuram","Condition Monitoring","Synthetic demo: OHE Mast at LOC-069","Critical","0.44","Critical","Low","93","Traction Distribution","2026-09-19 18:00:00","2026-10-01 18:00:00","Pending",""
"TSK-0823","AST-0412","LOC-069","Kerala: Ernakulam-Thiruvananthapuram","Corrective Maintenance","Synthetic demo: Traction Substation at LOC-069","Critical","0.45","Medium","Medium","39","Traction Distribution","2026-09-19 21:00:00","2026-10-02 21:00:00","Pending",""
"TSK-0824","AST-0412","LOC-069","Kerala: Ernakulam-Thiruvananthapuram","Inspection","Synthetic demo: Traction Substation at LOC-069","Medium","0.46","Medium","High","56","Traction Distribution","2026-09-20 00:00:00","2026-10-04 00:00:00","Pending",""
"TSK-0825","AST-0413","LOC-069","Kerala: Ernakulam-Thiruvananthapuram","Preventive Maintenance","Synthetic demo: Signal at LOC-069","Medium","0.47","High","Low","73","Signal & Telecommunication","2026-09-20 03:00:00","2026-10-05 03:00:00","Pending",""
"TSK-0826","AST-0413","LOC-069","Kerala: Ernakulam-Thiruvananthapuram","Condition Monitoring","Synthetic demo: Signal at LOC-069","Critical","0.48","High","Medium","90","Signal & Telecommunication","2026-09-20 06:00:00","2026-09-22 06:00:00","Pending",""
"TSK-0827","AST-0414","LOC-069","Kerala: Ernakulam-Thiruvananthapuram","Corrective Maintenance","Synthetic demo: Axle Counter at LOC-069","Critical","0.49","High","High","36","Signal & Telecommunication","2026-09-20 09:00:00","2026-09-23 09:00:00","Pending",""
"TSK-0828","AST-0414","LOC-069","Kerala: Ernakulam-Thiruvananthapuram","Inspection","Synthetic demo: Axle Counter at LOC-069","Medium","0.5","High","Low","53","Signal & Telecommunication","2026-09-20 12:00:00","2026-09-24 12:00:00","Pending",""
"TSK-0829","AST-0415","LOC-070","Kerala: Ernakulam-Thiruvananthapuram","Preventive Maintenance","Synthetic demo: Track at LOC-070","Medium","0.51","Critical","Medium","70","Engineering","2026-09-20 15:00:00","2026-09-25 15:00:00","Pending",""
"TSK-0830","AST-0415","LOC-070","Kerala: Ernakulam-Thiruvananthapuram","Condition Monitoring","Synthetic demo: Track at LOC-070","Critical","0.52","Critical","High","87","Engineering","2026-09-20 18:00:00","2026-09-26 18:00:00","Pending",""
"TSK-0831","AST-0416","LOC-070","Kerala: Ernakulam-Thiruvananthapuram","Corrective Maintenance","Synthetic demo: Turnout at LOC-070","Critical","0.53","Medium","Low","104","Engineering","2026-09-20 21:00:00","2026-09-27 21:00:00","Pending",""
"TSK-0832","AST-0416","LOC-070","Kerala: Ernakulam-Thiruvananthapuram","Inspection","Synthetic demo: Turnout at LOC-070","Medium","0.54","Medium","Medium","50","Engineering","2026-09-21 00:00:00","2026-09-29 00:00:00","In Progress",""
"TSK-0833","AST-0417","LOC-070","Kerala: Ernakulam-Thiruvananthapuram","Preventive Maintenance","Synthetic demo: OHE Mast at LOC-070","Medium","0.55","High","High","67","Traction Distribution","2026-09-21 03:00:00","2026-09-30 03:00:00","Scheduled",""
"TSK-0834","AST-0417","LOC-070","Kerala: Ernakulam-Thiruvananthapuram","Condition Monitoring","Synthetic demo: OHE Mast at LOC-070","Critical","0.56","High","Low","84","Traction Distribution","2026-09-21 06:00:00","2026-10-01 06:00:00","Pending",""
"TSK-0835","AST-0418","LOC-070","Kerala: Ernakulam-Thiruvananthapuram","Corrective Maintenance","Synthetic demo: Traction Substation at LOC-070","Critical","0.57","High","Medium","101","Traction Distribution","2026-09-21 09:00:00","2026-10-02 09:00:00","Pending",""
"TSK-0836","AST-0418","LOC-070","Kerala: Ernakulam-Thiruvananthapuram","Inspection","Synthetic demo: Traction Substation at LOC-070","Medium","0.58","High","High","47","Traction Distribution","2026-09-21 12:00:00","2026-10-03 12:00:00","Pending",""
"TSK-0837","AST-0419","LOC-070","Kerala: Ernakulam-Thiruvananthapuram","Preventive Maintenance","Synthetic demo: Signal at LOC-070","Medium","0.59","Critical","Low","64","Signal & Telecommunication","2026-09-21 15:00:00","2026-10-04 15:00:00","Pending",""
"TSK-0838","AST-0419","LOC-070","Kerala: Ernakulam-Thiruvananthapuram","Condition Monitoring","Synthetic demo: Signal at LOC-070","Critical","0.6","Critical","Medium","81","Signal & Telecommunication","2026-09-21 18:00:00","2026-10-05 18:00:00","Pending",""
"TSK-0839","AST-0420","LOC-070","Kerala: Ernakulam-Thiruvananthapuram","Corrective Maintenance","Synthetic demo: Axle Counter at LOC-070","Critical","0.61","Medium","High","98","Signal & Telecommunication","2026-09-21 21:00:00","2026-10-06 21:00:00","Pending",""
"TSK-0840","AST-0420","LOC-070","Kerala: Ernakulam-Thiruvananthapuram","Inspection","Synthetic demo: Axle Counter at LOC-070","Medium","0.62","Medium","Low","44","Signal & Telecommunication","2026-09-01 00:00:00","2026-09-03 00:00:00","Pending",""
"TSK-0841","AST-0421","LOC-071","Kerala: Ernakulam-Thiruvananthapuram","Preventive Maintenance","Synthetic demo: Track at LOC-071","Medium","0.63","High","Medium","61","Engineering","2026-09-01 03:00:00","2026-09-04 03:00:00","Pending",""
"TSK-0842","AST-0421","LOC-071","Kerala: Ernakulam-Thiruvananthapuram","Condition Monitoring","Synthetic demo: Track at LOC-071","Critical","0.64","High","High","78","Engineering","2026-09-01 06:00:00","2026-09-05 06:00:00","Pending",""
"TSK-0843","AST-0422","LOC-071","Kerala: Ernakulam-Thiruvananthapuram","Corrective Maintenance","Synthetic demo: Turnout at LOC-071","Critical","0.65","High","Low","95","Engineering","2026-09-01 09:00:00","2026-09-06 09:00:00","Pending",""
"TSK-0844","AST-0422","LOC-071","Kerala: Ernakulam-Thiruvananthapuram","Inspection","Synthetic demo: Turnout at LOC-071","Medium","0.66","High","Medium","41","Engineering","2026-09-01 12:00:00","2026-09-07 12:00:00","Pending",""
"TSK-0845","AST-0423","LOC-071","Kerala: Ernakulam-Thiruvananthapuram","Preventive Maintenance","Synthetic demo: OHE Mast at LOC-071","Medium","0.67","Critical","High","58","Traction Distribution","2026-09-01 15:00:00","2026-09-08 15:00:00","In Progress",""
"TSK-0846","AST-0423","LOC-071","Kerala: Ernakulam-Thiruvananthapuram","Condition Monitoring","Synthetic demo: OHE Mast at LOC-071","Critical","0.68","Critical","Low","75","Traction Distribution","2026-09-01 18:00:00","2026-09-09 18:00:00","Pending",""
"TSK-0847","AST-0424","LOC-071","Kerala: Ernakulam-Thiruvananthapuram","Corrective Maintenance","Synthetic demo: Traction Substation at LOC-071","Critical","0.69","Medium","Medium","92","Traction Distribution","2026-09-01 21:00:00","2026-09-10 21:00:00","Pending",""
"TSK-0848","AST-0424","LOC-071","Kerala: Ernakulam-Thiruvananthapuram","Inspection","Synthetic demo: Traction Substation at LOC-071","Medium","0.7","Medium","High","38","Traction Distribution","2026-09-02 00:00:00","2026-09-12 00:00:00","Pending",""
"TSK-0849","AST-0425","LOC-071","Kerala: Ernakulam-Thiruvananthapuram","Preventive Maintenance","Synthetic demo: Signal at LOC-071","Medium","0.71","High","Low","55","Signal & Telecommunication","2026-09-02 03:00:00","2026-09-13 03:00:00","Pending",""
"TSK-0850","AST-0425","LOC-071","Kerala: Ernakulam-Thiruvananthapuram","Condition Monitoring","Synthetic demo: Signal at LOC-071","Critical","0.72","High","Medium","72","Signal & Telecommunication","2026-09-02 06:00:00","2026-09-14 06:00:00","Scheduled",""
"TSK-0851","AST-0426","LOC-071","Kerala: Ernakulam-Thiruvananthapuram","Corrective Maintenance","Synthetic demo: Axle Counter at LOC-071","Critical","0.73","High","High","89","Signal & Telecommunication","2026-09-02 09:00:00","2026-09-15 09:00:00","Pending",""
"TSK-0852","AST-0426","LOC-071","Kerala: Ernakulam-Thiruvananthapuram","Inspection","Synthetic demo: Axle Counter at LOC-071","Medium","0.74","High","Low","35","Signal & Telecommunication","2026-09-02 12:00:00","2026-09-16 12:00:00","Pending",""
"TSK-0853","AST-0427","LOC-072","Kerala: Ernakulam-Thiruvananthapuram","Preventive Maintenance","Synthetic demo: Track at LOC-072","Medium","0.75","Critical","Medium","52","Engineering","2026-09-02 15:00:00","2026-09-17 15:00:00","Pending",""
"TSK-0854","AST-0427","LOC-072","Kerala: Ernakulam-Thiruvananthapuram","Condition Monitoring","Synthetic demo: Track at LOC-072","Critical","0.76","Critical","High","69","Engineering","2026-09-02 18:00:00","2026-09-04 18:00:00","Pending",""
"TSK-0855","AST-0428","LOC-072","Kerala: Ernakulam-Thiruvananthapuram","Corrective Maintenance","Synthetic demo: Turnout at LOC-072","Critical","0.77","Medium","Low","86","Engineering","2026-09-02 21:00:00","2026-09-05 21:00:00","Pending",""
"TSK-0856","AST-0428","LOC-072","Kerala: Ernakulam-Thiruvananthapuram","Inspection","Synthetic demo: Turnout at LOC-072","Medium","0.78","Medium","Medium","103","Engineering","2026-09-03 00:00:00","2026-09-07 00:00:00","Pending",""
"TSK-0857","AST-0429","LOC-072","Kerala: Ernakulam-Thiruvananthapuram","Preventive Maintenance","Synthetic demo: OHE Mast at LOC-072","Medium","0.79","High","High","49","Traction Distribution","2026-09-03 03:00:00","2026-09-08 03:00:00","Pending",""
"TSK-0858","AST-0429","LOC-072","Kerala: Ernakulam-Thiruvananthapuram","Condition Monitoring","Synthetic demo: OHE Mast at LOC-072","Critical","0.8","High","Low","66","Traction Distribution","2026-09-03 06:00:00","2026-09-09 06:00:00","In Progress",""
"TSK-0859","AST-0430","LOC-072","Kerala: Ernakulam-Thiruvananthapuram","Corrective Maintenance","Synthetic demo: Traction Substation at LOC-072","Critical","0.81","High","Medium","83","Traction Distribution","2026-09-03 09:00:00","2026-09-10 09:00:00","Pending",""
"TSK-0860","AST-0430","LOC-072","Kerala: Ernakulam-Thiruvananthapuram","Inspection","Synthetic demo: Traction Substation at LOC-072","Medium","0.82","High","High","100","Traction Distribution","2026-09-03 12:00:00","2026-09-11 12:00:00","Pending",""
"TSK-0861","AST-0431","LOC-072","Kerala: Ernakulam-Thiruvananthapuram","Preventive Maintenance","Synthetic demo: Signal at LOC-072","Medium","0.83","Critical","Low","46","Signal & Telecommunication","2026-09-03 15:00:00","2026-09-12 15:00:00","Pending",""
"TSK-0862","AST-0431","LOC-072","Kerala: Ernakulam-Thiruvananthapuram","Condition Monitoring","Synthetic demo: Signal at LOC-072","Critical","0.84","Critical","Medium","63","Signal & Telecommunication","2026-09-03 18:00:00","2026-09-13 18:00:00","Pending",""
"TSK-0863","AST-0432","LOC-072","Kerala: Ernakulam-Thiruvananthapuram","Corrective Maintenance","Synthetic demo: Axle Counter at LOC-072","Critical","0.85","Medium","High","80","Signal & Telecommunication","2026-09-03 21:00:00","2026-09-14 21:00:00","Pending",""
"TSK-0864","AST-0432","LOC-072","Kerala: Ernakulam-Thiruvananthapuram","Inspection","Synthetic demo: Axle Counter at LOC-072","Medium","0.86","Medium","Low","97","Signal & Telecommunication","2026-09-04 00:00:00","2026-09-16 00:00:00","Pending",""
"TSK-0865","AST-0433","LOC-073","Madhya Pradesh: Bhopal-Jabalpur","Preventive Maintenance","Synthetic demo: Track at LOC-073","Medium","0.87","High","Medium","43","Engineering","2026-09-04 03:00:00","2026-09-17 03:00:00","Pending",""
"TSK-0866","AST-0433","LOC-073","Madhya Pradesh: Bhopal-Jabalpur","Condition Monitoring","Synthetic demo: Track at LOC-073","Critical","0.88","High","High","60","Engineering","2026-09-04 06:00:00","2026-09-18 06:00:00","Pending",""
"TSK-0867","AST-0434","LOC-073","Madhya Pradesh: Bhopal-Jabalpur","Corrective Maintenance","Synthetic demo: Turnout at LOC-073","Critical","0.89","High","Low","77","Engineering","2026-09-04 09:00:00","2026-09-19 09:00:00","Scheduled",""
"TSK-0868","AST-0434","LOC-073","Madhya Pradesh: Bhopal-Jabalpur","Inspection","Synthetic demo: Turnout at LOC-073","Medium","0.9","High","Medium","94","Engineering","2026-09-04 12:00:00","2026-09-06 12:00:00","Pending",""
"TSK-0869","AST-0435","LOC-073","Madhya Pradesh: Bhopal-Jabalpur","Preventive Maintenance","Synthetic demo: OHE Mast at LOC-073","Medium","0.12","Critical","High","40","Traction Distribution","2026-09-04 15:00:00","2026-09-07 15:00:00","Pending",""
"TSK-0870","AST-0435","LOC-073","Madhya Pradesh: Bhopal-Jabalpur","Condition Monitoring","Synthetic demo: OHE Mast at LOC-073","Critical","0.13","Critical","Low","57","Traction Distribution","2026-09-04 18:00:00","2026-09-08 18:00:00","Pending",""
"TSK-0871","AST-0436","LOC-073","Madhya Pradesh: Bhopal-Jabalpur","Corrective Maintenance","Synthetic demo: Traction Substation at LOC-073","Critical","0.14","Medium","Medium","74","Traction Distribution","2026-09-04 21:00:00","2026-09-09 21:00:00","In Progress",""
"TSK-0872","AST-0436","LOC-073","Madhya Pradesh: Bhopal-Jabalpur","Inspection","Synthetic demo: Traction Substation at LOC-073","Medium","0.15","Medium","High","91","Traction Distribution","2026-09-05 00:00:00","2026-09-11 00:00:00","Pending",""
"TSK-0873","AST-0437","LOC-073","Madhya Pradesh: Bhopal-Jabalpur","Preventive Maintenance","Synthetic demo: Signal at LOC-073","Medium","0.16","High","Low","37","Signal & Telecommunication","2026-09-05 03:00:00","2026-09-12 03:00:00","Pending",""
"TSK-0874","AST-0437","LOC-073","Madhya Pradesh: Bhopal-Jabalpur","Condition Monitoring","Synthetic demo: Signal at LOC-073","Critical","0.17","High","Medium","54","Signal & Telecommunication","2026-09-05 06:00:00","2026-09-13 06:00:00","Pending",""
"TSK-0875","AST-0438","LOC-073","Madhya Pradesh: Bhopal-Jabalpur","Corrective Maintenance","Synthetic demo: Axle Counter at LOC-073","Critical","0.18","High","High","71","Signal & Telecommunication","2026-09-05 09:00:00","2026-09-14 09:00:00","Pending",""
"TSK-0876","AST-0438","LOC-073","Madhya Pradesh: Bhopal-Jabalpur","Inspection","Synthetic demo: Axle Counter at LOC-073","Medium","0.19","High","Low","88","Signal & Telecommunication","2026-09-05 12:00:00","2026-09-15 12:00:00","Pending",""
"TSK-0877","AST-0439","LOC-074","Madhya Pradesh: Bhopal-Jabalpur","Preventive Maintenance","Synthetic demo: Track at LOC-074","Medium","0.2","Critical","Medium","105","Engineering","2026-09-05 15:00:00","2026-09-16 15:00:00","Pending",""
"TSK-0878","AST-0439","LOC-074","Madhya Pradesh: Bhopal-Jabalpur","Condition Monitoring","Synthetic demo: Track at LOC-074","Critical","0.21","Critical","High","51","Engineering","2026-09-05 18:00:00","2026-09-17 18:00:00","Pending",""
"TSK-0879","AST-0440","LOC-074","Madhya Pradesh: Bhopal-Jabalpur","Corrective Maintenance","Synthetic demo: Turnout at LOC-074","Critical","0.22","Medium","Low","68","Engineering","2026-09-05 21:00:00","2026-09-18 21:00:00","Pending",""
"TSK-0880","AST-0440","LOC-074","Madhya Pradesh: Bhopal-Jabalpur","Inspection","Synthetic demo: Turnout at LOC-074","Medium","0.23","Medium","Medium","85","Engineering","2026-09-06 00:00:00","2026-09-20 00:00:00","Pending",""
"TSK-0881","AST-0441","LOC-074","Madhya Pradesh: Bhopal-Jabalpur","Preventive Maintenance","Synthetic demo: OHE Mast at LOC-074","Medium","0.24","High","High","102","Traction Distribution","2026-09-06 03:00:00","2026-09-21 03:00:00","Pending",""
"TSK-0882","AST-0441","LOC-074","Madhya Pradesh: Bhopal-Jabalpur","Condition Monitoring","Synthetic demo: OHE Mast at LOC-074","Critical","0.25","High","Low","48","Traction Distribution","2026-09-06 06:00:00","2026-09-08 06:00:00","Pending",""
"TSK-0883","AST-0442","LOC-074","Madhya Pradesh: Bhopal-Jabalpur","Corrective Maintenance","Synthetic demo: Traction Substation at LOC-074","Critical","0.26","High","Medium","65","Traction Distribution","2026-09-06 09:00:00","2026-09-09 09:00:00","Pending",""
"TSK-0884","AST-0442","LOC-074","Madhya Pradesh: Bhopal-Jabalpur","Inspection","Synthetic demo: Traction Substation at LOC-074","Medium","0.27","High","High","82","Traction Distribution","2026-09-06 12:00:00","2026-09-10 12:00:00","In Progress",""
"TSK-0885","AST-0443","LOC-074","Madhya Pradesh: Bhopal-Jabalpur","Preventive Maintenance","Synthetic demo: Signal at LOC-074","Medium","0.28","Critical","Low","99","Signal & Telecommunication","2026-09-06 15:00:00","2026-09-11 15:00:00","Pending",""
"TSK-0886","AST-0443","LOC-074","Madhya Pradesh: Bhopal-Jabalpur","Condition Monitoring","Synthetic demo: Signal at LOC-074","Critical","0.29","Critical","Medium","45","Signal & Telecommunication","2026-09-06 18:00:00","2026-09-12 18:00:00","Pending",""
"TSK-0887","AST-0444","LOC-074","Madhya Pradesh: Bhopal-Jabalpur","Corrective Maintenance","Synthetic demo: Axle Counter at LOC-074","Critical","0.3","Medium","High","62","Signal & Telecommunication","2026-09-06 21:00:00","2026-09-13 21:00:00","Pending",""
"TSK-0888","AST-0444","LOC-074","Madhya Pradesh: Bhopal-Jabalpur","Inspection","Synthetic demo: Axle Counter at LOC-074","Medium","0.31","Medium","Low","79","Signal & Telecommunication","2026-09-07 00:00:00","2026-09-15 00:00:00","Pending",""
"TSK-0889","AST-0445","LOC-075","Madhya Pradesh: Bhopal-Jabalpur","Preventive Maintenance","Synthetic demo: Track at LOC-075","Medium","0.32","High","Medium","96","Engineering","2026-09-07 03:00:00","2026-09-16 03:00:00","Pending",""
"TSK-0890","AST-0445","LOC-075","Madhya Pradesh: Bhopal-Jabalpur","Condition Monitoring","Synthetic demo: Track at LOC-075","Critical","0.33","High","High","42","Engineering","2026-09-07 06:00:00","2026-09-17 06:00:00","Pending",""
"TSK-0891","AST-0446","LOC-075","Madhya Pradesh: Bhopal-Jabalpur","Corrective Maintenance","Synthetic demo: Turnout at LOC-075","Critical","0.34","High","Low","59","Engineering","2026-09-07 09:00:00","2026-09-18 09:00:00","Pending",""
"TSK-0892","AST-0446","LOC-075","Madhya Pradesh: Bhopal-Jabalpur","Inspection","Synthetic demo: Turnout at LOC-075","Medium","0.35","High","Medium","76","Engineering","2026-09-07 12:00:00","2026-09-19 12:00:00","Pending",""
"TSK-0893","AST-0447","LOC-075","Madhya Pradesh: Bhopal-Jabalpur","Preventive Maintenance","Synthetic demo: OHE Mast at LOC-075","Medium","0.36","Critical","High","93","Traction Distribution","2026-09-07 15:00:00","2026-09-20 15:00:00","Pending",""
"TSK-0894","AST-0447","LOC-075","Madhya Pradesh: Bhopal-Jabalpur","Condition Monitoring","Synthetic demo: OHE Mast at LOC-075","Critical","0.37","Critical","Low","39","Traction Distribution","2026-09-07 18:00:00","2026-09-21 18:00:00","Pending",""
"TSK-0895","AST-0448","LOC-075","Madhya Pradesh: Bhopal-Jabalpur","Corrective Maintenance","Synthetic demo: Traction Substation at LOC-075","Critical","0.38","Medium","Medium","56","Traction Distribution","2026-09-07 21:00:00","2026-09-22 21:00:00","Pending",""
"TSK-0896","AST-0448","LOC-075","Madhya Pradesh: Bhopal-Jabalpur","Inspection","Synthetic demo: Traction Substation at LOC-075","Medium","0.39","Medium","High","73","Traction Distribution","2026-09-08 00:00:00","2026-09-10 00:00:00","Pending",""
"TSK-0897","AST-0449","LOC-075","Madhya Pradesh: Bhopal-Jabalpur","Preventive Maintenance","Synthetic demo: Signal at LOC-075","Medium","0.4","High","Low","90","Signal & Telecommunication","2026-09-08 03:00:00","2026-09-11 03:00:00","In Progress",""
"TSK-0898","AST-0449","LOC-075","Madhya Pradesh: Bhopal-Jabalpur","Condition Monitoring","Synthetic demo: Signal at LOC-075","Critical","0.41","High","Medium","36","Signal & Telecommunication","2026-09-08 06:00:00","2026-09-12 06:00:00","Pending",""
"TSK-0899","AST-0450","LOC-075","Madhya Pradesh: Bhopal-Jabalpur","Corrective Maintenance","Synthetic demo: Axle Counter at LOC-075","Critical","0.42","High","High","53","Signal & Telecommunication","2026-09-08 09:00:00","2026-09-13 09:00:00","Pending",""
"TSK-0900","AST-0450","LOC-075","Madhya Pradesh: Bhopal-Jabalpur","Inspection","Synthetic demo: Axle Counter at LOC-075","Medium","0.43","High","Low","70","Signal & Telecommunication","2026-09-08 12:00:00","2026-09-14 12:00:00","Pending",""
"TSK-0901","AST-0451","LOC-076","Madhya Pradesh: Bhopal-Jabalpur","Preventive Maintenance","Synthetic demo: Track at LOC-076","Medium","0.44","Critical","Medium","87","Engineering","2026-09-08 15:00:00","2026-09-15 15:00:00","Scheduled",""
"TSK-0902","AST-0451","LOC-076","Madhya Pradesh: Bhopal-Jabalpur","Condition Monitoring","Synthetic demo: Track at LOC-076","Critical","0.45","Critical","High","104","Engineering","2026-09-08 18:00:00","2026-09-16 18:00:00","Pending",""
"TSK-0903","AST-0452","LOC-076","Madhya Pradesh: Bhopal-Jabalpur","Corrective Maintenance","Synthetic demo: Turnout at LOC-076","Critical","0.46","Medium","Low","50","Engineering","2026-09-08 21:00:00","2026-09-17 21:00:00","Pending",""
"TSK-0904","AST-0452","LOC-076","Madhya Pradesh: Bhopal-Jabalpur","Inspection","Synthetic demo: Turnout at LOC-076","Medium","0.47","Medium","Medium","67","Engineering","2026-09-09 00:00:00","2026-09-19 00:00:00","Pending",""
"TSK-0905","AST-0453","LOC-076","Madhya Pradesh: Bhopal-Jabalpur","Preventive Maintenance","Synthetic demo: OHE Mast at LOC-076","Medium","0.48","High","High","84","Traction Distribution","2026-09-09 03:00:00","2026-09-20 03:00:00","Pending",""
"TSK-0906","AST-0453","LOC-076","Madhya Pradesh: Bhopal-Jabalpur","Condition Monitoring","Synthetic demo: OHE Mast at LOC-076","Critical","0.49","High","Low","101","Traction Distribution","2026-09-09 06:00:00","2026-09-21 06:00:00","Pending",""
"TSK-0907","AST-0454","LOC-076","Madhya Pradesh: Bhopal-Jabalpur","Corrective Maintenance","Synthetic demo: Traction Substation at LOC-076","Critical","0.5","High","Medium","47","Traction Distribution","2026-09-09 09:00:00","2026-09-22 09:00:00","Pending",""
"TSK-0908","AST-0454","LOC-076","Madhya Pradesh: Bhopal-Jabalpur","Inspection","Synthetic demo: Traction Substation at LOC-076","Medium","0.51","High","High","64","Traction Distribution","2026-09-09 12:00:00","2026-09-23 12:00:00","Pending",""
"TSK-0909","AST-0455","LOC-076","Madhya Pradesh: Bhopal-Jabalpur","Preventive Maintenance","Synthetic demo: Signal at LOC-076","Medium","0.52","Critical","Low","81","Signal & Telecommunication","2026-09-09 15:00:00","2026-09-24 15:00:00","Pending",""
"TSK-0910","AST-0455","LOC-076","Madhya Pradesh: Bhopal-Jabalpur","Condition Monitoring","Synthetic demo: Signal at LOC-076","Critical","0.53","Critical","Medium","98","Signal & Telecommunication","2026-09-09 18:00:00","2026-09-11 18:00:00","In Progress",""
"TSK-0911","AST-0456","LOC-076","Madhya Pradesh: Bhopal-Jabalpur","Corrective Maintenance","Synthetic demo: Axle Counter at LOC-076","Critical","0.54","Medium","High","44","Signal & Telecommunication","2026-09-09 21:00:00","2026-09-12 21:00:00","Pending",""
"TSK-0912","AST-0456","LOC-076","Madhya Pradesh: Bhopal-Jabalpur","Inspection","Synthetic demo: Axle Counter at LOC-076","Medium","0.55","Medium","Low","61","Signal & Telecommunication","2026-09-10 00:00:00","2026-09-14 00:00:00","Pending",""
"TSK-0913","AST-0457","LOC-077","Madhya Pradesh: Bhopal-Jabalpur","Preventive Maintenance","Synthetic demo: Track at LOC-077","Medium","0.56","High","Medium","78","Engineering","2026-09-10 03:00:00","2026-09-15 03:00:00","Pending",""
"TSK-0914","AST-0457","LOC-077","Madhya Pradesh: Bhopal-Jabalpur","Condition Monitoring","Synthetic demo: Track at LOC-077","Critical","0.57","High","High","95","Engineering","2026-09-10 06:00:00","2026-09-16 06:00:00","Pending",""
"TSK-0915","AST-0458","LOC-077","Madhya Pradesh: Bhopal-Jabalpur","Corrective Maintenance","Synthetic demo: Turnout at LOC-077","Critical","0.58","High","Low","41","Engineering","2026-09-10 09:00:00","2026-09-17 09:00:00","Pending",""
"TSK-0916","AST-0458","LOC-077","Madhya Pradesh: Bhopal-Jabalpur","Inspection","Synthetic demo: Turnout at LOC-077","Medium","0.59","High","Medium","58","Engineering","2026-09-10 12:00:00","2026-09-18 12:00:00","Pending",""
"TSK-0917","AST-0459","LOC-077","Madhya Pradesh: Bhopal-Jabalpur","Preventive Maintenance","Synthetic demo: OHE Mast at LOC-077","Medium","0.6","Critical","High","75","Traction Distribution","2026-09-10 15:00:00","2026-09-19 15:00:00","Pending",""
"TSK-0918","AST-0459","LOC-077","Madhya Pradesh: Bhopal-Jabalpur","Condition Monitoring","Synthetic demo: OHE Mast at LOC-077","Critical","0.61","Critical","Low","92","Traction Distribution","2026-09-10 18:00:00","2026-09-20 18:00:00","Scheduled",""
"TSK-0919","AST-0460","LOC-077","Madhya Pradesh: Bhopal-Jabalpur","Corrective Maintenance","Synthetic demo: Traction Substation at LOC-077","Critical","0.62","Medium","Medium","38","Traction Distribution","2026-09-10 21:00:00","2026-09-21 21:00:00","Pending",""
"TSK-0920","AST-0460","LOC-077","Madhya Pradesh: Bhopal-Jabalpur","Inspection","Synthetic demo: Traction Substation at LOC-077","Medium","0.63","Medium","High","55","Traction Distribution","2026-09-11 00:00:00","2026-09-23 00:00:00","Pending",""
"TSK-0921","AST-0461","LOC-077","Madhya Pradesh: Bhopal-Jabalpur","Preventive Maintenance","Synthetic demo: Signal at LOC-077","Medium","0.64","High","Low","72","Signal & Telecommunication","2026-09-11 03:00:00","2026-09-24 03:00:00","Pending",""
"TSK-0922","AST-0461","LOC-077","Madhya Pradesh: Bhopal-Jabalpur","Condition Monitoring","Synthetic demo: Signal at LOC-077","Critical","0.65","High","Medium","89","Signal & Telecommunication","2026-09-11 06:00:00","2026-09-25 06:00:00","Pending",""
"TSK-0923","AST-0462","LOC-077","Madhya Pradesh: Bhopal-Jabalpur","Corrective Maintenance","Synthetic demo: Axle Counter at LOC-077","Critical","0.66","High","High","35","Signal & Telecommunication","2026-09-11 09:00:00","2026-09-26 09:00:00","In Progress",""
"TSK-0924","AST-0462","LOC-077","Madhya Pradesh: Bhopal-Jabalpur","Inspection","Synthetic demo: Axle Counter at LOC-077","Medium","0.67","High","Low","52","Signal & Telecommunication","2026-09-11 12:00:00","2026-09-13 12:00:00","Pending",""
"TSK-0925","AST-0463","LOC-078","Madhya Pradesh: Bhopal-Jabalpur","Preventive Maintenance","Synthetic demo: Track at LOC-078","Medium","0.68","Critical","Medium","69","Engineering","2026-09-11 15:00:00","2026-09-14 15:00:00","Pending",""
"TSK-0926","AST-0463","LOC-078","Madhya Pradesh: Bhopal-Jabalpur","Condition Monitoring","Synthetic demo: Track at LOC-078","Critical","0.69","Critical","High","86","Engineering","2026-09-11 18:00:00","2026-09-15 18:00:00","Pending",""
"TSK-0927","AST-0464","LOC-078","Madhya Pradesh: Bhopal-Jabalpur","Corrective Maintenance","Synthetic demo: Turnout at LOC-078","Critical","0.7","Medium","Low","103","Engineering","2026-09-11 21:00:00","2026-09-16 21:00:00","Pending",""
"TSK-0928","AST-0464","LOC-078","Madhya Pradesh: Bhopal-Jabalpur","Inspection","Synthetic demo: Turnout at LOC-078","Medium","0.71","Medium","Medium","49","Engineering","2026-09-12 00:00:00","2026-09-18 00:00:00","Pending",""
"TSK-0929","AST-0465","LOC-078","Madhya Pradesh: Bhopal-Jabalpur","Preventive Maintenance","Synthetic demo: OHE Mast at LOC-078","Medium","0.72","High","High","66","Traction Distribution","2026-09-12 03:00:00","2026-09-19 03:00:00","Pending",""
"TSK-0930","AST-0465","LOC-078","Madhya Pradesh: Bhopal-Jabalpur","Condition Monitoring","Synthetic demo: OHE Mast at LOC-078","Critical","0.73","High","Low","83","Traction Distribution","2026-09-12 06:00:00","2026-09-20 06:00:00","Pending",""
"TSK-0931","AST-0466","LOC-078","Madhya Pradesh: Bhopal-Jabalpur","Corrective Maintenance","Synthetic demo: Traction Substation at LOC-078","Critical","0.74","High","Medium","100","Traction Distribution","2026-09-12 09:00:00","2026-09-21 09:00:00","Pending",""
"TSK-0932","AST-0466","LOC-078","Madhya Pradesh: Bhopal-Jabalpur","Inspection","Synthetic demo: Traction Substation at LOC-078","Medium","0.75","High","High","46","Traction Distribution","2026-09-12 12:00:00","2026-09-22 12:00:00","Pending",""
"TSK-0933","AST-0467","LOC-078","Madhya Pradesh: Bhopal-Jabalpur","Preventive Maintenance","Synthetic demo: Signal at LOC-078","Medium","0.76","Critical","Low","63","Signal & Telecommunication","2026-09-12 15:00:00","2026-09-23 15:00:00","Pending",""
"TSK-0934","AST-0467","LOC-078","Madhya Pradesh: Bhopal-Jabalpur","Condition Monitoring","Synthetic demo: Signal at LOC-078","Critical","0.77","Critical","Medium","80","Signal & Telecommunication","2026-09-12 18:00:00","2026-09-24 18:00:00","Pending",""
"TSK-0935","AST-0468","LOC-078","Madhya Pradesh: Bhopal-Jabalpur","Corrective Maintenance","Synthetic demo: Axle Counter at LOC-078","Critical","0.78","Medium","High","97","Signal & Telecommunication","2026-09-12 21:00:00","2026-09-25 21:00:00","Scheduled",""
"TSK-0936","AST-0468","LOC-078","Madhya Pradesh: Bhopal-Jabalpur","Inspection","Synthetic demo: Axle Counter at LOC-078","Medium","0.79","Medium","Low","43","Signal & Telecommunication","2026-09-13 00:00:00","2026-09-27 00:00:00","In Progress",""
"TSK-0937","AST-0469","LOC-079","Maharashtra: Mumbai-Nagpur","Preventive Maintenance","Synthetic demo: Track at LOC-079","Medium","0.8","High","Medium","60","Engineering","2026-09-13 03:00:00","2026-09-28 03:00:00","Pending",""
"TSK-0938","AST-0469","LOC-079","Maharashtra: Mumbai-Nagpur","Condition Monitoring","Synthetic demo: Track at LOC-079","Critical","0.81","High","High","77","Engineering","2026-09-13 06:00:00","2026-09-15 06:00:00","Pending",""
"TSK-0939","AST-0470","LOC-079","Maharashtra: Mumbai-Nagpur","Corrective Maintenance","Synthetic demo: Turnout at LOC-079","Critical","0.82","High","Low","94","Engineering","2026-09-13 09:00:00","2026-09-16 09:00:00","Pending",""
"TSK-0940","AST-0470","LOC-079","Maharashtra: Mumbai-Nagpur","Inspection","Synthetic demo: Turnout at LOC-079","Medium","0.83","High","Medium","40","Engineering","2026-09-13 12:00:00","2026-09-17 12:00:00","Pending",""
"TSK-0941","AST-0471","LOC-079","Maharashtra: Mumbai-Nagpur","Preventive Maintenance","Synthetic demo: OHE Mast at LOC-079","Medium","0.84","Critical","High","57","Traction Distribution","2026-09-13 15:00:00","2026-09-18 15:00:00","Pending",""
"TSK-0942","AST-0471","LOC-079","Maharashtra: Mumbai-Nagpur","Condition Monitoring","Synthetic demo: OHE Mast at LOC-079","Critical","0.85","Critical","Low","74","Traction Distribution","2026-09-13 18:00:00","2026-09-19 18:00:00","Pending",""
"TSK-0943","AST-0472","LOC-079","Maharashtra: Mumbai-Nagpur","Corrective Maintenance","Synthetic demo: Traction Substation at LOC-079","Critical","0.86","Medium","Medium","91","Traction Distribution","2026-09-13 21:00:00","2026-09-20 21:00:00","Pending",""
"TSK-0944","AST-0472","LOC-079","Maharashtra: Mumbai-Nagpur","Inspection","Synthetic demo: Traction Substation at LOC-079","Medium","0.87","Medium","High","37","Traction Distribution","2026-09-14 00:00:00","2026-09-22 00:00:00","Pending",""
"TSK-0945","AST-0473","LOC-079","Maharashtra: Mumbai-Nagpur","Preventive Maintenance","Synthetic demo: Signal at LOC-079","Medium","0.88","High","Low","54","Signal & Telecommunication","2026-09-14 03:00:00","2026-09-23 03:00:00","Pending",""
"TSK-0946","AST-0473","LOC-079","Maharashtra: Mumbai-Nagpur","Condition Monitoring","Synthetic demo: Signal at LOC-079","Critical","0.89","High","Medium","71","Signal & Telecommunication","2026-09-14 06:00:00","2026-09-24 06:00:00","Pending",""
"TSK-0947","AST-0474","LOC-079","Maharashtra: Mumbai-Nagpur","Corrective Maintenance","Synthetic demo: Axle Counter at LOC-079","Critical","0.9","High","High","88","Signal & Telecommunication","2026-09-14 09:00:00","2026-09-25 09:00:00","Pending",""
"TSK-0948","AST-0474","LOC-079","Maharashtra: Mumbai-Nagpur","Inspection","Synthetic demo: Axle Counter at LOC-079","Medium","0.12","High","Low","105","Signal & Telecommunication","2026-09-14 12:00:00","2026-09-26 12:00:00","Pending",""
"TSK-0949","AST-0475","LOC-080","Maharashtra: Mumbai-Nagpur","Preventive Maintenance","Synthetic demo: Track at LOC-080","Medium","0.13","Critical","Medium","51","Engineering","2026-09-14 15:00:00","2026-09-27 15:00:00","In Progress",""
"TSK-0950","AST-0475","LOC-080","Maharashtra: Mumbai-Nagpur","Condition Monitoring","Synthetic demo: Track at LOC-080","Critical","0.14","Critical","High","68","Engineering","2026-09-14 18:00:00","2026-09-28 18:00:00","Pending",""
"TSK-0951","AST-0476","LOC-080","Maharashtra: Mumbai-Nagpur","Corrective Maintenance","Synthetic demo: Turnout at LOC-080","Critical","0.15","Medium","Low","85","Engineering","2026-09-14 21:00:00","2026-09-29 21:00:00","Pending",""
"TSK-0952","AST-0476","LOC-080","Maharashtra: Mumbai-Nagpur","Inspection","Synthetic demo: Turnout at LOC-080","Medium","0.16","Medium","Medium","102","Engineering","2026-09-15 00:00:00","2026-09-17 00:00:00","Scheduled",""
"TSK-0953","AST-0477","LOC-080","Maharashtra: Mumbai-Nagpur","Preventive Maintenance","Synthetic demo: OHE Mast at LOC-080","Medium","0.17","High","High","48","Traction Distribution","2026-09-15 03:00:00","2026-09-18 03:00:00","Pending",""
"TSK-0954","AST-0477","LOC-080","Maharashtra: Mumbai-Nagpur","Condition Monitoring","Synthetic demo: OHE Mast at LOC-080","Critical","0.18","High","Low","65","Traction Distribution","2026-09-15 06:00:00","2026-09-19 06:00:00","Pending",""
"TSK-0955","AST-0478","LOC-080","Maharashtra: Mumbai-Nagpur","Corrective Maintenance","Synthetic demo: Traction Substation at LOC-080","Critical","0.19","High","Medium","82","Traction Distribution","2026-09-15 09:00:00","2026-09-20 09:00:00","Pending",""
"TSK-0956","AST-0478","LOC-080","Maharashtra: Mumbai-Nagpur","Inspection","Synthetic demo: Traction Substation at LOC-080","Medium","0.2","High","High","99","Traction Distribution","2026-09-15 12:00:00","2026-09-21 12:00:00","Pending",""
"TSK-0957","AST-0479","LOC-080","Maharashtra: Mumbai-Nagpur","Preventive Maintenance","Synthetic demo: Signal at LOC-080","Medium","0.21","Critical","Low","45","Signal & Telecommunication","2026-09-15 15:00:00","2026-09-22 15:00:00","Pending",""
"TSK-0958","AST-0479","LOC-080","Maharashtra: Mumbai-Nagpur","Condition Monitoring","Synthetic demo: Signal at LOC-080","Critical","0.22","Critical","Medium","62","Signal & Telecommunication","2026-09-15 18:00:00","2026-09-23 18:00:00","Pending",""
"TSK-0959","AST-0480","LOC-080","Maharashtra: Mumbai-Nagpur","Corrective Maintenance","Synthetic demo: Axle Counter at LOC-080","Critical","0.23","Medium","High","79","Signal & Telecommunication","2026-09-15 21:00:00","2026-09-24 21:00:00","Pending",""
"TSK-0960","AST-0480","LOC-080","Maharashtra: Mumbai-Nagpur","Inspection","Synthetic demo: Axle Counter at LOC-080","Medium","0.24","Medium","Low","96","Signal & Telecommunication","2026-09-16 00:00:00","2026-09-26 00:00:00","Pending",""
"TSK-0961","AST-0481","LOC-081","Maharashtra: Mumbai-Nagpur","Preventive Maintenance","Synthetic demo: Track at LOC-081","Medium","0.25","High","Medium","42","Engineering","2026-09-16 03:00:00","2026-09-27 03:00:00","Pending",""
"TSK-0962","AST-0481","LOC-081","Maharashtra: Mumbai-Nagpur","Condition Monitoring","Synthetic demo: Track at LOC-081","Critical","0.26","High","High","59","Engineering","2026-09-16 06:00:00","2026-09-28 06:00:00","In Progress",""
"TSK-0963","AST-0482","LOC-081","Maharashtra: Mumbai-Nagpur","Corrective Maintenance","Synthetic demo: Turnout at LOC-081","Critical","0.27","High","Low","76","Engineering","2026-09-16 09:00:00","2026-09-29 09:00:00","Pending",""
"TSK-0964","AST-0482","LOC-081","Maharashtra: Mumbai-Nagpur","Inspection","Synthetic demo: Turnout at LOC-081","Medium","0.28","High","Medium","93","Engineering","2026-09-16 12:00:00","2026-09-30 12:00:00","Pending",""
"TSK-0965","AST-0483","LOC-081","Maharashtra: Mumbai-Nagpur","Preventive Maintenance","Synthetic demo: OHE Mast at LOC-081","Medium","0.29","Critical","High","39","Traction Distribution","2026-09-16 15:00:00","2026-10-01 15:00:00","Pending",""
"TSK-0966","AST-0483","LOC-081","Maharashtra: Mumbai-Nagpur","Condition Monitoring","Synthetic demo: OHE Mast at LOC-081","Critical","0.3","Critical","Low","56","Traction Distribution","2026-09-16 18:00:00","2026-09-18 18:00:00","Pending",""
"TSK-0967","AST-0484","LOC-081","Maharashtra: Mumbai-Nagpur","Corrective Maintenance","Synthetic demo: Traction Substation at LOC-081","Critical","0.31","Medium","Medium","73","Traction Distribution","2026-09-16 21:00:00","2026-09-19 21:00:00","Pending",""
"TSK-0968","AST-0484","LOC-081","Maharashtra: Mumbai-Nagpur","Inspection","Synthetic demo: Traction Substation at LOC-081","Medium","0.32","Medium","High","90","Traction Distribution","2026-09-17 00:00:00","2026-09-21 00:00:00","Pending",""
"TSK-0969","AST-0485","LOC-081","Maharashtra: Mumbai-Nagpur","Preventive Maintenance","Synthetic demo: Signal at LOC-081","Medium","0.33","High","Low","36","Signal & Telecommunication","2026-09-17 03:00:00","2026-09-22 03:00:00","Scheduled",""
"TSK-0970","AST-0485","LOC-081","Maharashtra: Mumbai-Nagpur","Condition Monitoring","Synthetic demo: Signal at LOC-081","Critical","0.34","High","Medium","53","Signal & Telecommunication","2026-09-17 06:00:00","2026-09-23 06:00:00","Pending",""
"TSK-0971","AST-0486","LOC-081","Maharashtra: Mumbai-Nagpur","Corrective Maintenance","Synthetic demo: Axle Counter at LOC-081","Critical","0.35","High","High","70","Signal & Telecommunication","2026-09-17 09:00:00","2026-09-24 09:00:00","Pending",""
"TSK-0972","AST-0486","LOC-081","Maharashtra: Mumbai-Nagpur","Inspection","Synthetic demo: Axle Counter at LOC-081","Medium","0.36","High","Low","87","Signal & Telecommunication","2026-09-17 12:00:00","2026-09-25 12:00:00","Pending",""
"TSK-0973","AST-0487","LOC-082","Maharashtra: Mumbai-Nagpur","Preventive Maintenance","Synthetic demo: Track at LOC-082","Medium","0.37","Critical","Medium","104","Engineering","2026-09-17 15:00:00","2026-09-26 15:00:00","Pending",""
"TSK-0974","AST-0487","LOC-082","Maharashtra: Mumbai-Nagpur","Condition Monitoring","Synthetic demo: Track at LOC-082","Critical","0.38","Critical","High","50","Engineering","2026-09-17 18:00:00","2026-09-27 18:00:00","Pending",""
"TSK-0975","AST-0488","LOC-082","Maharashtra: Mumbai-Nagpur","Corrective Maintenance","Synthetic demo: Turnout at LOC-082","Critical","0.39","Medium","Low","67","Engineering","2026-09-17 21:00:00","2026-09-28 21:00:00","In Progress",""
"TSK-0976","AST-0488","LOC-082","Maharashtra: Mumbai-Nagpur","Inspection","Synthetic demo: Turnout at LOC-082","Medium","0.4","Medium","Medium","84","Engineering","2026-09-18 00:00:00","2026-09-30 00:00:00","Pending",""
"TSK-0977","AST-0489","LOC-082","Maharashtra: Mumbai-Nagpur","Preventive Maintenance","Synthetic demo: OHE Mast at LOC-082","Medium","0.41","High","High","101","Traction Distribution","2026-09-18 03:00:00","2026-10-01 03:00:00","Pending",""
"TSK-0978","AST-0489","LOC-082","Maharashtra: Mumbai-Nagpur","Condition Monitoring","Synthetic demo: OHE Mast at LOC-082","Critical","0.42","High","Low","47","Traction Distribution","2026-09-18 06:00:00","2026-10-02 06:00:00","Pending",""
"TSK-0979","AST-0490","LOC-082","Maharashtra: Mumbai-Nagpur","Corrective Maintenance","Synthetic demo: Traction Substation at LOC-082","Critical","0.43","High","Medium","64","Traction Distribution","2026-09-18 09:00:00","2026-10-03 09:00:00","Pending",""
"TSK-0980","AST-0490","LOC-082","Maharashtra: Mumbai-Nagpur","Inspection","Synthetic demo: Traction Substation at LOC-082","Medium","0.44","High","High","81","Traction Distribution","2026-09-18 12:00:00","2026-09-20 12:00:00","Pending",""
"TSK-0981","AST-0491","LOC-082","Maharashtra: Mumbai-Nagpur","Preventive Maintenance","Synthetic demo: Signal at LOC-082","Medium","0.45","Critical","Low","98","Signal & Telecommunication","2026-09-18 15:00:00","2026-09-21 15:00:00","Pending",""
"TSK-0982","AST-0491","LOC-082","Maharashtra: Mumbai-Nagpur","Condition Monitoring","Synthetic demo: Signal at LOC-082","Critical","0.46","Critical","Medium","44","Signal & Telecommunication","2026-09-18 18:00:00","2026-09-22 18:00:00","Pending",""
"TSK-0983","AST-0492","LOC-082","Maharashtra: Mumbai-Nagpur","Corrective Maintenance","Synthetic demo: Axle Counter at LOC-082","Critical","0.47","Medium","High","61","Signal & Telecommunication","2026-09-18 21:00:00","2026-09-23 21:00:00","Pending",""
"TSK-0984","AST-0492","LOC-082","Maharashtra: Mumbai-Nagpur","Inspection","Synthetic demo: Axle Counter at LOC-082","Medium","0.48","Medium","Low","78","Signal & Telecommunication","2026-09-19 00:00:00","2026-09-25 00:00:00","Pending",""
"TSK-0985","AST-0493","LOC-083","Maharashtra: Mumbai-Nagpur","Preventive Maintenance","Synthetic demo: Track at LOC-083","Medium","0.49","High","Medium","95","Engineering","2026-09-19 03:00:00","2026-09-26 03:00:00","Pending",""
"TSK-0986","AST-0493","LOC-083","Maharashtra: Mumbai-Nagpur","Condition Monitoring","Synthetic demo: Track at LOC-083","Critical","0.5","High","High","41","Engineering","2026-09-19 06:00:00","2026-09-27 06:00:00","Scheduled",""
"TSK-0987","AST-0494","LOC-083","Maharashtra: Mumbai-Nagpur","Corrective Maintenance","Synthetic demo: Turnout at LOC-083","Critical","0.51","High","Low","58","Engineering","2026-09-19 09:00:00","2026-09-28 09:00:00","Pending",""
"TSK-0988","AST-0494","LOC-083","Maharashtra: Mumbai-Nagpur","Inspection","Synthetic demo: Turnout at LOC-083","Medium","0.52","High","Medium","75","Engineering","2026-09-19 12:00:00","2026-09-29 12:00:00","In Progress",""
"TSK-0989","AST-0495","LOC-083","Maharashtra: Mumbai-Nagpur","Preventive Maintenance","Synthetic demo: OHE Mast at LOC-083","Medium","0.53","Critical","High","92","Traction Distribution","2026-09-19 15:00:00","2026-09-30 15:00:00","Pending",""
"TSK-0990","AST-0495","LOC-083","Maharashtra: Mumbai-Nagpur","Condition Monitoring","Synthetic demo: OHE Mast at LOC-083","Critical","0.54","Critical","Low","38","Traction Distribution","2026-09-19 18:00:00","2026-10-01 18:00:00","Pending",""
"TSK-0991","AST-0496","LOC-083","Maharashtra: Mumbai-Nagpur","Corrective Maintenance","Synthetic demo: Traction Substation at LOC-083","Critical","0.55","Medium","Medium","55","Traction Distribution","2026-09-19 21:00:00","2026-10-02 21:00:00","Pending",""
"TSK-0992","AST-0496","LOC-083","Maharashtra: Mumbai-Nagpur","Inspection","Synthetic demo: Traction Substation at LOC-083","Medium","0.56","Medium","High","72","Traction Distribution","2026-09-20 00:00:00","2026-10-04 00:00:00","Pending",""
"TSK-0993","AST-0497","LOC-083","Maharashtra: Mumbai-Nagpur","Preventive Maintenance","Synthetic demo: Signal at LOC-083","Medium","0.57","High","Low","89","Signal & Telecommunication","2026-09-20 03:00:00","2026-10-05 03:00:00","Pending",""
"TSK-0994","AST-0497","LOC-083","Maharashtra: Mumbai-Nagpur","Condition Monitoring","Synthetic demo: Signal at LOC-083","Critical","0.58","High","Medium","35","Signal & Telecommunication","2026-09-20 06:00:00","2026-09-22 06:00:00","Pending",""
"TSK-0995","AST-0498","LOC-083","Maharashtra: Mumbai-Nagpur","Corrective Maintenance","Synthetic demo: Axle Counter at LOC-083","Critical","0.59","High","High","52","Signal & Telecommunication","2026-09-20 09:00:00","2026-09-23 09:00:00","Pending",""
"TSK-0996","AST-0498","LOC-083","Maharashtra: Mumbai-Nagpur","Inspection","Synthetic demo: Axle Counter at LOC-083","Medium","0.6","High","Low","69","Signal & Telecommunication","2026-09-20 12:00:00","2026-09-24 12:00:00","Pending",""
"TSK-0997","AST-0499","LOC-084","Maharashtra: Mumbai-Nagpur","Preventive Maintenance","Synthetic demo: Track at LOC-084","Medium","0.61","Critical","Medium","86","Engineering","2026-09-20 15:00:00","2026-09-25 15:00:00","Pending",""
"TSK-0998","AST-0499","LOC-084","Maharashtra: Mumbai-Nagpur","Condition Monitoring","Synthetic demo: Track at LOC-084","Critical","0.62","Critical","High","103","Engineering","2026-09-20 18:00:00","2026-09-26 18:00:00","Pending",""
"TSK-0999","AST-0500","LOC-084","Maharashtra: Mumbai-Nagpur","Corrective Maintenance","Synthetic demo: Turnout at LOC-084","Critical","0.63","Medium","Low","49","Engineering","2026-09-20 21:00:00","2026-09-27 21:00:00","Pending",""
"TSK-1000","AST-0500","LOC-084","Maharashtra: Mumbai-Nagpur","Inspection","Synthetic demo: Turnout at LOC-084","Medium","0.64","Medium","Medium","66","Engineering","2026-09-21 00:00:00","2026-09-29 00:00:00","Pending",""
"TSK-1001","AST-0501","LOC-084","Maharashtra: Mumbai-Nagpur","Preventive Maintenance","Synthetic demo: OHE Mast at LOC-084","Medium","0.65","High","High","83","Traction Distribution","2026-09-21 03:00:00","2026-09-30 03:00:00","In Progress",""
"TSK-1002","AST-0501","LOC-084","Maharashtra: Mumbai-Nagpur","Condition Monitoring","Synthetic demo: OHE Mast at LOC-084","Critical","0.66","High","Low","100","Traction Distribution","2026-09-21 06:00:00","2026-10-01 06:00:00","Pending",""
"TSK-1003","AST-0502","LOC-084","Maharashtra: Mumbai-Nagpur","Corrective Maintenance","Synthetic demo: Traction Substation at LOC-084","Critical","0.67","High","Medium","46","Traction Distribution","2026-09-21 09:00:00","2026-10-02 09:00:00","Scheduled",""
"TSK-1004","AST-0502","LOC-084","Maharashtra: Mumbai-Nagpur","Inspection","Synthetic demo: Traction Substation at LOC-084","Medium","0.68","High","High","63","Traction Distribution","2026-09-21 12:00:00","2026-10-03 12:00:00","Pending",""
"TSK-1005","AST-0503","LOC-084","Maharashtra: Mumbai-Nagpur","Preventive Maintenance","Synthetic demo: Signal at LOC-084","Medium","0.69","Critical","Low","80","Signal & Telecommunication","2026-09-21 15:00:00","2026-10-04 15:00:00","Pending",""
"TSK-1006","AST-0503","LOC-084","Maharashtra: Mumbai-Nagpur","Condition Monitoring","Synthetic demo: Signal at LOC-084","Critical","0.7","Critical","Medium","97","Signal & Telecommunication","2026-09-21 18:00:00","2026-10-05 18:00:00","Pending",""
"TSK-1007","AST-0504","LOC-084","Maharashtra: Mumbai-Nagpur","Corrective Maintenance","Synthetic demo: Axle Counter at LOC-084","Critical","0.71","Medium","High","43","Signal & Telecommunication","2026-09-21 21:00:00","2026-10-06 21:00:00","Pending",""
"TSK-1008","AST-0504","LOC-084","Maharashtra: Mumbai-Nagpur","Inspection","Synthetic demo: Axle Counter at LOC-084","Medium","0.72","Medium","Low","60","Signal & Telecommunication","2026-09-01 00:00:00","2026-09-03 00:00:00","Pending",""
"TSK-1009","AST-0505","LOC-085","Manipur: Imphal-Jiribam","Preventive Maintenance","Synthetic demo: Track at LOC-085","Medium","0.73","High","Medium","77","Engineering","2026-09-01 03:00:00","2026-09-04 03:00:00","Pending",""
"TSK-1010","AST-0505","LOC-085","Manipur: Imphal-Jiribam","Condition Monitoring","Synthetic demo: Track at LOC-085","Critical","0.74","High","High","94","Engineering","2026-09-01 06:00:00","2026-09-05 06:00:00","Pending",""
"TSK-1011","AST-0506","LOC-085","Manipur: Imphal-Jiribam","Corrective Maintenance","Synthetic demo: Turnout at LOC-085","Critical","0.75","High","Low","40","Engineering","2026-09-01 09:00:00","2026-09-06 09:00:00","Pending",""
"TSK-1012","AST-0506","LOC-085","Manipur: Imphal-Jiribam","Inspection","Synthetic demo: Turnout at LOC-085","Medium","0.76","High","Medium","57","Engineering","2026-09-01 12:00:00","2026-09-07 12:00:00","Pending",""
"TSK-1013","AST-0507","LOC-085","Manipur: Imphal-Jiribam","Preventive Maintenance","Synthetic demo: OHE Mast at LOC-085","Medium","0.77","Critical","High","74","Traction Distribution","2026-09-01 15:00:00","2026-09-08 15:00:00","Pending",""
"TSK-1014","AST-0507","LOC-085","Manipur: Imphal-Jiribam","Condition Monitoring","Synthetic demo: OHE Mast at LOC-085","Critical","0.78","Critical","Low","91","Traction Distribution","2026-09-01 18:00:00","2026-09-09 18:00:00","In Progress",""
"TSK-1015","AST-0508","LOC-085","Manipur: Imphal-Jiribam","Corrective Maintenance","Synthetic demo: Traction Substation at LOC-085","Critical","0.79","Medium","Medium","37","Traction Distribution","2026-09-01 21:00:00","2026-09-10 21:00:00","Pending",""
"TSK-1016","AST-0508","LOC-085","Manipur: Imphal-Jiribam","Inspection","Synthetic demo: Traction Substation at LOC-085","Medium","0.8","Medium","High","54","Traction Distribution","2026-09-02 00:00:00","2026-09-12 00:00:00","Pending",""
"TSK-1017","AST-0509","LOC-085","Manipur: Imphal-Jiribam","Preventive Maintenance","Synthetic demo: Signal at LOC-085","Medium","0.81","High","Low","71","Signal & Telecommunication","2026-09-02 03:00:00","2026-09-13 03:00:00","Pending",""
"TSK-1018","AST-0509","LOC-085","Manipur: Imphal-Jiribam","Condition Monitoring","Synthetic demo: Signal at LOC-085","Critical","0.82","High","Medium","88","Signal & Telecommunication","2026-09-02 06:00:00","2026-09-14 06:00:00","Pending",""
"TSK-1019","AST-0510","LOC-085","Manipur: Imphal-Jiribam","Corrective Maintenance","Synthetic demo: Axle Counter at LOC-085","Critical","0.83","High","High","105","Signal & Telecommunication","2026-09-02 09:00:00","2026-09-15 09:00:00","Pending",""
"TSK-1020","AST-0510","LOC-085","Manipur: Imphal-Jiribam","Inspection","Synthetic demo: Axle Counter at LOC-085","Medium","0.84","High","Low","51","Signal & Telecommunication","2026-09-02 12:00:00","2026-09-16 12:00:00","Scheduled",""
"TSK-1021","AST-0511","LOC-086","Manipur: Imphal-Jiribam","Preventive Maintenance","Synthetic demo: Track at LOC-086","Medium","0.85","Critical","Medium","68","Engineering","2026-09-02 15:00:00","2026-09-17 15:00:00","Pending",""
"TSK-1022","AST-0511","LOC-086","Manipur: Imphal-Jiribam","Condition Monitoring","Synthetic demo: Track at LOC-086","Critical","0.86","Critical","High","85","Engineering","2026-09-02 18:00:00","2026-09-04 18:00:00","Pending",""
"TSK-1023","AST-0512","LOC-086","Manipur: Imphal-Jiribam","Corrective Maintenance","Synthetic demo: Turnout at LOC-086","Critical","0.87","Medium","Low","102","Engineering","2026-09-02 21:00:00","2026-09-05 21:00:00","Pending",""
"TSK-1024","AST-0512","LOC-086","Manipur: Imphal-Jiribam","Inspection","Synthetic demo: Turnout at LOC-086","Medium","0.88","Medium","Medium","48","Engineering","2026-09-03 00:00:00","2026-09-07 00:00:00","Pending",""
"TSK-1025","AST-0513","LOC-086","Manipur: Imphal-Jiribam","Preventive Maintenance","Synthetic demo: OHE Mast at LOC-086","Medium","0.89","High","High","65","Traction Distribution","2026-09-03 03:00:00","2026-09-08 03:00:00","Pending",""
"TSK-1026","AST-0513","LOC-086","Manipur: Imphal-Jiribam","Condition Monitoring","Synthetic demo: OHE Mast at LOC-086","Critical","0.9","High","Low","82","Traction Distribution","2026-09-03 06:00:00","2026-09-09 06:00:00","Pending",""
"TSK-1027","AST-0514","LOC-086","Manipur: Imphal-Jiribam","Corrective Maintenance","Synthetic demo: Traction Substation at LOC-086","Critical","0.12","High","Medium","99","Traction Distribution","2026-09-03 09:00:00","2026-09-10 09:00:00","In Progress",""
"TSK-1028","AST-0514","LOC-086","Manipur: Imphal-Jiribam","Inspection","Synthetic demo: Traction Substation at LOC-086","Medium","0.13","High","High","45","Traction Distribution","2026-09-03 12:00:00","2026-09-11 12:00:00","Pending",""
"TSK-1029","AST-0515","LOC-086","Manipur: Imphal-Jiribam","Preventive Maintenance","Synthetic demo: Signal at LOC-086","Medium","0.14","Critical","Low","62","Signal & Telecommunication","2026-09-03 15:00:00","2026-09-12 15:00:00","Pending",""
"TSK-1030","AST-0515","LOC-086","Manipur: Imphal-Jiribam","Condition Monitoring","Synthetic demo: Signal at LOC-086","Critical","0.15","Critical","Medium","79","Signal & Telecommunication","2026-09-03 18:00:00","2026-09-13 18:00:00","Pending",""
"TSK-1031","AST-0516","LOC-086","Manipur: Imphal-Jiribam","Corrective Maintenance","Synthetic demo: Axle Counter at LOC-086","Critical","0.16","Medium","High","96","Signal & Telecommunication","2026-09-03 21:00:00","2026-09-14 21:00:00","Pending",""
"TSK-1032","AST-0516","LOC-086","Manipur: Imphal-Jiribam","Inspection","Synthetic demo: Axle Counter at LOC-086","Medium","0.17","Medium","Low","42","Signal & Telecommunication","2026-09-04 00:00:00","2026-09-16 00:00:00","Pending",""
"TSK-1033","AST-0517","LOC-087","Manipur: Imphal-Jiribam","Preventive Maintenance","Synthetic demo: Track at LOC-087","Medium","0.18","High","Medium","59","Engineering","2026-09-04 03:00:00","2026-09-17 03:00:00","Pending",""
"TSK-1034","AST-0517","LOC-087","Manipur: Imphal-Jiribam","Condition Monitoring","Synthetic demo: Track at LOC-087","Critical","0.19","High","High","76","Engineering","2026-09-04 06:00:00","2026-09-18 06:00:00","Pending",""
"TSK-1035","AST-0518","LOC-087","Manipur: Imphal-Jiribam","Corrective Maintenance","Synthetic demo: Turnout at LOC-087","Critical","0.2","High","Low","93","Engineering","2026-09-04 09:00:00","2026-09-19 09:00:00","Pending",""
"TSK-1036","AST-0518","LOC-087","Manipur: Imphal-Jiribam","Inspection","Synthetic demo: Turnout at LOC-087","Medium","0.21","High","Medium","39","Engineering","2026-09-04 12:00:00","2026-09-06 12:00:00","Pending",""
"TSK-1037","AST-0519","LOC-087","Manipur: Imphal-Jiribam","Preventive Maintenance","Synthetic demo: OHE Mast at LOC-087","Medium","0.22","Critical","High","56","Traction Distribution","2026-09-04 15:00:00","2026-09-07 15:00:00","Scheduled",""
"TSK-1038","AST-0519","LOC-087","Manipur: Imphal-Jiribam","Condition Monitoring","Synthetic demo: OHE Mast at LOC-087","Critical","0.23","Critical","Low","73","Traction Distribution","2026-09-04 18:00:00","2026-09-08 18:00:00","Pending",""
"TSK-1039","AST-0520","LOC-087","Manipur: Imphal-Jiribam","Corrective Maintenance","Synthetic demo: Traction Substation at LOC-087","Critical","0.24","Medium","Medium","90","Traction Distribution","2026-09-04 21:00:00","2026-09-09 21:00:00","Pending",""
"TSK-1040","AST-0520","LOC-087","Manipur: Imphal-Jiribam","Inspection","Synthetic demo: Traction Substation at LOC-087","Medium","0.25","Medium","High","36","Traction Distribution","2026-09-05 00:00:00","2026-09-11 00:00:00","In Progress",""
"TSK-1041","AST-0521","LOC-087","Manipur: Imphal-Jiribam","Preventive Maintenance","Synthetic demo: Signal at LOC-087","Medium","0.26","High","Low","53","Signal & Telecommunication","2026-09-05 03:00:00","2026-09-12 03:00:00","Pending",""
"TSK-1042","AST-0521","LOC-087","Manipur: Imphal-Jiribam","Condition Monitoring","Synthetic demo: Signal at LOC-087","Critical","0.27","High","Medium","70","Signal & Telecommunication","2026-09-05 06:00:00","2026-09-13 06:00:00","Pending",""
"TSK-1043","AST-0522","LOC-087","Manipur: Imphal-Jiribam","Corrective Maintenance","Synthetic demo: Axle Counter at LOC-087","Critical","0.28","High","High","87","Signal & Telecommunication","2026-09-05 09:00:00","2026-09-14 09:00:00","Pending",""
"TSK-1044","AST-0522","LOC-087","Manipur: Imphal-Jiribam","Inspection","Synthetic demo: Axle Counter at LOC-087","Medium","0.29","High","Low","104","Signal & Telecommunication","2026-09-05 12:00:00","2026-09-15 12:00:00","Pending",""
"TSK-1045","AST-0523","LOC-088","Manipur: Imphal-Jiribam","Preventive Maintenance","Synthetic demo: Track at LOC-088","Medium","0.3","Critical","Medium","50","Engineering","2026-09-05 15:00:00","2026-09-16 15:00:00","Pending",""
"TSK-1046","AST-0523","LOC-088","Manipur: Imphal-Jiribam","Condition Monitoring","Synthetic demo: Track at LOC-088","Critical","0.31","Critical","High","67","Engineering","2026-09-05 18:00:00","2026-09-17 18:00:00","Pending",""
"TSK-1047","AST-0524","LOC-088","Manipur: Imphal-Jiribam","Corrective Maintenance","Synthetic demo: Turnout at LOC-088","Critical","0.32","Medium","Low","84","Engineering","2026-09-05 21:00:00","2026-09-18 21:00:00","Pending",""
"TSK-1048","AST-0524","LOC-088","Manipur: Imphal-Jiribam","Inspection","Synthetic demo: Turnout at LOC-088","Medium","0.33","Medium","Medium","101","Engineering","2026-09-06 00:00:00","2026-09-20 00:00:00","Pending",""
"TSK-1049","AST-0525","LOC-088","Manipur: Imphal-Jiribam","Preventive Maintenance","Synthetic demo: OHE Mast at LOC-088","Medium","0.34","High","High","47","Traction Distribution","2026-09-06 03:00:00","2026-09-21 03:00:00","Pending",""
"TSK-1050","AST-0525","LOC-088","Manipur: Imphal-Jiribam","Condition Monitoring","Synthetic demo: OHE Mast at LOC-088","Critical","0.35","High","Low","64","Traction Distribution","2026-09-06 06:00:00","2026-09-08 06:00:00","Pending",""
"TSK-1051","AST-0526","LOC-088","Manipur: Imphal-Jiribam","Corrective Maintenance","Synthetic demo: Traction Substation at LOC-088","Critical","0.36","High","Medium","81","Traction Distribution","2026-09-06 09:00:00","2026-09-09 09:00:00","Pending",""
"TSK-1052","AST-0526","LOC-088","Manipur: Imphal-Jiribam","Inspection","Synthetic demo: Traction Substation at LOC-088","Medium","0.37","High","High","98","Traction Distribution","2026-09-06 12:00:00","2026-09-10 12:00:00","Pending",""
"TSK-1053","AST-0527","LOC-088","Manipur: Imphal-Jiribam","Preventive Maintenance","Synthetic demo: Signal at LOC-088","Medium","0.38","Critical","Low","44","Signal & Telecommunication","2026-09-06 15:00:00","2026-09-11 15:00:00","In Progress",""
"TSK-1054","AST-0527","LOC-088","Manipur: Imphal-Jiribam","Condition Monitoring","Synthetic demo: Signal at LOC-088","Critical","0.39","Critical","Medium","61","Signal & Telecommunication","2026-09-06 18:00:00","2026-09-12 18:00:00","Scheduled",""
"TSK-1055","AST-0528","LOC-088","Manipur: Imphal-Jiribam","Corrective Maintenance","Synthetic demo: Axle Counter at LOC-088","Critical","0.4","Medium","High","78","Signal & Telecommunication","2026-09-06 21:00:00","2026-09-13 21:00:00","Pending",""
"TSK-1056","AST-0528","LOC-088","Manipur: Imphal-Jiribam","Inspection","Synthetic demo: Axle Counter at LOC-088","Medium","0.41","Medium","Low","95","Signal & Telecommunication","2026-09-07 00:00:00","2026-09-15 00:00:00","Pending",""
"TSK-1057","AST-0529","LOC-089","Manipur: Imphal-Jiribam","Preventive Maintenance","Synthetic demo: Track at LOC-089","Medium","0.42","High","Medium","41","Engineering","2026-09-07 03:00:00","2026-09-16 03:00:00","Pending",""
"TSK-1058","AST-0529","LOC-089","Manipur: Imphal-Jiribam","Condition Monitoring","Synthetic demo: Track at LOC-089","Critical","0.43","High","High","58","Engineering","2026-09-07 06:00:00","2026-09-17 06:00:00","Pending",""
"TSK-1059","AST-0530","LOC-089","Manipur: Imphal-Jiribam","Corrective Maintenance","Synthetic demo: Turnout at LOC-089","Critical","0.44","High","Low","75","Engineering","2026-09-07 09:00:00","2026-09-18 09:00:00","Pending",""
"TSK-1060","AST-0530","LOC-089","Manipur: Imphal-Jiribam","Inspection","Synthetic demo: Turnout at LOC-089","Medium","0.45","High","Medium","92","Engineering","2026-09-07 12:00:00","2026-09-19 12:00:00","Pending",""
"TSK-1061","AST-0531","LOC-089","Manipur: Imphal-Jiribam","Preventive Maintenance","Synthetic demo: OHE Mast at LOC-089","Medium","0.46","Critical","High","38","Traction Distribution","2026-09-07 15:00:00","2026-09-20 15:00:00","Pending",""
"TSK-1062","AST-0531","LOC-089","Manipur: Imphal-Jiribam","Condition Monitoring","Synthetic demo: OHE Mast at LOC-089","Critical","0.47","Critical","Low","55","Traction Distribution","2026-09-07 18:00:00","2026-09-21 18:00:00","Pending",""
"TSK-1063","AST-0532","LOC-089","Manipur: Imphal-Jiribam","Corrective Maintenance","Synthetic demo: Traction Substation at LOC-089","Critical","0.48","Medium","Medium","72","Traction Distribution","2026-09-07 21:00:00","2026-09-22 21:00:00","Pending",""
"TSK-1064","AST-0532","LOC-089","Manipur: Imphal-Jiribam","Inspection","Synthetic demo: Traction Substation at LOC-089","Medium","0.49","Medium","High","89","Traction Distribution","2026-09-08 00:00:00","2026-09-10 00:00:00","Pending",""
"TSK-1065","AST-0533","LOC-089","Manipur: Imphal-Jiribam","Preventive Maintenance","Synthetic demo: Signal at LOC-089","Medium","0.5","High","Low","35","Signal & Telecommunication","2026-09-08 03:00:00","2026-09-11 03:00:00","Pending",""
"TSK-1066","AST-0533","LOC-089","Manipur: Imphal-Jiribam","Condition Monitoring","Synthetic demo: Signal at LOC-089","Critical","0.51","High","Medium","52","Signal & Telecommunication","2026-09-08 06:00:00","2026-09-12 06:00:00","In Progress",""
"TSK-1067","AST-0534","LOC-089","Manipur: Imphal-Jiribam","Corrective Maintenance","Synthetic demo: Axle Counter at LOC-089","Critical","0.52","High","High","69","Signal & Telecommunication","2026-09-08 09:00:00","2026-09-13 09:00:00","Pending",""
"TSK-1068","AST-0534","LOC-089","Manipur: Imphal-Jiribam","Inspection","Synthetic demo: Axle Counter at LOC-089","Medium","0.53","High","Low","86","Signal & Telecommunication","2026-09-08 12:00:00","2026-09-14 12:00:00","Pending",""
"TSK-1069","AST-0535","LOC-090","Manipur: Imphal-Jiribam","Preventive Maintenance","Synthetic demo: Track at LOC-090","Medium","0.54","Critical","Medium","103","Engineering","2026-09-08 15:00:00","2026-09-15 15:00:00","Pending",""
"TSK-1070","AST-0535","LOC-090","Manipur: Imphal-Jiribam","Condition Monitoring","Synthetic demo: Track at LOC-090","Critical","0.55","Critical","High","49","Engineering","2026-09-08 18:00:00","2026-09-16 18:00:00","Pending",""
"TSK-1071","AST-0536","LOC-090","Manipur: Imphal-Jiribam","Corrective Maintenance","Synthetic demo: Turnout at LOC-090","Critical","0.56","Medium","Low","66","Engineering","2026-09-08 21:00:00","2026-09-17 21:00:00","Scheduled",""
"TSK-1072","AST-0536","LOC-090","Manipur: Imphal-Jiribam","Inspection","Synthetic demo: Turnout at LOC-090","Medium","0.57","Medium","Medium","83","Engineering","2026-09-09 00:00:00","2026-09-19 00:00:00","Pending",""
"TSK-1073","AST-0537","LOC-090","Manipur: Imphal-Jiribam","Preventive Maintenance","Synthetic demo: OHE Mast at LOC-090","Medium","0.58","High","High","100","Traction Distribution","2026-09-09 03:00:00","2026-09-20 03:00:00","Pending",""
"TSK-1074","AST-0537","LOC-090","Manipur: Imphal-Jiribam","Condition Monitoring","Synthetic demo: OHE Mast at LOC-090","Critical","0.59","High","Low","46","Traction Distribution","2026-09-09 06:00:00","2026-09-21 06:00:00","Pending",""
"TSK-1075","AST-0538","LOC-090","Manipur: Imphal-Jiribam","Corrective Maintenance","Synthetic demo: Traction Substation at LOC-090","Critical","0.6","High","Medium","63","Traction Distribution","2026-09-09 09:00:00","2026-09-22 09:00:00","Pending",""
"TSK-1076","AST-0538","LOC-090","Manipur: Imphal-Jiribam","Inspection","Synthetic demo: Traction Substation at LOC-090","Medium","0.61","High","High","80","Traction Distribution","2026-09-09 12:00:00","2026-09-23 12:00:00","Pending",""
"TSK-1077","AST-0539","LOC-090","Manipur: Imphal-Jiribam","Preventive Maintenance","Synthetic demo: Signal at LOC-090","Medium","0.62","Critical","Low","97","Signal & Telecommunication","2026-09-09 15:00:00","2026-09-24 15:00:00","Pending",""
"TSK-1078","AST-0539","LOC-090","Manipur: Imphal-Jiribam","Condition Monitoring","Synthetic demo: Signal at LOC-090","Critical","0.63","Critical","Medium","43","Signal & Telecommunication","2026-09-09 18:00:00","2026-09-11 18:00:00","Pending",""
"TSK-1079","AST-0540","LOC-090","Manipur: Imphal-Jiribam","Corrective Maintenance","Synthetic demo: Axle Counter at LOC-090","Critical","0.64","Medium","High","60","Signal & Telecommunication","2026-09-09 21:00:00","2026-09-12 21:00:00","In Progress",""
"TSK-1080","AST-0540","LOC-090","Manipur: Imphal-Jiribam","Inspection","Synthetic demo: Axle Counter at LOC-090","Medium","0.65","Medium","Low","77","Signal & Telecommunication","2026-09-10 00:00:00","2026-09-14 00:00:00","Pending",""
"TSK-1081","AST-0541","LOC-091","Meghalaya: Shillong-Guwahati","Preventive Maintenance","Synthetic demo: Track at LOC-091","Medium","0.66","High","Medium","94","Engineering","2026-09-10 03:00:00","2026-09-15 03:00:00","Pending",""
"TSK-1082","AST-0541","LOC-091","Meghalaya: Shillong-Guwahati","Condition Monitoring","Synthetic demo: Track at LOC-091","Critical","0.67","High","High","40","Engineering","2026-09-10 06:00:00","2026-09-16 06:00:00","Pending",""
"TSK-1083","AST-0542","LOC-091","Meghalaya: Shillong-Guwahati","Corrective Maintenance","Synthetic demo: Turnout at LOC-091","Critical","0.68","High","Low","57","Engineering","2026-09-10 09:00:00","2026-09-17 09:00:00","Pending",""
"TSK-1084","AST-0542","LOC-091","Meghalaya: Shillong-Guwahati","Inspection","Synthetic demo: Turnout at LOC-091","Medium","0.69","High","Medium","74","Engineering","2026-09-10 12:00:00","2026-09-18 12:00:00","Pending",""
"TSK-1085","AST-0543","LOC-091","Meghalaya: Shillong-Guwahati","Preventive Maintenance","Synthetic demo: OHE Mast at LOC-091","Medium","0.7","Critical","High","91","Traction Distribution","2026-09-10 15:00:00","2026-09-19 15:00:00","Pending",""
"TSK-1086","AST-0543","LOC-091","Meghalaya: Shillong-Guwahati","Condition Monitoring","Synthetic demo: OHE Mast at LOC-091","Critical","0.71","Critical","Low","37","Traction Distribution","2026-09-10 18:00:00","2026-09-20 18:00:00","Pending",""
"TSK-1087","AST-0544","LOC-091","Meghalaya: Shillong-Guwahati","Corrective Maintenance","Synthetic demo: Traction Substation at LOC-091","Critical","0.72","Medium","Medium","54","Traction Distribution","2026-09-10 21:00:00","2026-09-21 21:00:00","Pending",""
"TSK-1088","AST-0544","LOC-091","Meghalaya: Shillong-Guwahati","Inspection","Synthetic demo: Traction Substation at LOC-091","Medium","0.73","Medium","High","71","Traction Distribution","2026-09-11 00:00:00","2026-09-23 00:00:00","Scheduled",""
"TSK-1089","AST-0545","LOC-091","Meghalaya: Shillong-Guwahati","Preventive Maintenance","Synthetic demo: Signal at LOC-091","Medium","0.74","High","Low","88","Signal & Telecommunication","2026-09-11 03:00:00","2026-09-24 03:00:00","Pending",""
"TSK-1090","AST-0545","LOC-091","Meghalaya: Shillong-Guwahati","Condition Monitoring","Synthetic demo: Signal at LOC-091","Critical","0.75","High","Medium","105","Signal & Telecommunication","2026-09-11 06:00:00","2026-09-25 06:00:00","Pending",""
"TSK-1091","AST-0546","LOC-091","Meghalaya: Shillong-Guwahati","Corrective Maintenance","Synthetic demo: Axle Counter at LOC-091","Critical","0.76","High","High","51","Signal & Telecommunication","2026-09-11 09:00:00","2026-09-26 09:00:00","Pending",""
"TSK-1092","AST-0546","LOC-091","Meghalaya: Shillong-Guwahati","Inspection","Synthetic demo: Axle Counter at LOC-091","Medium","0.77","High","Low","68","Signal & Telecommunication","2026-09-11 12:00:00","2026-09-13 12:00:00","In Progress",""
"TSK-1093","AST-0547","LOC-092","Meghalaya: Shillong-Guwahati","Preventive Maintenance","Synthetic demo: Track at LOC-092","Medium","0.78","Critical","Medium","85","Engineering","2026-09-11 15:00:00","2026-09-14 15:00:00","Pending",""
"TSK-1094","AST-0547","LOC-092","Meghalaya: Shillong-Guwahati","Condition Monitoring","Synthetic demo: Track at LOC-092","Critical","0.79","Critical","High","102","Engineering","2026-09-11 18:00:00","2026-09-15 18:00:00","Pending",""
"TSK-1095","AST-0548","LOC-092","Meghalaya: Shillong-Guwahati","Corrective Maintenance","Synthetic demo: Turnout at LOC-092","Critical","0.8","Medium","Low","48","Engineering","2026-09-11 21:00:00","2026-09-16 21:00:00","Pending",""
"TSK-1096","AST-0548","LOC-092","Meghalaya: Shillong-Guwahati","Inspection","Synthetic demo: Turnout at LOC-092","Medium","0.81","Medium","Medium","65","Engineering","2026-09-12 00:00:00","2026-09-18 00:00:00","Pending",""
"TSK-1097","AST-0549","LOC-092","Meghalaya: Shillong-Guwahati","Preventive Maintenance","Synthetic demo: OHE Mast at LOC-092","Medium","0.82","High","High","82","Traction Distribution","2026-09-12 03:00:00","2026-09-19 03:00:00","Pending",""
"TSK-1098","AST-0549","LOC-092","Meghalaya: Shillong-Guwahati","Condition Monitoring","Synthetic demo: OHE Mast at LOC-092","Critical","0.83","High","Low","99","Traction Distribution","2026-09-12 06:00:00","2026-09-20 06:00:00","Pending",""
"TSK-1099","AST-0550","LOC-092","Meghalaya: Shillong-Guwahati","Corrective Maintenance","Synthetic demo: Traction Substation at LOC-092","Critical","0.84","High","Medium","45","Traction Distribution","2026-09-12 09:00:00","2026-09-21 09:00:00","Pending",""
"TSK-1100","AST-0550","LOC-092","Meghalaya: Shillong-Guwahati","Inspection","Synthetic demo: Traction Substation at LOC-092","Medium","0.85","High","High","62","Traction Distribution","2026-09-12 12:00:00","2026-09-22 12:00:00","Pending",""
"TSK-1101","AST-0551","LOC-092","Meghalaya: Shillong-Guwahati","Preventive Maintenance","Synthetic demo: Signal at LOC-092","Medium","0.86","Critical","Low","79","Signal & Telecommunication","2026-09-12 15:00:00","2026-09-23 15:00:00","Pending",""
"TSK-1102","AST-0551","LOC-092","Meghalaya: Shillong-Guwahati","Condition Monitoring","Synthetic demo: Signal at LOC-092","Critical","0.87","Critical","Medium","96","Signal & Telecommunication","2026-09-12 18:00:00","2026-09-24 18:00:00","Pending",""
"TSK-1103","AST-0552","LOC-092","Meghalaya: Shillong-Guwahati","Corrective Maintenance","Synthetic demo: Axle Counter at LOC-092","Critical","0.88","Medium","High","42","Signal & Telecommunication","2026-09-12 21:00:00","2026-09-25 21:00:00","Pending",""
"TSK-1104","AST-0552","LOC-092","Meghalaya: Shillong-Guwahati","Inspection","Synthetic demo: Axle Counter at LOC-092","Medium","0.89","Medium","Low","59","Signal & Telecommunication","2026-09-13 00:00:00","2026-09-27 00:00:00","Pending",""
"TSK-1105","AST-0553","LOC-093","Meghalaya: Shillong-Guwahati","Preventive Maintenance","Synthetic demo: Track at LOC-093","Medium","0.9","High","Medium","76","Engineering","2026-09-13 03:00:00","2026-09-28 03:00:00","In Progress",""
"TSK-1106","AST-0553","LOC-093","Meghalaya: Shillong-Guwahati","Condition Monitoring","Synthetic demo: Track at LOC-093","Critical","0.12","High","High","93","Engineering","2026-09-13 06:00:00","2026-09-15 06:00:00","Pending",""
"TSK-1107","AST-0554","LOC-093","Meghalaya: Shillong-Guwahati","Corrective Maintenance","Synthetic demo: Turnout at LOC-093","Critical","0.13","High","Low","39","Engineering","2026-09-13 09:00:00","2026-09-16 09:00:00","Pending",""
"TSK-1108","AST-0554","LOC-093","Meghalaya: Shillong-Guwahati","Inspection","Synthetic demo: Turnout at LOC-093","Medium","0.14","High","Medium","56","Engineering","2026-09-13 12:00:00","2026-09-17 12:00:00","Pending",""
"TSK-1109","AST-0555","LOC-093","Meghalaya: Shillong-Guwahati","Preventive Maintenance","Synthetic demo: OHE Mast at LOC-093","Medium","0.15","Critical","High","73","Traction Distribution","2026-09-13 15:00:00","2026-09-18 15:00:00","Pending",""
"TSK-1110","AST-0555","LOC-093","Meghalaya: Shillong-Guwahati","Condition Monitoring","Synthetic demo: OHE Mast at LOC-093","Critical","0.16","Critical","Low","90","Traction Distribution","2026-09-13 18:00:00","2026-09-19 18:00:00","Pending",""
"TSK-1111","AST-0556","LOC-093","Meghalaya: Shillong-Guwahati","Corrective Maintenance","Synthetic demo: Traction Substation at LOC-093","Critical","0.17","Medium","Medium","36","Traction Distribution","2026-09-13 21:00:00","2026-09-20 21:00:00","Pending",""
"TSK-1112","AST-0556","LOC-093","Meghalaya: Shillong-Guwahati","Inspection","Synthetic demo: Traction Substation at LOC-093","Medium","0.18","Medium","High","53","Traction Distribution","2026-09-14 00:00:00","2026-09-22 00:00:00","Pending",""
"TSK-1113","AST-0557","LOC-093","Meghalaya: Shillong-Guwahati","Preventive Maintenance","Synthetic demo: Signal at LOC-093","Medium","0.19","High","Low","70","Signal & Telecommunication","2026-09-14 03:00:00","2026-09-23 03:00:00","Pending",""
"TSK-1114","AST-0557","LOC-093","Meghalaya: Shillong-Guwahati","Condition Monitoring","Synthetic demo: Signal at LOC-093","Critical","0.2","High","Medium","87","Signal & Telecommunication","2026-09-14 06:00:00","2026-09-24 06:00:00","Pending",""
"TSK-1115","AST-0558","LOC-093","Meghalaya: Shillong-Guwahati","Corrective Maintenance","Synthetic demo: Axle Counter at LOC-093","Critical","0.21","High","High","104","Signal & Telecommunication","2026-09-14 09:00:00","2026-09-25 09:00:00","Pending",""
"TSK-1116","AST-0558","LOC-093","Meghalaya: Shillong-Guwahati","Inspection","Synthetic demo: Axle Counter at LOC-093","Medium","0.22","High","Low","50","Signal & Telecommunication","2026-09-14 12:00:00","2026-09-26 12:00:00","Pending",""
"TSK-1117","AST-0559","LOC-094","Meghalaya: Shillong-Guwahati","Preventive Maintenance","Synthetic demo: Track at LOC-094","Medium","0.23","Critical","Medium","67","Engineering","2026-09-14 15:00:00","2026-09-27 15:00:00","Pending",""
"TSK-1118","AST-0559","LOC-094","Meghalaya: Shillong-Guwahati","Condition Monitoring","Synthetic demo: Track at LOC-094","Critical","0.24","Critical","High","84","Engineering","2026-09-14 18:00:00","2026-09-28 18:00:00","In Progress",""
"TSK-1119","AST-0560","LOC-094","Meghalaya: Shillong-Guwahati","Corrective Maintenance","Synthetic demo: Turnout at LOC-094","Critical","0.25","Medium","Low","101","Engineering","2026-09-14 21:00:00","2026-09-29 21:00:00","Pending",""
"TSK-1120","AST-0560","LOC-094","Meghalaya: Shillong-Guwahati","Inspection","Synthetic demo: Turnout at LOC-094","Medium","0.26","Medium","Medium","47","Engineering","2026-09-15 00:00:00","2026-09-17 00:00:00","Pending",""
"TSK-1121","AST-0561","LOC-094","Meghalaya: Shillong-Guwahati","Preventive Maintenance","Synthetic demo: OHE Mast at LOC-094","Medium","0.27","High","High","64","Traction Distribution","2026-09-15 03:00:00","2026-09-18 03:00:00","Pending",""
"TSK-1122","AST-0561","LOC-094","Meghalaya: Shillong-Guwahati","Condition Monitoring","Synthetic demo: OHE Mast at LOC-094","Critical","0.28","High","Low","81","Traction Distribution","2026-09-15 06:00:00","2026-09-19 06:00:00","Scheduled",""
"TSK-1123","AST-0562","LOC-094","Meghalaya: Shillong-Guwahati","Corrective Maintenance","Synthetic demo: Traction Substation at LOC-094","Critical","0.29","High","Medium","98","Traction Distribution","2026-09-15 09:00:00","2026-09-20 09:00:00","Pending",""
"TSK-1124","AST-0562","LOC-094","Meghalaya: Shillong-Guwahati","Inspection","Synthetic demo: Traction Substation at LOC-094","Medium","0.3","High","High","44","Traction Distribution","2026-09-15 12:00:00","2026-09-21 12:00:00","Pending",""
"TSK-1125","AST-0563","LOC-094","Meghalaya: Shillong-Guwahati","Preventive Maintenance","Synthetic demo: Signal at LOC-094","Medium","0.31","Critical","Low","61","Signal & Telecommunication","2026-09-15 15:00:00","2026-09-22 15:00:00","Pending",""
"TSK-1126","AST-0563","LOC-094","Meghalaya: Shillong-Guwahati","Condition Monitoring","Synthetic demo: Signal at LOC-094","Critical","0.32","Critical","Medium","78","Signal & Telecommunication","2026-09-15 18:00:00","2026-09-23 18:00:00","Pending",""
"TSK-1127","AST-0564","LOC-094","Meghalaya: Shillong-Guwahati","Corrective Maintenance","Synthetic demo: Axle Counter at LOC-094","Critical","0.33","Medium","High","95","Signal & Telecommunication","2026-09-15 21:00:00","2026-09-24 21:00:00","Pending",""
"TSK-1128","AST-0564","LOC-094","Meghalaya: Shillong-Guwahati","Inspection","Synthetic demo: Axle Counter at LOC-094","Medium","0.34","Medium","Low","41","Signal & Telecommunication","2026-09-16 00:00:00","2026-09-26 00:00:00","Pending",""
"TSK-1129","AST-0565","LOC-095","Meghalaya: Shillong-Guwahati","Preventive Maintenance","Synthetic demo: Track at LOC-095","Medium","0.35","High","Medium","58","Engineering","2026-09-16 03:00:00","2026-09-27 03:00:00","Pending",""
"TSK-1130","AST-0565","LOC-095","Meghalaya: Shillong-Guwahati","Condition Monitoring","Synthetic demo: Track at LOC-095","Critical","0.36","High","High","75","Engineering","2026-09-16 06:00:00","2026-09-28 06:00:00","Pending",""
"TSK-1131","AST-0566","LOC-095","Meghalaya: Shillong-Guwahati","Corrective Maintenance","Synthetic demo: Turnout at LOC-095","Critical","0.37","High","Low","92","Engineering","2026-09-16 09:00:00","2026-09-29 09:00:00","In Progress",""
"TSK-1132","AST-0566","LOC-095","Meghalaya: Shillong-Guwahati","Inspection","Synthetic demo: Turnout at LOC-095","Medium","0.38","High","Medium","38","Engineering","2026-09-16 12:00:00","2026-09-30 12:00:00","Pending",""
"TSK-1133","AST-0567","LOC-095","Meghalaya: Shillong-Guwahati","Preventive Maintenance","Synthetic demo: OHE Mast at LOC-095","Medium","0.39","Critical","High","55","Traction Distribution","2026-09-16 15:00:00","2026-10-01 15:00:00","Pending",""
"TSK-1134","AST-0567","LOC-095","Meghalaya: Shillong-Guwahati","Condition Monitoring","Synthetic demo: OHE Mast at LOC-095","Critical","0.4","Critical","Low","72","Traction Distribution","2026-09-16 18:00:00","2026-09-18 18:00:00","Pending",""
"TSK-1135","AST-0568","LOC-095","Meghalaya: Shillong-Guwahati","Corrective Maintenance","Synthetic demo: Traction Substation at LOC-095","Critical","0.41","Medium","Medium","89","Traction Distribution","2026-09-16 21:00:00","2026-09-19 21:00:00","Pending",""
"TSK-1136","AST-0568","LOC-095","Meghalaya: Shillong-Guwahati","Inspection","Synthetic demo: Traction Substation at LOC-095","Medium","0.42","Medium","High","35","Traction Distribution","2026-09-17 00:00:00","2026-09-21 00:00:00","Pending",""
"TSK-1137","AST-0569","LOC-095","Meghalaya: Shillong-Guwahati","Preventive Maintenance","Synthetic demo: Signal at LOC-095","Medium","0.43","High","Low","52","Signal & Telecommunication","2026-09-17 03:00:00","2026-09-22 03:00:00","Pending",""
"TSK-1138","AST-0569","LOC-095","Meghalaya: Shillong-Guwahati","Condition Monitoring","Synthetic demo: Signal at LOC-095","Critical","0.44","High","Medium","69","Signal & Telecommunication","2026-09-17 06:00:00","2026-09-23 06:00:00","Pending",""
"TSK-1139","AST-0570","LOC-095","Meghalaya: Shillong-Guwahati","Corrective Maintenance","Synthetic demo: Axle Counter at LOC-095","Critical","0.45","High","High","86","Signal & Telecommunication","2026-09-17 09:00:00","2026-09-24 09:00:00","Scheduled",""
"TSK-1140","AST-0570","LOC-095","Meghalaya: Shillong-Guwahati","Inspection","Synthetic demo: Axle Counter at LOC-095","Medium","0.46","High","Low","103","Signal & Telecommunication","2026-09-17 12:00:00","2026-09-25 12:00:00","Pending",""
"TSK-1141","AST-0571","LOC-096","Meghalaya: Shillong-Guwahati","Preventive Maintenance","Synthetic demo: Track at LOC-096","Medium","0.47","Critical","Medium","49","Engineering","2026-09-17 15:00:00","2026-09-26 15:00:00","Pending",""
"TSK-1142","AST-0571","LOC-096","Meghalaya: Shillong-Guwahati","Condition Monitoring","Synthetic demo: Track at LOC-096","Critical","0.48","Critical","High","66","Engineering","2026-09-17 18:00:00","2026-09-27 18:00:00","Pending",""
"TSK-1143","AST-0572","LOC-096","Meghalaya: Shillong-Guwahati","Corrective Maintenance","Synthetic demo: Turnout at LOC-096","Critical","0.49","Medium","Low","83","Engineering","2026-09-17 21:00:00","2026-09-28 21:00:00","Pending",""
"TSK-1144","AST-0572","LOC-096","Meghalaya: Shillong-Guwahati","Inspection","Synthetic demo: Turnout at LOC-096","Medium","0.5","Medium","Medium","100","Engineering","2026-09-18 00:00:00","2026-09-30 00:00:00","In Progress",""
"TSK-1145","AST-0573","LOC-096","Meghalaya: Shillong-Guwahati","Preventive Maintenance","Synthetic demo: OHE Mast at LOC-096","Medium","0.51","High","High","46","Traction Distribution","2026-09-18 03:00:00","2026-10-01 03:00:00","Pending",""
"TSK-1146","AST-0573","LOC-096","Meghalaya: Shillong-Guwahati","Condition Monitoring","Synthetic demo: OHE Mast at LOC-096","Critical","0.52","High","Low","63","Traction Distribution","2026-09-18 06:00:00","2026-10-02 06:00:00","Pending",""
"TSK-1147","AST-0574","LOC-096","Meghalaya: Shillong-Guwahati","Corrective Maintenance","Synthetic demo: Traction Substation at LOC-096","Critical","0.53","High","Medium","80","Traction Distribution","2026-09-18 09:00:00","2026-10-03 09:00:00","Pending",""
"TSK-1148","AST-0574","LOC-096","Meghalaya: Shillong-Guwahati","Inspection","Synthetic demo: Traction Substation at LOC-096","Medium","0.54","High","High","97","Traction Distribution","2026-09-18 12:00:00","2026-09-20 12:00:00","Pending",""
"TSK-1149","AST-0575","LOC-096","Meghalaya: Shillong-Guwahati","Preventive Maintenance","Synthetic demo: Signal at LOC-096","Medium","0.55","Critical","Low","43","Signal & Telecommunication","2026-09-18 15:00:00","2026-09-21 15:00:00","Pending",""
"TSK-1150","AST-0575","LOC-096","Meghalaya: Shillong-Guwahati","Condition Monitoring","Synthetic demo: Signal at LOC-096","Critical","0.56","Critical","Medium","60","Signal & Telecommunication","2026-09-18 18:00:00","2026-09-22 18:00:00","Pending",""
"TSK-1151","AST-0576","LOC-096","Meghalaya: Shillong-Guwahati","Corrective Maintenance","Synthetic demo: Axle Counter at LOC-096","Critical","0.57","Medium","High","77","Signal & Telecommunication","2026-09-18 21:00:00","2026-09-23 21:00:00","Pending",""
"TSK-1152","AST-0576","LOC-096","Meghalaya: Shillong-Guwahati","Inspection","Synthetic demo: Axle Counter at LOC-096","Medium","0.58","Medium","Low","94","Signal & Telecommunication","2026-09-19 00:00:00","2026-09-25 00:00:00","Pending",""
"TSK-1153","AST-0577","LOC-097","Mizoram: Aizawl-Kolasib","Preventive Maintenance","Synthetic demo: Track at LOC-097","Medium","0.59","High","Medium","40","Engineering","2026-09-19 03:00:00","2026-09-26 03:00:00","Pending",""
"TSK-1154","AST-0577","LOC-097","Mizoram: Aizawl-Kolasib","Condition Monitoring","Synthetic demo: Track at LOC-097","Critical","0.6","High","High","57","Engineering","2026-09-19 06:00:00","2026-09-27 06:00:00","Pending",""
"TSK-1155","AST-0578","LOC-097","Mizoram: Aizawl-Kolasib","Corrective Maintenance","Synthetic demo: Turnout at LOC-097","Critical","0.61","High","Low","74","Engineering","2026-09-19 09:00:00","2026-09-28 09:00:00","Pending",""
"TSK-1156","AST-0578","LOC-097","Mizoram: Aizawl-Kolasib","Inspection","Synthetic demo: Turnout at LOC-097","Medium","0.62","High","Medium","91","Engineering","2026-09-19 12:00:00","2026-09-29 12:00:00","Scheduled",""
"TSK-1157","AST-0579","LOC-097","Mizoram: Aizawl-Kolasib","Preventive Maintenance","Synthetic demo: OHE Mast at LOC-097","Medium","0.63","Critical","High","37","Traction Distribution","2026-09-19 15:00:00","2026-09-30 15:00:00","In Progress",""
"TSK-1158","AST-0579","LOC-097","Mizoram: Aizawl-Kolasib","Condition Monitoring","Synthetic demo: OHE Mast at LOC-097","Critical","0.64","Critical","Low","54","Traction Distribution","2026-09-19 18:00:00","2026-10-01 18:00:00","Pending",""
"TSK-1159","AST-0580","LOC-097","Mizoram: Aizawl-Kolasib","Corrective Maintenance","Synthetic demo: Traction Substation at LOC-097","Critical","0.65","Medium","Medium","71","Traction Distribution","2026-09-19 21:00:00","2026-10-02 21:00:00","Pending",""
"TSK-1160","AST-0580","LOC-097","Mizoram: Aizawl-Kolasib","Inspection","Synthetic demo: Traction Substation at LOC-097","Medium","0.66","Medium","High","88","Traction Distribution","2026-09-20 00:00:00","2026-10-04 00:00:00","Pending",""
"TSK-1161","AST-0581","LOC-097","Mizoram: Aizawl-Kolasib","Preventive Maintenance","Synthetic demo: Signal at LOC-097","Medium","0.67","High","Low","105","Signal & Telecommunication","2026-09-20 03:00:00","2026-10-05 03:00:00","Pending",""
"TSK-1162","AST-0581","LOC-097","Mizoram: Aizawl-Kolasib","Condition Monitoring","Synthetic demo: Signal at LOC-097","Critical","0.68","High","Medium","51","Signal & Telecommunication","2026-09-20 06:00:00","2026-09-22 06:00:00","Pending",""
"TSK-1163","AST-0582","LOC-097","Mizoram: Aizawl-Kolasib","Corrective Maintenance","Synthetic demo: Axle Counter at LOC-097","Critical","0.69","High","High","68","Signal & Telecommunication","2026-09-20 09:00:00","2026-09-23 09:00:00","Pending",""
"TSK-1164","AST-0582","LOC-097","Mizoram: Aizawl-Kolasib","Inspection","Synthetic demo: Axle Counter at LOC-097","Medium","0.7","High","Low","85","Signal & Telecommunication","2026-09-20 12:00:00","2026-09-24 12:00:00","Pending",""
"TSK-1165","AST-0583","LOC-098","Mizoram: Aizawl-Kolasib","Preventive Maintenance","Synthetic demo: Track at LOC-098","Medium","0.71","Critical","Medium","102","Engineering","2026-09-20 15:00:00","2026-09-25 15:00:00","Pending",""
"TSK-1166","AST-0583","LOC-098","Mizoram: Aizawl-Kolasib","Condition Monitoring","Synthetic demo: Track at LOC-098","Critical","0.72","Critical","High","48","Engineering","2026-09-20 18:00:00","2026-09-26 18:00:00","Pending",""
"TSK-1167","AST-0584","LOC-098","Mizoram: Aizawl-Kolasib","Corrective Maintenance","Synthetic demo: Turnout at LOC-098","Critical","0.73","Medium","Low","65","Engineering","2026-09-20 21:00:00","2026-09-27 21:00:00","Pending",""
"TSK-1168","AST-0584","LOC-098","Mizoram: Aizawl-Kolasib","Inspection","Synthetic demo: Turnout at LOC-098","Medium","0.74","Medium","Medium","82","Engineering","2026-09-21 00:00:00","2026-09-29 00:00:00","Pending",""
"TSK-1169","AST-0585","LOC-098","Mizoram: Aizawl-Kolasib","Preventive Maintenance","Synthetic demo: OHE Mast at LOC-098","Medium","0.75","High","High","99","Traction Distribution","2026-09-21 03:00:00","2026-09-30 03:00:00","Pending",""
"TSK-1170","AST-0585","LOC-098","Mizoram: Aizawl-Kolasib","Condition Monitoring","Synthetic demo: OHE Mast at LOC-098","Critical","0.76","High","Low","45","Traction Distribution","2026-09-21 06:00:00","2026-10-01 06:00:00","In Progress",""
"TSK-1171","AST-0586","LOC-098","Mizoram: Aizawl-Kolasib","Corrective Maintenance","Synthetic demo: Traction Substation at LOC-098","Critical","0.77","High","Medium","62","Traction Distribution","2026-09-21 09:00:00","2026-10-02 09:00:00","Pending",""
"TSK-1172","AST-0586","LOC-098","Mizoram: Aizawl-Kolasib","Inspection","Synthetic demo: Traction Substation at LOC-098","Medium","0.78","High","High","79","Traction Distribution","2026-09-21 12:00:00","2026-10-03 12:00:00","Pending",""
"TSK-1173","AST-0587","LOC-098","Mizoram: Aizawl-Kolasib","Preventive Maintenance","Synthetic demo: Signal at LOC-098","Medium","0.79","Critical","Low","96","Signal & Telecommunication","2026-09-21 15:00:00","2026-10-04 15:00:00","Scheduled",""
"TSK-1174","AST-0587","LOC-098","Mizoram: Aizawl-Kolasib","Condition Monitoring","Synthetic demo: Signal at LOC-098","Critical","0.8","Critical","Medium","42","Signal & Telecommunication","2026-09-21 18:00:00","2026-10-05 18:00:00","Pending",""
"TSK-1175","AST-0588","LOC-098","Mizoram: Aizawl-Kolasib","Corrective Maintenance","Synthetic demo: Axle Counter at LOC-098","Critical","0.81","Medium","High","59","Signal & Telecommunication","2026-09-21 21:00:00","2026-10-06 21:00:00","Pending",""
"TSK-1176","AST-0588","LOC-098","Mizoram: Aizawl-Kolasib","Inspection","Synthetic demo: Axle Counter at LOC-098","Medium","0.82","Medium","Low","76","Signal & Telecommunication","2026-09-01 00:00:00","2026-09-03 00:00:00","Pending",""
"TSK-1177","AST-0589","LOC-099","Mizoram: Aizawl-Kolasib","Preventive Maintenance","Synthetic demo: Track at LOC-099","Medium","0.83","High","Medium","93","Engineering","2026-09-01 03:00:00","2026-09-04 03:00:00","Pending",""
"TSK-1178","AST-0589","LOC-099","Mizoram: Aizawl-Kolasib","Condition Monitoring","Synthetic demo: Track at LOC-099","Critical","0.84","High","High","39","Engineering","2026-09-01 06:00:00","2026-09-05 06:00:00","Pending",""
"TSK-1179","AST-0590","LOC-099","Mizoram: Aizawl-Kolasib","Corrective Maintenance","Synthetic demo: Turnout at LOC-099","Critical","0.85","High","Low","56","Engineering","2026-09-01 09:00:00","2026-09-06 09:00:00","Pending",""
"TSK-1180","AST-0590","LOC-099","Mizoram: Aizawl-Kolasib","Inspection","Synthetic demo: Turnout at LOC-099","Medium","0.86","High","Medium","73","Engineering","2026-09-01 12:00:00","2026-09-07 12:00:00","Pending",""
"TSK-1181","AST-0591","LOC-099","Mizoram: Aizawl-Kolasib","Preventive Maintenance","Synthetic demo: OHE Mast at LOC-099","Medium","0.87","Critical","High","90","Traction Distribution","2026-09-01 15:00:00","2026-09-08 15:00:00","Pending",""
"TSK-1182","AST-0591","LOC-099","Mizoram: Aizawl-Kolasib","Condition Monitoring","Synthetic demo: OHE Mast at LOC-099","Critical","0.88","Critical","Low","36","Traction Distribution","2026-09-01 18:00:00","2026-09-09 18:00:00","Pending",""
"TSK-1183","AST-0592","LOC-099","Mizoram: Aizawl-Kolasib","Corrective Maintenance","Synthetic demo: Traction Substation at LOC-099","Critical","0.89","Medium","Medium","53","Traction Distribution","2026-09-01 21:00:00","2026-09-10 21:00:00","In Progress",""
"TSK-1184","AST-0592","LOC-099","Mizoram: Aizawl-Kolasib","Inspection","Synthetic demo: Traction Substation at LOC-099","Medium","0.9","Medium","High","70","Traction Distribution","2026-09-02 00:00:00","2026-09-12 00:00:00","Pending",""
"TSK-1185","AST-0593","LOC-099","Mizoram: Aizawl-Kolasib","Preventive Maintenance","Synthetic demo: Signal at LOC-099","Medium","0.12","High","Low","87","Signal & Telecommunication","2026-09-02 03:00:00","2026-09-13 03:00:00","Pending",""
"TSK-1186","AST-0593","LOC-099","Mizoram: Aizawl-Kolasib","Condition Monitoring","Synthetic demo: Signal at LOC-099","Critical","0.13","High","Medium","104","Signal & Telecommunication","2026-09-02 06:00:00","2026-09-14 06:00:00","Pending",""
"TSK-1187","AST-0594","LOC-099","Mizoram: Aizawl-Kolasib","Corrective Maintenance","Synthetic demo: Axle Counter at LOC-099","Critical","0.14","High","High","50","Signal & Telecommunication","2026-09-02 09:00:00","2026-09-15 09:00:00","Pending",""
"TSK-1188","AST-0594","LOC-099","Mizoram: Aizawl-Kolasib","Inspection","Synthetic demo: Axle Counter at LOC-099","Medium","0.15","High","Low","67","Signal & Telecommunication","2026-09-02 12:00:00","2026-09-16 12:00:00","Pending",""
"TSK-1189","AST-0595","LOC-100","Mizoram: Aizawl-Kolasib","Preventive Maintenance","Synthetic demo: Track at LOC-100","Medium","0.16","Critical","Medium","84","Engineering","2026-09-02 15:00:00","2026-09-17 15:00:00","Pending",""
"TSK-1190","AST-0595","LOC-100","Mizoram: Aizawl-Kolasib","Condition Monitoring","Synthetic demo: Track at LOC-100","Critical","0.17","Critical","High","101","Engineering","2026-09-02 18:00:00","2026-09-04 18:00:00","Scheduled",""
"TSK-1191","AST-0596","LOC-100","Mizoram: Aizawl-Kolasib","Corrective Maintenance","Synthetic demo: Turnout at LOC-100","Critical","0.18","Medium","Low","47","Engineering","2026-09-02 21:00:00","2026-09-05 21:00:00","Pending",""
"TSK-1192","AST-0596","LOC-100","Mizoram: Aizawl-Kolasib","Inspection","Synthetic demo: Turnout at LOC-100","Medium","0.19","Medium","Medium","64","Engineering","2026-09-03 00:00:00","2026-09-07 00:00:00","Pending",""
"TSK-1193","AST-0597","LOC-100","Mizoram: Aizawl-Kolasib","Preventive Maintenance","Synthetic demo: OHE Mast at LOC-100","Medium","0.2","High","High","81","Traction Distribution","2026-09-03 03:00:00","2026-09-08 03:00:00","Pending",""
"TSK-1194","AST-0597","LOC-100","Mizoram: Aizawl-Kolasib","Condition Monitoring","Synthetic demo: OHE Mast at LOC-100","Critical","0.21","High","Low","98","Traction Distribution","2026-09-03 06:00:00","2026-09-09 06:00:00","Pending",""
"TSK-1195","AST-0598","LOC-100","Mizoram: Aizawl-Kolasib","Corrective Maintenance","Synthetic demo: Traction Substation at LOC-100","Critical","0.22","High","Medium","44","Traction Distribution","2026-09-03 09:00:00","2026-09-10 09:00:00","Pending",""
"TSK-1196","AST-0598","LOC-100","Mizoram: Aizawl-Kolasib","Inspection","Synthetic demo: Traction Substation at LOC-100","Medium","0.23","High","High","61","Traction Distribution","2026-09-03 12:00:00","2026-09-11 12:00:00","In Progress",""
"TSK-1197","AST-0599","LOC-100","Mizoram: Aizawl-Kolasib","Preventive Maintenance","Synthetic demo: Signal at LOC-100","Medium","0.24","Critical","Low","78","Signal & Telecommunication","2026-09-03 15:00:00","2026-09-12 15:00:00","Pending",""
"TSK-1198","AST-0599","LOC-100","Mizoram: Aizawl-Kolasib","Condition Monitoring","Synthetic demo: Signal at LOC-100","Critical","0.25","Critical","Medium","95","Signal & Telecommunication","2026-09-03 18:00:00","2026-09-13 18:00:00","Pending",""
"TSK-1199","AST-0600","LOC-100","Mizoram: Aizawl-Kolasib","Corrective Maintenance","Synthetic demo: Axle Counter at LOC-100","Critical","0.26","Medium","High","41","Signal & Telecommunication","2026-09-03 21:00:00","2026-09-14 21:00:00","Pending",""
"TSK-1200","AST-0600","LOC-100","Mizoram: Aizawl-Kolasib","Inspection","Synthetic demo: Axle Counter at LOC-100","Medium","0.27","Medium","Low","58","Signal & Telecommunication","2026-09-04 00:00:00","2026-09-16 00:00:00","Pending",""
"TSK-1201","AST-0601","LOC-101","Mizoram: Aizawl-Kolasib","Preventive Maintenance","Synthetic demo: Track at LOC-101","Medium","0.28","High","Medium","75","Engineering","2026-09-04 03:00:00","2026-09-17 03:00:00","Pending",""
"TSK-1202","AST-0601","LOC-101","Mizoram: Aizawl-Kolasib","Condition Monitoring","Synthetic demo: Track at LOC-101","Critical","0.29","High","High","92","Engineering","2026-09-04 06:00:00","2026-09-18 06:00:00","Pending",""
"TSK-1203","AST-0602","LOC-101","Mizoram: Aizawl-Kolasib","Corrective Maintenance","Synthetic demo: Turnout at LOC-101","Critical","0.3","High","Low","38","Engineering","2026-09-04 09:00:00","2026-09-19 09:00:00","Pending",""
"TSK-1204","AST-0602","LOC-101","Mizoram: Aizawl-Kolasib","Inspection","Synthetic demo: Turnout at LOC-101","Medium","0.31","High","Medium","55","Engineering","2026-09-04 12:00:00","2026-09-06 12:00:00","Pending",""
"TSK-1205","AST-0603","LOC-101","Mizoram: Aizawl-Kolasib","Preventive Maintenance","Synthetic demo: OHE Mast at LOC-101","Medium","0.32","Critical","High","72","Traction Distribution","2026-09-04 15:00:00","2026-09-07 15:00:00","Pending",""
"TSK-1206","AST-0603","LOC-101","Mizoram: Aizawl-Kolasib","Condition Monitoring","Synthetic demo: OHE Mast at LOC-101","Critical","0.33","Critical","Low","89","Traction Distribution","2026-09-04 18:00:00","2026-09-08 18:00:00","Pending",""
"TSK-1207","AST-0604","LOC-101","Mizoram: Aizawl-Kolasib","Corrective Maintenance","Synthetic demo: Traction Substation at LOC-101","Critical","0.34","Medium","Medium","35","Traction Distribution","2026-09-04 21:00:00","2026-09-09 21:00:00","Scheduled",""
"TSK-1208","AST-0604","LOC-101","Mizoram: Aizawl-Kolasib","Inspection","Synthetic demo: Traction Substation at LOC-101","Medium","0.35","Medium","High","52","Traction Distribution","2026-09-05 00:00:00","2026-09-11 00:00:00","Pending",""
"TSK-1209","AST-0605","LOC-101","Mizoram: Aizawl-Kolasib","Preventive Maintenance","Synthetic demo: Signal at LOC-101","Medium","0.36","High","Low","69","Signal & Telecommunication","2026-09-05 03:00:00","2026-09-12 03:00:00","In Progress",""
"TSK-1210","AST-0605","LOC-101","Mizoram: Aizawl-Kolasib","Condition Monitoring","Synthetic demo: Signal at LOC-101","Critical","0.37","High","Medium","86","Signal & Telecommunication","2026-09-05 06:00:00","2026-09-13 06:00:00","Pending",""
"TSK-1211","AST-0606","LOC-101","Mizoram: Aizawl-Kolasib","Corrective Maintenance","Synthetic demo: Axle Counter at LOC-101","Critical","0.38","High","High","103","Signal & Telecommunication","2026-09-05 09:00:00","2026-09-14 09:00:00","Pending",""
"TSK-1212","AST-0606","LOC-101","Mizoram: Aizawl-Kolasib","Inspection","Synthetic demo: Axle Counter at LOC-101","Medium","0.39","High","Low","49","Signal & Telecommunication","2026-09-05 12:00:00","2026-09-15 12:00:00","Pending",""
"TSK-1213","AST-0607","LOC-102","Mizoram: Aizawl-Kolasib","Preventive Maintenance","Synthetic demo: Track at LOC-102","Medium","0.4","Critical","Medium","66","Engineering","2026-09-05 15:00:00","2026-09-16 15:00:00","Pending",""
"TSK-1214","AST-0607","LOC-102","Mizoram: Aizawl-Kolasib","Condition Monitoring","Synthetic demo: Track at LOC-102","Critical","0.41","Critical","High","83","Engineering","2026-09-05 18:00:00","2026-09-17 18:00:00","Pending",""
"TSK-1215","AST-0608","LOC-102","Mizoram: Aizawl-Kolasib","Corrective Maintenance","Synthetic demo: Turnout at LOC-102","Critical","0.42","Medium","Low","100","Engineering","2026-09-05 21:00:00","2026-09-18 21:00:00","Pending",""
"TSK-1216","AST-0608","LOC-102","Mizoram: Aizawl-Kolasib","Inspection","Synthetic demo: Turnout at LOC-102","Medium","0.43","Medium","Medium","46","Engineering","2026-09-06 00:00:00","2026-09-20 00:00:00","Pending",""
"TSK-1217","AST-0609","LOC-102","Mizoram: Aizawl-Kolasib","Preventive Maintenance","Synthetic demo: OHE Mast at LOC-102","Medium","0.44","High","High","63","Traction Distribution","2026-09-06 03:00:00","2026-09-21 03:00:00","Pending",""
"TSK-1218","AST-0609","LOC-102","Mizoram: Aizawl-Kolasib","Condition Monitoring","Synthetic demo: OHE Mast at LOC-102","Critical","0.45","High","Low","80","Traction Distribution","2026-09-06 06:00:00","2026-09-08 06:00:00","Pending",""
"TSK-1219","AST-0610","LOC-102","Mizoram: Aizawl-Kolasib","Corrective Maintenance","Synthetic demo: Traction Substation at LOC-102","Critical","0.46","High","Medium","97","Traction Distribution","2026-09-06 09:00:00","2026-09-09 09:00:00","Pending",""
"TSK-1220","AST-0610","LOC-102","Mizoram: Aizawl-Kolasib","Inspection","Synthetic demo: Traction Substation at LOC-102","Medium","0.47","High","High","43","Traction Distribution","2026-09-06 12:00:00","2026-09-10 12:00:00","Pending",""
"TSK-1221","AST-0611","LOC-102","Mizoram: Aizawl-Kolasib","Preventive Maintenance","Synthetic demo: Signal at LOC-102","Medium","0.48","Critical","Low","60","Signal & Telecommunication","2026-09-06 15:00:00","2026-09-11 15:00:00","Pending",""
"TSK-1222","AST-0611","LOC-102","Mizoram: Aizawl-Kolasib","Condition Monitoring","Synthetic demo: Signal at LOC-102","Critical","0.49","Critical","Medium","77","Signal & Telecommunication","2026-09-06 18:00:00","2026-09-12 18:00:00","In Progress",""
"TSK-1223","AST-0612","LOC-102","Mizoram: Aizawl-Kolasib","Corrective Maintenance","Synthetic demo: Axle Counter at LOC-102","Critical","0.5","Medium","High","94","Signal & Telecommunication","2026-09-06 21:00:00","2026-09-13 21:00:00","Pending",""
"TSK-1224","AST-0612","LOC-102","Mizoram: Aizawl-Kolasib","Inspection","Synthetic demo: Axle Counter at LOC-102","Medium","0.51","Medium","Low","40","Signal & Telecommunication","2026-09-07 00:00:00","2026-09-15 00:00:00","Scheduled",""
"TSK-1225","AST-0613","LOC-103","Nagaland: Dimapur-Kohima","Preventive Maintenance","Synthetic demo: Track at LOC-103","Medium","0.52","High","Medium","57","Engineering","2026-09-07 03:00:00","2026-09-16 03:00:00","Pending",""
"TSK-1226","AST-0613","LOC-103","Nagaland: Dimapur-Kohima","Condition Monitoring","Synthetic demo: Track at LOC-103","Critical","0.53","High","High","74","Engineering","2026-09-07 06:00:00","2026-09-17 06:00:00","Pending",""
"TSK-1227","AST-0614","LOC-103","Nagaland: Dimapur-Kohima","Corrective Maintenance","Synthetic demo: Turnout at LOC-103","Critical","0.54","High","Low","91","Engineering","2026-09-07 09:00:00","2026-09-18 09:00:00","Pending",""
"TSK-1228","AST-0614","LOC-103","Nagaland: Dimapur-Kohima","Inspection","Synthetic demo: Turnout at LOC-103","Medium","0.55","High","Medium","37","Engineering","2026-09-07 12:00:00","2026-09-19 12:00:00","Pending",""
"TSK-1229","AST-0615","LOC-103","Nagaland: Dimapur-Kohima","Preventive Maintenance","Synthetic demo: OHE Mast at LOC-103","Medium","0.56","Critical","High","54","Traction Distribution","2026-09-07 15:00:00","2026-09-20 15:00:00","Pending",""
"TSK-1230","AST-0615","LOC-103","Nagaland: Dimapur-Kohima","Condition Monitoring","Synthetic demo: OHE Mast at LOC-103","Critical","0.57","Critical","Low","71","Traction Distribution","2026-09-07 18:00:00","2026-09-21 18:00:00","Pending",""
"TSK-1231","AST-0616","LOC-103","Nagaland: Dimapur-Kohima","Corrective Maintenance","Synthetic demo: Traction Substation at LOC-103","Critical","0.58","Medium","Medium","88","Traction Distribution","2026-09-07 21:00:00","2026-09-22 21:00:00","Pending",""
"TSK-1232","AST-0616","LOC-103","Nagaland: Dimapur-Kohima","Inspection","Synthetic demo: Traction Substation at LOC-103","Medium","0.59","Medium","High","105","Traction Distribution","2026-09-08 00:00:00","2026-09-10 00:00:00","Pending",""
"TSK-1233","AST-0617","LOC-103","Nagaland: Dimapur-Kohima","Preventive Maintenance","Synthetic demo: Signal at LOC-103","Medium","0.6","High","Low","51","Signal & Telecommunication","2026-09-08 03:00:00","2026-09-11 03:00:00","Pending",""
"TSK-1234","AST-0617","LOC-103","Nagaland: Dimapur-Kohima","Condition Monitoring","Synthetic demo: Signal at LOC-103","Critical","0.61","High","Medium","68","Signal & Telecommunication","2026-09-08 06:00:00","2026-09-12 06:00:00","Pending",""
"TSK-1235","AST-0618","LOC-103","Nagaland: Dimapur-Kohima","Corrective Maintenance","Synthetic demo: Axle Counter at LOC-103","Critical","0.62","High","High","85","Signal & Telecommunication","2026-09-08 09:00:00","2026-09-13 09:00:00","In Progress",""
"TSK-1236","AST-0618","LOC-103","Nagaland: Dimapur-Kohima","Inspection","Synthetic demo: Axle Counter at LOC-103","Medium","0.63","High","Low","102","Signal & Telecommunication","2026-09-08 12:00:00","2026-09-14 12:00:00","Pending",""
"TSK-1237","AST-0619","LOC-104","Nagaland: Dimapur-Kohima","Preventive Maintenance","Synthetic demo: Track at LOC-104","Medium","0.64","Critical","Medium","48","Engineering","2026-09-08 15:00:00","2026-09-15 15:00:00","Pending",""
"TSK-1238","AST-0619","LOC-104","Nagaland: Dimapur-Kohima","Condition Monitoring","Synthetic demo: Track at LOC-104","Critical","0.65","Critical","High","65","Engineering","2026-09-08 18:00:00","2026-09-16 18:00:00","Pending",""
"TSK-1239","AST-0620","LOC-104","Nagaland: Dimapur-Kohima","Corrective Maintenance","Synthetic demo: Turnout at LOC-104","Critical","0.66","Medium","Low","82","Engineering","2026-09-08 21:00:00","2026-09-17 21:00:00","Pending",""
"TSK-1240","AST-0620","LOC-104","Nagaland: Dimapur-Kohima","Inspection","Synthetic demo: Turnout at LOC-104","Medium","0.67","Medium","Medium","99","Engineering","2026-09-09 00:00:00","2026-09-19 00:00:00","Pending",""
"TSK-1241","AST-0621","LOC-104","Nagaland: Dimapur-Kohima","Preventive Maintenance","Synthetic demo: OHE Mast at LOC-104","Medium","0.68","High","High","45","Traction Distribution","2026-09-09 03:00:00","2026-09-20 03:00:00","Scheduled",""
"TSK-1242","AST-0621","LOC-104","Nagaland: Dimapur-Kohima","Condition Monitoring","Synthetic demo: OHE Mast at LOC-104","Critical","0.69","High","Low","62","Traction Distribution","2026-09-09 06:00:00","2026-09-21 06:00:00","Pending",""
"TSK-1243","AST-0622","LOC-104","Nagaland: Dimapur-Kohima","Corrective Maintenance","Synthetic demo: Traction Substation at LOC-104","Critical","0.7","High","Medium","79","Traction Distribution","2026-09-09 09:00:00","2026-09-22 09:00:00","Pending",""
"TSK-1244","AST-0622","LOC-104","Nagaland: Dimapur-Kohima","Inspection","Synthetic demo: Traction Substation at LOC-104","Medium","0.71","High","High","96","Traction Distribution","2026-09-09 12:00:00","2026-09-23 12:00:00","Pending",""
"TSK-1245","AST-0623","LOC-104","Nagaland: Dimapur-Kohima","Preventive Maintenance","Synthetic demo: Signal at LOC-104","Medium","0.72","Critical","Low","42","Signal & Telecommunication","2026-09-09 15:00:00","2026-09-24 15:00:00","Pending",""
"TSK-1246","AST-0623","LOC-104","Nagaland: Dimapur-Kohima","Condition Monitoring","Synthetic demo: Signal at LOC-104","Critical","0.73","Critical","Medium","59","Signal & Telecommunication","2026-09-09 18:00:00","2026-09-11 18:00:00","Pending",""
"TSK-1247","AST-0624","LOC-104","Nagaland: Dimapur-Kohima","Corrective Maintenance","Synthetic demo: Axle Counter at LOC-104","Critical","0.74","Medium","High","76","Signal & Telecommunication","2026-09-09 21:00:00","2026-09-12 21:00:00","Pending",""
"TSK-1248","AST-0624","LOC-104","Nagaland: Dimapur-Kohima","Inspection","Synthetic demo: Axle Counter at LOC-104","Medium","0.75","Medium","Low","93","Signal & Telecommunication","2026-09-10 00:00:00","2026-09-14 00:00:00","In Progress",""
"TSK-1249","AST-0625","LOC-105","Nagaland: Dimapur-Kohima","Preventive Maintenance","Synthetic demo: Track at LOC-105","Medium","0.76","High","Medium","39","Engineering","2026-09-10 03:00:00","2026-09-15 03:00:00","Pending",""
"TSK-1250","AST-0625","LOC-105","Nagaland: Dimapur-Kohima","Condition Monitoring","Synthetic demo: Track at LOC-105","Critical","0.77","High","High","56","Engineering","2026-09-10 06:00:00","2026-09-16 06:00:00","Pending",""
"TSK-1251","AST-0626","LOC-105","Nagaland: Dimapur-Kohima","Corrective Maintenance","Synthetic demo: Turnout at LOC-105","Critical","0.78","High","Low","73","Engineering","2026-09-10 09:00:00","2026-09-17 09:00:00","Pending",""
"TSK-1252","AST-0626","LOC-105","Nagaland: Dimapur-Kohima","Inspection","Synthetic demo: Turnout at LOC-105","Medium","0.79","High","Medium","90","Engineering","2026-09-10 12:00:00","2026-09-18 12:00:00","Pending",""
"TSK-1253","AST-0627","LOC-105","Nagaland: Dimapur-Kohima","Preventive Maintenance","Synthetic demo: OHE Mast at LOC-105","Medium","0.8","Critical","High","36","Traction Distribution","2026-09-10 15:00:00","2026-09-19 15:00:00","Pending",""
"TSK-1254","AST-0627","LOC-105","Nagaland: Dimapur-Kohima","Condition Monitoring","Synthetic demo: OHE Mast at LOC-105","Critical","0.81","Critical","Low","53","Traction Distribution","2026-09-10 18:00:00","2026-09-20 18:00:00","Pending",""
"TSK-1255","AST-0628","LOC-105","Nagaland: Dimapur-Kohima","Corrective Maintenance","Synthetic demo: Traction Substation at LOC-105","Critical","0.82","Medium","Medium","70","Traction Distribution","2026-09-10 21:00:00","2026-09-21 21:00:00","Pending",""
"TSK-1256","AST-0628","LOC-105","Nagaland: Dimapur-Kohima","Inspection","Synthetic demo: Traction Substation at LOC-105","Medium","0.83","Medium","High","87","Traction Distribution","2026-09-11 00:00:00","2026-09-23 00:00:00","Pending",""
"TSK-1257","AST-0629","LOC-105","Nagaland: Dimapur-Kohima","Preventive Maintenance","Synthetic demo: Signal at LOC-105","Medium","0.84","High","Low","104","Signal & Telecommunication","2026-09-11 03:00:00","2026-09-24 03:00:00","Pending",""
"TSK-1258","AST-0629","LOC-105","Nagaland: Dimapur-Kohima","Condition Monitoring","Synthetic demo: Signal at LOC-105","Critical","0.85","High","Medium","50","Signal & Telecommunication","2026-09-11 06:00:00","2026-09-25 06:00:00","Scheduled",""
"TSK-1259","AST-0630","LOC-105","Nagaland: Dimapur-Kohima","Corrective Maintenance","Synthetic demo: Axle Counter at LOC-105","Critical","0.86","High","High","67","Signal & Telecommunication","2026-09-11 09:00:00","2026-09-26 09:00:00","Pending",""
"TSK-1260","AST-0630","LOC-105","Nagaland: Dimapur-Kohima","Inspection","Synthetic demo: Axle Counter at LOC-105","Medium","0.87","High","Low","84","Signal & Telecommunication","2026-09-11 12:00:00","2026-09-13 12:00:00","Pending",""
"TSK-1261","AST-0631","LOC-106","Nagaland: Dimapur-Kohima","Preventive Maintenance","Synthetic demo: Track at LOC-106","Medium","0.88","Critical","Medium","101","Engineering","2026-09-11 15:00:00","2026-09-14 15:00:00","In Progress",""
"TSK-1262","AST-0631","LOC-106","Nagaland: Dimapur-Kohima","Condition Monitoring","Synthetic demo: Track at LOC-106","Critical","0.89","Critical","High","47","Engineering","2026-09-11 18:00:00","2026-09-15 18:00:00","Pending",""
"TSK-1263","AST-0632","LOC-106","Nagaland: Dimapur-Kohima","Corrective Maintenance","Synthetic demo: Turnout at LOC-106","Critical","0.9","Medium","Low","64","Engineering","2026-09-11 21:00:00","2026-09-16 21:00:00","Pending",""
"TSK-1264","AST-0632","LOC-106","Nagaland: Dimapur-Kohima","Inspection","Synthetic demo: Turnout at LOC-106","Medium","0.12","Medium","Medium","81","Engineering","2026-09-12 00:00:00","2026-09-18 00:00:00","Pending",""
"TSK-1265","AST-0633","LOC-106","Nagaland: Dimapur-Kohima","Preventive Maintenance","Synthetic demo: OHE Mast at LOC-106","Medium","0.13","High","High","98","Traction Distribution","2026-09-12 03:00:00","2026-09-19 03:00:00","Pending",""
"TSK-1266","AST-0633","LOC-106","Nagaland: Dimapur-Kohima","Condition Monitoring","Synthetic demo: OHE Mast at LOC-106","Critical","0.14","High","Low","44","Traction Distribution","2026-09-12 06:00:00","2026-09-20 06:00:00","Pending",""
"TSK-1267","AST-0634","LOC-106","Nagaland: Dimapur-Kohima","Corrective Maintenance","Synthetic demo: Traction Substation at LOC-106","Critical","0.15","High","Medium","61","Traction Distribution","2026-09-12 09:00:00","2026-09-21 09:00:00","Pending",""
"TSK-1268","AST-0634","LOC-106","Nagaland: Dimapur-Kohima","Inspection","Synthetic demo: Traction Substation at LOC-106","Medium","0.16","High","High","78","Traction Distribution","2026-09-12 12:00:00","2026-09-22 12:00:00","Pending",""
"TSK-1269","AST-0635","LOC-106","Nagaland: Dimapur-Kohima","Preventive Maintenance","Synthetic demo: Signal at LOC-106","Medium","0.17","Critical","Low","95","Signal & Telecommunication","2026-09-12 15:00:00","2026-09-23 15:00:00","Pending",""
"TSK-1270","AST-0635","LOC-106","Nagaland: Dimapur-Kohima","Condition Monitoring","Synthetic demo: Signal at LOC-106","Critical","0.18","Critical","Medium","41","Signal & Telecommunication","2026-09-12 18:00:00","2026-09-24 18:00:00","Pending",""
"TSK-1271","AST-0636","LOC-106","Nagaland: Dimapur-Kohima","Corrective Maintenance","Synthetic demo: Axle Counter at LOC-106","Critical","0.19","Medium","High","58","Signal & Telecommunication","2026-09-12 21:00:00","2026-09-25 21:00:00","Pending",""
"TSK-1272","AST-0636","LOC-106","Nagaland: Dimapur-Kohima","Inspection","Synthetic demo: Axle Counter at LOC-106","Medium","0.2","Medium","Low","75","Signal & Telecommunication","2026-09-13 00:00:00","2026-09-27 00:00:00","Pending",""
"TSK-1273","AST-0637","LOC-107","Nagaland: Dimapur-Kohima","Preventive Maintenance","Synthetic demo: Track at LOC-107","Medium","0.21","High","Medium","92","Engineering","2026-09-13 03:00:00","2026-09-28 03:00:00","Pending",""
"TSK-1274","AST-0637","LOC-107","Nagaland: Dimapur-Kohima","Condition Monitoring","Synthetic demo: Track at LOC-107","Critical","0.22","High","High","38","Engineering","2026-09-13 06:00:00","2026-09-15 06:00:00","In Progress",""
"TSK-1275","AST-0638","LOC-107","Nagaland: Dimapur-Kohima","Corrective Maintenance","Synthetic demo: Turnout at LOC-107","Critical","0.23","High","Low","55","Engineering","2026-09-13 09:00:00","2026-09-16 09:00:00","Scheduled",""
"TSK-1276","AST-0638","LOC-107","Nagaland: Dimapur-Kohima","Inspection","Synthetic demo: Turnout at LOC-107","Medium","0.24","High","Medium","72","Engineering","2026-09-13 12:00:00","2026-09-17 12:00:00","Pending",""
"TSK-1277","AST-0639","LOC-107","Nagaland: Dimapur-Kohima","Preventive Maintenance","Synthetic demo: OHE Mast at LOC-107","Medium","0.25","Critical","High","89","Traction Distribution","2026-09-13 15:00:00","2026-09-18 15:00:00","Pending",""
"TSK-1278","AST-0639","LOC-107","Nagaland: Dimapur-Kohima","Condition Monitoring","Synthetic demo: OHE Mast at LOC-107","Critical","0.26","Critical","Low","35","Traction Distribution","2026-09-13 18:00:00","2026-09-19 18:00:00","Pending",""
"TSK-1279","AST-0640","LOC-107","Nagaland: Dimapur-Kohima","Corrective Maintenance","Synthetic demo: Traction Substation at LOC-107","Critical","0.27","Medium","Medium","52","Traction Distribution","2026-09-13 21:00:00","2026-09-20 21:00:00","Pending",""
"TSK-1280","AST-0640","LOC-107","Nagaland: Dimapur-Kohima","Inspection","Synthetic demo: Traction Substation at LOC-107","Medium","0.28","Medium","High","69","Traction Distribution","2026-09-14 00:00:00","2026-09-22 00:00:00","Pending",""
"TSK-1281","AST-0641","LOC-107","Nagaland: Dimapur-Kohima","Preventive Maintenance","Synthetic demo: Signal at LOC-107","Medium","0.29","High","Low","86","Signal & Telecommunication","2026-09-14 03:00:00","2026-09-23 03:00:00","Pending",""
"TSK-1282","AST-0641","LOC-107","Nagaland: Dimapur-Kohima","Condition Monitoring","Synthetic demo: Signal at LOC-107","Critical","0.3","High","Medium","103","Signal & Telecommunication","2026-09-14 06:00:00","2026-09-24 06:00:00","Pending",""
"TSK-1283","AST-0642","LOC-107","Nagaland: Dimapur-Kohima","Corrective Maintenance","Synthetic demo: Axle Counter at LOC-107","Critical","0.31","High","High","49","Signal & Telecommunication","2026-09-14 09:00:00","2026-09-25 09:00:00","Pending",""
"TSK-1284","AST-0642","LOC-107","Nagaland: Dimapur-Kohima","Inspection","Synthetic demo: Axle Counter at LOC-107","Medium","0.32","High","Low","66","Signal & Telecommunication","2026-09-14 12:00:00","2026-09-26 12:00:00","Pending",""
"TSK-1285","AST-0643","LOC-108","Nagaland: Dimapur-Kohima","Preventive Maintenance","Synthetic demo: Track at LOC-108","Medium","0.33","Critical","Medium","83","Engineering","2026-09-14 15:00:00","2026-09-27 15:00:00","Pending",""
"TSK-1286","AST-0643","LOC-108","Nagaland: Dimapur-Kohima","Condition Monitoring","Synthetic demo: Track at LOC-108","Critical","0.34","Critical","High","100","Engineering","2026-09-14 18:00:00","2026-09-28 18:00:00","Pending",""
"TSK-1287","AST-0644","LOC-108","Nagaland: Dimapur-Kohima","Corrective Maintenance","Synthetic demo: Turnout at LOC-108","Critical","0.35","Medium","Low","46","Engineering","2026-09-14 21:00:00","2026-09-29 21:00:00","In Progress",""
"TSK-1288","AST-0644","LOC-108","Nagaland: Dimapur-Kohima","Inspection","Synthetic demo: Turnout at LOC-108","Medium","0.36","Medium","Medium","63","Engineering","2026-09-15 00:00:00","2026-09-17 00:00:00","Pending",""
"TSK-1289","AST-0645","LOC-108","Nagaland: Dimapur-Kohima","Preventive Maintenance","Synthetic demo: OHE Mast at LOC-108","Medium","0.37","High","High","80","Traction Distribution","2026-09-15 03:00:00","2026-09-18 03:00:00","Pending",""
"TSK-1290","AST-0645","LOC-108","Nagaland: Dimapur-Kohima","Condition Monitoring","Synthetic demo: OHE Mast at LOC-108","Critical","0.38","High","Low","97","Traction Distribution","2026-09-15 06:00:00","2026-09-19 06:00:00","Pending",""
"TSK-1291","AST-0646","LOC-108","Nagaland: Dimapur-Kohima","Corrective Maintenance","Synthetic demo: Traction Substation at LOC-108","Critical","0.39","High","Medium","43","Traction Distribution","2026-09-15 09:00:00","2026-09-20 09:00:00","Pending",""
"TSK-1292","AST-0646","LOC-108","Nagaland: Dimapur-Kohima","Inspection","Synthetic demo: Traction Substation at LOC-108","Medium","0.4","High","High","60","Traction Distribution","2026-09-15 12:00:00","2026-09-21 12:00:00","Scheduled",""
"TSK-1293","AST-0647","LOC-108","Nagaland: Dimapur-Kohima","Preventive Maintenance","Synthetic demo: Signal at LOC-108","Medium","0.41","Critical","Low","77","Signal & Telecommunication","2026-09-15 15:00:00","2026-09-22 15:00:00","Pending",""
"TSK-1294","AST-0647","LOC-108","Nagaland: Dimapur-Kohima","Condition Monitoring","Synthetic demo: Signal at LOC-108","Critical","0.42","Critical","Medium","94","Signal & Telecommunication","2026-09-15 18:00:00","2026-09-23 18:00:00","Pending",""
"TSK-1295","AST-0648","LOC-108","Nagaland: Dimapur-Kohima","Corrective Maintenance","Synthetic demo: Axle Counter at LOC-108","Critical","0.43","Medium","High","40","Signal & Telecommunication","2026-09-15 21:00:00","2026-09-24 21:00:00","Pending",""
"TSK-1296","AST-0648","LOC-108","Nagaland: Dimapur-Kohima","Inspection","Synthetic demo: Axle Counter at LOC-108","Medium","0.44","Medium","Low","57","Signal & Telecommunication","2026-09-16 00:00:00","2026-09-26 00:00:00","Pending",""
"TSK-1297","AST-0649","LOC-109","Odisha: Bhubaneswar-Cuttack","Preventive Maintenance","Synthetic demo: Track at LOC-109","Medium","0.45","High","Medium","74","Engineering","2026-09-16 03:00:00","2026-09-27 03:00:00","Pending",""
"TSK-1298","AST-0649","LOC-109","Odisha: Bhubaneswar-Cuttack","Condition Monitoring","Synthetic demo: Track at LOC-109","Critical","0.46","High","High","91","Engineering","2026-09-16 06:00:00","2026-09-28 06:00:00","Pending",""
"TSK-1299","AST-0650","LOC-109","Odisha: Bhubaneswar-Cuttack","Corrective Maintenance","Synthetic demo: Turnout at LOC-109","Critical","0.47","High","Low","37","Engineering","2026-09-16 09:00:00","2026-09-29 09:00:00","Pending",""
"TSK-1300","AST-0650","LOC-109","Odisha: Bhubaneswar-Cuttack","Inspection","Synthetic demo: Turnout at LOC-109","Medium","0.48","High","Medium","54","Engineering","2026-09-16 12:00:00","2026-09-30 12:00:00","In Progress",""
"TSK-1301","AST-0651","LOC-109","Odisha: Bhubaneswar-Cuttack","Preventive Maintenance","Synthetic demo: OHE Mast at LOC-109","Medium","0.49","Critical","High","71","Traction Distribution","2026-09-16 15:00:00","2026-10-01 15:00:00","Pending",""
"TSK-1302","AST-0651","LOC-109","Odisha: Bhubaneswar-Cuttack","Condition Monitoring","Synthetic demo: OHE Mast at LOC-109","Critical","0.5","Critical","Low","88","Traction Distribution","2026-09-16 18:00:00","2026-09-18 18:00:00","Pending",""
"TSK-1303","AST-0652","LOC-109","Odisha: Bhubaneswar-Cuttack","Corrective Maintenance","Synthetic demo: Traction Substation at LOC-109","Critical","0.51","Medium","Medium","105","Traction Distribution","2026-09-16 21:00:00","2026-09-19 21:00:00","Pending",""
"TSK-1304","AST-0652","LOC-109","Odisha: Bhubaneswar-Cuttack","Inspection","Synthetic demo: Traction Substation at LOC-109","Medium","0.52","Medium","High","51","Traction Distribution","2026-09-17 00:00:00","2026-09-21 00:00:00","Pending",""
"TSK-1305","AST-0653","LOC-109","Odisha: Bhubaneswar-Cuttack","Preventive Maintenance","Synthetic demo: Signal at LOC-109","Medium","0.53","High","Low","68","Signal & Telecommunication","2026-09-17 03:00:00","2026-09-22 03:00:00","Pending",""
"TSK-1306","AST-0653","LOC-109","Odisha: Bhubaneswar-Cuttack","Condition Monitoring","Synthetic demo: Signal at LOC-109","Critical","0.54","High","Medium","85","Signal & Telecommunication","2026-09-17 06:00:00","2026-09-23 06:00:00","Pending",""
"TSK-1307","AST-0654","LOC-109","Odisha: Bhubaneswar-Cuttack","Corrective Maintenance","Synthetic demo: Axle Counter at LOC-109","Critical","0.55","High","High","102","Signal & Telecommunication","2026-09-17 09:00:00","2026-09-24 09:00:00","Pending",""
"TSK-1308","AST-0654","LOC-109","Odisha: Bhubaneswar-Cuttack","Inspection","Synthetic demo: Axle Counter at LOC-109","Medium","0.56","High","Low","48","Signal & Telecommunication","2026-09-17 12:00:00","2026-09-25 12:00:00","Pending",""
"TSK-1309","AST-0655","LOC-110","Odisha: Bhubaneswar-Cuttack","Preventive Maintenance","Synthetic demo: Track at LOC-110","Medium","0.57","Critical","Medium","65","Engineering","2026-09-17 15:00:00","2026-09-26 15:00:00","Scheduled",""
"TSK-1310","AST-0655","LOC-110","Odisha: Bhubaneswar-Cuttack","Condition Monitoring","Synthetic demo: Track at LOC-110","Critical","0.58","Critical","High","82","Engineering","2026-09-17 18:00:00","2026-09-27 18:00:00","Pending",""
"TSK-1311","AST-0656","LOC-110","Odisha: Bhubaneswar-Cuttack","Corrective Maintenance","Synthetic demo: Turnout at LOC-110","Critical","0.59","Medium","Low","99","Engineering","2026-09-17 21:00:00","2026-09-28 21:00:00","Pending",""
"TSK-1312","AST-0656","LOC-110","Odisha: Bhubaneswar-Cuttack","Inspection","Synthetic demo: Turnout at LOC-110","Medium","0.6","Medium","Medium","45","Engineering","2026-09-18 00:00:00","2026-09-30 00:00:00","Pending",""
"TSK-1313","AST-0657","LOC-110","Odisha: Bhubaneswar-Cuttack","Preventive Maintenance","Synthetic demo: OHE Mast at LOC-110","Medium","0.61","High","High","62","Traction Distribution","2026-09-18 03:00:00","2026-10-01 03:00:00","In Progress",""
"TSK-1314","AST-0657","LOC-110","Odisha: Bhubaneswar-Cuttack","Condition Monitoring","Synthetic demo: OHE Mast at LOC-110","Critical","0.62","High","Low","79","Traction Distribution","2026-09-18 06:00:00","2026-10-02 06:00:00","Pending",""
"TSK-1315","AST-0658","LOC-110","Odisha: Bhubaneswar-Cuttack","Corrective Maintenance","Synthetic demo: Traction Substation at LOC-110","Critical","0.63","High","Medium","96","Traction Distribution","2026-09-18 09:00:00","2026-10-03 09:00:00","Pending",""
"TSK-1316","AST-0658","LOC-110","Odisha: Bhubaneswar-Cuttack","Inspection","Synthetic demo: Traction Substation at LOC-110","Medium","0.64","High","High","42","Traction Distribution","2026-09-18 12:00:00","2026-09-20 12:00:00","Pending",""
"TSK-1317","AST-0659","LOC-110","Odisha: Bhubaneswar-Cuttack","Preventive Maintenance","Synthetic demo: Signal at LOC-110","Medium","0.65","Critical","Low","59","Signal & Telecommunication","2026-09-18 15:00:00","2026-09-21 15:00:00","Pending",""
"TSK-1318","AST-0659","LOC-110","Odisha: Bhubaneswar-Cuttack","Condition Monitoring","Synthetic demo: Signal at LOC-110","Critical","0.66","Critical","Medium","76","Signal & Telecommunication","2026-09-18 18:00:00","2026-09-22 18:00:00","Pending",""
"TSK-1319","AST-0660","LOC-110","Odisha: Bhubaneswar-Cuttack","Corrective Maintenance","Synthetic demo: Axle Counter at LOC-110","Critical","0.67","Medium","High","93","Signal & Telecommunication","2026-09-18 21:00:00","2026-09-23 21:00:00","Pending",""
"TSK-1320","AST-0660","LOC-110","Odisha: Bhubaneswar-Cuttack","Inspection","Synthetic demo: Axle Counter at LOC-110","Medium","0.68","Medium","Low","39","Signal & Telecommunication","2026-09-19 00:00:00","2026-09-25 00:00:00","Pending",""
"TSK-1321","AST-0661","LOC-111","Odisha: Bhubaneswar-Cuttack","Preventive Maintenance","Synthetic demo: Track at LOC-111","Medium","0.69","High","Medium","56","Engineering","2026-09-19 03:00:00","2026-09-26 03:00:00","Pending",""
"TSK-1322","AST-0661","LOC-111","Odisha: Bhubaneswar-Cuttack","Condition Monitoring","Synthetic demo: Track at LOC-111","Critical","0.7","High","High","73","Engineering","2026-09-19 06:00:00","2026-09-27 06:00:00","Pending",""
"TSK-1323","AST-0662","LOC-111","Odisha: Bhubaneswar-Cuttack","Corrective Maintenance","Synthetic demo: Turnout at LOC-111","Critical","0.71","High","Low","90","Engineering","2026-09-19 09:00:00","2026-09-28 09:00:00","Pending",""
"TSK-1324","AST-0662","LOC-111","Odisha: Bhubaneswar-Cuttack","Inspection","Synthetic demo: Turnout at LOC-111","Medium","0.72","High","Medium","36","Engineering","2026-09-19 12:00:00","2026-09-29 12:00:00","Pending",""
"TSK-1325","AST-0663","LOC-111","Odisha: Bhubaneswar-Cuttack","Preventive Maintenance","Synthetic demo: OHE Mast at LOC-111","Medium","0.73","Critical","High","53","Traction Distribution","2026-09-19 15:00:00","2026-09-30 15:00:00","Pending",""
"TSK-1326","AST-0663","LOC-111","Odisha: Bhubaneswar-Cuttack","Condition Monitoring","Synthetic demo: OHE Mast at LOC-111","Critical","0.74","Critical","Low","70","Traction Distribution","2026-09-19 18:00:00","2026-10-01 18:00:00","In Progress",""
"TSK-1327","AST-0664","LOC-111","Odisha: Bhubaneswar-Cuttack","Corrective Maintenance","Synthetic demo: Traction Substation at LOC-111","Critical","0.75","Medium","Medium","87","Traction Distribution","2026-09-19 21:00:00","2026-10-02 21:00:00","Pending",""
"TSK-1328","AST-0664","LOC-111","Odisha: Bhubaneswar-Cuttack","Inspection","Synthetic demo: Traction Substation at LOC-111","Medium","0.76","Medium","High","104","Traction Distribution","2026-09-20 00:00:00","2026-10-04 00:00:00","Pending",""
"TSK-1329","AST-0665","LOC-111","Odisha: Bhubaneswar-Cuttack","Preventive Maintenance","Synthetic demo: Signal at LOC-111","Medium","0.77","High","Low","50","Signal & Telecommunication","2026-09-20 03:00:00","2026-10-05 03:00:00","Pending",""
"TSK-1330","AST-0665","LOC-111","Odisha: Bhubaneswar-Cuttack","Condition Monitoring","Synthetic demo: Signal at LOC-111","Critical","0.78","High","Medium","67","Signal & Telecommunication","2026-09-20 06:00:00","2026-09-22 06:00:00","Pending",""
"TSK-1331","AST-0666","LOC-111","Odisha: Bhubaneswar-Cuttack","Corrective Maintenance","Synthetic demo: Axle Counter at LOC-111","Critical","0.79","High","High","84","Signal & Telecommunication","2026-09-20 09:00:00","2026-09-23 09:00:00","Pending",""
"TSK-1332","AST-0666","LOC-111","Odisha: Bhubaneswar-Cuttack","Inspection","Synthetic demo: Axle Counter at LOC-111","Medium","0.8","High","Low","101","Signal & Telecommunication","2026-09-20 12:00:00","2026-09-24 12:00:00","Pending",""
"TSK-1333","AST-0667","LOC-112","Odisha: Bhubaneswar-Cuttack","Preventive Maintenance","Synthetic demo: Track at LOC-112","Medium","0.81","Critical","Medium","47","Engineering","2026-09-20 15:00:00","2026-09-25 15:00:00","Pending",""
"TSK-1334","AST-0667","LOC-112","Odisha: Bhubaneswar-Cuttack","Condition Monitoring","Synthetic demo: Track at LOC-112","Critical","0.82","Critical","High","64","Engineering","2026-09-20 18:00:00","2026-09-26 18:00:00","Pending",""
"TSK-1335","AST-0668","LOC-112","Odisha: Bhubaneswar-Cuttack","Corrective Maintenance","Synthetic demo: Turnout at LOC-112","Critical","0.83","Medium","Low","81","Engineering","2026-09-20 21:00:00","2026-09-27 21:00:00","Pending",""
"TSK-1336","AST-0668","LOC-112","Odisha: Bhubaneswar-Cuttack","Inspection","Synthetic demo: Turnout at LOC-112","Medium","0.84","Medium","Medium","98","Engineering","2026-09-21 00:00:00","2026-09-29 00:00:00","Pending",""
"TSK-1337","AST-0669","LOC-112","Odisha: Bhubaneswar-Cuttack","Preventive Maintenance","Synthetic demo: OHE Mast at LOC-112","Medium","0.85","High","High","44","Traction Distribution","2026-09-21 03:00:00","2026-09-30 03:00:00","Pending",""
"TSK-1338","AST-0669","LOC-112","Odisha: Bhubaneswar-Cuttack","Condition Monitoring","Synthetic demo: OHE Mast at LOC-112","Critical","0.86","High","Low","61","Traction Distribution","2026-09-21 06:00:00","2026-10-01 06:00:00","Pending",""
"TSK-1339","AST-0670","LOC-112","Odisha: Bhubaneswar-Cuttack","Corrective Maintenance","Synthetic demo: Traction Substation at LOC-112","Critical","0.87","High","Medium","78","Traction Distribution","2026-09-21 09:00:00","2026-10-02 09:00:00","In Progress",""
"TSK-1340","AST-0670","LOC-112","Odisha: Bhubaneswar-Cuttack","Inspection","Synthetic demo: Traction Substation at LOC-112","Medium","0.88","High","High","95","Traction Distribution","2026-09-21 12:00:00","2026-10-03 12:00:00","Pending",""
"TSK-1341","AST-0671","LOC-112","Odisha: Bhubaneswar-Cuttack","Preventive Maintenance","Synthetic demo: Signal at LOC-112","Medium","0.89","Critical","Low","41","Signal & Telecommunication","2026-09-21 15:00:00","2026-10-04 15:00:00","Pending",""
"TSK-1342","AST-0671","LOC-112","Odisha: Bhubaneswar-Cuttack","Condition Monitoring","Synthetic demo: Signal at LOC-112","Critical","0.9","Critical","Medium","58","Signal & Telecommunication","2026-09-21 18:00:00","2026-10-05 18:00:00","Pending",""
"TSK-1343","AST-0672","LOC-112","Odisha: Bhubaneswar-Cuttack","Corrective Maintenance","Synthetic demo: Axle Counter at LOC-112","Critical","0.12","Medium","High","75","Signal & Telecommunication","2026-09-21 21:00:00","2026-10-06 21:00:00","Scheduled",""
"TSK-1344","AST-0672","LOC-112","Odisha: Bhubaneswar-Cuttack","Inspection","Synthetic demo: Axle Counter at LOC-112","Medium","0.13","Medium","Low","92","Signal & Telecommunication","2026-09-01 00:00:00","2026-09-03 00:00:00","Pending",""
"TSK-1345","AST-0673","LOC-113","Odisha: Bhubaneswar-Cuttack","Preventive Maintenance","Synthetic demo: Track at LOC-113","Medium","0.14","High","Medium","38","Engineering","2026-09-01 03:00:00","2026-09-04 03:00:00","Pending",""
"TSK-1346","AST-0673","LOC-113","Odisha: Bhubaneswar-Cuttack","Condition Monitoring","Synthetic demo: Track at LOC-113","Critical","0.15","High","High","55","Engineering","2026-09-01 06:00:00","2026-09-05 06:00:00","Pending",""
"TSK-1347","AST-0674","LOC-113","Odisha: Bhubaneswar-Cuttack","Corrective Maintenance","Synthetic demo: Turnout at LOC-113","Critical","0.16","High","Low","72","Engineering","2026-09-01 09:00:00","2026-09-06 09:00:00","Pending",""
"TSK-1348","AST-0674","LOC-113","Odisha: Bhubaneswar-Cuttack","Inspection","Synthetic demo: Turnout at LOC-113","Medium","0.17","High","Medium","89","Engineering","2026-09-01 12:00:00","2026-09-07 12:00:00","Pending",""
"TSK-1349","AST-0675","LOC-113","Odisha: Bhubaneswar-Cuttack","Preventive Maintenance","Synthetic demo: OHE Mast at LOC-113","Medium","0.18","Critical","High","35","Traction Distribution","2026-09-01 15:00:00","2026-09-08 15:00:00","Pending",""
"TSK-1350","AST-0675","LOC-113","Odisha: Bhubaneswar-Cuttack","Condition Monitoring","Synthetic demo: OHE Mast at LOC-113","Critical","0.19","Critical","Low","52","Traction Distribution","2026-09-01 18:00:00","2026-09-09 18:00:00","Pending",""
"TSK-1351","AST-0676","LOC-113","Odisha: Bhubaneswar-Cuttack","Corrective Maintenance","Synthetic demo: Traction Substation at LOC-113","Critical","0.2","Medium","Medium","69","Traction Distribution","2026-09-01 21:00:00","2026-09-10 21:00:00","Pending",""
"TSK-1352","AST-0676","LOC-113","Odisha: Bhubaneswar-Cuttack","Inspection","Synthetic demo: Traction Substation at LOC-113","Medium","0.21","Medium","High","86","Traction Distribution","2026-09-02 00:00:00","2026-09-12 00:00:00","In Progress",""
"TSK-1353","AST-0677","LOC-113","Odisha: Bhubaneswar-Cuttack","Preventive Maintenance","Synthetic demo: Signal at LOC-113","Medium","0.22","High","Low","103","Signal & Telecommunication","2026-09-02 03:00:00","2026-09-13 03:00:00","Pending",""
"TSK-1354","AST-0677","LOC-113","Odisha: Bhubaneswar-Cuttack","Condition Monitoring","Synthetic demo: Signal at LOC-113","Critical","0.23","High","Medium","49","Signal & Telecommunication","2026-09-02 06:00:00","2026-09-14 06:00:00","Pending",""
"TSK-1355","AST-0678","LOC-113","Odisha: Bhubaneswar-Cuttack","Corrective Maintenance","Synthetic demo: Axle Counter at LOC-113","Critical","0.24","High","High","66","Signal & Telecommunication","2026-09-02 09:00:00","2026-09-15 09:00:00","Pending",""
"TSK-1356","AST-0678","LOC-113","Odisha: Bhubaneswar-Cuttack","Inspection","Synthetic demo: Axle Counter at LOC-113","Medium","0.25","High","Low","83","Signal & Telecommunication","2026-09-02 12:00:00","2026-09-16 12:00:00","Pending",""
"TSK-1357","AST-0679","LOC-114","Odisha: Bhubaneswar-Cuttack","Preventive Maintenance","Synthetic demo: Track at LOC-114","Medium","0.26","Critical","Medium","100","Engineering","2026-09-02 15:00:00","2026-09-17 15:00:00","Pending",""
"TSK-1358","AST-0679","LOC-114","Odisha: Bhubaneswar-Cuttack","Condition Monitoring","Synthetic demo: Track at LOC-114","Critical","0.27","Critical","High","46","Engineering","2026-09-02 18:00:00","2026-09-04 18:00:00","Pending",""
"TSK-1359","AST-0680","LOC-114","Odisha: Bhubaneswar-Cuttack","Corrective Maintenance","Synthetic demo: Turnout at LOC-114","Critical","0.28","Medium","Low","63","Engineering","2026-09-02 21:00:00","2026-09-05 21:00:00","Pending",""
"TSK-1360","AST-0680","LOC-114","Odisha: Bhubaneswar-Cuttack","Inspection","Synthetic demo: Turnout at LOC-114","Medium","0.29","Medium","Medium","80","Engineering","2026-09-03 00:00:00","2026-09-07 00:00:00","Scheduled",""
"TSK-1361","AST-0681","LOC-114","Odisha: Bhubaneswar-Cuttack","Preventive Maintenance","Synthetic demo: OHE Mast at LOC-114","Medium","0.3","High","High","97","Traction Distribution","2026-09-03 03:00:00","2026-09-08 03:00:00","Pending",""
"TSK-1362","AST-0681","LOC-114","Odisha: Bhubaneswar-Cuttack","Condition Monitoring","Synthetic demo: OHE Mast at LOC-114","Critical","0.31","High","Low","43","Traction Distribution","2026-09-03 06:00:00","2026-09-09 06:00:00","Pending",""
"TSK-1363","AST-0682","LOC-114","Odisha: Bhubaneswar-Cuttack","Corrective Maintenance","Synthetic demo: Traction Substation at LOC-114","Critical","0.32","High","Medium","60","Traction Distribution","2026-09-03 09:00:00","2026-09-10 09:00:00","Pending",""
"TSK-1364","AST-0682","LOC-114","Odisha: Bhubaneswar-Cuttack","Inspection","Synthetic demo: Traction Substation at LOC-114","Medium","0.33","High","High","77","Traction Distribution","2026-09-03 12:00:00","2026-09-11 12:00:00","Pending",""
"TSK-1365","AST-0683","LOC-114","Odisha: Bhubaneswar-Cuttack","Preventive Maintenance","Synthetic demo: Signal at LOC-114","Medium","0.34","Critical","Low","94","Signal & Telecommunication","2026-09-03 15:00:00","2026-09-12 15:00:00","In Progress",""
"TSK-1366","AST-0683","LOC-114","Odisha: Bhubaneswar-Cuttack","Condition Monitoring","Synthetic demo: Signal at LOC-114","Critical","0.35","Critical","Medium","40","Signal & Telecommunication","2026-09-03 18:00:00","2026-09-13 18:00:00","Pending",""
"TSK-1367","AST-0684","LOC-114","Odisha: Bhubaneswar-Cuttack","Corrective Maintenance","Synthetic demo: Axle Counter at LOC-114","Critical","0.36","Medium","High","57","Signal & Telecommunication","2026-09-03 21:00:00","2026-09-14 21:00:00","Pending",""
"TSK-1368","AST-0684","LOC-114","Odisha: Bhubaneswar-Cuttack","Inspection","Synthetic demo: Axle Counter at LOC-114","Medium","0.37","Medium","Low","74","Signal & Telecommunication","2026-09-04 00:00:00","2026-09-16 00:00:00","Pending",""
"TSK-1369","AST-0685","LOC-115","Punjab: Ludhiana-Amritsar","Preventive Maintenance","Synthetic demo: Track at LOC-115","Medium","0.38","High","Medium","91","Engineering","2026-09-04 03:00:00","2026-09-17 03:00:00","Pending",""
"TSK-1370","AST-0685","LOC-115","Punjab: Ludhiana-Amritsar","Condition Monitoring","Synthetic demo: Track at LOC-115","Critical","0.39","High","High","37","Engineering","2026-09-04 06:00:00","2026-09-18 06:00:00","Pending",""
"TSK-1371","AST-0686","LOC-115","Punjab: Ludhiana-Amritsar","Corrective Maintenance","Synthetic demo: Turnout at LOC-115","Critical","0.4","High","Low","54","Engineering","2026-09-04 09:00:00","2026-09-19 09:00:00","Pending",""
"TSK-1372","AST-0686","LOC-115","Punjab: Ludhiana-Amritsar","Inspection","Synthetic demo: Turnout at LOC-115","Medium","0.41","High","Medium","71","Engineering","2026-09-04 12:00:00","2026-09-06 12:00:00","Pending",""
"TSK-1373","AST-0687","LOC-115","Punjab: Ludhiana-Amritsar","Preventive Maintenance","Synthetic demo: OHE Mast at LOC-115","Medium","0.42","Critical","High","88","Traction Distribution","2026-09-04 15:00:00","2026-09-07 15:00:00","Pending",""
"TSK-1374","AST-0687","LOC-115","Punjab: Ludhiana-Amritsar","Condition Monitoring","Synthetic demo: OHE Mast at LOC-115","Critical","0.43","Critical","Low","105","Traction Distribution","2026-09-04 18:00:00","2026-09-08 18:00:00","Pending",""
"TSK-1375","AST-0688","LOC-115","Punjab: Ludhiana-Amritsar","Corrective Maintenance","Synthetic demo: Traction Substation at LOC-115","Critical","0.44","Medium","Medium","51","Traction Distribution","2026-09-04 21:00:00","2026-09-09 21:00:00","Pending",""
"TSK-1376","AST-0688","LOC-115","Punjab: Ludhiana-Amritsar","Inspection","Synthetic demo: Traction Substation at LOC-115","Medium","0.45","Medium","High","68","Traction Distribution","2026-09-05 00:00:00","2026-09-11 00:00:00","Pending",""
"TSK-1377","AST-0689","LOC-115","Punjab: Ludhiana-Amritsar","Preventive Maintenance","Synthetic demo: Signal at LOC-115","Medium","0.46","High","Low","85","Signal & Telecommunication","2026-09-05 03:00:00","2026-09-12 03:00:00","Scheduled",""
"TSK-1378","AST-0689","LOC-115","Punjab: Ludhiana-Amritsar","Condition Monitoring","Synthetic demo: Signal at LOC-115","Critical","0.47","High","Medium","102","Signal & Telecommunication","2026-09-05 06:00:00","2026-09-13 06:00:00","In Progress",""
"TSK-1379","AST-0690","LOC-115","Punjab: Ludhiana-Amritsar","Corrective Maintenance","Synthetic demo: Axle Counter at LOC-115","Critical","0.48","High","High","48","Signal & Telecommunication","2026-09-05 09:00:00","2026-09-14 09:00:00","Pending",""
"TSK-1380","AST-0690","LOC-115","Punjab: Ludhiana-Amritsar","Inspection","Synthetic demo: Axle Counter at LOC-115","Medium","0.49","High","Low","65","Signal & Telecommunication","2026-09-05 12:00:00","2026-09-15 12:00:00","Pending",""
"TSK-1381","AST-0691","LOC-116","Punjab: Ludhiana-Amritsar","Preventive Maintenance","Synthetic demo: Track at LOC-116","Medium","0.5","Critical","Medium","82","Engineering","2026-09-05 15:00:00","2026-09-16 15:00:00","Pending",""
"TSK-1382","AST-0691","LOC-116","Punjab: Ludhiana-Amritsar","Condition Monitoring","Synthetic demo: Track at LOC-116","Critical","0.51","Critical","High","99","Engineering","2026-09-05 18:00:00","2026-09-17 18:00:00","Pending",""
"TSK-1383","AST-0692","LOC-116","Punjab: Ludhiana-Amritsar","Corrective Maintenance","Synthetic demo: Turnout at LOC-116","Critical","0.52","Medium","Low","45","Engineering","2026-09-05 21:00:00","2026-09-18 21:00:00","Pending",""
"TSK-1384","AST-0692","LOC-116","Punjab: Ludhiana-Amritsar","Inspection","Synthetic demo: Turnout at LOC-116","Medium","0.53","Medium","Medium","62","Engineering","2026-09-06 00:00:00","2026-09-20 00:00:00","Pending",""
"TSK-1385","AST-0693","LOC-116","Punjab: Ludhiana-Amritsar","Preventive Maintenance","Synthetic demo: OHE Mast at LOC-116","Medium","0.54","High","High","79","Traction Distribution","2026-09-06 03:00:00","2026-09-21 03:00:00","Pending",""
"TSK-1386","AST-0693","LOC-116","Punjab: Ludhiana-Amritsar","Condition Monitoring","Synthetic demo: OHE Mast at LOC-116","Critical","0.55","High","Low","96","Traction Distribution","2026-09-06 06:00:00","2026-09-08 06:00:00","Pending",""
"TSK-1387","AST-0694","LOC-116","Punjab: Ludhiana-Amritsar","Corrective Maintenance","Synthetic demo: Traction Substation at LOC-116","Critical","0.56","High","Medium","42","Traction Distribution","2026-09-06 09:00:00","2026-09-09 09:00:00","Pending",""
"TSK-1388","AST-0694","LOC-116","Punjab: Ludhiana-Amritsar","Inspection","Synthetic demo: Traction Substation at LOC-116","Medium","0.57","High","High","59","Traction Distribution","2026-09-06 12:00:00","2026-09-10 12:00:00","Pending",""
"TSK-1389","AST-0695","LOC-116","Punjab: Ludhiana-Amritsar","Preventive Maintenance","Synthetic demo: Signal at LOC-116","Medium","0.58","Critical","Low","76","Signal & Telecommunication","2026-09-06 15:00:00","2026-09-11 15:00:00","Pending",""
"TSK-1390","AST-0695","LOC-116","Punjab: Ludhiana-Amritsar","Condition Monitoring","Synthetic demo: Signal at LOC-116","Critical","0.59","Critical","Medium","93","Signal & Telecommunication","2026-09-06 18:00:00","2026-09-12 18:00:00","Pending",""
"TSK-1391","AST-0696","LOC-116","Punjab: Ludhiana-Amritsar","Corrective Maintenance","Synthetic demo: Axle Counter at LOC-116","Critical","0.6","Medium","High","39","Signal & Telecommunication","2026-09-06 21:00:00","2026-09-13 21:00:00","In Progress",""
"TSK-1392","AST-0696","LOC-116","Punjab: Ludhiana-Amritsar","Inspection","Synthetic demo: Axle Counter at LOC-116","Medium","0.61","Medium","Low","56","Signal & Telecommunication","2026-09-07 00:00:00","2026-09-15 00:00:00","Pending",""
"TSK-1393","AST-0697","LOC-117","Punjab: Ludhiana-Amritsar","Preventive Maintenance","Synthetic demo: Track at LOC-117","Medium","0.62","High","Medium","73","Engineering","2026-09-07 03:00:00","2026-09-16 03:00:00","Pending",""
"TSK-1394","AST-0697","LOC-117","Punjab: Ludhiana-Amritsar","Condition Monitoring","Synthetic demo: Track at LOC-117","Critical","0.63","High","High","90","Engineering","2026-09-07 06:00:00","2026-09-17 06:00:00","Scheduled",""
"TSK-1395","AST-0698","LOC-117","Punjab: Ludhiana-Amritsar","Corrective Maintenance","Synthetic demo: Turnout at LOC-117","Critical","0.64","High","Low","36","Engineering","2026-09-07 09:00:00","2026-09-18 09:00:00","Pending",""
"TSK-1396","AST-0698","LOC-117","Punjab: Ludhiana-Amritsar","Inspection","Synthetic demo: Turnout at LOC-117","Medium","0.65","High","Medium","53","Engineering","2026-09-07 12:00:00","2026-09-19 12:00:00","Pending",""
"TSK-1397","AST-0699","LOC-117","Punjab: Ludhiana-Amritsar","Preventive Maintenance","Synthetic demo: OHE Mast at LOC-117","Medium","0.66","Critical","High","70","Traction Distribution","2026-09-07 15:00:00","2026-09-20 15:00:00","Pending",""
"TSK-1398","AST-0699","LOC-117","Punjab: Ludhiana-Amritsar","Condition Monitoring","Synthetic demo: OHE Mast at LOC-117","Critical","0.67","Critical","Low","87","Traction Distribution","2026-09-07 18:00:00","2026-09-21 18:00:00","Pending",""
"TSK-1399","AST-0700","LOC-117","Punjab: Ludhiana-Amritsar","Corrective Maintenance","Synthetic demo: Traction Substation at LOC-117","Critical","0.68","Medium","Medium","104","Traction Distribution","2026-09-07 21:00:00","2026-09-22 21:00:00","Pending",""
"TSK-1400","AST-0700","LOC-117","Punjab: Ludhiana-Amritsar","Inspection","Synthetic demo: Traction Substation at LOC-117","Medium","0.69","Medium","High","50","Traction Distribution","2026-09-08 00:00:00","2026-09-10 00:00:00","Pending",""
"TSK-1401","AST-0701","LOC-117","Punjab: Ludhiana-Amritsar","Preventive Maintenance","Synthetic demo: Signal at LOC-117","Medium","0.7","High","Low","67","Signal & Telecommunication","2026-09-08 03:00:00","2026-09-11 03:00:00","Pending",""
"TSK-1402","AST-0701","LOC-117","Punjab: Ludhiana-Amritsar","Condition Monitoring","Synthetic demo: Signal at LOC-117","Critical","0.71","High","Medium","84","Signal & Telecommunication","2026-09-08 06:00:00","2026-09-12 06:00:00","Pending",""
"TSK-1403","AST-0702","LOC-117","Punjab: Ludhiana-Amritsar","Corrective Maintenance","Synthetic demo: Axle Counter at LOC-117","Critical","0.72","High","High","101","Signal & Telecommunication","2026-09-08 09:00:00","2026-09-13 09:00:00","Pending",""
"TSK-1404","AST-0702","LOC-117","Punjab: Ludhiana-Amritsar","Inspection","Synthetic demo: Axle Counter at LOC-117","Medium","0.73","High","Low","47","Signal & Telecommunication","2026-09-08 12:00:00","2026-09-14 12:00:00","In Progress",""
"TSK-1405","AST-0703","LOC-118","Punjab: Ludhiana-Amritsar","Preventive Maintenance","Synthetic demo: Track at LOC-118","Medium","0.74","Critical","Medium","64","Engineering","2026-09-08 15:00:00","2026-09-15 15:00:00","Pending",""
"TSK-1406","AST-0703","LOC-118","Punjab: Ludhiana-Amritsar","Condition Monitoring","Synthetic demo: Track at LOC-118","Critical","0.75","Critical","High","81","Engineering","2026-09-08 18:00:00","2026-09-16 18:00:00","Pending",""
"TSK-1407","AST-0704","LOC-118","Punjab: Ludhiana-Amritsar","Corrective Maintenance","Synthetic demo: Turnout at LOC-118","Critical","0.76","Medium","Low","98","Engineering","2026-09-08 21:00:00","2026-09-17 21:00:00","Pending",""
"TSK-1408","AST-0704","LOC-118","Punjab: Ludhiana-Amritsar","Inspection","Synthetic demo: Turnout at LOC-118","Medium","0.77","Medium","Medium","44","Engineering","2026-09-09 00:00:00","2026-09-19 00:00:00","Pending",""
"TSK-1409","AST-0705","LOC-118","Punjab: Ludhiana-Amritsar","Preventive Maintenance","Synthetic demo: OHE Mast at LOC-118","Medium","0.78","High","High","61","Traction Distribution","2026-09-09 03:00:00","2026-09-20 03:00:00","Pending",""
"TSK-1410","AST-0705","LOC-118","Punjab: Ludhiana-Amritsar","Condition Monitoring","Synthetic demo: OHE Mast at LOC-118","Critical","0.79","High","Low","78","Traction Distribution","2026-09-09 06:00:00","2026-09-21 06:00:00","Pending",""
"TSK-1411","AST-0706","LOC-118","Punjab: Ludhiana-Amritsar","Corrective Maintenance","Synthetic demo: Traction Substation at LOC-118","Critical","0.8","High","Medium","95","Traction Distribution","2026-09-09 09:00:00","2026-09-22 09:00:00","Scheduled",""
"TSK-1412","AST-0706","LOC-118","Punjab: Ludhiana-Amritsar","Inspection","Synthetic demo: Traction Substation at LOC-118","Medium","0.81","High","High","41","Traction Distribution","2026-09-09 12:00:00","2026-09-23 12:00:00","Pending",""
"TSK-1413","AST-0707","LOC-118","Punjab: Ludhiana-Amritsar","Preventive Maintenance","Synthetic demo: Signal at LOC-118","Medium","0.82","Critical","Low","58","Signal & Telecommunication","2026-09-09 15:00:00","2026-09-24 15:00:00","Pending",""
"TSK-1414","AST-0707","LOC-118","Punjab: Ludhiana-Amritsar","Condition Monitoring","Synthetic demo: Signal at LOC-118","Critical","0.83","Critical","Medium","75","Signal & Telecommunication","2026-09-09 18:00:00","2026-09-11 18:00:00","Pending",""
"TSK-1415","AST-0708","LOC-118","Punjab: Ludhiana-Amritsar","Corrective Maintenance","Synthetic demo: Axle Counter at LOC-118","Critical","0.84","Medium","High","92","Signal & Telecommunication","2026-09-09 21:00:00","2026-09-12 21:00:00","Pending",""
"TSK-1416","AST-0708","LOC-118","Punjab: Ludhiana-Amritsar","Inspection","Synthetic demo: Axle Counter at LOC-118","Medium","0.85","Medium","Low","38","Signal & Telecommunication","2026-09-10 00:00:00","2026-09-14 00:00:00","Pending",""
"TSK-1417","AST-0709","LOC-119","Punjab: Ludhiana-Amritsar","Preventive Maintenance","Synthetic demo: Track at LOC-119","Medium","0.86","High","Medium","55","Engineering","2026-09-10 03:00:00","2026-09-15 03:00:00","In Progress",""
"TSK-1418","AST-0709","LOC-119","Punjab: Ludhiana-Amritsar","Condition Monitoring","Synthetic demo: Track at LOC-119","Critical","0.87","High","High","72","Engineering","2026-09-10 06:00:00","2026-09-16 06:00:00","Pending",""
"TSK-1419","AST-0710","LOC-119","Punjab: Ludhiana-Amritsar","Corrective Maintenance","Synthetic demo: Turnout at LOC-119","Critical","0.88","High","Low","89","Engineering","2026-09-10 09:00:00","2026-09-17 09:00:00","Pending",""
"TSK-1420","AST-0710","LOC-119","Punjab: Ludhiana-Amritsar","Inspection","Synthetic demo: Turnout at LOC-119","Medium","0.89","High","Medium","35","Engineering","2026-09-10 12:00:00","2026-09-18 12:00:00","Pending",""
"TSK-1421","AST-0711","LOC-119","Punjab: Ludhiana-Amritsar","Preventive Maintenance","Synthetic demo: OHE Mast at LOC-119","Medium","0.9","Critical","High","52","Traction Distribution","2026-09-10 15:00:00","2026-09-19 15:00:00","Pending",""
"TSK-1422","AST-0711","LOC-119","Punjab: Ludhiana-Amritsar","Condition Monitoring","Synthetic demo: OHE Mast at LOC-119","Critical","0.12","Critical","Low","69","Traction Distribution","2026-09-10 18:00:00","2026-09-20 18:00:00","Pending",""
"TSK-1423","AST-0712","LOC-119","Punjab: Ludhiana-Amritsar","Corrective Maintenance","Synthetic demo: Traction Substation at LOC-119","Critical","0.13","Medium","Medium","86","Traction Distribution","2026-09-10 21:00:00","2026-09-21 21:00:00","Pending",""
"TSK-1424","AST-0712","LOC-119","Punjab: Ludhiana-Amritsar","Inspection","Synthetic demo: Traction Substation at LOC-119","Medium","0.14","Medium","High","103","Traction Distribution","2026-09-11 00:00:00","2026-09-23 00:00:00","Pending",""
"TSK-1425","AST-0713","LOC-119","Punjab: Ludhiana-Amritsar","Preventive Maintenance","Synthetic demo: Signal at LOC-119","Medium","0.15","High","Low","49","Signal & Telecommunication","2026-09-11 03:00:00","2026-09-24 03:00:00","Pending",""
"TSK-1426","AST-0713","LOC-119","Punjab: Ludhiana-Amritsar","Condition Monitoring","Synthetic demo: Signal at LOC-119","Critical","0.16","High","Medium","66","Signal & Telecommunication","2026-09-11 06:00:00","2026-09-25 06:00:00","Pending",""
"TSK-1427","AST-0714","LOC-119","Punjab: Ludhiana-Amritsar","Corrective Maintenance","Synthetic demo: Axle Counter at LOC-119","Critical","0.17","High","High","83","Signal & Telecommunication","2026-09-11 09:00:00","2026-09-26 09:00:00","Pending",""
"TSK-1428","AST-0714","LOC-119","Punjab: Ludhiana-Amritsar","Inspection","Synthetic demo: Axle Counter at LOC-119","Medium","0.18","High","Low","100","Signal & Telecommunication","2026-09-11 12:00:00","2026-09-13 12:00:00","Scheduled",""
"TSK-1429","AST-0715","LOC-120","Punjab: Ludhiana-Amritsar","Preventive Maintenance","Synthetic demo: Track at LOC-120","Medium","0.19","Critical","Medium","46","Engineering","2026-09-11 15:00:00","2026-09-14 15:00:00","Pending",""
"TSK-1430","AST-0715","LOC-120","Punjab: Ludhiana-Amritsar","Condition Monitoring","Synthetic demo: Track at LOC-120","Critical","0.2","Critical","High","63","Engineering","2026-09-11 18:00:00","2026-09-15 18:00:00","In Progress",""
"TSK-1431","AST-0716","LOC-120","Punjab: Ludhiana-Amritsar","Corrective Maintenance","Synthetic demo: Turnout at LOC-120","Critical","0.21","Medium","Low","80","Engineering","2026-09-11 21:00:00","2026-09-16 21:00:00","Pending",""
"TSK-1432","AST-0716","LOC-120","Punjab: Ludhiana-Amritsar","Inspection","Synthetic demo: Turnout at LOC-120","Medium","0.22","Medium","Medium","97","Engineering","2026-09-12 00:00:00","2026-09-18 00:00:00","Pending",""
"TSK-1433","AST-0717","LOC-120","Punjab: Ludhiana-Amritsar","Preventive Maintenance","Synthetic demo: OHE Mast at LOC-120","Medium","0.23","High","High","43","Traction Distribution","2026-09-12 03:00:00","2026-09-19 03:00:00","Pending",""
"TSK-1434","AST-0717","LOC-120","Punjab: Ludhiana-Amritsar","Condition Monitoring","Synthetic demo: OHE Mast at LOC-120","Critical","0.24","High","Low","60","Traction Distribution","2026-09-12 06:00:00","2026-09-20 06:00:00","Pending",""
"TSK-1435","AST-0718","LOC-120","Punjab: Ludhiana-Amritsar","Corrective Maintenance","Synthetic demo: Traction Substation at LOC-120","Critical","0.25","High","Medium","77","Traction Distribution","2026-09-12 09:00:00","2026-09-21 09:00:00","Pending",""
"TSK-1436","AST-0718","LOC-120","Punjab: Ludhiana-Amritsar","Inspection","Synthetic demo: Traction Substation at LOC-120","Medium","0.26","High","High","94","Traction Distribution","2026-09-12 12:00:00","2026-09-22 12:00:00","Pending",""
"TSK-1437","AST-0719","LOC-120","Punjab: Ludhiana-Amritsar","Preventive Maintenance","Synthetic demo: Signal at LOC-120","Medium","0.27","Critical","Low","40","Signal & Telecommunication","2026-09-12 15:00:00","2026-09-23 15:00:00","Pending",""
"TSK-1438","AST-0719","LOC-120","Punjab: Ludhiana-Amritsar","Condition Monitoring","Synthetic demo: Signal at LOC-120","Critical","0.28","Critical","Medium","57","Signal & Telecommunication","2026-09-12 18:00:00","2026-09-24 18:00:00","Pending",""
"TSK-1439","AST-0720","LOC-120","Punjab: Ludhiana-Amritsar","Corrective Maintenance","Synthetic demo: Axle Counter at LOC-120","Critical","0.29","Medium","High","74","Signal & Telecommunication","2026-09-12 21:00:00","2026-09-25 21:00:00","Pending",""
"TSK-1440","AST-0720","LOC-120","Punjab: Ludhiana-Amritsar","Inspection","Synthetic demo: Axle Counter at LOC-120","Medium","0.3","Medium","Low","91","Signal & Telecommunication","2026-09-13 00:00:00","2026-09-27 00:00:00","Pending",""
"TSK-1441","AST-0721","LOC-121","Rajasthan: Jaipur-Jodhpur","Preventive Maintenance","Synthetic demo: Track at LOC-121","Medium","0.31","High","Medium","37","Engineering","2026-09-13 03:00:00","2026-09-28 03:00:00","Pending",""
"TSK-1442","AST-0721","LOC-121","Rajasthan: Jaipur-Jodhpur","Condition Monitoring","Synthetic demo: Track at LOC-121","Critical","0.32","High","High","54","Engineering","2026-09-13 06:00:00","2026-09-15 06:00:00","Pending",""
"TSK-1443","AST-0722","LOC-121","Rajasthan: Jaipur-Jodhpur","Corrective Maintenance","Synthetic demo: Turnout at LOC-121","Critical","0.33","High","Low","71","Engineering","2026-09-13 09:00:00","2026-09-16 09:00:00","In Progress",""
"TSK-1444","AST-0722","LOC-121","Rajasthan: Jaipur-Jodhpur","Inspection","Synthetic demo: Turnout at LOC-121","Medium","0.34","High","Medium","88","Engineering","2026-09-13 12:00:00","2026-09-17 12:00:00","Pending",""
"TSK-1445","AST-0723","LOC-121","Rajasthan: Jaipur-Jodhpur","Preventive Maintenance","Synthetic demo: OHE Mast at LOC-121","Medium","0.35","Critical","High","105","Traction Distribution","2026-09-13 15:00:00","2026-09-18 15:00:00","Scheduled",""
"TSK-1446","AST-0723","LOC-121","Rajasthan: Jaipur-Jodhpur","Condition Monitoring","Synthetic demo: OHE Mast at LOC-121","Critical","0.36","Critical","Low","51","Traction Distribution","2026-09-13 18:00:00","2026-09-19 18:00:00","Pending",""
"TSK-1447","AST-0724","LOC-121","Rajasthan: Jaipur-Jodhpur","Corrective Maintenance","Synthetic demo: Traction Substation at LOC-121","Critical","0.37","Medium","Medium","68","Traction Distribution","2026-09-13 21:00:00","2026-09-20 21:00:00","Pending",""
"TSK-1448","AST-0724","LOC-121","Rajasthan: Jaipur-Jodhpur","Inspection","Synthetic demo: Traction Substation at LOC-121","Medium","0.38","Medium","High","85","Traction Distribution","2026-09-14 00:00:00","2026-09-22 00:00:00","Pending",""
"TSK-1449","AST-0725","LOC-121","Rajasthan: Jaipur-Jodhpur","Preventive Maintenance","Synthetic demo: Signal at LOC-121","Medium","0.39","High","Low","102","Signal & Telecommunication","2026-09-14 03:00:00","2026-09-23 03:00:00","Pending",""
"TSK-1450","AST-0725","LOC-121","Rajasthan: Jaipur-Jodhpur","Condition Monitoring","Synthetic demo: Signal at LOC-121","Critical","0.4","High","Medium","48","Signal & Telecommunication","2026-09-14 06:00:00","2026-09-24 06:00:00","Pending",""
"TSK-1451","AST-0726","LOC-121","Rajasthan: Jaipur-Jodhpur","Corrective Maintenance","Synthetic demo: Axle Counter at LOC-121","Critical","0.41","High","High","65","Signal & Telecommunication","2026-09-14 09:00:00","2026-09-25 09:00:00","Pending",""
"TSK-1452","AST-0726","LOC-121","Rajasthan: Jaipur-Jodhpur","Inspection","Synthetic demo: Axle Counter at LOC-121","Medium","0.42","High","Low","82","Signal & Telecommunication","2026-09-14 12:00:00","2026-09-26 12:00:00","Pending",""
"TSK-1453","AST-0727","LOC-122","Rajasthan: Jaipur-Jodhpur","Preventive Maintenance","Synthetic demo: Track at LOC-122","Medium","0.43","Critical","Medium","99","Engineering","2026-09-14 15:00:00","2026-09-27 15:00:00","Pending",""
"TSK-1454","AST-0727","LOC-122","Rajasthan: Jaipur-Jodhpur","Condition Monitoring","Synthetic demo: Track at LOC-122","Critical","0.44","Critical","High","45","Engineering","2026-09-14 18:00:00","2026-09-28 18:00:00","Pending",""
"TSK-1455","AST-0728","LOC-122","Rajasthan: Jaipur-Jodhpur","Corrective Maintenance","Synthetic demo: Turnout at LOC-122","Critical","0.45","Medium","Low","62","Engineering","2026-09-14 21:00:00","2026-09-29 21:00:00","Pending",""
"TSK-1456","AST-0728","LOC-122","Rajasthan: Jaipur-Jodhpur","Inspection","Synthetic demo: Turnout at LOC-122","Medium","0.46","Medium","Medium","79","Engineering","2026-09-15 00:00:00","2026-09-17 00:00:00","In Progress",""
"TSK-1457","AST-0729","LOC-122","Rajasthan: Jaipur-Jodhpur","Preventive Maintenance","Synthetic demo: OHE Mast at LOC-122","Medium","0.47","High","High","96","Traction Distribution","2026-09-15 03:00:00","2026-09-18 03:00:00","Pending",""
"TSK-1458","AST-0729","LOC-122","Rajasthan: Jaipur-Jodhpur","Condition Monitoring","Synthetic demo: OHE Mast at LOC-122","Critical","0.48","High","Low","42","Traction Distribution","2026-09-15 06:00:00","2026-09-19 06:00:00","Pending",""
"TSK-1459","AST-0730","LOC-122","Rajasthan: Jaipur-Jodhpur","Corrective Maintenance","Synthetic demo: Traction Substation at LOC-122","Critical","0.49","High","Medium","59","Traction Distribution","2026-09-15 09:00:00","2026-09-20 09:00:00","Pending",""
"TSK-1460","AST-0730","LOC-122","Rajasthan: Jaipur-Jodhpur","Inspection","Synthetic demo: Traction Substation at LOC-122","Medium","0.5","High","High","76","Traction Distribution","2026-09-15 12:00:00","2026-09-21 12:00:00","Pending",""
"TSK-1461","AST-0731","LOC-122","Rajasthan: Jaipur-Jodhpur","Preventive Maintenance","Synthetic demo: Signal at LOC-122","Medium","0.51","Critical","Low","93","Signal & Telecommunication","2026-09-15 15:00:00","2026-09-22 15:00:00","Pending",""
"TSK-1462","AST-0731","LOC-122","Rajasthan: Jaipur-Jodhpur","Condition Monitoring","Synthetic demo: Signal at LOC-122","Critical","0.52","Critical","Medium","39","Signal & Telecommunication","2026-09-15 18:00:00","2026-09-23 18:00:00","Scheduled",""
"TSK-1463","AST-0732","LOC-122","Rajasthan: Jaipur-Jodhpur","Corrective Maintenance","Synthetic demo: Axle Counter at LOC-122","Critical","0.53","Medium","High","56","Signal & Telecommunication","2026-09-15 21:00:00","2026-09-24 21:00:00","Pending",""
"TSK-1464","AST-0732","LOC-122","Rajasthan: Jaipur-Jodhpur","Inspection","Synthetic demo: Axle Counter at LOC-122","Medium","0.54","Medium","Low","73","Signal & Telecommunication","2026-09-16 00:00:00","2026-09-26 00:00:00","Pending",""
"TSK-1465","AST-0733","LOC-123","Rajasthan: Jaipur-Jodhpur","Preventive Maintenance","Synthetic demo: Track at LOC-123","Medium","0.55","High","Medium","90","Engineering","2026-09-16 03:00:00","2026-09-27 03:00:00","Pending",""
"TSK-1466","AST-0733","LOC-123","Rajasthan: Jaipur-Jodhpur","Condition Monitoring","Synthetic demo: Track at LOC-123","Critical","0.56","High","High","36","Engineering","2026-09-16 06:00:00","2026-09-28 06:00:00","Pending",""
"TSK-1467","AST-0734","LOC-123","Rajasthan: Jaipur-Jodhpur","Corrective Maintenance","Synthetic demo: Turnout at LOC-123","Critical","0.57","High","Low","53","Engineering","2026-09-16 09:00:00","2026-09-29 09:00:00","Pending",""
"TSK-1468","AST-0734","LOC-123","Rajasthan: Jaipur-Jodhpur","Inspection","Synthetic demo: Turnout at LOC-123","Medium","0.58","High","Medium","70","Engineering","2026-09-16 12:00:00","2026-09-30 12:00:00","Pending",""
"TSK-1469","AST-0735","LOC-123","Rajasthan: Jaipur-Jodhpur","Preventive Maintenance","Synthetic demo: OHE Mast at LOC-123","Medium","0.59","Critical","High","87","Traction Distribution","2026-09-16 15:00:00","2026-10-01 15:00:00","In Progress",""
"TSK-1470","AST-0735","LOC-123","Rajasthan: Jaipur-Jodhpur","Condition Monitoring","Synthetic demo: OHE Mast at LOC-123","Critical","0.6","Critical","Low","104","Traction Distribution","2026-09-16 18:00:00","2026-09-18 18:00:00","Pending",""
"TSK-1471","AST-0736","LOC-123","Rajasthan: Jaipur-Jodhpur","Corrective Maintenance","Synthetic demo: Traction Substation at LOC-123","Critical","0.61","Medium","Medium","50","Traction Distribution","2026-09-16 21:00:00","2026-09-19 21:00:00","Pending",""
"TSK-1472","AST-0736","LOC-123","Rajasthan: Jaipur-Jodhpur","Inspection","Synthetic demo: Traction Substation at LOC-123","Medium","0.62","Medium","High","67","Traction Distribution","2026-09-17 00:00:00","2026-09-21 00:00:00","Pending",""
"TSK-1473","AST-0737","LOC-123","Rajasthan: Jaipur-Jodhpur","Preventive Maintenance","Synthetic demo: Signal at LOC-123","Medium","0.63","High","Low","84","Signal & Telecommunication","2026-09-17 03:00:00","2026-09-22 03:00:00","Pending",""
"TSK-1474","AST-0737","LOC-123","Rajasthan: Jaipur-Jodhpur","Condition Monitoring","Synthetic demo: Signal at LOC-123","Critical","0.64","High","Medium","101","Signal & Telecommunication","2026-09-17 06:00:00","2026-09-23 06:00:00","Pending",""
"TSK-1475","AST-0738","LOC-123","Rajasthan: Jaipur-Jodhpur","Corrective Maintenance","Synthetic demo: Axle Counter at LOC-123","Critical","0.65","High","High","47","Signal & Telecommunication","2026-09-17 09:00:00","2026-09-24 09:00:00","Pending",""
"TSK-1476","AST-0738","LOC-123","Rajasthan: Jaipur-Jodhpur","Inspection","Synthetic demo: Axle Counter at LOC-123","Medium","0.66","High","Low","64","Signal & Telecommunication","2026-09-17 12:00:00","2026-09-25 12:00:00","Pending",""
"TSK-1477","AST-0739","LOC-124","Rajasthan: Jaipur-Jodhpur","Preventive Maintenance","Synthetic demo: Track at LOC-124","Medium","0.67","Critical","Medium","81","Engineering","2026-09-17 15:00:00","2026-09-26 15:00:00","Pending",""
"TSK-1478","AST-0739","LOC-124","Rajasthan: Jaipur-Jodhpur","Condition Monitoring","Synthetic demo: Track at LOC-124","Critical","0.68","Critical","High","98","Engineering","2026-09-17 18:00:00","2026-09-27 18:00:00","Pending",""
"TSK-1479","AST-0740","LOC-124","Rajasthan: Jaipur-Jodhpur","Corrective Maintenance","Synthetic demo: Turnout at LOC-124","Critical","0.69","Medium","Low","44","Engineering","2026-09-17 21:00:00","2026-09-28 21:00:00","Scheduled",""
"TSK-1480","AST-0740","LOC-124","Rajasthan: Jaipur-Jodhpur","Inspection","Synthetic demo: Turnout at LOC-124","Medium","0.7","Medium","Medium","61","Engineering","2026-09-18 00:00:00","2026-09-30 00:00:00","Pending",""
"TSK-1481","AST-0741","LOC-124","Rajasthan: Jaipur-Jodhpur","Preventive Maintenance","Synthetic demo: OHE Mast at LOC-124","Medium","0.71","High","High","78","Traction Distribution","2026-09-18 03:00:00","2026-10-01 03:00:00","Pending",""
"TSK-1482","AST-0741","LOC-124","Rajasthan: Jaipur-Jodhpur","Condition Monitoring","Synthetic demo: OHE Mast at LOC-124","Critical","0.72","High","Low","95","Traction Distribution","2026-09-18 06:00:00","2026-10-02 06:00:00","In Progress",""
"TSK-1483","AST-0742","LOC-124","Rajasthan: Jaipur-Jodhpur","Corrective Maintenance","Synthetic demo: Traction Substation at LOC-124","Critical","0.73","High","Medium","41","Traction Distribution","2026-09-18 09:00:00","2026-10-03 09:00:00","Pending",""
"TSK-1484","AST-0742","LOC-124","Rajasthan: Jaipur-Jodhpur","Inspection","Synthetic demo: Traction Substation at LOC-124","Medium","0.74","High","High","58","Traction Distribution","2026-09-18 12:00:00","2026-09-20 12:00:00","Pending",""
"TSK-1485","AST-0743","LOC-124","Rajasthan: Jaipur-Jodhpur","Preventive Maintenance","Synthetic demo: Signal at LOC-124","Medium","0.75","Critical","Low","75","Signal & Telecommunication","2026-09-18 15:00:00","2026-09-21 15:00:00","Pending",""
"TSK-1486","AST-0743","LOC-124","Rajasthan: Jaipur-Jodhpur","Condition Monitoring","Synthetic demo: Signal at LOC-124","Critical","0.76","Critical","Medium","92","Signal & Telecommunication","2026-09-18 18:00:00","2026-09-22 18:00:00","Pending",""
"TSK-1487","AST-0744","LOC-124","Rajasthan: Jaipur-Jodhpur","Corrective Maintenance","Synthetic demo: Axle Counter at LOC-124","Critical","0.77","Medium","High","38","Signal & Telecommunication","2026-09-18 21:00:00","2026-09-23 21:00:00","Pending",""
"TSK-1488","AST-0744","LOC-124","Rajasthan: Jaipur-Jodhpur","Inspection","Synthetic demo: Axle Counter at LOC-124","Medium","0.78","Medium","Low","55","Signal & Telecommunication","2026-09-19 00:00:00","2026-09-25 00:00:00","Pending",""
"TSK-1489","AST-0745","LOC-125","Rajasthan: Jaipur-Jodhpur","Preventive Maintenance","Synthetic demo: Track at LOC-125","Medium","0.79","High","Medium","72","Engineering","2026-09-19 03:00:00","2026-09-26 03:00:00","Pending",""
"TSK-1490","AST-0745","LOC-125","Rajasthan: Jaipur-Jodhpur","Condition Monitoring","Synthetic demo: Track at LOC-125","Critical","0.8","High","High","89","Engineering","2026-09-19 06:00:00","2026-09-27 06:00:00","Pending",""
"TSK-1491","AST-0746","LOC-125","Rajasthan: Jaipur-Jodhpur","Corrective Maintenance","Synthetic demo: Turnout at LOC-125","Critical","0.81","High","Low","35","Engineering","2026-09-19 09:00:00","2026-09-28 09:00:00","Pending",""
"TSK-1492","AST-0746","LOC-125","Rajasthan: Jaipur-Jodhpur","Inspection","Synthetic demo: Turnout at LOC-125","Medium","0.82","High","Medium","52","Engineering","2026-09-19 12:00:00","2026-09-29 12:00:00","Pending",""
"TSK-1493","AST-0747","LOC-125","Rajasthan: Jaipur-Jodhpur","Preventive Maintenance","Synthetic demo: OHE Mast at LOC-125","Medium","0.83","Critical","High","69","Traction Distribution","2026-09-19 15:00:00","2026-09-30 15:00:00","Pending",""
"TSK-1494","AST-0747","LOC-125","Rajasthan: Jaipur-Jodhpur","Condition Monitoring","Synthetic demo: OHE Mast at LOC-125","Critical","0.84","Critical","Low","86","Traction Distribution","2026-09-19 18:00:00","2026-10-01 18:00:00","Pending",""
"TSK-1495","AST-0748","LOC-125","Rajasthan: Jaipur-Jodhpur","Corrective Maintenance","Synthetic demo: Traction Substation at LOC-125","Critical","0.85","Medium","Medium","103","Traction Distribution","2026-09-19 21:00:00","2026-10-02 21:00:00","In Progress",""
"TSK-1496","AST-0748","LOC-125","Rajasthan: Jaipur-Jodhpur","Inspection","Synthetic demo: Traction Substation at LOC-125","Medium","0.86","Medium","High","49","Traction Distribution","2026-09-20 00:00:00","2026-10-04 00:00:00","Scheduled",""
"TSK-1497","AST-0749","LOC-125","Rajasthan: Jaipur-Jodhpur","Preventive Maintenance","Synthetic demo: Signal at LOC-125","Medium","0.87","High","Low","66","Signal & Telecommunication","2026-09-20 03:00:00","2026-10-05 03:00:00","Pending",""
"TSK-1498","AST-0749","LOC-125","Rajasthan: Jaipur-Jodhpur","Condition Monitoring","Synthetic demo: Signal at LOC-125","Critical","0.88","High","Medium","83","Signal & Telecommunication","2026-09-20 06:00:00","2026-09-22 06:00:00","Pending",""
"TSK-1499","AST-0750","LOC-125","Rajasthan: Jaipur-Jodhpur","Corrective Maintenance","Synthetic demo: Axle Counter at LOC-125","Critical","0.89","High","High","100","Signal & Telecommunication","2026-09-20 09:00:00","2026-09-23 09:00:00","Pending",""
"TSK-1500","AST-0750","LOC-125","Rajasthan: Jaipur-Jodhpur","Inspection","Synthetic demo: Axle Counter at LOC-125","Medium","0.9","High","Low","46","Signal & Telecommunication","2026-09-20 12:00:00","2026-09-24 12:00:00","Pending",""
"TSK-1501","AST-0751","LOC-126","Rajasthan: Jaipur-Jodhpur","Preventive Maintenance","Synthetic demo: Track at LOC-126","Medium","0.12","Critical","Medium","63","Engineering","2026-09-20 15:00:00","2026-09-25 15:00:00","Pending",""
"TSK-1502","AST-0751","LOC-126","Rajasthan: Jaipur-Jodhpur","Condition Monitoring","Synthetic demo: Track at LOC-126","Critical","0.13","Critical","High","80","Engineering","2026-09-20 18:00:00","2026-09-26 18:00:00","Pending",""
"TSK-1503","AST-0752","LOC-126","Rajasthan: Jaipur-Jodhpur","Corrective Maintenance","Synthetic demo: Turnout at LOC-126","Critical","0.14","Medium","Low","97","Engineering","2026-09-20 21:00:00","2026-09-27 21:00:00","Pending",""
"TSK-1504","AST-0752","LOC-126","Rajasthan: Jaipur-Jodhpur","Inspection","Synthetic demo: Turnout at LOC-126","Medium","0.15","Medium","Medium","43","Engineering","2026-09-21 00:00:00","2026-09-29 00:00:00","Pending",""
"TSK-1505","AST-0753","LOC-126","Rajasthan: Jaipur-Jodhpur","Preventive Maintenance","Synthetic demo: OHE Mast at LOC-126","Medium","0.16","High","High","60","Traction Distribution","2026-09-21 03:00:00","2026-09-30 03:00:00","Pending",""
"TSK-1506","AST-0753","LOC-126","Rajasthan: Jaipur-Jodhpur","Condition Monitoring","Synthetic demo: OHE Mast at LOC-126","Critical","0.17","High","Low","77","Traction Distribution","2026-09-21 06:00:00","2026-10-01 06:00:00","Pending",""
"TSK-1507","AST-0754","LOC-126","Rajasthan: Jaipur-Jodhpur","Corrective Maintenance","Synthetic demo: Traction Substation at LOC-126","Critical","0.18","High","Medium","94","Traction Distribution","2026-09-21 09:00:00","2026-10-02 09:00:00","Pending",""
"TSK-1508","AST-0754","LOC-126","Rajasthan: Jaipur-Jodhpur","Inspection","Synthetic demo: Traction Substation at LOC-126","Medium","0.19","High","High","40","Traction Distribution","2026-09-21 12:00:00","2026-10-03 12:00:00","In Progress",""
"TSK-1509","AST-0755","LOC-126","Rajasthan: Jaipur-Jodhpur","Preventive Maintenance","Synthetic demo: Signal at LOC-126","Medium","0.2","Critical","Low","57","Signal & Telecommunication","2026-09-21 15:00:00","2026-10-04 15:00:00","Pending",""
"TSK-1510","AST-0755","LOC-126","Rajasthan: Jaipur-Jodhpur","Condition Monitoring","Synthetic demo: Signal at LOC-126","Critical","0.21","Critical","Medium","74","Signal & Telecommunication","2026-09-21 18:00:00","2026-10-05 18:00:00","Pending",""
"TSK-1511","AST-0756","LOC-126","Rajasthan: Jaipur-Jodhpur","Corrective Maintenance","Synthetic demo: Axle Counter at LOC-126","Critical","0.22","Medium","High","91","Signal & Telecommunication","2026-09-21 21:00:00","2026-10-06 21:00:00","Pending",""
"TSK-1512","AST-0756","LOC-126","Rajasthan: Jaipur-Jodhpur","Inspection","Synthetic demo: Axle Counter at LOC-126","Medium","0.23","Medium","Low","37","Signal & Telecommunication","2026-09-01 00:00:00","2026-09-03 00:00:00","Pending",""
"TSK-1513","AST-0757","LOC-127","Sikkim: Gangtok-Rangpo","Preventive Maintenance","Synthetic demo: Track at LOC-127","Medium","0.24","High","Medium","54","Engineering","2026-09-01 03:00:00","2026-09-04 03:00:00","Scheduled",""
"TSK-1514","AST-0757","LOC-127","Sikkim: Gangtok-Rangpo","Condition Monitoring","Synthetic demo: Track at LOC-127","Critical","0.25","High","High","71","Engineering","2026-09-01 06:00:00","2026-09-05 06:00:00","Pending",""
"TSK-1515","AST-0758","LOC-127","Sikkim: Gangtok-Rangpo","Corrective Maintenance","Synthetic demo: Turnout at LOC-127","Critical","0.26","High","Low","88","Engineering","2026-09-01 09:00:00","2026-09-06 09:00:00","Pending",""
"TSK-1516","AST-0758","LOC-127","Sikkim: Gangtok-Rangpo","Inspection","Synthetic demo: Turnout at LOC-127","Medium","0.27","High","Medium","105","Engineering","2026-09-01 12:00:00","2026-09-07 12:00:00","Pending",""
"TSK-1517","AST-0759","LOC-127","Sikkim: Gangtok-Rangpo","Preventive Maintenance","Synthetic demo: OHE Mast at LOC-127","Medium","0.28","Critical","High","51","Traction Distribution","2026-09-01 15:00:00","2026-09-08 15:00:00","Pending",""
"TSK-1518","AST-0759","LOC-127","Sikkim: Gangtok-Rangpo","Condition Monitoring","Synthetic demo: OHE Mast at LOC-127","Critical","0.29","Critical","Low","68","Traction Distribution","2026-09-01 18:00:00","2026-09-09 18:00:00","Pending",""
"TSK-1519","AST-0760","LOC-127","Sikkim: Gangtok-Rangpo","Corrective Maintenance","Synthetic demo: Traction Substation at LOC-127","Critical","0.3","Medium","Medium","85","Traction Distribution","2026-09-01 21:00:00","2026-09-10 21:00:00","Pending",""
"TSK-1520","AST-0760","LOC-127","Sikkim: Gangtok-Rangpo","Inspection","Synthetic demo: Traction Substation at LOC-127","Medium","0.31","Medium","High","102","Traction Distribution","2026-09-02 00:00:00","2026-09-12 00:00:00","Pending",""
"TSK-1521","AST-0761","LOC-127","Sikkim: Gangtok-Rangpo","Preventive Maintenance","Synthetic demo: Signal at LOC-127","Medium","0.32","High","Low","48","Signal & Telecommunication","2026-09-02 03:00:00","2026-09-13 03:00:00","In Progress",""
"TSK-1522","AST-0761","LOC-127","Sikkim: Gangtok-Rangpo","Condition Monitoring","Synthetic demo: Signal at LOC-127","Critical","0.33","High","Medium","65","Signal & Telecommunication","2026-09-02 06:00:00","2026-09-14 06:00:00","Pending",""
"TSK-1523","AST-0762","LOC-127","Sikkim: Gangtok-Rangpo","Corrective Maintenance","Synthetic demo: Axle Counter at LOC-127","Critical","0.34","High","High","82","Signal & Telecommunication","2026-09-02 09:00:00","2026-09-15 09:00:00","Pending",""
"TSK-1524","AST-0762","LOC-127","Sikkim: Gangtok-Rangpo","Inspection","Synthetic demo: Axle Counter at LOC-127","Medium","0.35","High","Low","99","Signal & Telecommunication","2026-09-02 12:00:00","2026-09-16 12:00:00","Pending",""
"TSK-1525","AST-0763","LOC-128","Sikkim: Gangtok-Rangpo","Preventive Maintenance","Synthetic demo: Track at LOC-128","Medium","0.36","Critical","Medium","45","Engineering","2026-09-02 15:00:00","2026-09-17 15:00:00","Pending",""
"TSK-1526","AST-0763","LOC-128","Sikkim: Gangtok-Rangpo","Condition Monitoring","Synthetic demo: Track at LOC-128","Critical","0.37","Critical","High","62","Engineering","2026-09-02 18:00:00","2026-09-04 18:00:00","Pending",""
"TSK-1527","AST-0764","LOC-128","Sikkim: Gangtok-Rangpo","Corrective Maintenance","Synthetic demo: Turnout at LOC-128","Critical","0.38","Medium","Low","79","Engineering","2026-09-02 21:00:00","2026-09-05 21:00:00","Pending",""
"TSK-1528","AST-0764","LOC-128","Sikkim: Gangtok-Rangpo","Inspection","Synthetic demo: Turnout at LOC-128","Medium","0.39","Medium","Medium","96","Engineering","2026-09-03 00:00:00","2026-09-07 00:00:00","Pending",""
"TSK-1529","AST-0765","LOC-128","Sikkim: Gangtok-Rangpo","Preventive Maintenance","Synthetic demo: OHE Mast at LOC-128","Medium","0.4","High","High","42","Traction Distribution","2026-09-03 03:00:00","2026-09-08 03:00:00","Pending",""
"TSK-1530","AST-0765","LOC-128","Sikkim: Gangtok-Rangpo","Condition Monitoring","Synthetic demo: OHE Mast at LOC-128","Critical","0.41","High","Low","59","Traction Distribution","2026-09-03 06:00:00","2026-09-09 06:00:00","Scheduled",""
"TSK-1531","AST-0766","LOC-128","Sikkim: Gangtok-Rangpo","Corrective Maintenance","Synthetic demo: Traction Substation at LOC-128","Critical","0.42","High","Medium","76","Traction Distribution","2026-09-03 09:00:00","2026-09-10 09:00:00","Pending",""
"TSK-1532","AST-0766","LOC-128","Sikkim: Gangtok-Rangpo","Inspection","Synthetic demo: Traction Substation at LOC-128","Medium","0.43","High","High","93","Traction Distribution","2026-09-03 12:00:00","2026-09-11 12:00:00","Pending",""
"TSK-1533","AST-0767","LOC-128","Sikkim: Gangtok-Rangpo","Preventive Maintenance","Synthetic demo: Signal at LOC-128","Medium","0.44","Critical","Low","39","Signal & Telecommunication","2026-09-03 15:00:00","2026-09-12 15:00:00","Pending",""
"TSK-1534","AST-0767","LOC-128","Sikkim: Gangtok-Rangpo","Condition Monitoring","Synthetic demo: Signal at LOC-128","Critical","0.45","Critical","Medium","56","Signal & Telecommunication","2026-09-03 18:00:00","2026-09-13 18:00:00","In Progress",""
"TSK-1535","AST-0768","LOC-128","Sikkim: Gangtok-Rangpo","Corrective Maintenance","Synthetic demo: Axle Counter at LOC-128","Critical","0.46","Medium","High","73","Signal & Telecommunication","2026-09-03 21:00:00","2026-09-14 21:00:00","Pending",""
"TSK-1536","AST-0768","LOC-128","Sikkim: Gangtok-Rangpo","Inspection","Synthetic demo: Axle Counter at LOC-128","Medium","0.47","Medium","Low","90","Signal & Telecommunication","2026-09-04 00:00:00","2026-09-16 00:00:00","Pending",""
"TSK-1537","AST-0769","LOC-129","Sikkim: Gangtok-Rangpo","Preventive Maintenance","Synthetic demo: Track at LOC-129","Medium","0.48","High","Medium","36","Engineering","2026-09-04 03:00:00","2026-09-17 03:00:00","Pending",""
"TSK-1538","AST-0769","LOC-129","Sikkim: Gangtok-Rangpo","Condition Monitoring","Synthetic demo: Track at LOC-129","Critical","0.49","High","High","53","Engineering","2026-09-04 06:00:00","2026-09-18 06:00:00","Pending",""
"TSK-1539","AST-0770","LOC-129","Sikkim: Gangtok-Rangpo","Corrective Maintenance","Synthetic demo: Turnout at LOC-129","Critical","0.5","High","Low","70","Engineering","2026-09-04 09:00:00","2026-09-19 09:00:00","Pending",""
"TSK-1540","AST-0770","LOC-129","Sikkim: Gangtok-Rangpo","Inspection","Synthetic demo: Turnout at LOC-129","Medium","0.51","High","Medium","87","Engineering","2026-09-04 12:00:00","2026-09-06 12:00:00","Pending",""
"TSK-1541","AST-0771","LOC-129","Sikkim: Gangtok-Rangpo","Preventive Maintenance","Synthetic demo: OHE Mast at LOC-129","Medium","0.52","Critical","High","104","Traction Distribution","2026-09-04 15:00:00","2026-09-07 15:00:00","Pending",""
"TSK-1542","AST-0771","LOC-129","Sikkim: Gangtok-Rangpo","Condition Monitoring","Synthetic demo: OHE Mast at LOC-129","Critical","0.53","Critical","Low","50","Traction Distribution","2026-09-04 18:00:00","2026-09-08 18:00:00","Pending",""
"TSK-1543","AST-0772","LOC-129","Sikkim: Gangtok-Rangpo","Corrective Maintenance","Synthetic demo: Traction Substation at LOC-129","Critical","0.54","Medium","Medium","67","Traction Distribution","2026-09-04 21:00:00","2026-09-09 21:00:00","Pending",""
"TSK-1544","AST-0772","LOC-129","Sikkim: Gangtok-Rangpo","Inspection","Synthetic demo: Traction Substation at LOC-129","Medium","0.55","Medium","High","84","Traction Distribution","2026-09-05 00:00:00","2026-09-11 00:00:00","Pending",""
"TSK-1545","AST-0773","LOC-129","Sikkim: Gangtok-Rangpo","Preventive Maintenance","Synthetic demo: Signal at LOC-129","Medium","0.56","High","Low","101","Signal & Telecommunication","2026-09-05 03:00:00","2026-09-12 03:00:00","Pending",""
"TSK-1546","AST-0773","LOC-129","Sikkim: Gangtok-Rangpo","Condition Monitoring","Synthetic demo: Signal at LOC-129","Critical","0.57","High","Medium","47","Signal & Telecommunication","2026-09-05 06:00:00","2026-09-13 06:00:00","Pending",""
"TSK-1547","AST-0774","LOC-129","Sikkim: Gangtok-Rangpo","Corrective Maintenance","Synthetic demo: Axle Counter at LOC-129","Critical","0.58","High","High","64","Signal & Telecommunication","2026-09-05 09:00:00","2026-09-14 09:00:00","In Progress",""
"TSK-1548","AST-0774","LOC-129","Sikkim: Gangtok-Rangpo","Inspection","Synthetic demo: Axle Counter at LOC-129","Medium","0.59","High","Low","81","Signal & Telecommunication","2026-09-05 12:00:00","2026-09-15 12:00:00","Pending",""
"TSK-1549","AST-0775","LOC-130","Sikkim: Gangtok-Rangpo","Preventive Maintenance","Synthetic demo: Track at LOC-130","Medium","0.6","Critical","Medium","98","Engineering","2026-09-05 15:00:00","2026-09-16 15:00:00","Pending",""
"TSK-1550","AST-0775","LOC-130","Sikkim: Gangtok-Rangpo","Condition Monitoring","Synthetic demo: Track at LOC-130","Critical","0.61","Critical","High","44","Engineering","2026-09-05 18:00:00","2026-09-17 18:00:00","Pending",""
"TSK-1551","AST-0776","LOC-130","Sikkim: Gangtok-Rangpo","Corrective Maintenance","Synthetic demo: Turnout at LOC-130","Critical","0.62","Medium","Low","61","Engineering","2026-09-05 21:00:00","2026-09-18 21:00:00","Pending",""
"TSK-1552","AST-0776","LOC-130","Sikkim: Gangtok-Rangpo","Inspection","Synthetic demo: Turnout at LOC-130","Medium","0.63","Medium","Medium","78","Engineering","2026-09-06 00:00:00","2026-09-20 00:00:00","Pending",""
"TSK-1553","AST-0777","LOC-130","Sikkim: Gangtok-Rangpo","Preventive Maintenance","Synthetic demo: OHE Mast at LOC-130","Medium","0.64","High","High","95","Traction Distribution","2026-09-06 03:00:00","2026-09-21 03:00:00","Pending",""
"TSK-1554","AST-0777","LOC-130","Sikkim: Gangtok-Rangpo","Condition Monitoring","Synthetic demo: OHE Mast at LOC-130","Critical","0.65","High","Low","41","Traction Distribution","2026-09-06 06:00:00","2026-09-08 06:00:00","Pending",""
"TSK-1555","AST-0778","LOC-130","Sikkim: Gangtok-Rangpo","Corrective Maintenance","Synthetic demo: Traction Substation at LOC-130","Critical","0.66","High","Medium","58","Traction Distribution","2026-09-06 09:00:00","2026-09-09 09:00:00","Pending",""
"TSK-1556","AST-0778","LOC-130","Sikkim: Gangtok-Rangpo","Inspection","Synthetic demo: Traction Substation at LOC-130","Medium","0.67","High","High","75","Traction Distribution","2026-09-06 12:00:00","2026-09-10 12:00:00","Pending",""
"TSK-1557","AST-0779","LOC-130","Sikkim: Gangtok-Rangpo","Preventive Maintenance","Synthetic demo: Signal at LOC-130","Medium","0.68","Critical","Low","92","Signal & Telecommunication","2026-09-06 15:00:00","2026-09-11 15:00:00","Pending",""
"TSK-1558","AST-0779","LOC-130","Sikkim: Gangtok-Rangpo","Condition Monitoring","Synthetic demo: Signal at LOC-130","Critical","0.69","Critical","Medium","38","Signal & Telecommunication","2026-09-06 18:00:00","2026-09-12 18:00:00","Pending",""
"TSK-1559","AST-0780","LOC-130","Sikkim: Gangtok-Rangpo","Corrective Maintenance","Synthetic demo: Axle Counter at LOC-130","Critical","0.7","Medium","High","55","Signal & Telecommunication","2026-09-06 21:00:00","2026-09-13 21:00:00","Pending",""
"TSK-1560","AST-0780","LOC-130","Sikkim: Gangtok-Rangpo","Inspection","Synthetic demo: Axle Counter at LOC-130","Medium","0.71","Medium","Low","72","Signal & Telecommunication","2026-09-07 00:00:00","2026-09-15 00:00:00","In Progress",""
"TSK-1561","AST-0781","LOC-131","Sikkim: Gangtok-Rangpo","Preventive Maintenance","Synthetic demo: Track at LOC-131","Medium","0.72","High","Medium","89","Engineering","2026-09-07 03:00:00","2026-09-16 03:00:00","Pending",""
"TSK-1562","AST-0781","LOC-131","Sikkim: Gangtok-Rangpo","Condition Monitoring","Synthetic demo: Track at LOC-131","Critical","0.73","High","High","35","Engineering","2026-09-07 06:00:00","2026-09-17 06:00:00","Pending",""
"TSK-1563","AST-0782","LOC-131","Sikkim: Gangtok-Rangpo","Corrective Maintenance","Synthetic demo: Turnout at LOC-131","Critical","0.74","High","Low","52","Engineering","2026-09-07 09:00:00","2026-09-18 09:00:00","Pending",""
"TSK-1564","AST-0782","LOC-131","Sikkim: Gangtok-Rangpo","Inspection","Synthetic demo: Turnout at LOC-131","Medium","0.75","High","Medium","69","Engineering","2026-09-07 12:00:00","2026-09-19 12:00:00","Scheduled",""
"TSK-1565","AST-0783","LOC-131","Sikkim: Gangtok-Rangpo","Preventive Maintenance","Synthetic demo: OHE Mast at LOC-131","Medium","0.76","Critical","High","86","Traction Distribution","2026-09-07 15:00:00","2026-09-20 15:00:00","Pending",""
"TSK-1566","AST-0783","LOC-131","Sikkim: Gangtok-Rangpo","Condition Monitoring","Synthetic demo: OHE Mast at LOC-131","Critical","0.77","Critical","Low","103","Traction Distribution","2026-09-07 18:00:00","2026-09-21 18:00:00","Pending",""
"TSK-1567","AST-0784","LOC-131","Sikkim: Gangtok-Rangpo","Corrective Maintenance","Synthetic demo: Traction Substation at LOC-131","Critical","0.78","Medium","Medium","49","Traction Distribution","2026-09-07 21:00:00","2026-09-22 21:00:00","Pending",""
"TSK-1568","AST-0784","LOC-131","Sikkim: Gangtok-Rangpo","Inspection","Synthetic demo: Traction Substation at LOC-131","Medium","0.79","Medium","High","66","Traction Distribution","2026-09-08 00:00:00","2026-09-10 00:00:00","Pending",""
"TSK-1569","AST-0785","LOC-131","Sikkim: Gangtok-Rangpo","Preventive Maintenance","Synthetic demo: Signal at LOC-131","Medium","0.8","High","Low","83","Signal & Telecommunication","2026-09-08 03:00:00","2026-09-11 03:00:00","Pending",""
"TSK-1570","AST-0785","LOC-131","Sikkim: Gangtok-Rangpo","Condition Monitoring","Synthetic demo: Signal at LOC-131","Critical","0.81","High","Medium","100","Signal & Telecommunication","2026-09-08 06:00:00","2026-09-12 06:00:00","Pending",""
"TSK-1571","AST-0786","LOC-131","Sikkim: Gangtok-Rangpo","Corrective Maintenance","Synthetic demo: Axle Counter at LOC-131","Critical","0.82","High","High","46","Signal & Telecommunication","2026-09-08 09:00:00","2026-09-13 09:00:00","Pending",""
"TSK-1572","AST-0786","LOC-131","Sikkim: Gangtok-Rangpo","Inspection","Synthetic demo: Axle Counter at LOC-131","Medium","0.83","High","Low","63","Signal & Telecommunication","2026-09-08 12:00:00","2026-09-14 12:00:00","Pending",""
"TSK-1573","AST-0787","LOC-132","Sikkim: Gangtok-Rangpo","Preventive Maintenance","Synthetic demo: Track at LOC-132","Medium","0.84","Critical","Medium","80","Engineering","2026-09-08 15:00:00","2026-09-15 15:00:00","In Progress",""
"TSK-1574","AST-0787","LOC-132","Sikkim: Gangtok-Rangpo","Condition Monitoring","Synthetic demo: Track at LOC-132","Critical","0.85","Critical","High","97","Engineering","2026-09-08 18:00:00","2026-09-16 18:00:00","Pending",""
"TSK-1575","AST-0788","LOC-132","Sikkim: Gangtok-Rangpo","Corrective Maintenance","Synthetic demo: Turnout at LOC-132","Critical","0.86","Medium","Low","43","Engineering","2026-09-08 21:00:00","2026-09-17 21:00:00","Pending",""
"TSK-1576","AST-0788","LOC-132","Sikkim: Gangtok-Rangpo","Inspection","Synthetic demo: Turnout at LOC-132","Medium","0.87","Medium","Medium","60","Engineering","2026-09-09 00:00:00","2026-09-19 00:00:00","Pending",""
"TSK-1577","AST-0789","LOC-132","Sikkim: Gangtok-Rangpo","Preventive Maintenance","Synthetic demo: OHE Mast at LOC-132","Medium","0.88","High","High","77","Traction Distribution","2026-09-09 03:00:00","2026-09-20 03:00:00","Pending",""
"TSK-1578","AST-0789","LOC-132","Sikkim: Gangtok-Rangpo","Condition Monitoring","Synthetic demo: OHE Mast at LOC-132","Critical","0.89","High","Low","94","Traction Distribution","2026-09-09 06:00:00","2026-09-21 06:00:00","Pending",""
"TSK-1579","AST-0790","LOC-132","Sikkim: Gangtok-Rangpo","Corrective Maintenance","Synthetic demo: Traction Substation at LOC-132","Critical","0.9","High","Medium","40","Traction Distribution","2026-09-09 09:00:00","2026-09-22 09:00:00","Pending",""
"TSK-1580","AST-0790","LOC-132","Sikkim: Gangtok-Rangpo","Inspection","Synthetic demo: Traction Substation at LOC-132","Medium","0.12","High","High","57","Traction Distribution","2026-09-09 12:00:00","2026-09-23 12:00:00","Pending",""
"TSK-1581","AST-0791","LOC-132","Sikkim: Gangtok-Rangpo","Preventive Maintenance","Synthetic demo: Signal at LOC-132","Medium","0.13","Critical","Low","74","Signal & Telecommunication","2026-09-09 15:00:00","2026-09-24 15:00:00","Scheduled",""
"TSK-1582","AST-0791","LOC-132","Sikkim: Gangtok-Rangpo","Condition Monitoring","Synthetic demo: Signal at LOC-132","Critical","0.14","Critical","Medium","91","Signal & Telecommunication","2026-09-09 18:00:00","2026-09-11 18:00:00","Pending",""
"TSK-1583","AST-0792","LOC-132","Sikkim: Gangtok-Rangpo","Corrective Maintenance","Synthetic demo: Axle Counter at LOC-132","Critical","0.15","Medium","High","37","Signal & Telecommunication","2026-09-09 21:00:00","2026-09-12 21:00:00","Pending",""
"TSK-1584","AST-0792","LOC-132","Sikkim: Gangtok-Rangpo","Inspection","Synthetic demo: Axle Counter at LOC-132","Medium","0.16","Medium","Low","54","Signal & Telecommunication","2026-09-10 00:00:00","2026-09-14 00:00:00","Pending",""
"TSK-1585","AST-0793","LOC-133","Tamil Nadu: Chennai-Madurai","Preventive Maintenance","Synthetic demo: Track at LOC-133","Medium","0.17","High","Medium","71","Engineering","2026-09-10 03:00:00","2026-09-15 03:00:00","Pending",""
"TSK-1586","AST-0793","LOC-133","Tamil Nadu: Chennai-Madurai","Condition Monitoring","Synthetic demo: Track at LOC-133","Critical","0.18","High","High","88","Engineering","2026-09-10 06:00:00","2026-09-16 06:00:00","In Progress",""
"TSK-1587","AST-0794","LOC-133","Tamil Nadu: Chennai-Madurai","Corrective Maintenance","Synthetic demo: Turnout at LOC-133","Critical","0.19","High","Low","105","Engineering","2026-09-10 09:00:00","2026-09-17 09:00:00","Pending",""
"TSK-1588","AST-0794","LOC-133","Tamil Nadu: Chennai-Madurai","Inspection","Synthetic demo: Turnout at LOC-133","Medium","0.2","High","Medium","51","Engineering","2026-09-10 12:00:00","2026-09-18 12:00:00","Pending",""
"TSK-1589","AST-0795","LOC-133","Tamil Nadu: Chennai-Madurai","Preventive Maintenance","Synthetic demo: OHE Mast at LOC-133","Medium","0.21","Critical","High","68","Traction Distribution","2026-09-10 15:00:00","2026-09-19 15:00:00","Pending",""
"TSK-1590","AST-0795","LOC-133","Tamil Nadu: Chennai-Madurai","Condition Monitoring","Synthetic demo: OHE Mast at LOC-133","Critical","0.22","Critical","Low","85","Traction Distribution","2026-09-10 18:00:00","2026-09-20 18:00:00","Pending",""
"TSK-1591","AST-0796","LOC-133","Tamil Nadu: Chennai-Madurai","Corrective Maintenance","Synthetic demo: Traction Substation at LOC-133","Critical","0.23","Medium","Medium","102","Traction Distribution","2026-09-10 21:00:00","2026-09-21 21:00:00","Pending",""
"TSK-1592","AST-0796","LOC-133","Tamil Nadu: Chennai-Madurai","Inspection","Synthetic demo: Traction Substation at LOC-133","Medium","0.24","Medium","High","48","Traction Distribution","2026-09-11 00:00:00","2026-09-23 00:00:00","Pending",""
"TSK-1593","AST-0797","LOC-133","Tamil Nadu: Chennai-Madurai","Preventive Maintenance","Synthetic demo: Signal at LOC-133","Medium","0.25","High","Low","65","Signal & Telecommunication","2026-09-11 03:00:00","2026-09-24 03:00:00","Pending",""
"TSK-1594","AST-0797","LOC-133","Tamil Nadu: Chennai-Madurai","Condition Monitoring","Synthetic demo: Signal at LOC-133","Critical","0.26","High","Medium","82","Signal & Telecommunication","2026-09-11 06:00:00","2026-09-25 06:00:00","Pending",""
"TSK-1595","AST-0798","LOC-133","Tamil Nadu: Chennai-Madurai","Corrective Maintenance","Synthetic demo: Axle Counter at LOC-133","Critical","0.27","High","High","99","Signal & Telecommunication","2026-09-11 09:00:00","2026-09-26 09:00:00","Pending",""
"TSK-1596","AST-0798","LOC-133","Tamil Nadu: Chennai-Madurai","Inspection","Synthetic demo: Axle Counter at LOC-133","Medium","0.28","High","Low","45","Signal & Telecommunication","2026-09-11 12:00:00","2026-09-13 12:00:00","Pending",""
"TSK-1597","AST-0799","LOC-134","Tamil Nadu: Chennai-Madurai","Preventive Maintenance","Synthetic demo: Track at LOC-134","Medium","0.29","Critical","Medium","62","Engineering","2026-09-11 15:00:00","2026-09-14 15:00:00","Pending",""
"TSK-1598","AST-0799","LOC-134","Tamil Nadu: Chennai-Madurai","Condition Monitoring","Synthetic demo: Track at LOC-134","Critical","0.3","Critical","High","79","Engineering","2026-09-11 18:00:00","2026-09-15 18:00:00","Scheduled",""
"TSK-1599","AST-0800","LOC-134","Tamil Nadu: Chennai-Madurai","Corrective Maintenance","Synthetic demo: Turnout at LOC-134","Critical","0.31","Medium","Low","96","Engineering","2026-09-11 21:00:00","2026-09-16 21:00:00","In Progress",""
"TSK-1600","AST-0800","LOC-134","Tamil Nadu: Chennai-Madurai","Inspection","Synthetic demo: Turnout at LOC-134","Medium","0.32","Medium","Medium","42","Engineering","2026-09-12 00:00:00","2026-09-18 00:00:00","Pending",""
"TSK-1601","AST-0801","LOC-134","Tamil Nadu: Chennai-Madurai","Preventive Maintenance","Synthetic demo: OHE Mast at LOC-134","Medium","0.33","High","High","59","Traction Distribution","2026-09-12 03:00:00","2026-09-19 03:00:00","Pending",""
"TSK-1602","AST-0801","LOC-134","Tamil Nadu: Chennai-Madurai","Condition Monitoring","Synthetic demo: OHE Mast at LOC-134","Critical","0.34","High","Low","76","Traction Distribution","2026-09-12 06:00:00","2026-09-20 06:00:00","Pending",""
"TSK-1603","AST-0802","LOC-134","Tamil Nadu: Chennai-Madurai","Corrective Maintenance","Synthetic demo: Traction Substation at LOC-134","Critical","0.35","High","Medium","93","Traction Distribution","2026-09-12 09:00:00","2026-09-21 09:00:00","Pending",""
"TSK-1604","AST-0802","LOC-134","Tamil Nadu: Chennai-Madurai","Inspection","Synthetic demo: Traction Substation at LOC-134","Medium","0.36","High","High","39","Traction Distribution","2026-09-12 12:00:00","2026-09-22 12:00:00","Pending",""
"TSK-1605","AST-0803","LOC-134","Tamil Nadu: Chennai-Madurai","Preventive Maintenance","Synthetic demo: Signal at LOC-134","Medium","0.37","Critical","Low","56","Signal & Telecommunication","2026-09-12 15:00:00","2026-09-23 15:00:00","Pending",""
"TSK-1606","AST-0803","LOC-134","Tamil Nadu: Chennai-Madurai","Condition Monitoring","Synthetic demo: Signal at LOC-134","Critical","0.38","Critical","Medium","73","Signal & Telecommunication","2026-09-12 18:00:00","2026-09-24 18:00:00","Pending",""
"TSK-1607","AST-0804","LOC-134","Tamil Nadu: Chennai-Madurai","Corrective Maintenance","Synthetic demo: Axle Counter at LOC-134","Critical","0.39","Medium","High","90","Signal & Telecommunication","2026-09-12 21:00:00","2026-09-25 21:00:00","Pending",""
"TSK-1608","AST-0804","LOC-134","Tamil Nadu: Chennai-Madurai","Inspection","Synthetic demo: Axle Counter at LOC-134","Medium","0.4","Medium","Low","36","Signal & Telecommunication","2026-09-13 00:00:00","2026-09-27 00:00:00","Pending",""
"TSK-1609","AST-0805","LOC-135","Tamil Nadu: Chennai-Madurai","Preventive Maintenance","Synthetic demo: Track at LOC-135","Medium","0.41","High","Medium","53","Engineering","2026-09-13 03:00:00","2026-09-28 03:00:00","Pending",""
"TSK-1610","AST-0805","LOC-135","Tamil Nadu: Chennai-Madurai","Condition Monitoring","Synthetic demo: Track at LOC-135","Critical","0.42","High","High","70","Engineering","2026-09-13 06:00:00","2026-09-15 06:00:00","Pending",""
"TSK-1611","AST-0806","LOC-135","Tamil Nadu: Chennai-Madurai","Corrective Maintenance","Synthetic demo: Turnout at LOC-135","Critical","0.43","High","Low","87","Engineering","2026-09-13 09:00:00","2026-09-16 09:00:00","Pending",""
"TSK-1612","AST-0806","LOC-135","Tamil Nadu: Chennai-Madurai","Inspection","Synthetic demo: Turnout at LOC-135","Medium","0.44","High","Medium","104","Engineering","2026-09-13 12:00:00","2026-09-17 12:00:00","In Progress",""
"TSK-1613","AST-0807","LOC-135","Tamil Nadu: Chennai-Madurai","Preventive Maintenance","Synthetic demo: OHE Mast at LOC-135","Medium","0.45","Critical","High","50","Traction Distribution","2026-09-13 15:00:00","2026-09-18 15:00:00","Pending",""
"TSK-1614","AST-0807","LOC-135","Tamil Nadu: Chennai-Madurai","Condition Monitoring","Synthetic demo: OHE Mast at LOC-135","Critical","0.46","Critical","Low","67","Traction Distribution","2026-09-13 18:00:00","2026-09-19 18:00:00","Pending",""
"TSK-1615","AST-0808","LOC-135","Tamil Nadu: Chennai-Madurai","Corrective Maintenance","Synthetic demo: Traction Substation at LOC-135","Critical","0.47","Medium","Medium","84","Traction Distribution","2026-09-13 21:00:00","2026-09-20 21:00:00","Scheduled",""
"TSK-1616","AST-0808","LOC-135","Tamil Nadu: Chennai-Madurai","Inspection","Synthetic demo: Traction Substation at LOC-135","Medium","0.48","Medium","High","101","Traction Distribution","2026-09-14 00:00:00","2026-09-22 00:00:00","Pending",""
"TSK-1617","AST-0809","LOC-135","Tamil Nadu: Chennai-Madurai","Preventive Maintenance","Synthetic demo: Signal at LOC-135","Medium","0.49","High","Low","47","Signal & Telecommunication","2026-09-14 03:00:00","2026-09-23 03:00:00","Pending",""
"TSK-1618","AST-0809","LOC-135","Tamil Nadu: Chennai-Madurai","Condition Monitoring","Synthetic demo: Signal at LOC-135","Critical","0.5","High","Medium","64","Signal & Telecommunication","2026-09-14 06:00:00","2026-09-24 06:00:00","Pending",""
"TSK-1619","AST-0810","LOC-135","Tamil Nadu: Chennai-Madurai","Corrective Maintenance","Synthetic demo: Axle Counter at LOC-135","Critical","0.51","High","High","81","Signal & Telecommunication","2026-09-14 09:00:00","2026-09-25 09:00:00","Pending",""
"TSK-1620","AST-0810","LOC-135","Tamil Nadu: Chennai-Madurai","Inspection","Synthetic demo: Axle Counter at LOC-135","Medium","0.52","High","Low","98","Signal & Telecommunication","2026-09-14 12:00:00","2026-09-26 12:00:00","Pending",""
"TSK-1621","AST-0811","LOC-136","Tamil Nadu: Chennai-Madurai","Preventive Maintenance","Synthetic demo: Track at LOC-136","Medium","0.53","Critical","Medium","44","Engineering","2026-09-14 15:00:00","2026-09-27 15:00:00","Pending",""
"TSK-1622","AST-0811","LOC-136","Tamil Nadu: Chennai-Madurai","Condition Monitoring","Synthetic demo: Track at LOC-136","Critical","0.54","Critical","High","61","Engineering","2026-09-14 18:00:00","2026-09-28 18:00:00","Pending",""
"TSK-1623","AST-0812","LOC-136","Tamil Nadu: Chennai-Madurai","Corrective Maintenance","Synthetic demo: Turnout at LOC-136","Critical","0.55","Medium","Low","78","Engineering","2026-09-14 21:00:00","2026-09-29 21:00:00","Pending",""
"TSK-1624","AST-0812","LOC-136","Tamil Nadu: Chennai-Madurai","Inspection","Synthetic demo: Turnout at LOC-136","Medium","0.56","Medium","Medium","95","Engineering","2026-09-15 00:00:00","2026-09-17 00:00:00","Pending",""
"TSK-1625","AST-0813","LOC-136","Tamil Nadu: Chennai-Madurai","Preventive Maintenance","Synthetic demo: OHE Mast at LOC-136","Medium","0.57","High","High","41","Traction Distribution","2026-09-15 03:00:00","2026-09-18 03:00:00","In Progress",""
"TSK-1626","AST-0813","LOC-136","Tamil Nadu: Chennai-Madurai","Condition Monitoring","Synthetic demo: OHE Mast at LOC-136","Critical","0.58","High","Low","58","Traction Distribution","2026-09-15 06:00:00","2026-09-19 06:00:00","Pending",""
"TSK-1627","AST-0814","LOC-136","Tamil Nadu: Chennai-Madurai","Corrective Maintenance","Synthetic demo: Traction Substation at LOC-136","Critical","0.59","High","Medium","75","Traction Distribution","2026-09-15 09:00:00","2026-09-20 09:00:00","Pending",""
"TSK-1628","AST-0814","LOC-136","Tamil Nadu: Chennai-Madurai","Inspection","Synthetic demo: Traction Substation at LOC-136","Medium","0.6","High","High","92","Traction Distribution","2026-09-15 12:00:00","2026-09-21 12:00:00","Pending",""
"TSK-1629","AST-0815","LOC-136","Tamil Nadu: Chennai-Madurai","Preventive Maintenance","Synthetic demo: Signal at LOC-136","Medium","0.61","Critical","Low","38","Signal & Telecommunication","2026-09-15 15:00:00","2026-09-22 15:00:00","Pending",""
"TSK-1630","AST-0815","LOC-136","Tamil Nadu: Chennai-Madurai","Condition Monitoring","Synthetic demo: Signal at LOC-136","Critical","0.62","Critical","Medium","55","Signal & Telecommunication","2026-09-15 18:00:00","2026-09-23 18:00:00","Pending",""
"TSK-1631","AST-0816","LOC-136","Tamil Nadu: Chennai-Madurai","Corrective Maintenance","Synthetic demo: Axle Counter at LOC-136","Critical","0.63","Medium","High","72","Signal & Telecommunication","2026-09-15 21:00:00","2026-09-24 21:00:00","Pending",""
"TSK-1632","AST-0816","LOC-136","Tamil Nadu: Chennai-Madurai","Inspection","Synthetic demo: Axle Counter at LOC-136","Medium","0.64","Medium","Low","89","Signal & Telecommunication","2026-09-16 00:00:00","2026-09-26 00:00:00","Scheduled",""
"TSK-1633","AST-0817","LOC-137","Tamil Nadu: Chennai-Madurai","Preventive Maintenance","Synthetic demo: Track at LOC-137","Medium","0.65","High","Medium","35","Engineering","2026-09-16 03:00:00","2026-09-27 03:00:00","Pending",""
"TSK-1634","AST-0817","LOC-137","Tamil Nadu: Chennai-Madurai","Condition Monitoring","Synthetic demo: Track at LOC-137","Critical","0.66","High","High","52","Engineering","2026-09-16 06:00:00","2026-09-28 06:00:00","Pending",""
"TSK-1635","AST-0818","LOC-137","Tamil Nadu: Chennai-Madurai","Corrective Maintenance","Synthetic demo: Turnout at LOC-137","Critical","0.67","High","Low","69","Engineering","2026-09-16 09:00:00","2026-09-29 09:00:00","Pending",""
"TSK-1636","AST-0818","LOC-137","Tamil Nadu: Chennai-Madurai","Inspection","Synthetic demo: Turnout at LOC-137","Medium","0.68","High","Medium","86","Engineering","2026-09-16 12:00:00","2026-09-30 12:00:00","Pending",""
"TSK-1637","AST-0819","LOC-137","Tamil Nadu: Chennai-Madurai","Preventive Maintenance","Synthetic demo: OHE Mast at LOC-137","Medium","0.69","Critical","High","103","Traction Distribution","2026-09-16 15:00:00","2026-10-01 15:00:00","Pending",""
"TSK-1638","AST-0819","LOC-137","Tamil Nadu: Chennai-Madurai","Condition Monitoring","Synthetic demo: OHE Mast at LOC-137","Critical","0.7","Critical","Low","49","Traction Distribution","2026-09-16 18:00:00","2026-09-18 18:00:00","In Progress",""
"TSK-1639","AST-0820","LOC-137","Tamil Nadu: Chennai-Madurai","Corrective Maintenance","Synthetic demo: Traction Substation at LOC-137","Critical","0.71","Medium","Medium","66","Traction Distribution","2026-09-16 21:00:00","2026-09-19 21:00:00","Pending",""
"TSK-1640","AST-0820","LOC-137","Tamil Nadu: Chennai-Madurai","Inspection","Synthetic demo: Traction Substation at LOC-137","Medium","0.72","Medium","High","83","Traction Distribution","2026-09-17 00:00:00","2026-09-21 00:00:00","Pending",""
"TSK-1641","AST-0821","LOC-137","Tamil Nadu: Chennai-Madurai","Preventive Maintenance","Synthetic demo: Signal at LOC-137","Medium","0.73","High","Low","100","Signal & Telecommunication","2026-09-17 03:00:00","2026-09-22 03:00:00","Pending",""
"TSK-1642","AST-0821","LOC-137","Tamil Nadu: Chennai-Madurai","Condition Monitoring","Synthetic demo: Signal at LOC-137","Critical","0.74","High","Medium","46","Signal & Telecommunication","2026-09-17 06:00:00","2026-09-23 06:00:00","Pending",""
"TSK-1643","AST-0822","LOC-137","Tamil Nadu: Chennai-Madurai","Corrective Maintenance","Synthetic demo: Axle Counter at LOC-137","Critical","0.75","High","High","63","Signal & Telecommunication","2026-09-17 09:00:00","2026-09-24 09:00:00","Pending",""
"TSK-1644","AST-0822","LOC-137","Tamil Nadu: Chennai-Madurai","Inspection","Synthetic demo: Axle Counter at LOC-137","Medium","0.76","High","Low","80","Signal & Telecommunication","2026-09-17 12:00:00","2026-09-25 12:00:00","Pending",""
"TSK-1645","AST-0823","LOC-138","Tamil Nadu: Chennai-Madurai","Preventive Maintenance","Synthetic demo: Track at LOC-138","Medium","0.77","Critical","Medium","97","Engineering","2026-09-17 15:00:00","2026-09-26 15:00:00","Pending",""
"TSK-1646","AST-0823","LOC-138","Tamil Nadu: Chennai-Madurai","Condition Monitoring","Synthetic demo: Track at LOC-138","Critical","0.78","Critical","High","43","Engineering","2026-09-17 18:00:00","2026-09-27 18:00:00","Pending",""
"TSK-1647","AST-0824","LOC-138","Tamil Nadu: Chennai-Madurai","Corrective Maintenance","Synthetic demo: Turnout at LOC-138","Critical","0.79","Medium","Low","60","Engineering","2026-09-17 21:00:00","2026-09-28 21:00:00","Pending",""
"TSK-1648","AST-0824","LOC-138","Tamil Nadu: Chennai-Madurai","Inspection","Synthetic demo: Turnout at LOC-138","Medium","0.8","Medium","Medium","77","Engineering","2026-09-18 00:00:00","2026-09-30 00:00:00","Pending",""
"TSK-1649","AST-0825","LOC-138","Tamil Nadu: Chennai-Madurai","Preventive Maintenance","Synthetic demo: OHE Mast at LOC-138","Medium","0.81","High","High","94","Traction Distribution","2026-09-18 03:00:00","2026-10-01 03:00:00","Scheduled",""
"TSK-1650","AST-0825","LOC-138","Tamil Nadu: Chennai-Madurai","Condition Monitoring","Synthetic demo: OHE Mast at LOC-138","Critical","0.82","High","Low","40","Traction Distribution","2026-09-18 06:00:00","2026-10-02 06:00:00","Pending",""
"TSK-1651","AST-0826","LOC-138","Tamil Nadu: Chennai-Madurai","Corrective Maintenance","Synthetic demo: Traction Substation at LOC-138","Critical","0.83","High","Medium","57","Traction Distribution","2026-09-18 09:00:00","2026-10-03 09:00:00","In Progress",""
"TSK-1652","AST-0826","LOC-138","Tamil Nadu: Chennai-Madurai","Inspection","Synthetic demo: Traction Substation at LOC-138","Medium","0.84","High","High","74","Traction Distribution","2026-09-18 12:00:00","2026-09-20 12:00:00","Pending",""
"TSK-1653","AST-0827","LOC-138","Tamil Nadu: Chennai-Madurai","Preventive Maintenance","Synthetic demo: Signal at LOC-138","Medium","0.85","Critical","Low","91","Signal & Telecommunication","2026-09-18 15:00:00","2026-09-21 15:00:00","Pending",""
"TSK-1654","AST-0827","LOC-138","Tamil Nadu: Chennai-Madurai","Condition Monitoring","Synthetic demo: Signal at LOC-138","Critical","0.86","Critical","Medium","37","Signal & Telecommunication","2026-09-18 18:00:00","2026-09-22 18:00:00","Pending",""
"TSK-1655","AST-0828","LOC-138","Tamil Nadu: Chennai-Madurai","Corrective Maintenance","Synthetic demo: Axle Counter at LOC-138","Critical","0.87","Medium","High","54","Signal & Telecommunication","2026-09-18 21:00:00","2026-09-23 21:00:00","Pending",""
"TSK-1656","AST-0828","LOC-138","Tamil Nadu: Chennai-Madurai","Inspection","Synthetic demo: Axle Counter at LOC-138","Medium","0.88","Medium","Low","71","Signal & Telecommunication","2026-09-19 00:00:00","2026-09-25 00:00:00","Pending",""
"TSK-1657","AST-0829","LOC-139","Telangana: Hyderabad-Warangal","Preventive Maintenance","Synthetic demo: Track at LOC-139","Medium","0.89","High","Medium","88","Engineering","2026-09-19 03:00:00","2026-09-26 03:00:00","Pending",""
"TSK-1658","AST-0829","LOC-139","Telangana: Hyderabad-Warangal","Condition Monitoring","Synthetic demo: Track at LOC-139","Critical","0.9","High","High","105","Engineering","2026-09-19 06:00:00","2026-09-27 06:00:00","Pending",""
"TSK-1659","AST-0830","LOC-139","Telangana: Hyderabad-Warangal","Corrective Maintenance","Synthetic demo: Turnout at LOC-139","Critical","0.12","High","Low","51","Engineering","2026-09-19 09:00:00","2026-09-28 09:00:00","Pending",""
"TSK-1660","AST-0830","LOC-139","Telangana: Hyderabad-Warangal","Inspection","Synthetic demo: Turnout at LOC-139","Medium","0.13","High","Medium","68","Engineering","2026-09-19 12:00:00","2026-09-29 12:00:00","Pending",""
"TSK-1661","AST-0831","LOC-139","Telangana: Hyderabad-Warangal","Preventive Maintenance","Synthetic demo: OHE Mast at LOC-139","Medium","0.14","Critical","High","85","Traction Distribution","2026-09-19 15:00:00","2026-09-30 15:00:00","Pending",""
"TSK-1662","AST-0831","LOC-139","Telangana: Hyderabad-Warangal","Condition Monitoring","Synthetic demo: OHE Mast at LOC-139","Critical","0.15","Critical","Low","102","Traction Distribution","2026-09-19 18:00:00","2026-10-01 18:00:00","Pending",""
"TSK-1663","AST-0832","LOC-139","Telangana: Hyderabad-Warangal","Corrective Maintenance","Synthetic demo: Traction Substation at LOC-139","Critical","0.16","Medium","Medium","48","Traction Distribution","2026-09-19 21:00:00","2026-10-02 21:00:00","Pending",""
"TSK-1664","AST-0832","LOC-139","Telangana: Hyderabad-Warangal","Inspection","Synthetic demo: Traction Substation at LOC-139","Medium","0.17","Medium","High","65","Traction Distribution","2026-09-20 00:00:00","2026-10-04 00:00:00","In Progress",""
"TSK-1665","AST-0833","LOC-139","Telangana: Hyderabad-Warangal","Preventive Maintenance","Synthetic demo: Signal at LOC-139","Medium","0.18","High","Low","82","Signal & Telecommunication","2026-09-20 03:00:00","2026-10-05 03:00:00","Pending",""
"TSK-1666","AST-0833","LOC-139","Telangana: Hyderabad-Warangal","Condition Monitoring","Synthetic demo: Signal at LOC-139","Critical","0.19","High","Medium","99","Signal & Telecommunication","2026-09-20 06:00:00","2026-09-22 06:00:00","Scheduled",""
"TSK-1667","AST-0834","LOC-139","Telangana: Hyderabad-Warangal","Corrective Maintenance","Synthetic demo: Axle Counter at LOC-139","Critical","0.2","High","High","45","Signal & Telecommunication","2026-09-20 09:00:00","2026-09-23 09:00:00","Pending",""
"TSK-1668","AST-0834","LOC-139","Telangana: Hyderabad-Warangal","Inspection","Synthetic demo: Axle Counter at LOC-139","Medium","0.21","High","Low","62","Signal & Telecommunication","2026-09-20 12:00:00","2026-09-24 12:00:00","Pending",""
"TSK-1669","AST-0835","LOC-140","Telangana: Hyderabad-Warangal","Preventive Maintenance","Synthetic demo: Track at LOC-140","Medium","0.22","Critical","Medium","79","Engineering","2026-09-20 15:00:00","2026-09-25 15:00:00","Pending",""
"TSK-1670","AST-0835","LOC-140","Telangana: Hyderabad-Warangal","Condition Monitoring","Synthetic demo: Track at LOC-140","Critical","0.23","Critical","High","96","Engineering","2026-09-20 18:00:00","2026-09-26 18:00:00","Pending",""
"TSK-1671","AST-0836","LOC-140","Telangana: Hyderabad-Warangal","Corrective Maintenance","Synthetic demo: Turnout at LOC-140","Critical","0.24","Medium","Low","42","Engineering","2026-09-20 21:00:00","2026-09-27 21:00:00","Pending",""
"TSK-1672","AST-0836","LOC-140","Telangana: Hyderabad-Warangal","Inspection","Synthetic demo: Turnout at LOC-140","Medium","0.25","Medium","Medium","59","Engineering","2026-09-21 00:00:00","2026-09-29 00:00:00","Pending",""
"TSK-1673","AST-0837","LOC-140","Telangana: Hyderabad-Warangal","Preventive Maintenance","Synthetic demo: OHE Mast at LOC-140","Medium","0.26","High","High","76","Traction Distribution","2026-09-21 03:00:00","2026-09-30 03:00:00","Pending",""
"TSK-1674","AST-0837","LOC-140","Telangana: Hyderabad-Warangal","Condition Monitoring","Synthetic demo: OHE Mast at LOC-140","Critical","0.27","High","Low","93","Traction Distribution","2026-09-21 06:00:00","2026-10-01 06:00:00","Pending",""
"TSK-1675","AST-0838","LOC-140","Telangana: Hyderabad-Warangal","Corrective Maintenance","Synthetic demo: Traction Substation at LOC-140","Critical","0.28","High","Medium","39","Traction Distribution","2026-09-21 09:00:00","2026-10-02 09:00:00","Pending",""
"TSK-1676","AST-0838","LOC-140","Telangana: Hyderabad-Warangal","Inspection","Synthetic demo: Traction Substation at LOC-140","Medium","0.29","High","High","56","Traction Distribution","2026-09-21 12:00:00","2026-10-03 12:00:00","Pending",""
"TSK-1677","AST-0839","LOC-140","Telangana: Hyderabad-Warangal","Preventive Maintenance","Synthetic demo: Signal at LOC-140","Medium","0.3","Critical","Low","73","Signal & Telecommunication","2026-09-21 15:00:00","2026-10-04 15:00:00","In Progress",""
"TSK-1678","AST-0839","LOC-140","Telangana: Hyderabad-Warangal","Condition Monitoring","Synthetic demo: Signal at LOC-140","Critical","0.31","Critical","Medium","90","Signal & Telecommunication","2026-09-21 18:00:00","2026-10-05 18:00:00","Pending",""
"TSK-1679","AST-0840","LOC-140","Telangana: Hyderabad-Warangal","Corrective Maintenance","Synthetic demo: Axle Counter at LOC-140","Critical","0.32","Medium","High","36","Signal & Telecommunication","2026-09-21 21:00:00","2026-10-06 21:00:00","Pending",""
"TSK-1680","AST-0840","LOC-140","Telangana: Hyderabad-Warangal","Inspection","Synthetic demo: Axle Counter at LOC-140","Medium","0.33","Medium","Low","53","Signal & Telecommunication","2026-09-01 00:00:00","2026-09-03 00:00:00","Pending",""
"TSK-1681","AST-0841","LOC-141","Telangana: Hyderabad-Warangal","Preventive Maintenance","Synthetic demo: Track at LOC-141","Medium","0.34","High","Medium","70","Engineering","2026-09-01 03:00:00","2026-09-04 03:00:00","Pending",""
"TSK-1682","AST-0841","LOC-141","Telangana: Hyderabad-Warangal","Condition Monitoring","Synthetic demo: Track at LOC-141","Critical","0.35","High","High","87","Engineering","2026-09-01 06:00:00","2026-09-05 06:00:00","Pending",""
"TSK-1683","AST-0842","LOC-141","Telangana: Hyderabad-Warangal","Corrective Maintenance","Synthetic demo: Turnout at LOC-141","Critical","0.36","High","Low","104","Engineering","2026-09-01 09:00:00","2026-09-06 09:00:00","Scheduled",""
"TSK-1684","AST-0842","LOC-141","Telangana: Hyderabad-Warangal","Inspection","Synthetic demo: Turnout at LOC-141","Medium","0.37","High","Medium","50","Engineering","2026-09-01 12:00:00","2026-09-07 12:00:00","Pending",""
"TSK-1685","AST-0843","LOC-141","Telangana: Hyderabad-Warangal","Preventive Maintenance","Synthetic demo: OHE Mast at LOC-141","Medium","0.38","Critical","High","67","Traction Distribution","2026-09-01 15:00:00","2026-09-08 15:00:00","Pending",""
"TSK-1686","AST-0843","LOC-141","Telangana: Hyderabad-Warangal","Condition Monitoring","Synthetic demo: OHE Mast at LOC-141","Critical","0.39","Critical","Low","84","Traction Distribution","2026-09-01 18:00:00","2026-09-09 18:00:00","Pending",""
"TSK-1687","AST-0844","LOC-141","Telangana: Hyderabad-Warangal","Corrective Maintenance","Synthetic demo: Traction Substation at LOC-141","Critical","0.4","Medium","Medium","101","Traction Distribution","2026-09-01 21:00:00","2026-09-10 21:00:00","Pending",""
"TSK-1688","AST-0844","LOC-141","Telangana: Hyderabad-Warangal","Inspection","Synthetic demo: Traction Substation at LOC-141","Medium","0.41","Medium","High","47","Traction Distribution","2026-09-02 00:00:00","2026-09-12 00:00:00","Pending",""
"TSK-1689","AST-0845","LOC-141","Telangana: Hyderabad-Warangal","Preventive Maintenance","Synthetic demo: Signal at LOC-141","Medium","0.42","High","Low","64","Signal & Telecommunication","2026-09-02 03:00:00","2026-09-13 03:00:00","Pending",""
"TSK-1690","AST-0845","LOC-141","Telangana: Hyderabad-Warangal","Condition Monitoring","Synthetic demo: Signal at LOC-141","Critical","0.43","High","Medium","81","Signal & Telecommunication","2026-09-02 06:00:00","2026-09-14 06:00:00","In Progress",""
"TSK-1691","AST-0846","LOC-141","Telangana: Hyderabad-Warangal","Corrective Maintenance","Synthetic demo: Axle Counter at LOC-141","Critical","0.44","High","High","98","Signal & Telecommunication","2026-09-02 09:00:00","2026-09-15 09:00:00","Pending",""
"TSK-1692","AST-0846","LOC-141","Telangana: Hyderabad-Warangal","Inspection","Synthetic demo: Axle Counter at LOC-141","Medium","0.45","High","Low","44","Signal & Telecommunication","2026-09-02 12:00:00","2026-09-16 12:00:00","Pending",""
"TSK-1693","AST-0847","LOC-142","Telangana: Hyderabad-Warangal","Preventive Maintenance","Synthetic demo: Track at LOC-142","Medium","0.46","Critical","Medium","61","Engineering","2026-09-02 15:00:00","2026-09-17 15:00:00","Pending",""
"TSK-1694","AST-0847","LOC-142","Telangana: Hyderabad-Warangal","Condition Monitoring","Synthetic demo: Track at LOC-142","Critical","0.47","Critical","High","78","Engineering","2026-09-02 18:00:00","2026-09-04 18:00:00","Pending",""
"TSK-1695","AST-0848","LOC-142","Telangana: Hyderabad-Warangal","Corrective Maintenance","Synthetic demo: Turnout at LOC-142","Critical","0.48","Medium","Low","95","Engineering","2026-09-02 21:00:00","2026-09-05 21:00:00","Pending",""
"TSK-1696","AST-0848","LOC-142","Telangana: Hyderabad-Warangal","Inspection","Synthetic demo: Turnout at LOC-142","Medium","0.49","Medium","Medium","41","Engineering","2026-09-03 00:00:00","2026-09-07 00:00:00","Pending",""
"TSK-1697","AST-0849","LOC-142","Telangana: Hyderabad-Warangal","Preventive Maintenance","Synthetic demo: OHE Mast at LOC-142","Medium","0.5","High","High","58","Traction Distribution","2026-09-03 03:00:00","2026-09-08 03:00:00","Pending",""
"TSK-1698","AST-0849","LOC-142","Telangana: Hyderabad-Warangal","Condition Monitoring","Synthetic demo: OHE Mast at LOC-142","Critical","0.51","High","Low","75","Traction Distribution","2026-09-03 06:00:00","2026-09-09 06:00:00","Pending",""
"TSK-1699","AST-0850","LOC-142","Telangana: Hyderabad-Warangal","Corrective Maintenance","Synthetic demo: Traction Substation at LOC-142","Critical","0.52","High","Medium","92","Traction Distribution","2026-09-03 09:00:00","2026-09-10 09:00:00","Pending",""
"TSK-1700","AST-0850","LOC-142","Telangana: Hyderabad-Warangal","Inspection","Synthetic demo: Traction Substation at LOC-142","Medium","0.53","High","High","38","Traction Distribution","2026-09-03 12:00:00","2026-09-11 12:00:00","Scheduled",""
"TSK-1701","AST-0851","LOC-142","Telangana: Hyderabad-Warangal","Preventive Maintenance","Synthetic demo: Signal at LOC-142","Medium","0.54","Critical","Low","55","Signal & Telecommunication","2026-09-03 15:00:00","2026-09-12 15:00:00","Pending",""
"TSK-1702","AST-0851","LOC-142","Telangana: Hyderabad-Warangal","Condition Monitoring","Synthetic demo: Signal at LOC-142","Critical","0.55","Critical","Medium","72","Signal & Telecommunication","2026-09-03 18:00:00","2026-09-13 18:00:00","Pending",""
"TSK-1703","AST-0852","LOC-142","Telangana: Hyderabad-Warangal","Corrective Maintenance","Synthetic demo: Axle Counter at LOC-142","Critical","0.56","Medium","High","89","Signal & Telecommunication","2026-09-03 21:00:00","2026-09-14 21:00:00","In Progress",""
"TSK-1704","AST-0852","LOC-142","Telangana: Hyderabad-Warangal","Inspection","Synthetic demo: Axle Counter at LOC-142","Medium","0.57","Medium","Low","35","Signal & Telecommunication","2026-09-04 00:00:00","2026-09-16 00:00:00","Pending",""
"TSK-1705","AST-0853","LOC-143","Telangana: Hyderabad-Warangal","Preventive Maintenance","Synthetic demo: Track at LOC-143","Medium","0.58","High","Medium","52","Engineering","2026-09-04 03:00:00","2026-09-17 03:00:00","Pending",""
"TSK-1706","AST-0853","LOC-143","Telangana: Hyderabad-Warangal","Condition Monitoring","Synthetic demo: Track at LOC-143","Critical","0.59","High","High","69","Engineering","2026-09-04 06:00:00","2026-09-18 06:00:00","Pending",""
"TSK-1707","AST-0854","LOC-143","Telangana: Hyderabad-Warangal","Corrective Maintenance","Synthetic demo: Turnout at LOC-143","Critical","0.6","High","Low","86","Engineering","2026-09-04 09:00:00","2026-09-19 09:00:00","Pending",""
"TSK-1708","AST-0854","LOC-143","Telangana: Hyderabad-Warangal","Inspection","Synthetic demo: Turnout at LOC-143","Medium","0.61","High","Medium","103","Engineering","2026-09-04 12:00:00","2026-09-06 12:00:00","Pending",""
"TSK-1709","AST-0855","LOC-143","Telangana: Hyderabad-Warangal","Preventive Maintenance","Synthetic demo: OHE Mast at LOC-143","Medium","0.62","Critical","High","49","Traction Distribution","2026-09-04 15:00:00","2026-09-07 15:00:00","Pending",""
"TSK-1710","AST-0855","LOC-143","Telangana: Hyderabad-Warangal","Condition Monitoring","Synthetic demo: OHE Mast at LOC-143","Critical","0.63","Critical","Low","66","Traction Distribution","2026-09-04 18:00:00","2026-09-08 18:00:00","Pending",""
"TSK-1711","AST-0856","LOC-143","Telangana: Hyderabad-Warangal","Corrective Maintenance","Synthetic demo: Traction Substation at LOC-143","Critical","0.64","Medium","Medium","83","Traction Distribution","2026-09-04 21:00:00","2026-09-09 21:00:00","Pending",""
"TSK-1712","AST-0856","LOC-143","Telangana: Hyderabad-Warangal","Inspection","Synthetic demo: Traction Substation at LOC-143","Medium","0.65","Medium","High","100","Traction Distribution","2026-09-05 00:00:00","2026-09-11 00:00:00","Pending",""
"TSK-1713","AST-0857","LOC-143","Telangana: Hyderabad-Warangal","Preventive Maintenance","Synthetic demo: Signal at LOC-143","Medium","0.66","High","Low","46","Signal & Telecommunication","2026-09-05 03:00:00","2026-09-12 03:00:00","Pending",""
"TSK-1714","AST-0857","LOC-143","Telangana: Hyderabad-Warangal","Condition Monitoring","Synthetic demo: Signal at LOC-143","Critical","0.67","High","Medium","63","Signal & Telecommunication","2026-09-05 06:00:00","2026-09-13 06:00:00","Pending",""
"TSK-1715","AST-0858","LOC-143","Telangana: Hyderabad-Warangal","Corrective Maintenance","Synthetic demo: Axle Counter at LOC-143","Critical","0.68","High","High","80","Signal & Telecommunication","2026-09-05 09:00:00","2026-09-14 09:00:00","Pending",""
"TSK-1716","AST-0858","LOC-143","Telangana: Hyderabad-Warangal","Inspection","Synthetic demo: Axle Counter at LOC-143","Medium","0.69","High","Low","97","Signal & Telecommunication","2026-09-05 12:00:00","2026-09-15 12:00:00","In Progress",""
"TSK-1717","AST-0859","LOC-144","Telangana: Hyderabad-Warangal","Preventive Maintenance","Synthetic demo: Track at LOC-144","Medium","0.7","Critical","Medium","43","Engineering","2026-09-05 15:00:00","2026-09-16 15:00:00","Scheduled",""
"TSK-1718","AST-0859","LOC-144","Telangana: Hyderabad-Warangal","Condition Monitoring","Synthetic demo: Track at LOC-144","Critical","0.71","Critical","High","60","Engineering","2026-09-05 18:00:00","2026-09-17 18:00:00","Pending",""
"TSK-1719","AST-0860","LOC-144","Telangana: Hyderabad-Warangal","Corrective Maintenance","Synthetic demo: Turnout at LOC-144","Critical","0.72","Medium","Low","77","Engineering","2026-09-05 21:00:00","2026-09-18 21:00:00","Pending",""
"TSK-1720","AST-0860","LOC-144","Telangana: Hyderabad-Warangal","Inspection","Synthetic demo: Turnout at LOC-144","Medium","0.73","Medium","Medium","94","Engineering","2026-09-06 00:00:00","2026-09-20 00:00:00","Pending",""
"TSK-1721","AST-0861","LOC-144","Telangana: Hyderabad-Warangal","Preventive Maintenance","Synthetic demo: OHE Mast at LOC-144","Medium","0.74","High","High","40","Traction Distribution","2026-09-06 03:00:00","2026-09-21 03:00:00","Pending",""
"TSK-1722","AST-0861","LOC-144","Telangana: Hyderabad-Warangal","Condition Monitoring","Synthetic demo: OHE Mast at LOC-144","Critical","0.75","High","Low","57","Traction Distribution","2026-09-06 06:00:00","2026-09-08 06:00:00","Pending",""
"TSK-1723","AST-0862","LOC-144","Telangana: Hyderabad-Warangal","Corrective Maintenance","Synthetic demo: Traction Substation at LOC-144","Critical","0.76","High","Medium","74","Traction Distribution","2026-09-06 09:00:00","2026-09-09 09:00:00","Pending",""
"TSK-1724","AST-0862","LOC-144","Telangana: Hyderabad-Warangal","Inspection","Synthetic demo: Traction Substation at LOC-144","Medium","0.77","High","High","91","Traction Distribution","2026-09-06 12:00:00","2026-09-10 12:00:00","Pending",""
"TSK-1725","AST-0863","LOC-144","Telangana: Hyderabad-Warangal","Preventive Maintenance","Synthetic demo: Signal at LOC-144","Medium","0.78","Critical","Low","37","Signal & Telecommunication","2026-09-06 15:00:00","2026-09-11 15:00:00","Pending",""
"TSK-1726","AST-0863","LOC-144","Telangana: Hyderabad-Warangal","Condition Monitoring","Synthetic demo: Signal at LOC-144","Critical","0.79","Critical","Medium","54","Signal & Telecommunication","2026-09-06 18:00:00","2026-09-12 18:00:00","Pending",""
"TSK-1727","AST-0864","LOC-144","Telangana: Hyderabad-Warangal","Corrective Maintenance","Synthetic demo: Axle Counter at LOC-144","Critical","0.8","Medium","High","71","Signal & Telecommunication","2026-09-06 21:00:00","2026-09-13 21:00:00","Pending",""
"TSK-1728","AST-0864","LOC-144","Telangana: Hyderabad-Warangal","Inspection","Synthetic demo: Axle Counter at LOC-144","Medium","0.81","Medium","Low","88","Signal & Telecommunication","2026-09-07 00:00:00","2026-09-15 00:00:00","Pending",""
"TSK-1729","AST-0865","LOC-145","Tripura: Agartala-Dharmanagar","Preventive Maintenance","Synthetic demo: Track at LOC-145","Medium","0.82","High","Medium","105","Engineering","2026-09-07 03:00:00","2026-09-16 03:00:00","In Progress",""
"TSK-1730","AST-0865","LOC-145","Tripura: Agartala-Dharmanagar","Condition Monitoring","Synthetic demo: Track at LOC-145","Critical","0.83","High","High","51","Engineering","2026-09-07 06:00:00","2026-09-17 06:00:00","Pending",""
"TSK-1731","AST-0866","LOC-145","Tripura: Agartala-Dharmanagar","Corrective Maintenance","Synthetic demo: Turnout at LOC-145","Critical","0.84","High","Low","68","Engineering","2026-09-07 09:00:00","2026-09-18 09:00:00","Pending",""
"TSK-1732","AST-0866","LOC-145","Tripura: Agartala-Dharmanagar","Inspection","Synthetic demo: Turnout at LOC-145","Medium","0.85","High","Medium","85","Engineering","2026-09-07 12:00:00","2026-09-19 12:00:00","Pending",""
"TSK-1733","AST-0867","LOC-145","Tripura: Agartala-Dharmanagar","Preventive Maintenance","Synthetic demo: OHE Mast at LOC-145","Medium","0.86","Critical","High","102","Traction Distribution","2026-09-07 15:00:00","2026-09-20 15:00:00","Pending",""
"TSK-1734","AST-0867","LOC-145","Tripura: Agartala-Dharmanagar","Condition Monitoring","Synthetic demo: OHE Mast at LOC-145","Critical","0.87","Critical","Low","48","Traction Distribution","2026-09-07 18:00:00","2026-09-21 18:00:00","Scheduled",""
"TSK-1735","AST-0868","LOC-145","Tripura: Agartala-Dharmanagar","Corrective Maintenance","Synthetic demo: Traction Substation at LOC-145","Critical","0.88","Medium","Medium","65","Traction Distribution","2026-09-07 21:00:00","2026-09-22 21:00:00","Pending",""
"TSK-1736","AST-0868","LOC-145","Tripura: Agartala-Dharmanagar","Inspection","Synthetic demo: Traction Substation at LOC-145","Medium","0.89","Medium","High","82","Traction Distribution","2026-09-08 00:00:00","2026-09-10 00:00:00","Pending",""
"TSK-1737","AST-0869","LOC-145","Tripura: Agartala-Dharmanagar","Preventive Maintenance","Synthetic demo: Signal at LOC-145","Medium","0.9","High","Low","99","Signal & Telecommunication","2026-09-08 03:00:00","2026-09-11 03:00:00","Pending",""
"TSK-1738","AST-0869","LOC-145","Tripura: Agartala-Dharmanagar","Condition Monitoring","Synthetic demo: Signal at LOC-145","Critical","0.12","High","Medium","45","Signal & Telecommunication","2026-09-08 06:00:00","2026-09-12 06:00:00","Pending",""
"TSK-1739","AST-0870","LOC-145","Tripura: Agartala-Dharmanagar","Corrective Maintenance","Synthetic demo: Axle Counter at LOC-145","Critical","0.13","High","High","62","Signal & Telecommunication","2026-09-08 09:00:00","2026-09-13 09:00:00","Pending",""
"TSK-1740","AST-0870","LOC-145","Tripura: Agartala-Dharmanagar","Inspection","Synthetic demo: Axle Counter at LOC-145","Medium","0.14","High","Low","79","Signal & Telecommunication","2026-09-08 12:00:00","2026-09-14 12:00:00","Pending",""
"TSK-1741","AST-0871","LOC-146","Tripura: Agartala-Dharmanagar","Preventive Maintenance","Synthetic demo: Track at LOC-146","Medium","0.15","Critical","Medium","96","Engineering","2026-09-08 15:00:00","2026-09-15 15:00:00","Pending",""
"TSK-1742","AST-0871","LOC-146","Tripura: Agartala-Dharmanagar","Condition Monitoring","Synthetic demo: Track at LOC-146","Critical","0.16","Critical","High","42","Engineering","2026-09-08 18:00:00","2026-09-16 18:00:00","In Progress",""
"TSK-1743","AST-0872","LOC-146","Tripura: Agartala-Dharmanagar","Corrective Maintenance","Synthetic demo: Turnout at LOC-146","Critical","0.17","Medium","Low","59","Engineering","2026-09-08 21:00:00","2026-09-17 21:00:00","Pending",""
"TSK-1744","AST-0872","LOC-146","Tripura: Agartala-Dharmanagar","Inspection","Synthetic demo: Turnout at LOC-146","Medium","0.18","Medium","Medium","76","Engineering","2026-09-09 00:00:00","2026-09-19 00:00:00","Pending",""
"TSK-1745","AST-0873","LOC-146","Tripura: Agartala-Dharmanagar","Preventive Maintenance","Synthetic demo: OHE Mast at LOC-146","Medium","0.19","High","High","93","Traction Distribution","2026-09-09 03:00:00","2026-09-20 03:00:00","Pending",""
"TSK-1746","AST-0873","LOC-146","Tripura: Agartala-Dharmanagar","Condition Monitoring","Synthetic demo: OHE Mast at LOC-146","Critical","0.2","High","Low","39","Traction Distribution","2026-09-09 06:00:00","2026-09-21 06:00:00","Pending",""
"TSK-1747","AST-0874","LOC-146","Tripura: Agartala-Dharmanagar","Corrective Maintenance","Synthetic demo: Traction Substation at LOC-146","Critical","0.21","High","Medium","56","Traction Distribution","2026-09-09 09:00:00","2026-09-22 09:00:00","Pending",""
"TSK-1748","AST-0874","LOC-146","Tripura: Agartala-Dharmanagar","Inspection","Synthetic demo: Traction Substation at LOC-146","Medium","0.22","High","High","73","Traction Distribution","2026-09-09 12:00:00","2026-09-23 12:00:00","Pending",""
"TSK-1749","AST-0875","LOC-146","Tripura: Agartala-Dharmanagar","Preventive Maintenance","Synthetic demo: Signal at LOC-146","Medium","0.23","Critical","Low","90","Signal & Telecommunication","2026-09-09 15:00:00","2026-09-24 15:00:00","Pending",""
"TSK-1750","AST-0875","LOC-146","Tripura: Agartala-Dharmanagar","Condition Monitoring","Synthetic demo: Signal at LOC-146","Critical","0.24","Critical","Medium","36","Signal & Telecommunication","2026-09-09 18:00:00","2026-09-11 18:00:00","Pending",""
"TSK-1751","AST-0876","LOC-146","Tripura: Agartala-Dharmanagar","Corrective Maintenance","Synthetic demo: Axle Counter at LOC-146","Critical","0.25","Medium","High","53","Signal & Telecommunication","2026-09-09 21:00:00","2026-09-12 21:00:00","Scheduled",""
"TSK-1752","AST-0876","LOC-146","Tripura: Agartala-Dharmanagar","Inspection","Synthetic demo: Axle Counter at LOC-146","Medium","0.26","Medium","Low","70","Signal & Telecommunication","2026-09-10 00:00:00","2026-09-14 00:00:00","Pending",""
"TSK-1753","AST-0877","LOC-147","Tripura: Agartala-Dharmanagar","Preventive Maintenance","Synthetic demo: Track at LOC-147","Medium","0.27","High","Medium","87","Engineering","2026-09-10 03:00:00","2026-09-15 03:00:00","Pending",""
"TSK-1754","AST-0877","LOC-147","Tripura: Agartala-Dharmanagar","Condition Monitoring","Synthetic demo: Track at LOC-147","Critical","0.28","High","High","104","Engineering","2026-09-10 06:00:00","2026-09-16 06:00:00","Pending",""
"TSK-1755","AST-0878","LOC-147","Tripura: Agartala-Dharmanagar","Corrective Maintenance","Synthetic demo: Turnout at LOC-147","Critical","0.29","High","Low","50","Engineering","2026-09-10 09:00:00","2026-09-17 09:00:00","In Progress",""
"TSK-1756","AST-0878","LOC-147","Tripura: Agartala-Dharmanagar","Inspection","Synthetic demo: Turnout at LOC-147","Medium","0.3","High","Medium","67","Engineering","2026-09-10 12:00:00","2026-09-18 12:00:00","Pending",""
"TSK-1757","AST-0879","LOC-147","Tripura: Agartala-Dharmanagar","Preventive Maintenance","Synthetic demo: OHE Mast at LOC-147","Medium","0.31","Critical","High","84","Traction Distribution","2026-09-10 15:00:00","2026-09-19 15:00:00","Pending",""
"TSK-1758","AST-0879","LOC-147","Tripura: Agartala-Dharmanagar","Condition Monitoring","Synthetic demo: OHE Mast at LOC-147","Critical","0.32","Critical","Low","101","Traction Distribution","2026-09-10 18:00:00","2026-09-20 18:00:00","Pending",""
"TSK-1759","AST-0880","LOC-147","Tripura: Agartala-Dharmanagar","Corrective Maintenance","Synthetic demo: Traction Substation at LOC-147","Critical","0.33","Medium","Medium","47","Traction Distribution","2026-09-10 21:00:00","2026-09-21 21:00:00","Pending",""
"TSK-1760","AST-0880","LOC-147","Tripura: Agartala-Dharmanagar","Inspection","Synthetic demo: Traction Substation at LOC-147","Medium","0.34","Medium","High","64","Traction Distribution","2026-09-11 00:00:00","2026-09-23 00:00:00","Pending",""
"TSK-1761","AST-0881","LOC-147","Tripura: Agartala-Dharmanagar","Preventive Maintenance","Synthetic demo: Signal at LOC-147","Medium","0.35","High","Low","81","Signal & Telecommunication","2026-09-11 03:00:00","2026-09-24 03:00:00","Pending",""
"TSK-1762","AST-0881","LOC-147","Tripura: Agartala-Dharmanagar","Condition Monitoring","Synthetic demo: Signal at LOC-147","Critical","0.36","High","Medium","98","Signal & Telecommunication","2026-09-11 06:00:00","2026-09-25 06:00:00","Pending",""
"TSK-1763","AST-0882","LOC-147","Tripura: Agartala-Dharmanagar","Corrective Maintenance","Synthetic demo: Axle Counter at LOC-147","Critical","0.37","High","High","44","Signal & Telecommunication","2026-09-11 09:00:00","2026-09-26 09:00:00","Pending",""
"TSK-1764","AST-0882","LOC-147","Tripura: Agartala-Dharmanagar","Inspection","Synthetic demo: Axle Counter at LOC-147","Medium","0.38","High","Low","61","Signal & Telecommunication","2026-09-11 12:00:00","2026-09-13 12:00:00","Pending",""
"TSK-1765","AST-0883","LOC-148","Tripura: Agartala-Dharmanagar","Preventive Maintenance","Synthetic demo: Track at LOC-148","Medium","0.39","Critical","Medium","78","Engineering","2026-09-11 15:00:00","2026-09-14 15:00:00","Pending",""
"TSK-1766","AST-0883","LOC-148","Tripura: Agartala-Dharmanagar","Condition Monitoring","Synthetic demo: Track at LOC-148","Critical","0.4","Critical","High","95","Engineering","2026-09-11 18:00:00","2026-09-15 18:00:00","Pending",""
"TSK-1767","AST-0884","LOC-148","Tripura: Agartala-Dharmanagar","Corrective Maintenance","Synthetic demo: Turnout at LOC-148","Critical","0.41","Medium","Low","41","Engineering","2026-09-11 21:00:00","2026-09-16 21:00:00","Pending",""
"TSK-1768","AST-0884","LOC-148","Tripura: Agartala-Dharmanagar","Inspection","Synthetic demo: Turnout at LOC-148","Medium","0.42","Medium","Medium","58","Engineering","2026-09-12 00:00:00","2026-09-18 00:00:00","In Progress",""
"TSK-1769","AST-0885","LOC-148","Tripura: Agartala-Dharmanagar","Preventive Maintenance","Synthetic demo: OHE Mast at LOC-148","Medium","0.43","High","High","75","Traction Distribution","2026-09-12 03:00:00","2026-09-19 03:00:00","Pending",""
"TSK-1770","AST-0885","LOC-148","Tripura: Agartala-Dharmanagar","Condition Monitoring","Synthetic demo: OHE Mast at LOC-148","Critical","0.44","High","Low","92","Traction Distribution","2026-09-12 06:00:00","2026-09-20 06:00:00","Pending",""
"TSK-1771","AST-0886","LOC-148","Tripura: Agartala-Dharmanagar","Corrective Maintenance","Synthetic demo: Traction Substation at LOC-148","Critical","0.45","High","Medium","38","Traction Distribution","2026-09-12 09:00:00","2026-09-21 09:00:00","Pending",""
"TSK-1772","AST-0886","LOC-148","Tripura: Agartala-Dharmanagar","Inspection","Synthetic demo: Traction Substation at LOC-148","Medium","0.46","High","High","55","Traction Distribution","2026-09-12 12:00:00","2026-09-22 12:00:00","Pending",""
"TSK-1773","AST-0887","LOC-148","Tripura: Agartala-Dharmanagar","Preventive Maintenance","Synthetic demo: Signal at LOC-148","Medium","0.47","Critical","Low","72","Signal & Telecommunication","2026-09-12 15:00:00","2026-09-23 15:00:00","Pending",""
"TSK-1774","AST-0887","LOC-148","Tripura: Agartala-Dharmanagar","Condition Monitoring","Synthetic demo: Signal at LOC-148","Critical","0.48","Critical","Medium","89","Signal & Telecommunication","2026-09-12 18:00:00","2026-09-24 18:00:00","Pending",""
"TSK-1775","AST-0888","LOC-148","Tripura: Agartala-Dharmanagar","Corrective Maintenance","Synthetic demo: Axle Counter at LOC-148","Critical","0.49","Medium","High","35","Signal & Telecommunication","2026-09-12 21:00:00","2026-09-25 21:00:00","Pending",""
"TSK-1776","AST-0888","LOC-148","Tripura: Agartala-Dharmanagar","Inspection","Synthetic demo: Axle Counter at LOC-148","Medium","0.5","Medium","Low","52","Signal & Telecommunication","2026-09-13 00:00:00","2026-09-27 00:00:00","Pending",""
"TSK-1777","AST-0889","LOC-149","Tripura: Agartala-Dharmanagar","Preventive Maintenance","Synthetic demo: Track at LOC-149","Medium","0.51","High","Medium","69","Engineering","2026-09-13 03:00:00","2026-09-28 03:00:00","Pending",""
"TSK-1778","AST-0889","LOC-149","Tripura: Agartala-Dharmanagar","Condition Monitoring","Synthetic demo: Track at LOC-149","Critical","0.52","High","High","86","Engineering","2026-09-13 06:00:00","2026-09-15 06:00:00","Pending",""
"TSK-1779","AST-0890","LOC-149","Tripura: Agartala-Dharmanagar","Corrective Maintenance","Synthetic demo: Turnout at LOC-149","Critical","0.53","High","Low","103","Engineering","2026-09-13 09:00:00","2026-09-16 09:00:00","Pending",""
"TSK-1780","AST-0890","LOC-149","Tripura: Agartala-Dharmanagar","Inspection","Synthetic demo: Turnout at LOC-149","Medium","0.54","High","Medium","49","Engineering","2026-09-13 12:00:00","2026-09-17 12:00:00","Pending",""
"TSK-1781","AST-0891","LOC-149","Tripura: Agartala-Dharmanagar","Preventive Maintenance","Synthetic demo: OHE Mast at LOC-149","Medium","0.55","Critical","High","66","Traction Distribution","2026-09-13 15:00:00","2026-09-18 15:00:00","In Progress",""
"TSK-1782","AST-0891","LOC-149","Tripura: Agartala-Dharmanagar","Condition Monitoring","Synthetic demo: OHE Mast at LOC-149","Critical","0.56","Critical","Low","83","Traction Distribution","2026-09-13 18:00:00","2026-09-19 18:00:00","Pending",""
"TSK-1783","AST-0892","LOC-149","Tripura: Agartala-Dharmanagar","Corrective Maintenance","Synthetic demo: Traction Substation at LOC-149","Critical","0.57","Medium","Medium","100","Traction Distribution","2026-09-13 21:00:00","2026-09-20 21:00:00","Pending",""
"TSK-1784","AST-0892","LOC-149","Tripura: Agartala-Dharmanagar","Inspection","Synthetic demo: Traction Substation at LOC-149","Medium","0.58","Medium","High","46","Traction Distribution","2026-09-14 00:00:00","2026-09-22 00:00:00","Pending",""
"TSK-1785","AST-0893","LOC-149","Tripura: Agartala-Dharmanagar","Preventive Maintenance","Synthetic demo: Signal at LOC-149","Medium","0.59","High","Low","63","Signal & Telecommunication","2026-09-14 03:00:00","2026-09-23 03:00:00","Scheduled",""
"TSK-1786","AST-0893","LOC-149","Tripura: Agartala-Dharmanagar","Condition Monitoring","Synthetic demo: Signal at LOC-149","Critical","0.6","High","Medium","80","Signal & Telecommunication","2026-09-14 06:00:00","2026-09-24 06:00:00","Pending",""
"TSK-1787","AST-0894","LOC-149","Tripura: Agartala-Dharmanagar","Corrective Maintenance","Synthetic demo: Axle Counter at LOC-149","Critical","0.61","High","High","97","Signal & Telecommunication","2026-09-14 09:00:00","2026-09-25 09:00:00","Pending",""
"TSK-1788","AST-0894","LOC-149","Tripura: Agartala-Dharmanagar","Inspection","Synthetic demo: Axle Counter at LOC-149","Medium","0.62","High","Low","43","Signal & Telecommunication","2026-09-14 12:00:00","2026-09-26 12:00:00","Pending",""
"TSK-1789","AST-0895","LOC-150","Tripura: Agartala-Dharmanagar","Preventive Maintenance","Synthetic demo: Track at LOC-150","Medium","0.63","Critical","Medium","60","Engineering","2026-09-14 15:00:00","2026-09-27 15:00:00","Pending",""
"TSK-1790","AST-0895","LOC-150","Tripura: Agartala-Dharmanagar","Condition Monitoring","Synthetic demo: Track at LOC-150","Critical","0.64","Critical","High","77","Engineering","2026-09-14 18:00:00","2026-09-28 18:00:00","Pending",""
"TSK-1791","AST-0896","LOC-150","Tripura: Agartala-Dharmanagar","Corrective Maintenance","Synthetic demo: Turnout at LOC-150","Critical","0.65","Medium","Low","94","Engineering","2026-09-14 21:00:00","2026-09-29 21:00:00","Pending",""
"TSK-1792","AST-0896","LOC-150","Tripura: Agartala-Dharmanagar","Inspection","Synthetic demo: Turnout at LOC-150","Medium","0.66","Medium","Medium","40","Engineering","2026-09-15 00:00:00","2026-09-17 00:00:00","Pending",""
"TSK-1793","AST-0897","LOC-150","Tripura: Agartala-Dharmanagar","Preventive Maintenance","Synthetic demo: OHE Mast at LOC-150","Medium","0.67","High","High","57","Traction Distribution","2026-09-15 03:00:00","2026-09-18 03:00:00","Pending",""
"TSK-1794","AST-0897","LOC-150","Tripura: Agartala-Dharmanagar","Condition Monitoring","Synthetic demo: OHE Mast at LOC-150","Critical","0.68","High","Low","74","Traction Distribution","2026-09-15 06:00:00","2026-09-19 06:00:00","In Progress",""
"TSK-1795","AST-0898","LOC-150","Tripura: Agartala-Dharmanagar","Corrective Maintenance","Synthetic demo: Traction Substation at LOC-150","Critical","0.69","High","Medium","91","Traction Distribution","2026-09-15 09:00:00","2026-09-20 09:00:00","Pending",""
"TSK-1796","AST-0898","LOC-150","Tripura: Agartala-Dharmanagar","Inspection","Synthetic demo: Traction Substation at LOC-150","Medium","0.7","High","High","37","Traction Distribution","2026-09-15 12:00:00","2026-09-21 12:00:00","Pending",""
"TSK-1797","AST-0899","LOC-150","Tripura: Agartala-Dharmanagar","Preventive Maintenance","Synthetic demo: Signal at LOC-150","Medium","0.71","Critical","Low","54","Signal & Telecommunication","2026-09-15 15:00:00","2026-09-22 15:00:00","Pending",""
"TSK-1798","AST-0899","LOC-150","Tripura: Agartala-Dharmanagar","Condition Monitoring","Synthetic demo: Signal at LOC-150","Critical","0.72","Critical","Medium","71","Signal & Telecommunication","2026-09-15 18:00:00","2026-09-23 18:00:00","Pending",""
"TSK-1799","AST-0900","LOC-150","Tripura: Agartala-Dharmanagar","Corrective Maintenance","Synthetic demo: Axle Counter at LOC-150","Critical","0.73","Medium","High","88","Signal & Telecommunication","2026-09-15 21:00:00","2026-09-24 21:00:00","Pending",""
"TSK-1800","AST-0900","LOC-150","Tripura: Agartala-Dharmanagar","Inspection","Synthetic demo: Axle Counter at LOC-150","Medium","0.74","Medium","Low","105","Signal & Telecommunication","2026-09-16 00:00:00","2026-09-26 00:00:00","Pending",""
"TSK-1801","AST-0901","LOC-151","Uttar Pradesh: Lucknow-Varanasi","Preventive Maintenance","Synthetic demo: Track at LOC-151","Medium","0.75","High","Medium","51","Engineering","2026-09-16 03:00:00","2026-09-27 03:00:00","Pending",""
"TSK-1802","AST-0901","LOC-151","Uttar Pradesh: Lucknow-Varanasi","Condition Monitoring","Synthetic demo: Track at LOC-151","Critical","0.76","High","High","68","Engineering","2026-09-16 06:00:00","2026-09-28 06:00:00","Scheduled",""
"TSK-1803","AST-0902","LOC-151","Uttar Pradesh: Lucknow-Varanasi","Corrective Maintenance","Synthetic demo: Turnout at LOC-151","Critical","0.77","High","Low","85","Engineering","2026-09-16 09:00:00","2026-09-29 09:00:00","Pending",""
"TSK-1804","AST-0902","LOC-151","Uttar Pradesh: Lucknow-Varanasi","Inspection","Synthetic demo: Turnout at LOC-151","Medium","0.78","High","Medium","102","Engineering","2026-09-16 12:00:00","2026-09-30 12:00:00","Pending",""
"TSK-1805","AST-0903","LOC-151","Uttar Pradesh: Lucknow-Varanasi","Preventive Maintenance","Synthetic demo: OHE Mast at LOC-151","Medium","0.79","Critical","High","48","Traction Distribution","2026-09-16 15:00:00","2026-10-01 15:00:00","Pending",""
"TSK-1806","AST-0903","LOC-151","Uttar Pradesh: Lucknow-Varanasi","Condition Monitoring","Synthetic demo: OHE Mast at LOC-151","Critical","0.8","Critical","Low","65","Traction Distribution","2026-09-16 18:00:00","2026-09-18 18:00:00","Pending",""
"TSK-1807","AST-0904","LOC-151","Uttar Pradesh: Lucknow-Varanasi","Corrective Maintenance","Synthetic demo: Traction Substation at LOC-151","Critical","0.81","Medium","Medium","82","Traction Distribution","2026-09-16 21:00:00","2026-09-19 21:00:00","In Progress",""
"TSK-1808","AST-0904","LOC-151","Uttar Pradesh: Lucknow-Varanasi","Inspection","Synthetic demo: Traction Substation at LOC-151","Medium","0.82","Medium","High","99","Traction Distribution","2026-09-17 00:00:00","2026-09-21 00:00:00","Pending",""
"TSK-1809","AST-0905","LOC-151","Uttar Pradesh: Lucknow-Varanasi","Preventive Maintenance","Synthetic demo: Signal at LOC-151","Medium","0.83","High","Low","45","Signal & Telecommunication","2026-09-17 03:00:00","2026-09-22 03:00:00","Pending",""
"TSK-1810","AST-0905","LOC-151","Uttar Pradesh: Lucknow-Varanasi","Condition Monitoring","Synthetic demo: Signal at LOC-151","Critical","0.84","High","Medium","62","Signal & Telecommunication","2026-09-17 06:00:00","2026-09-23 06:00:00","Pending",""
"TSK-1811","AST-0906","LOC-151","Uttar Pradesh: Lucknow-Varanasi","Corrective Maintenance","Synthetic demo: Axle Counter at LOC-151","Critical","0.85","High","High","79","Signal & Telecommunication","2026-09-17 09:00:00","2026-09-24 09:00:00","Pending",""
"TSK-1812","AST-0906","LOC-151","Uttar Pradesh: Lucknow-Varanasi","Inspection","Synthetic demo: Axle Counter at LOC-151","Medium","0.86","High","Low","96","Signal & Telecommunication","2026-09-17 12:00:00","2026-09-25 12:00:00","Pending",""
"TSK-1813","AST-0907","LOC-152","Uttar Pradesh: Lucknow-Varanasi","Preventive Maintenance","Synthetic demo: Track at LOC-152","Medium","0.87","Critical","Medium","42","Engineering","2026-09-17 15:00:00","2026-09-26 15:00:00","Pending",""
"TSK-1814","AST-0907","LOC-152","Uttar Pradesh: Lucknow-Varanasi","Condition Monitoring","Synthetic demo: Track at LOC-152","Critical","0.88","Critical","High","59","Engineering","2026-09-17 18:00:00","2026-09-27 18:00:00","Pending",""
"TSK-1815","AST-0908","LOC-152","Uttar Pradesh: Lucknow-Varanasi","Corrective Maintenance","Synthetic demo: Turnout at LOC-152","Critical","0.89","Medium","Low","76","Engineering","2026-09-17 21:00:00","2026-09-28 21:00:00","Pending",""
"TSK-1816","AST-0908","LOC-152","Uttar Pradesh: Lucknow-Varanasi","Inspection","Synthetic demo: Turnout at LOC-152","Medium","0.9","Medium","Medium","93","Engineering","2026-09-18 00:00:00","2026-09-30 00:00:00","Pending",""
"TSK-1817","AST-0909","LOC-152","Uttar Pradesh: Lucknow-Varanasi","Preventive Maintenance","Synthetic demo: OHE Mast at LOC-152","Medium","0.12","High","High","39","Traction Distribution","2026-09-18 03:00:00","2026-10-01 03:00:00","Pending",""
"TSK-1818","AST-0909","LOC-152","Uttar Pradesh: Lucknow-Varanasi","Condition Monitoring","Synthetic demo: OHE Mast at LOC-152","Critical","0.13","High","Low","56","Traction Distribution","2026-09-18 06:00:00","2026-10-02 06:00:00","Pending",""
"TSK-1819","AST-0910","LOC-152","Uttar Pradesh: Lucknow-Varanasi","Corrective Maintenance","Synthetic demo: Traction Substation at LOC-152","Critical","0.14","High","Medium","73","Traction Distribution","2026-09-18 09:00:00","2026-10-03 09:00:00","Scheduled",""
"TSK-1820","AST-0910","LOC-152","Uttar Pradesh: Lucknow-Varanasi","Inspection","Synthetic demo: Traction Substation at LOC-152","Medium","0.15","High","High","90","Traction Distribution","2026-09-18 12:00:00","2026-09-20 12:00:00","In Progress",""
"TSK-1821","AST-0911","LOC-152","Uttar Pradesh: Lucknow-Varanasi","Preventive Maintenance","Synthetic demo: Signal at LOC-152","Medium","0.16","Critical","Low","36","Signal & Telecommunication","2026-09-18 15:00:00","2026-09-21 15:00:00","Pending",""
"TSK-1822","AST-0911","LOC-152","Uttar Pradesh: Lucknow-Varanasi","Condition Monitoring","Synthetic demo: Signal at LOC-152","Critical","0.17","Critical","Medium","53","Signal & Telecommunication","2026-09-18 18:00:00","2026-09-22 18:00:00","Pending",""
"TSK-1823","AST-0912","LOC-152","Uttar Pradesh: Lucknow-Varanasi","Corrective Maintenance","Synthetic demo: Axle Counter at LOC-152","Critical","0.18","Medium","High","70","Signal & Telecommunication","2026-09-18 21:00:00","2026-09-23 21:00:00","Pending",""
"TSK-1824","AST-0912","LOC-152","Uttar Pradesh: Lucknow-Varanasi","Inspection","Synthetic demo: Axle Counter at LOC-152","Medium","0.19","Medium","Low","87","Signal & Telecommunication","2026-09-19 00:00:00","2026-09-25 00:00:00","Pending",""
"TSK-1825","AST-0913","LOC-153","Uttar Pradesh: Lucknow-Varanasi","Preventive Maintenance","Synthetic demo: Track at LOC-153","Medium","0.2","High","Medium","104","Engineering","2026-09-19 03:00:00","2026-09-26 03:00:00","Pending",""
"TSK-1826","AST-0913","LOC-153","Uttar Pradesh: Lucknow-Varanasi","Condition Monitoring","Synthetic demo: Track at LOC-153","Critical","0.21","High","High","50","Engineering","2026-09-19 06:00:00","2026-09-27 06:00:00","Pending",""
"TSK-1827","AST-0914","LOC-153","Uttar Pradesh: Lucknow-Varanasi","Corrective Maintenance","Synthetic demo: Turnout at LOC-153","Critical","0.22","High","Low","67","Engineering","2026-09-19 09:00:00","2026-09-28 09:00:00","Pending",""
"TSK-1828","AST-0914","LOC-153","Uttar Pradesh: Lucknow-Varanasi","Inspection","Synthetic demo: Turnout at LOC-153","Medium","0.23","High","Medium","84","Engineering","2026-09-19 12:00:00","2026-09-29 12:00:00","Pending",""
"TSK-1829","AST-0915","LOC-153","Uttar Pradesh: Lucknow-Varanasi","Preventive Maintenance","Synthetic demo: OHE Mast at LOC-153","Medium","0.24","Critical","High","101","Traction Distribution","2026-09-19 15:00:00","2026-09-30 15:00:00","Pending",""
"TSK-1830","AST-0915","LOC-153","Uttar Pradesh: Lucknow-Varanasi","Condition Monitoring","Synthetic demo: OHE Mast at LOC-153","Critical","0.25","Critical","Low","47","Traction Distribution","2026-09-19 18:00:00","2026-10-01 18:00:00","Pending",""
"TSK-1831","AST-0916","LOC-153","Uttar Pradesh: Lucknow-Varanasi","Corrective Maintenance","Synthetic demo: Traction Substation at LOC-153","Critical","0.26","Medium","Medium","64","Traction Distribution","2026-09-19 21:00:00","2026-10-02 21:00:00","Pending",""
"TSK-1832","AST-0916","LOC-153","Uttar Pradesh: Lucknow-Varanasi","Inspection","Synthetic demo: Traction Substation at LOC-153","Medium","0.27","Medium","High","81","Traction Distribution","2026-09-20 00:00:00","2026-10-04 00:00:00","Pending",""
"TSK-1833","AST-0917","LOC-153","Uttar Pradesh: Lucknow-Varanasi","Preventive Maintenance","Synthetic demo: Signal at LOC-153","Medium","0.28","High","Low","98","Signal & Telecommunication","2026-09-20 03:00:00","2026-10-05 03:00:00","In Progress",""
"TSK-1834","AST-0917","LOC-153","Uttar Pradesh: Lucknow-Varanasi","Condition Monitoring","Synthetic demo: Signal at LOC-153","Critical","0.29","High","Medium","44","Signal & Telecommunication","2026-09-20 06:00:00","2026-09-22 06:00:00","Pending",""
"TSK-1835","AST-0918","LOC-153","Uttar Pradesh: Lucknow-Varanasi","Corrective Maintenance","Synthetic demo: Axle Counter at LOC-153","Critical","0.3","High","High","61","Signal & Telecommunication","2026-09-20 09:00:00","2026-09-23 09:00:00","Pending",""
"TSK-1836","AST-0918","LOC-153","Uttar Pradesh: Lucknow-Varanasi","Inspection","Synthetic demo: Axle Counter at LOC-153","Medium","0.31","High","Low","78","Signal & Telecommunication","2026-09-20 12:00:00","2026-09-24 12:00:00","Scheduled",""
"TSK-1837","AST-0919","LOC-154","Uttar Pradesh: Lucknow-Varanasi","Preventive Maintenance","Synthetic demo: Track at LOC-154","Medium","0.32","Critical","Medium","95","Engineering","2026-09-20 15:00:00","2026-09-25 15:00:00","Pending",""
"TSK-1838","AST-0919","LOC-154","Uttar Pradesh: Lucknow-Varanasi","Condition Monitoring","Synthetic demo: Track at LOC-154","Critical","0.33","Critical","High","41","Engineering","2026-09-20 18:00:00","2026-09-26 18:00:00","Pending",""
"TSK-1839","AST-0920","LOC-154","Uttar Pradesh: Lucknow-Varanasi","Corrective Maintenance","Synthetic demo: Turnout at LOC-154","Critical","0.34","Medium","Low","58","Engineering","2026-09-20 21:00:00","2026-09-27 21:00:00","Pending",""
"TSK-1840","AST-0920","LOC-154","Uttar Pradesh: Lucknow-Varanasi","Inspection","Synthetic demo: Turnout at LOC-154","Medium","0.35","Medium","Medium","75","Engineering","2026-09-21 00:00:00","2026-09-29 00:00:00","Pending",""
"TSK-1841","AST-0921","LOC-154","Uttar Pradesh: Lucknow-Varanasi","Preventive Maintenance","Synthetic demo: OHE Mast at LOC-154","Medium","0.36","High","High","92","Traction Distribution","2026-09-21 03:00:00","2026-09-30 03:00:00","Pending",""
"TSK-1842","AST-0921","LOC-154","Uttar Pradesh: Lucknow-Varanasi","Condition Monitoring","Synthetic demo: OHE Mast at LOC-154","Critical","0.37","High","Low","38","Traction Distribution","2026-09-21 06:00:00","2026-10-01 06:00:00","Pending",""
"TSK-1843","AST-0922","LOC-154","Uttar Pradesh: Lucknow-Varanasi","Corrective Maintenance","Synthetic demo: Traction Substation at LOC-154","Critical","0.38","High","Medium","55","Traction Distribution","2026-09-21 09:00:00","2026-10-02 09:00:00","Pending",""
"TSK-1844","AST-0922","LOC-154","Uttar Pradesh: Lucknow-Varanasi","Inspection","Synthetic demo: Traction Substation at LOC-154","Medium","0.39","High","High","72","Traction Distribution","2026-09-21 12:00:00","2026-10-03 12:00:00","Pending",""
"TSK-1845","AST-0923","LOC-154","Uttar Pradesh: Lucknow-Varanasi","Preventive Maintenance","Synthetic demo: Signal at LOC-154","Medium","0.4","Critical","Low","89","Signal & Telecommunication","2026-09-21 15:00:00","2026-10-04 15:00:00","Pending",""
"TSK-1846","AST-0923","LOC-154","Uttar Pradesh: Lucknow-Varanasi","Condition Monitoring","Synthetic demo: Signal at LOC-154","Critical","0.41","Critical","Medium","35","Signal & Telecommunication","2026-09-21 18:00:00","2026-10-05 18:00:00","In Progress",""
"TSK-1847","AST-0924","LOC-154","Uttar Pradesh: Lucknow-Varanasi","Corrective Maintenance","Synthetic demo: Axle Counter at LOC-154","Critical","0.42","Medium","High","52","Signal & Telecommunication","2026-09-21 21:00:00","2026-10-06 21:00:00","Pending",""
"TSK-1848","AST-0924","LOC-154","Uttar Pradesh: Lucknow-Varanasi","Inspection","Synthetic demo: Axle Counter at LOC-154","Medium","0.43","Medium","Low","69","Signal & Telecommunication","2026-09-01 00:00:00","2026-09-03 00:00:00","Pending",""
"TSK-1849","AST-0925","LOC-155","Uttar Pradesh: Lucknow-Varanasi","Preventive Maintenance","Synthetic demo: Track at LOC-155","Medium","0.44","High","Medium","86","Engineering","2026-09-01 03:00:00","2026-09-04 03:00:00","Pending",""
"TSK-1850","AST-0925","LOC-155","Uttar Pradesh: Lucknow-Varanasi","Condition Monitoring","Synthetic demo: Track at LOC-155","Critical","0.45","High","High","103","Engineering","2026-09-01 06:00:00","2026-09-05 06:00:00","Pending",""
"TSK-1851","AST-0926","LOC-155","Uttar Pradesh: Lucknow-Varanasi","Corrective Maintenance","Synthetic demo: Turnout at LOC-155","Critical","0.46","High","Low","49","Engineering","2026-09-01 09:00:00","2026-09-06 09:00:00","Pending",""
"TSK-1852","AST-0926","LOC-155","Uttar Pradesh: Lucknow-Varanasi","Inspection","Synthetic demo: Turnout at LOC-155","Medium","0.47","High","Medium","66","Engineering","2026-09-01 12:00:00","2026-09-07 12:00:00","Pending",""
"TSK-1853","AST-0927","LOC-155","Uttar Pradesh: Lucknow-Varanasi","Preventive Maintenance","Synthetic demo: OHE Mast at LOC-155","Medium","0.48","Critical","High","83","Traction Distribution","2026-09-01 15:00:00","2026-09-08 15:00:00","Scheduled",""
"TSK-1854","AST-0927","LOC-155","Uttar Pradesh: Lucknow-Varanasi","Condition Monitoring","Synthetic demo: OHE Mast at LOC-155","Critical","0.49","Critical","Low","100","Traction Distribution","2026-09-01 18:00:00","2026-09-09 18:00:00","Pending",""
"TSK-1855","AST-0928","LOC-155","Uttar Pradesh: Lucknow-Varanasi","Corrective Maintenance","Synthetic demo: Traction Substation at LOC-155","Critical","0.5","Medium","Medium","46","Traction Distribution","2026-09-01 21:00:00","2026-09-10 21:00:00","Pending",""
"TSK-1856","AST-0928","LOC-155","Uttar Pradesh: Lucknow-Varanasi","Inspection","Synthetic demo: Traction Substation at LOC-155","Medium","0.51","Medium","High","63","Traction Distribution","2026-09-02 00:00:00","2026-09-12 00:00:00","Pending",""
"TSK-1857","AST-0929","LOC-155","Uttar Pradesh: Lucknow-Varanasi","Preventive Maintenance","Synthetic demo: Signal at LOC-155","Medium","0.52","High","Low","80","Signal & Telecommunication","2026-09-02 03:00:00","2026-09-13 03:00:00","Pending",""
"TSK-1858","AST-0929","LOC-155","Uttar Pradesh: Lucknow-Varanasi","Condition Monitoring","Synthetic demo: Signal at LOC-155","Critical","0.53","High","Medium","97","Signal & Telecommunication","2026-09-02 06:00:00","2026-09-14 06:00:00","Pending",""
"TSK-1859","AST-0930","LOC-155","Uttar Pradesh: Lucknow-Varanasi","Corrective Maintenance","Synthetic demo: Axle Counter at LOC-155","Critical","0.54","High","High","43","Signal & Telecommunication","2026-09-02 09:00:00","2026-09-15 09:00:00","In Progress",""
"TSK-1860","AST-0930","LOC-155","Uttar Pradesh: Lucknow-Varanasi","Inspection","Synthetic demo: Axle Counter at LOC-155","Medium","0.55","High","Low","60","Signal & Telecommunication","2026-09-02 12:00:00","2026-09-16 12:00:00","Pending",""
"TSK-1861","AST-0931","LOC-156","Uttar Pradesh: Lucknow-Varanasi","Preventive Maintenance","Synthetic demo: Track at LOC-156","Medium","0.56","Critical","Medium","77","Engineering","2026-09-02 15:00:00","2026-09-17 15:00:00","Pending",""
"TSK-1862","AST-0931","LOC-156","Uttar Pradesh: Lucknow-Varanasi","Condition Monitoring","Synthetic demo: Track at LOC-156","Critical","0.57","Critical","High","94","Engineering","2026-09-02 18:00:00","2026-09-04 18:00:00","Pending",""
"TSK-1863","AST-0932","LOC-156","Uttar Pradesh: Lucknow-Varanasi","Corrective Maintenance","Synthetic demo: Turnout at LOC-156","Critical","0.58","Medium","Low","40","Engineering","2026-09-02 21:00:00","2026-09-05 21:00:00","Pending",""
"TSK-1864","AST-0932","LOC-156","Uttar Pradesh: Lucknow-Varanasi","Inspection","Synthetic demo: Turnout at LOC-156","Medium","0.59","Medium","Medium","57","Engineering","2026-09-03 00:00:00","2026-09-07 00:00:00","Pending",""
"TSK-1865","AST-0933","LOC-156","Uttar Pradesh: Lucknow-Varanasi","Preventive Maintenance","Synthetic demo: OHE Mast at LOC-156","Medium","0.6","High","High","74","Traction Distribution","2026-09-03 03:00:00","2026-09-08 03:00:00","Pending",""
"TSK-1866","AST-0933","LOC-156","Uttar Pradesh: Lucknow-Varanasi","Condition Monitoring","Synthetic demo: OHE Mast at LOC-156","Critical","0.61","High","Low","91","Traction Distribution","2026-09-03 06:00:00","2026-09-09 06:00:00","Pending",""
"TSK-1867","AST-0934","LOC-156","Uttar Pradesh: Lucknow-Varanasi","Corrective Maintenance","Synthetic demo: Traction Substation at LOC-156","Critical","0.62","High","Medium","37","Traction Distribution","2026-09-03 09:00:00","2026-09-10 09:00:00","Pending",""
"TSK-1868","AST-0934","LOC-156","Uttar Pradesh: Lucknow-Varanasi","Inspection","Synthetic demo: Traction Substation at LOC-156","Medium","0.63","High","High","54","Traction Distribution","2026-09-03 12:00:00","2026-09-11 12:00:00","Pending",""
"TSK-1869","AST-0935","LOC-156","Uttar Pradesh: Lucknow-Varanasi","Preventive Maintenance","Synthetic demo: Signal at LOC-156","Medium","0.64","Critical","Low","71","Signal & Telecommunication","2026-09-03 15:00:00","2026-09-12 15:00:00","Pending",""
"TSK-1870","AST-0935","LOC-156","Uttar Pradesh: Lucknow-Varanasi","Condition Monitoring","Synthetic demo: Signal at LOC-156","Critical","0.65","Critical","Medium","88","Signal & Telecommunication","2026-09-03 18:00:00","2026-09-13 18:00:00","Scheduled",""
"TSK-1871","AST-0936","LOC-156","Uttar Pradesh: Lucknow-Varanasi","Corrective Maintenance","Synthetic demo: Axle Counter at LOC-156","Critical","0.66","Medium","High","105","Signal & Telecommunication","2026-09-03 21:00:00","2026-09-14 21:00:00","Pending",""
"TSK-1872","AST-0936","LOC-156","Uttar Pradesh: Lucknow-Varanasi","Inspection","Synthetic demo: Axle Counter at LOC-156","Medium","0.67","Medium","Low","51","Signal & Telecommunication","2026-09-04 00:00:00","2026-09-16 00:00:00","In Progress",""
"TSK-1873","AST-0937","LOC-157","Uttarakhand: Dehradun-Haridwar","Preventive Maintenance","Synthetic demo: Track at LOC-157","Medium","0.68","High","Medium","68","Engineering","2026-09-04 03:00:00","2026-09-17 03:00:00","Pending",""
"TSK-1874","AST-0937","LOC-157","Uttarakhand: Dehradun-Haridwar","Condition Monitoring","Synthetic demo: Track at LOC-157","Critical","0.69","High","High","85","Engineering","2026-09-04 06:00:00","2026-09-18 06:00:00","Pending",""
"TSK-1875","AST-0938","LOC-157","Uttarakhand: Dehradun-Haridwar","Corrective Maintenance","Synthetic demo: Turnout at LOC-157","Critical","0.7","High","Low","102","Engineering","2026-09-04 09:00:00","2026-09-19 09:00:00","Pending",""
"TSK-1876","AST-0938","LOC-157","Uttarakhand: Dehradun-Haridwar","Inspection","Synthetic demo: Turnout at LOC-157","Medium","0.71","High","Medium","48","Engineering","2026-09-04 12:00:00","2026-09-06 12:00:00","Pending",""
"TSK-1877","AST-0939","LOC-157","Uttarakhand: Dehradun-Haridwar","Preventive Maintenance","Synthetic demo: OHE Mast at LOC-157","Medium","0.72","Critical","High","65","Traction Distribution","2026-09-04 15:00:00","2026-09-07 15:00:00","Pending",""
"TSK-1878","AST-0939","LOC-157","Uttarakhand: Dehradun-Haridwar","Condition Monitoring","Synthetic demo: OHE Mast at LOC-157","Critical","0.73","Critical","Low","82","Traction Distribution","2026-09-04 18:00:00","2026-09-08 18:00:00","Pending",""
"TSK-1879","AST-0940","LOC-157","Uttarakhand: Dehradun-Haridwar","Corrective Maintenance","Synthetic demo: Traction Substation at LOC-157","Critical","0.74","Medium","Medium","99","Traction Distribution","2026-09-04 21:00:00","2026-09-09 21:00:00","Pending",""
"TSK-1880","AST-0940","LOC-157","Uttarakhand: Dehradun-Haridwar","Inspection","Synthetic demo: Traction Substation at LOC-157","Medium","0.75","Medium","High","45","Traction Distribution","2026-09-05 00:00:00","2026-09-11 00:00:00","Pending",""
"TSK-1881","AST-0941","LOC-157","Uttarakhand: Dehradun-Haridwar","Preventive Maintenance","Synthetic demo: Signal at LOC-157","Medium","0.76","High","Low","62","Signal & Telecommunication","2026-09-05 03:00:00","2026-09-12 03:00:00","Pending",""
"TSK-1882","AST-0941","LOC-157","Uttarakhand: Dehradun-Haridwar","Condition Monitoring","Synthetic demo: Signal at LOC-157","Critical","0.77","High","Medium","79","Signal & Telecommunication","2026-09-05 06:00:00","2026-09-13 06:00:00","Pending",""
"TSK-1883","AST-0942","LOC-157","Uttarakhand: Dehradun-Haridwar","Corrective Maintenance","Synthetic demo: Axle Counter at LOC-157","Critical","0.78","High","High","96","Signal & Telecommunication","2026-09-05 09:00:00","2026-09-14 09:00:00","Pending",""
"TSK-1884","AST-0942","LOC-157","Uttarakhand: Dehradun-Haridwar","Inspection","Synthetic demo: Axle Counter at LOC-157","Medium","0.79","High","Low","42","Signal & Telecommunication","2026-09-05 12:00:00","2026-09-15 12:00:00","Pending",""
"TSK-1885","AST-0943","LOC-158","Uttarakhand: Dehradun-Haridwar","Preventive Maintenance","Synthetic demo: Track at LOC-158","Medium","0.8","Critical","Medium","59","Engineering","2026-09-05 15:00:00","2026-09-16 15:00:00","In Progress",""
"TSK-1886","AST-0943","LOC-158","Uttarakhand: Dehradun-Haridwar","Condition Monitoring","Synthetic demo: Track at LOC-158","Critical","0.81","Critical","High","76","Engineering","2026-09-05 18:00:00","2026-09-17 18:00:00","Pending",""
"TSK-1887","AST-0944","LOC-158","Uttarakhand: Dehradun-Haridwar","Corrective Maintenance","Synthetic demo: Turnout at LOC-158","Critical","0.82","Medium","Low","93","Engineering","2026-09-05 21:00:00","2026-09-18 21:00:00","Scheduled",""
"TSK-1888","AST-0944","LOC-158","Uttarakhand: Dehradun-Haridwar","Inspection","Synthetic demo: Turnout at LOC-158","Medium","0.83","Medium","Medium","39","Engineering","2026-09-06 00:00:00","2026-09-20 00:00:00","Pending",""
"TSK-1889","AST-0945","LOC-158","Uttarakhand: Dehradun-Haridwar","Preventive Maintenance","Synthetic demo: OHE Mast at LOC-158","Medium","0.84","High","High","56","Traction Distribution","2026-09-06 03:00:00","2026-09-21 03:00:00","Pending",""
"TSK-1890","AST-0945","LOC-158","Uttarakhand: Dehradun-Haridwar","Condition Monitoring","Synthetic demo: OHE Mast at LOC-158","Critical","0.85","High","Low","73","Traction Distribution","2026-09-06 06:00:00","2026-09-08 06:00:00","Pending",""
"TSK-1891","AST-0946","LOC-158","Uttarakhand: Dehradun-Haridwar","Corrective Maintenance","Synthetic demo: Traction Substation at LOC-158","Critical","0.86","High","Medium","90","Traction Distribution","2026-09-06 09:00:00","2026-09-09 09:00:00","Pending",""
"TSK-1892","AST-0946","LOC-158","Uttarakhand: Dehradun-Haridwar","Inspection","Synthetic demo: Traction Substation at LOC-158","Medium","0.87","High","High","36","Traction Distribution","2026-09-06 12:00:00","2026-09-10 12:00:00","Pending",""
"TSK-1893","AST-0947","LOC-158","Uttarakhand: Dehradun-Haridwar","Preventive Maintenance","Synthetic demo: Signal at LOC-158","Medium","0.88","Critical","Low","53","Signal & Telecommunication","2026-09-06 15:00:00","2026-09-11 15:00:00","Pending",""
"TSK-1894","AST-0947","LOC-158","Uttarakhand: Dehradun-Haridwar","Condition Monitoring","Synthetic demo: Signal at LOC-158","Critical","0.89","Critical","Medium","70","Signal & Telecommunication","2026-09-06 18:00:00","2026-09-12 18:00:00","Pending",""
"TSK-1895","AST-0948","LOC-158","Uttarakhand: Dehradun-Haridwar","Corrective Maintenance","Synthetic demo: Axle Counter at LOC-158","Critical","0.9","Medium","High","87","Signal & Telecommunication","2026-09-06 21:00:00","2026-09-13 21:00:00","Pending",""
"TSK-1896","AST-0948","LOC-158","Uttarakhand: Dehradun-Haridwar","Inspection","Synthetic demo: Axle Counter at LOC-158","Medium","0.12","Medium","Low","104","Signal & Telecommunication","2026-09-07 00:00:00","2026-09-15 00:00:00","Pending",""
"TSK-1897","AST-0949","LOC-159","Uttarakhand: Dehradun-Haridwar","Preventive Maintenance","Synthetic demo: Track at LOC-159","Medium","0.13","High","Medium","50","Engineering","2026-09-07 03:00:00","2026-09-16 03:00:00","Pending",""
"TSK-1898","AST-0949","LOC-159","Uttarakhand: Dehradun-Haridwar","Condition Monitoring","Synthetic demo: Track at LOC-159","Critical","0.14","High","High","67","Engineering","2026-09-07 06:00:00","2026-09-17 06:00:00","In Progress",""
"TSK-1899","AST-0950","LOC-159","Uttarakhand: Dehradun-Haridwar","Corrective Maintenance","Synthetic demo: Turnout at LOC-159","Critical","0.15","High","Low","84","Engineering","2026-09-07 09:00:00","2026-09-18 09:00:00","Pending",""
"TSK-1900","AST-0950","LOC-159","Uttarakhand: Dehradun-Haridwar","Inspection","Synthetic demo: Turnout at LOC-159","Medium","0.16","High","Medium","101","Engineering","2026-09-07 12:00:00","2026-09-19 12:00:00","Pending",""
"TSK-1901","AST-0951","LOC-159","Uttarakhand: Dehradun-Haridwar","Preventive Maintenance","Synthetic demo: OHE Mast at LOC-159","Medium","0.17","Critical","High","47","Traction Distribution","2026-09-07 15:00:00","2026-09-20 15:00:00","Pending",""
"TSK-1902","AST-0951","LOC-159","Uttarakhand: Dehradun-Haridwar","Condition Monitoring","Synthetic demo: OHE Mast at LOC-159","Critical","0.18","Critical","Low","64","Traction Distribution","2026-09-07 18:00:00","2026-09-21 18:00:00","Pending",""
"TSK-1903","AST-0952","LOC-159","Uttarakhand: Dehradun-Haridwar","Corrective Maintenance","Synthetic demo: Traction Substation at LOC-159","Critical","0.19","Medium","Medium","81","Traction Distribution","2026-09-07 21:00:00","2026-09-22 21:00:00","Pending",""
"TSK-1904","AST-0952","LOC-159","Uttarakhand: Dehradun-Haridwar","Inspection","Synthetic demo: Traction Substation at LOC-159","Medium","0.2","Medium","High","98","Traction Distribution","2026-09-08 00:00:00","2026-09-10 00:00:00","Scheduled",""
"TSK-1905","AST-0953","LOC-159","Uttarakhand: Dehradun-Haridwar","Preventive Maintenance","Synthetic demo: Signal at LOC-159","Medium","0.21","High","Low","44","Signal & Telecommunication","2026-09-08 03:00:00","2026-09-11 03:00:00","Pending",""
"TSK-1906","AST-0953","LOC-159","Uttarakhand: Dehradun-Haridwar","Condition Monitoring","Synthetic demo: Signal at LOC-159","Critical","0.22","High","Medium","61","Signal & Telecommunication","2026-09-08 06:00:00","2026-09-12 06:00:00","Pending",""
"TSK-1907","AST-0954","LOC-159","Uttarakhand: Dehradun-Haridwar","Corrective Maintenance","Synthetic demo: Axle Counter at LOC-159","Critical","0.23","High","High","78","Signal & Telecommunication","2026-09-08 09:00:00","2026-09-13 09:00:00","Pending",""
"TSK-1908","AST-0954","LOC-159","Uttarakhand: Dehradun-Haridwar","Inspection","Synthetic demo: Axle Counter at LOC-159","Medium","0.24","High","Low","95","Signal & Telecommunication","2026-09-08 12:00:00","2026-09-14 12:00:00","Pending",""
"TSK-1909","AST-0955","LOC-160","Uttarakhand: Dehradun-Haridwar","Preventive Maintenance","Synthetic demo: Track at LOC-160","Medium","0.25","Critical","Medium","41","Engineering","2026-09-08 15:00:00","2026-09-15 15:00:00","Pending",""
"TSK-1910","AST-0955","LOC-160","Uttarakhand: Dehradun-Haridwar","Condition Monitoring","Synthetic demo: Track at LOC-160","Critical","0.26","Critical","High","58","Engineering","2026-09-08 18:00:00","2026-09-16 18:00:00","Pending",""
"TSK-1911","AST-0956","LOC-160","Uttarakhand: Dehradun-Haridwar","Corrective Maintenance","Synthetic demo: Turnout at LOC-160","Critical","0.27","Medium","Low","75","Engineering","2026-09-08 21:00:00","2026-09-17 21:00:00","In Progress",""
"TSK-1912","AST-0956","LOC-160","Uttarakhand: Dehradun-Haridwar","Inspection","Synthetic demo: Turnout at LOC-160","Medium","0.28","Medium","Medium","92","Engineering","2026-09-09 00:00:00","2026-09-19 00:00:00","Pending",""
"TSK-1913","AST-0957","LOC-160","Uttarakhand: Dehradun-Haridwar","Preventive Maintenance","Synthetic demo: OHE Mast at LOC-160","Medium","0.29","High","High","38","Traction Distribution","2026-09-09 03:00:00","2026-09-20 03:00:00","Pending",""
"TSK-1914","AST-0957","LOC-160","Uttarakhand: Dehradun-Haridwar","Condition Monitoring","Synthetic demo: OHE Mast at LOC-160","Critical","0.3","High","Low","55","Traction Distribution","2026-09-09 06:00:00","2026-09-21 06:00:00","Pending",""
"TSK-1915","AST-0958","LOC-160","Uttarakhand: Dehradun-Haridwar","Corrective Maintenance","Synthetic demo: Traction Substation at LOC-160","Critical","0.31","High","Medium","72","Traction Distribution","2026-09-09 09:00:00","2026-09-22 09:00:00","Pending",""
"TSK-1916","AST-0958","LOC-160","Uttarakhand: Dehradun-Haridwar","Inspection","Synthetic demo: Traction Substation at LOC-160","Medium","0.32","High","High","89","Traction Distribution","2026-09-09 12:00:00","2026-09-23 12:00:00","Pending",""
"TSK-1917","AST-0959","LOC-160","Uttarakhand: Dehradun-Haridwar","Preventive Maintenance","Synthetic demo: Signal at LOC-160","Medium","0.33","Critical","Low","35","Signal & Telecommunication","2026-09-09 15:00:00","2026-09-24 15:00:00","Pending",""
"TSK-1918","AST-0959","LOC-160","Uttarakhand: Dehradun-Haridwar","Condition Monitoring","Synthetic demo: Signal at LOC-160","Critical","0.34","Critical","Medium","52","Signal & Telecommunication","2026-09-09 18:00:00","2026-09-11 18:00:00","Pending",""
"TSK-1919","AST-0960","LOC-160","Uttarakhand: Dehradun-Haridwar","Corrective Maintenance","Synthetic demo: Axle Counter at LOC-160","Critical","0.35","Medium","High","69","Signal & Telecommunication","2026-09-09 21:00:00","2026-09-12 21:00:00","Pending",""
"TSK-1920","AST-0960","LOC-160","Uttarakhand: Dehradun-Haridwar","Inspection","Synthetic demo: Axle Counter at LOC-160","Medium","0.36","Medium","Low","86","Signal & Telecommunication","2026-09-10 00:00:00","2026-09-14 00:00:00","Pending",""
"TSK-1921","AST-0961","LOC-161","Uttarakhand: Dehradun-Haridwar","Preventive Maintenance","Synthetic demo: Track at LOC-161","Medium","0.37","High","Medium","103","Engineering","2026-09-10 03:00:00","2026-09-15 03:00:00","Scheduled",""
"TSK-1922","AST-0961","LOC-161","Uttarakhand: Dehradun-Haridwar","Condition Monitoring","Synthetic demo: Track at LOC-161","Critical","0.38","High","High","49","Engineering","2026-09-10 06:00:00","2026-09-16 06:00:00","Pending",""
"TSK-1923","AST-0962","LOC-161","Uttarakhand: Dehradun-Haridwar","Corrective Maintenance","Synthetic demo: Turnout at LOC-161","Critical","0.39","High","Low","66","Engineering","2026-09-10 09:00:00","2026-09-17 09:00:00","Pending",""
"TSK-1924","AST-0962","LOC-161","Uttarakhand: Dehradun-Haridwar","Inspection","Synthetic demo: Turnout at LOC-161","Medium","0.4","High","Medium","83","Engineering","2026-09-10 12:00:00","2026-09-18 12:00:00","In Progress",""
"TSK-1925","AST-0963","LOC-161","Uttarakhand: Dehradun-Haridwar","Preventive Maintenance","Synthetic demo: OHE Mast at LOC-161","Medium","0.41","Critical","High","100","Traction Distribution","2026-09-10 15:00:00","2026-09-19 15:00:00","Pending",""
"TSK-1926","AST-0963","LOC-161","Uttarakhand: Dehradun-Haridwar","Condition Monitoring","Synthetic demo: OHE Mast at LOC-161","Critical","0.42","Critical","Low","46","Traction Distribution","2026-09-10 18:00:00","2026-09-20 18:00:00","Pending",""
"TSK-1927","AST-0964","LOC-161","Uttarakhand: Dehradun-Haridwar","Corrective Maintenance","Synthetic demo: Traction Substation at LOC-161","Critical","0.43","Medium","Medium","63","Traction Distribution","2026-09-10 21:00:00","2026-09-21 21:00:00","Pending",""
"TSK-1928","AST-0964","LOC-161","Uttarakhand: Dehradun-Haridwar","Inspection","Synthetic demo: Traction Substation at LOC-161","Medium","0.44","Medium","High","80","Traction Distribution","2026-09-11 00:00:00","2026-09-23 00:00:00","Pending",""
"TSK-1929","AST-0965","LOC-161","Uttarakhand: Dehradun-Haridwar","Preventive Maintenance","Synthetic demo: Signal at LOC-161","Medium","0.45","High","Low","97","Signal & Telecommunication","2026-09-11 03:00:00","2026-09-24 03:00:00","Pending",""
"TSK-1930","AST-0965","LOC-161","Uttarakhand: Dehradun-Haridwar","Condition Monitoring","Synthetic demo: Signal at LOC-161","Critical","0.46","High","Medium","43","Signal & Telecommunication","2026-09-11 06:00:00","2026-09-25 06:00:00","Pending",""
"TSK-1931","AST-0966","LOC-161","Uttarakhand: Dehradun-Haridwar","Corrective Maintenance","Synthetic demo: Axle Counter at LOC-161","Critical","0.47","High","High","60","Signal & Telecommunication","2026-09-11 09:00:00","2026-09-26 09:00:00","Pending",""
"TSK-1932","AST-0966","LOC-161","Uttarakhand: Dehradun-Haridwar","Inspection","Synthetic demo: Axle Counter at LOC-161","Medium","0.48","High","Low","77","Signal & Telecommunication","2026-09-11 12:00:00","2026-09-13 12:00:00","Pending",""
"TSK-1933","AST-0967","LOC-162","Uttarakhand: Dehradun-Haridwar","Preventive Maintenance","Synthetic demo: Track at LOC-162","Medium","0.49","Critical","Medium","94","Engineering","2026-09-11 15:00:00","2026-09-14 15:00:00","Pending",""
"TSK-1934","AST-0967","LOC-162","Uttarakhand: Dehradun-Haridwar","Condition Monitoring","Synthetic demo: Track at LOC-162","Critical","0.5","Critical","High","40","Engineering","2026-09-11 18:00:00","2026-09-15 18:00:00","Pending",""
"TSK-1935","AST-0968","LOC-162","Uttarakhand: Dehradun-Haridwar","Corrective Maintenance","Synthetic demo: Turnout at LOC-162","Critical","0.51","Medium","Low","57","Engineering","2026-09-11 21:00:00","2026-09-16 21:00:00","Pending",""
"TSK-1936","AST-0968","LOC-162","Uttarakhand: Dehradun-Haridwar","Inspection","Synthetic demo: Turnout at LOC-162","Medium","0.52","Medium","Medium","74","Engineering","2026-09-12 00:00:00","2026-09-18 00:00:00","Pending",""
"TSK-1937","AST-0969","LOC-162","Uttarakhand: Dehradun-Haridwar","Preventive Maintenance","Synthetic demo: OHE Mast at LOC-162","Medium","0.53","High","High","91","Traction Distribution","2026-09-12 03:00:00","2026-09-19 03:00:00","In Progress",""
"TSK-1938","AST-0969","LOC-162","Uttarakhand: Dehradun-Haridwar","Condition Monitoring","Synthetic demo: OHE Mast at LOC-162","Critical","0.54","High","Low","37","Traction Distribution","2026-09-12 06:00:00","2026-09-20 06:00:00","Scheduled",""
"TSK-1939","AST-0970","LOC-162","Uttarakhand: Dehradun-Haridwar","Corrective Maintenance","Synthetic demo: Traction Substation at LOC-162","Critical","0.55","High","Medium","54","Traction Distribution","2026-09-12 09:00:00","2026-09-21 09:00:00","Pending",""
"TSK-1940","AST-0970","LOC-162","Uttarakhand: Dehradun-Haridwar","Inspection","Synthetic demo: Traction Substation at LOC-162","Medium","0.56","High","High","71","Traction Distribution","2026-09-12 12:00:00","2026-09-22 12:00:00","Pending",""
"TSK-1941","AST-0971","LOC-162","Uttarakhand: Dehradun-Haridwar","Preventive Maintenance","Synthetic demo: Signal at LOC-162","Medium","0.57","Critical","Low","88","Signal & Telecommunication","2026-09-12 15:00:00","2026-09-23 15:00:00","Pending",""
"TSK-1942","AST-0971","LOC-162","Uttarakhand: Dehradun-Haridwar","Condition Monitoring","Synthetic demo: Signal at LOC-162","Critical","0.58","Critical","Medium","105","Signal & Telecommunication","2026-09-12 18:00:00","2026-09-24 18:00:00","Pending",""
"TSK-1943","AST-0972","LOC-162","Uttarakhand: Dehradun-Haridwar","Corrective Maintenance","Synthetic demo: Axle Counter at LOC-162","Critical","0.59","Medium","High","51","Signal & Telecommunication","2026-09-12 21:00:00","2026-09-25 21:00:00","Pending",""
"TSK-1944","AST-0972","LOC-162","Uttarakhand: Dehradun-Haridwar","Inspection","Synthetic demo: Axle Counter at LOC-162","Medium","0.6","Medium","Low","68","Signal & Telecommunication","2026-09-13 00:00:00","2026-09-27 00:00:00","Pending",""
"TSK-1945","AST-0973","LOC-163","West Bengal: Kolkata-Siliguri","Preventive Maintenance","Synthetic demo: Track at LOC-163","Medium","0.61","High","Medium","85","Engineering","2026-09-13 03:00:00","2026-09-28 03:00:00","Pending",""
"TSK-1946","AST-0973","LOC-163","West Bengal: Kolkata-Siliguri","Condition Monitoring","Synthetic demo: Track at LOC-163","Critical","0.62","High","High","102","Engineering","2026-09-13 06:00:00","2026-09-15 06:00:00","Pending",""
"TSK-1947","AST-0974","LOC-163","West Bengal: Kolkata-Siliguri","Corrective Maintenance","Synthetic demo: Turnout at LOC-163","Critical","0.63","High","Low","48","Engineering","2026-09-13 09:00:00","2026-09-16 09:00:00","Pending",""
"TSK-1948","AST-0974","LOC-163","West Bengal: Kolkata-Siliguri","Inspection","Synthetic demo: Turnout at LOC-163","Medium","0.64","High","Medium","65","Engineering","2026-09-13 12:00:00","2026-09-17 12:00:00","Pending",""
"TSK-1949","AST-0975","LOC-163","West Bengal: Kolkata-Siliguri","Preventive Maintenance","Synthetic demo: OHE Mast at LOC-163","Medium","0.65","Critical","High","82","Traction Distribution","2026-09-13 15:00:00","2026-09-18 15:00:00","Pending",""
"TSK-1950","AST-0975","LOC-163","West Bengal: Kolkata-Siliguri","Condition Monitoring","Synthetic demo: OHE Mast at LOC-163","Critical","0.66","Critical","Low","99","Traction Distribution","2026-09-13 18:00:00","2026-09-19 18:00:00","In Progress",""
"TSK-1951","AST-0976","LOC-163","West Bengal: Kolkata-Siliguri","Corrective Maintenance","Synthetic demo: Traction Substation at LOC-163","Critical","0.67","Medium","Medium","45","Traction Distribution","2026-09-13 21:00:00","2026-09-20 21:00:00","Pending",""
"TSK-1952","AST-0976","LOC-163","West Bengal: Kolkata-Siliguri","Inspection","Synthetic demo: Traction Substation at LOC-163","Medium","0.68","Medium","High","62","Traction Distribution","2026-09-14 00:00:00","2026-09-22 00:00:00","Pending",""
"TSK-1953","AST-0977","LOC-163","West Bengal: Kolkata-Siliguri","Preventive Maintenance","Synthetic demo: Signal at LOC-163","Medium","0.69","High","Low","79","Signal & Telecommunication","2026-09-14 03:00:00","2026-09-23 03:00:00","Pending",""
"TSK-1954","AST-0977","LOC-163","West Bengal: Kolkata-Siliguri","Condition Monitoring","Synthetic demo: Signal at LOC-163","Critical","0.7","High","Medium","96","Signal & Telecommunication","2026-09-14 06:00:00","2026-09-24 06:00:00","Pending",""
"TSK-1955","AST-0978","LOC-163","West Bengal: Kolkata-Siliguri","Corrective Maintenance","Synthetic demo: Axle Counter at LOC-163","Critical","0.71","High","High","42","Signal & Telecommunication","2026-09-14 09:00:00","2026-09-25 09:00:00","Scheduled",""
"TSK-1956","AST-0978","LOC-163","West Bengal: Kolkata-Siliguri","Inspection","Synthetic demo: Axle Counter at LOC-163","Medium","0.72","High","Low","59","Signal & Telecommunication","2026-09-14 12:00:00","2026-09-26 12:00:00","Pending",""
"TSK-1957","AST-0979","LOC-164","West Bengal: Kolkata-Siliguri","Preventive Maintenance","Synthetic demo: Track at LOC-164","Medium","0.73","Critical","Medium","76","Engineering","2026-09-14 15:00:00","2026-09-27 15:00:00","Pending",""
"TSK-1958","AST-0979","LOC-164","West Bengal: Kolkata-Siliguri","Condition Monitoring","Synthetic demo: Track at LOC-164","Critical","0.74","Critical","High","93","Engineering","2026-09-14 18:00:00","2026-09-28 18:00:00","Pending",""
"TSK-1959","AST-0980","LOC-164","West Bengal: Kolkata-Siliguri","Corrective Maintenance","Synthetic demo: Turnout at LOC-164","Critical","0.75","Medium","Low","39","Engineering","2026-09-14 21:00:00","2026-09-29 21:00:00","Pending",""
"TSK-1960","AST-0980","LOC-164","West Bengal: Kolkata-Siliguri","Inspection","Synthetic demo: Turnout at LOC-164","Medium","0.76","Medium","Medium","56","Engineering","2026-09-15 00:00:00","2026-09-17 00:00:00","Pending",""
"TSK-1961","AST-0981","LOC-164","West Bengal: Kolkata-Siliguri","Preventive Maintenance","Synthetic demo: OHE Mast at LOC-164","Medium","0.77","High","High","73","Traction Distribution","2026-09-15 03:00:00","2026-09-18 03:00:00","Pending",""
"TSK-1962","AST-0981","LOC-164","West Bengal: Kolkata-Siliguri","Condition Monitoring","Synthetic demo: OHE Mast at LOC-164","Critical","0.78","High","Low","90","Traction Distribution","2026-09-15 06:00:00","2026-09-19 06:00:00","Pending",""
"TSK-1963","AST-0982","LOC-164","West Bengal: Kolkata-Siliguri","Corrective Maintenance","Synthetic demo: Traction Substation at LOC-164","Critical","0.79","High","Medium","36","Traction Distribution","2026-09-15 09:00:00","2026-09-20 09:00:00","In Progress",""
"TSK-1964","AST-0982","LOC-164","West Bengal: Kolkata-Siliguri","Inspection","Synthetic demo: Traction Substation at LOC-164","Medium","0.8","High","High","53","Traction Distribution","2026-09-15 12:00:00","2026-09-21 12:00:00","Pending",""
"TSK-1965","AST-0983","LOC-164","West Bengal: Kolkata-Siliguri","Preventive Maintenance","Synthetic demo: Signal at LOC-164","Medium","0.81","Critical","Low","70","Signal & Telecommunication","2026-09-15 15:00:00","2026-09-22 15:00:00","Pending",""
"TSK-1966","AST-0983","LOC-164","West Bengal: Kolkata-Siliguri","Condition Monitoring","Synthetic demo: Signal at LOC-164","Critical","0.82","Critical","Medium","87","Signal & Telecommunication","2026-09-15 18:00:00","2026-09-23 18:00:00","Pending",""
"TSK-1967","AST-0984","LOC-164","West Bengal: Kolkata-Siliguri","Corrective Maintenance","Synthetic demo: Axle Counter at LOC-164","Critical","0.83","Medium","High","104","Signal & Telecommunication","2026-09-15 21:00:00","2026-09-24 21:00:00","Pending",""
"TSK-1968","AST-0984","LOC-164","West Bengal: Kolkata-Siliguri","Inspection","Synthetic demo: Axle Counter at LOC-164","Medium","0.84","Medium","Low","50","Signal & Telecommunication","2026-09-16 00:00:00","2026-09-26 00:00:00","Pending",""
"TSK-1969","AST-0985","LOC-165","West Bengal: Kolkata-Siliguri","Preventive Maintenance","Synthetic demo: Track at LOC-165","Medium","0.85","High","Medium","67","Engineering","2026-09-16 03:00:00","2026-09-27 03:00:00","Pending",""
"TSK-1970","AST-0985","LOC-165","West Bengal: Kolkata-Siliguri","Condition Monitoring","Synthetic demo: Track at LOC-165","Critical","0.86","High","High","84","Engineering","2026-09-16 06:00:00","2026-09-28 06:00:00","Pending",""
"TSK-1971","AST-0986","LOC-165","West Bengal: Kolkata-Siliguri","Corrective Maintenance","Synthetic demo: Turnout at LOC-165","Critical","0.87","High","Low","101","Engineering","2026-09-16 09:00:00","2026-09-29 09:00:00","Pending",""
"TSK-1972","AST-0986","LOC-165","West Bengal: Kolkata-Siliguri","Inspection","Synthetic demo: Turnout at LOC-165","Medium","0.88","High","Medium","47","Engineering","2026-09-16 12:00:00","2026-09-30 12:00:00","Scheduled",""
"TSK-1973","AST-0987","LOC-165","West Bengal: Kolkata-Siliguri","Preventive Maintenance","Synthetic demo: OHE Mast at LOC-165","Medium","0.89","Critical","High","64","Traction Distribution","2026-09-16 15:00:00","2026-10-01 15:00:00","Pending",""
"TSK-1974","AST-0987","LOC-165","West Bengal: Kolkata-Siliguri","Condition Monitoring","Synthetic demo: OHE Mast at LOC-165","Critical","0.9","Critical","Low","81","Traction Distribution","2026-09-16 18:00:00","2026-09-18 18:00:00","Pending",""
"TSK-1975","AST-0988","LOC-165","West Bengal: Kolkata-Siliguri","Corrective Maintenance","Synthetic demo: Traction Substation at LOC-165","Critical","0.12","Medium","Medium","98","Traction Distribution","2026-09-16 21:00:00","2026-09-19 21:00:00","Pending",""
"TSK-1976","AST-0988","LOC-165","West Bengal: Kolkata-Siliguri","Inspection","Synthetic demo: Traction Substation at LOC-165","Medium","0.13","Medium","High","44","Traction Distribution","2026-09-17 00:00:00","2026-09-21 00:00:00","In Progress",""
"TSK-1977","AST-0989","LOC-165","West Bengal: Kolkata-Siliguri","Preventive Maintenance","Synthetic demo: Signal at LOC-165","Medium","0.14","High","Low","61","Signal & Telecommunication","2026-09-17 03:00:00","2026-09-22 03:00:00","Pending",""
"TSK-1978","AST-0989","LOC-165","West Bengal: Kolkata-Siliguri","Condition Monitoring","Synthetic demo: Signal at LOC-165","Critical","0.15","High","Medium","78","Signal & Telecommunication","2026-09-17 06:00:00","2026-09-23 06:00:00","Pending",""
"TSK-1979","AST-0990","LOC-165","West Bengal: Kolkata-Siliguri","Corrective Maintenance","Synthetic demo: Axle Counter at LOC-165","Critical","0.16","High","High","95","Signal & Telecommunication","2026-09-17 09:00:00","2026-09-24 09:00:00","Pending",""
"TSK-1980","AST-0990","LOC-165","West Bengal: Kolkata-Siliguri","Inspection","Synthetic demo: Axle Counter at LOC-165","Medium","0.17","High","Low","41","Signal & Telecommunication","2026-09-17 12:00:00","2026-09-25 12:00:00","Pending",""
"TSK-1981","AST-0991","LOC-166","West Bengal: Kolkata-Siliguri","Preventive Maintenance","Synthetic demo: Track at LOC-166","Medium","0.18","Critical","Medium","58","Engineering","2026-09-17 15:00:00","2026-09-26 15:00:00","Pending",""
"TSK-1982","AST-0991","LOC-166","West Bengal: Kolkata-Siliguri","Condition Monitoring","Synthetic demo: Track at LOC-166","Critical","0.19","Critical","High","75","Engineering","2026-09-17 18:00:00","2026-09-27 18:00:00","Pending",""
"TSK-1983","AST-0992","LOC-166","West Bengal: Kolkata-Siliguri","Corrective Maintenance","Synthetic demo: Turnout at LOC-166","Critical","0.2","Medium","Low","92","Engineering","2026-09-17 21:00:00","2026-09-28 21:00:00","Pending",""
"TSK-1984","AST-0992","LOC-166","West Bengal: Kolkata-Siliguri","Inspection","Synthetic demo: Turnout at LOC-166","Medium","0.21","Medium","Medium","38","Engineering","2026-09-18 00:00:00","2026-09-30 00:00:00","Pending",""
"TSK-1985","AST-0993","LOC-166","West Bengal: Kolkata-Siliguri","Preventive Maintenance","Synthetic demo: OHE Mast at LOC-166","Medium","0.22","High","High","55","Traction Distribution","2026-09-18 03:00:00","2026-10-01 03:00:00","Pending",""
"TSK-1986","AST-0993","LOC-166","West Bengal: Kolkata-Siliguri","Condition Monitoring","Synthetic demo: OHE Mast at LOC-166","Critical","0.23","High","Low","72","Traction Distribution","2026-09-18 06:00:00","2026-10-02 06:00:00","Pending",""
"TSK-1987","AST-0994","LOC-166","West Bengal: Kolkata-Siliguri","Corrective Maintenance","Synthetic demo: Traction Substation at LOC-166","Critical","0.24","High","Medium","89","Traction Distribution","2026-09-18 09:00:00","2026-10-03 09:00:00","Pending",""
"TSK-1988","AST-0994","LOC-166","West Bengal: Kolkata-Siliguri","Inspection","Synthetic demo: Traction Substation at LOC-166","Medium","0.25","High","High","35","Traction Distribution","2026-09-18 12:00:00","2026-09-20 12:00:00","Pending",""
"TSK-1989","AST-0995","LOC-166","West Bengal: Kolkata-Siliguri","Preventive Maintenance","Synthetic demo: Signal at LOC-166","Medium","0.26","Critical","Low","52","Signal & Telecommunication","2026-09-18 15:00:00","2026-09-21 15:00:00","In Progress",""
"TSK-1990","AST-0995","LOC-166","West Bengal: Kolkata-Siliguri","Condition Monitoring","Synthetic demo: Signal at LOC-166","Critical","0.27","Critical","Medium","69","Signal & Telecommunication","2026-09-18 18:00:00","2026-09-22 18:00:00","Pending",""
"TSK-1991","AST-0996","LOC-166","West Bengal: Kolkata-Siliguri","Corrective Maintenance","Synthetic demo: Axle Counter at LOC-166","Critical","0.28","Medium","High","86","Signal & Telecommunication","2026-09-18 21:00:00","2026-09-23 21:00:00","Pending",""
"TSK-1992","AST-0996","LOC-166","West Bengal: Kolkata-Siliguri","Inspection","Synthetic demo: Axle Counter at LOC-166","Medium","0.29","Medium","Low","103","Signal & Telecommunication","2026-09-19 00:00:00","2026-09-25 00:00:00","Pending",""
"TSK-1993","AST-0997","LOC-167","West Bengal: Kolkata-Siliguri","Preventive Maintenance","Synthetic demo: Track at LOC-167","Medium","0.3","High","Medium","49","Engineering","2026-09-19 03:00:00","2026-09-26 03:00:00","Pending",""
"TSK-1994","AST-0997","LOC-167","West Bengal: Kolkata-Siliguri","Condition Monitoring","Synthetic demo: Track at LOC-167","Critical","0.31","High","High","66","Engineering","2026-09-19 06:00:00","2026-09-27 06:00:00","Pending",""
"TSK-1995","AST-0998","LOC-167","West Bengal: Kolkata-Siliguri","Corrective Maintenance","Synthetic demo: Turnout at LOC-167","Critical","0.32","High","Low","83","Engineering","2026-09-19 09:00:00","2026-09-28 09:00:00","Pending",""
"TSK-1996","AST-0998","LOC-167","West Bengal: Kolkata-Siliguri","Inspection","Synthetic demo: Turnout at LOC-167","Medium","0.33","High","Medium","100","Engineering","2026-09-19 12:00:00","2026-09-29 12:00:00","Pending",""
"TSK-1997","AST-0999","LOC-167","West Bengal: Kolkata-Siliguri","Preventive Maintenance","Synthetic demo: OHE Mast at LOC-167","Medium","0.34","Critical","High","46","Traction Distribution","2026-09-19 15:00:00","2026-09-30 15:00:00","Pending",""
"TSK-1998","AST-0999","LOC-167","West Bengal: Kolkata-Siliguri","Condition Monitoring","Synthetic demo: OHE Mast at LOC-167","Critical","0.35","Critical","Low","63","Traction Distribution","2026-09-19 18:00:00","2026-10-01 18:00:00","Pending",""
"TSK-1999","AST-1000","LOC-167","West Bengal: Kolkata-Siliguri","Corrective Maintenance","Synthetic demo: Traction Substation at LOC-167","Critical","0.36","Medium","Medium","80","Traction Distribution","2026-09-19 21:00:00","2026-10-02 21:00:00","Pending",""
"TSK-2000","AST-1000","LOC-167","West Bengal: Kolkata-Siliguri","Inspection","Synthetic demo: Traction Substation at LOC-167","Medium","0.37","Medium","High","97","Traction Distribution","2026-09-20 00:00:00","2026-10-04 00:00:00","Pending",""
"TSK-2001","AST-1001","LOC-167","West Bengal: Kolkata-Siliguri","Preventive Maintenance","Synthetic demo: Signal at LOC-167","Medium","0.38","High","Low","43","Signal & Telecommunication","2026-09-20 03:00:00","2026-10-05 03:00:00","Pending",""
"TSK-2002","AST-1001","LOC-167","West Bengal: Kolkata-Siliguri","Condition Monitoring","Synthetic demo: Signal at LOC-167","Critical","0.39","High","Medium","60","Signal & Telecommunication","2026-09-20 06:00:00","2026-09-22 06:00:00","In Progress",""
"TSK-2003","AST-1002","LOC-167","West Bengal: Kolkata-Siliguri","Corrective Maintenance","Synthetic demo: Axle Counter at LOC-167","Critical","0.4","High","High","77","Signal & Telecommunication","2026-09-20 09:00:00","2026-09-23 09:00:00","Pending",""
"TSK-2004","AST-1002","LOC-167","West Bengal: Kolkata-Siliguri","Inspection","Synthetic demo: Axle Counter at LOC-167","Medium","0.41","High","Low","94","Signal & Telecommunication","2026-09-20 12:00:00","2026-09-24 12:00:00","Pending",""
"TSK-2005","AST-1003","LOC-168","West Bengal: Kolkata-Siliguri","Preventive Maintenance","Synthetic demo: Track at LOC-168","Medium","0.42","Critical","Medium","40","Engineering","2026-09-20 15:00:00","2026-09-25 15:00:00","Pending",""
"TSK-2006","AST-1003","LOC-168","West Bengal: Kolkata-Siliguri","Condition Monitoring","Synthetic demo: Track at LOC-168","Critical","0.43","Critical","High","57","Engineering","2026-09-20 18:00:00","2026-09-26 18:00:00","Scheduled",""
"TSK-2007","AST-1004","LOC-168","West Bengal: Kolkata-Siliguri","Corrective Maintenance","Synthetic demo: Turnout at LOC-168","Critical","0.44","Medium","Low","74","Engineering","2026-09-20 21:00:00","2026-09-27 21:00:00","Pending",""
"TSK-2008","AST-1004","LOC-168","West Bengal: Kolkata-Siliguri","Inspection","Synthetic demo: Turnout at LOC-168","Medium","0.45","Medium","Medium","91","Engineering","2026-09-21 00:00:00","2026-09-29 00:00:00","Pending",""
"TSK-2009","AST-1005","LOC-168","West Bengal: Kolkata-Siliguri","Preventive Maintenance","Synthetic demo: OHE Mast at LOC-168","Medium","0.46","High","High","37","Traction Distribution","2026-09-21 03:00:00","2026-09-30 03:00:00","Pending",""
"TSK-2010","AST-1005","LOC-168","West Bengal: Kolkata-Siliguri","Condition Monitoring","Synthetic demo: OHE Mast at LOC-168","Critical","0.47","High","Low","54","Traction Distribution","2026-09-21 06:00:00","2026-10-01 06:00:00","Pending",""
"TSK-2011","AST-1006","LOC-168","West Bengal: Kolkata-Siliguri","Corrective Maintenance","Synthetic demo: Traction Substation at LOC-168","Critical","0.48","High","Medium","71","Traction Distribution","2026-09-21 09:00:00","2026-10-02 09:00:00","Pending",""
"TSK-2012","AST-1006","LOC-168","West Bengal: Kolkata-Siliguri","Inspection","Synthetic demo: Traction Substation at LOC-168","Medium","0.49","High","High","88","Traction Distribution","2026-09-21 12:00:00","2026-10-03 12:00:00","Pending",""
"TSK-2013","AST-1007","LOC-168","West Bengal: Kolkata-Siliguri","Preventive Maintenance","Synthetic demo: Signal at LOC-168","Medium","0.5","Critical","Low","105","Signal & Telecommunication","2026-09-21 15:00:00","2026-10-04 15:00:00","Pending",""
"TSK-2014","AST-1007","LOC-168","West Bengal: Kolkata-Siliguri","Condition Monitoring","Synthetic demo: Signal at LOC-168","Critical","0.51","Critical","Medium","51","Signal & Telecommunication","2026-09-21 18:00:00","2026-10-05 18:00:00","Pending",""
"TSK-2015","AST-1008","LOC-168","West Bengal: Kolkata-Siliguri","Corrective Maintenance","Synthetic demo: Axle Counter at LOC-168","Critical","0.52","Medium","High","68","Signal & Telecommunication","2026-09-21 21:00:00","2026-10-06 21:00:00","In Progress",""
"TSK-2016","AST-1008","LOC-168","West Bengal: Kolkata-Siliguri","Inspection","Synthetic demo: Axle Counter at LOC-168","Medium","0.53","Medium","Low","85","Signal & Telecommunication","2026-09-01 00:00:00","2026-09-03 00:00:00","Pending",""
